task,implant_type,model_type,architecture,method,run,accuracy,chance,accuracy_above_chance
doorway,12_10,pointy,ConvNeXt Base,head_model,1,0.9583333333333334,0.5,0.9166666666666667
doorway,12_10,pointy,ConvNeXt Base,head_model,2,0.9548611111111112,0.5,0.9097222222222223
doorway,12_10,pointy,ConvNeXt Base,head_model,3,0.9513888888888888,0.5,0.9027777777777777
doorway,12_10,pointy,ConvNeXt Base,head_model,4,0.9548611111111112,0.5,0.9097222222222223
doorway,12_10,pointy,ConvNeXt Base,head_model,5,0.9583333333333334,0.5,0.9166666666666667
doorway,12_10,pointy,ConvNeXt Base,head_model,6,0.9583333333333334,0.5,0.9166666666666667
doorway,12_10,pointy,ConvNeXt Base,head_model,7,0.9583333333333334,0.5,0.9166666666666667
doorway,12_10,pointy,ConvNeXt Base,head_model,8,0.9513888888888888,0.5,0.9027777777777777
doorway,12_10,pointy,ConvNeXt Base,head_model,9,0.9548611111111112,0.5,0.9097222222222223
doorway,12_10,pointy,ConvNeXt Base,head_model,10,0.9340277777777778,0.5,0.8680555555555556
doorway,12_10,pointy,ConvNeXt Large,head_model,1,0.9583333333333334,0.5,0.9166666666666667
doorway,12_10,pointy,ConvNeXt Large,head_model,2,0.9479166666666666,0.5,0.8958333333333333
doorway,12_10,pointy,ConvNeXt Large,head_model,3,0.90625,0.5,0.8125
doorway,12_10,pointy,ConvNeXt Large,head_model,4,0.9548611111111112,0.5,0.9097222222222223
doorway,12_10,pointy,ConvNeXt Large,head_model,5,0.9583333333333334,0.5,0.9166666666666667
doorway,12_10,pointy,ConvNeXt Large,head_model,6,0.9583333333333334,0.5,0.9166666666666667
doorway,12_10,pointy,ConvNeXt Large,head_model,7,0.9583333333333334,0.5,0.9166666666666667
doorway,12_10,pointy,ConvNeXt Large,head_model,8,0.9583333333333334,0.5,0.9166666666666667
doorway,12_10,pointy,ConvNeXt Large,head_model,9,0.9548611111111112,0.5,0.9097222222222223
doorway,12_10,pointy,ConvNeXt Large,head_model,10,0.9548611111111112,0.5,0.9097222222222223
doorway,12_10,pointy,ConvNeXt Small,head_model,1,0.9791666666666666,0.5,0.9583333333333333
doorway,12_10,pointy,ConvNeXt Small,head_model,2,0.9826388888888888,0.5,0.9652777777777777
doorway,12_10,pointy,ConvNeXt Small,head_model,3,0.9791666666666666,0.5,0.9583333333333333
doorway,12_10,pointy,ConvNeXt Small,head_model,4,0.9861111111111112,0.5,0.9722222222222223
doorway,12_10,pointy,ConvNeXt Small,head_model,5,0.9861111111111112,0.5,0.9722222222222223
doorway,12_10,pointy,ConvNeXt Small,head_model,6,0.9861111111111112,0.5,0.9722222222222223
doorway,12_10,pointy,ConvNeXt Small,head_model,7,0.9861111111111112,0.5,0.9722222222222223
doorway,12_10,pointy,ConvNeXt Small,head_model,8,0.9861111111111112,0.5,0.9722222222222223
doorway,12_10,pointy,ConvNeXt Small,head_model,9,0.9826388888888888,0.5,0.9652777777777777
doorway,12_10,pointy,ConvNeXt Small,head_model,10,0.9861111111111112,0.5,0.9722222222222223
doorway,12_10,pointy,ConvNeXt Tiny,head_model,1,0.9756944444444444,0.5,0.9513888888888888
doorway,12_10,pointy,ConvNeXt Tiny,head_model,2,0.9722222222222222,0.5,0.9444444444444444
doorway,12_10,pointy,ConvNeXt Tiny,head_model,3,0.9444444444444444,0.5,0.8888888888888888
doorway,12_10,pointy,ConvNeXt Tiny,head_model,4,0.9826388888888888,0.5,0.9652777777777777
doorway,12_10,pointy,ConvNeXt Tiny,head_model,5,0.9756944444444444,0.5,0.9513888888888888
doorway,12_10,pointy,ConvNeXt Tiny,head_model,6,0.96875,0.5,0.9375
doorway,12_10,pointy,ConvNeXt Tiny,head_model,7,0.9826388888888888,0.5,0.9652777777777777
doorway,12_10,pointy,ConvNeXt Tiny,head_model,8,0.96875,0.5,0.9375
doorway,12_10,pointy,ConvNeXt Tiny,head_model,9,0.9791666666666666,0.5,0.9583333333333333
doorway,12_10,pointy,ConvNeXt Tiny,head_model,10,0.9826388888888888,0.5,0.9652777777777777
doorway,12_10,pointy,DINOv3 ViT Base,head_model,1,1.0,0.5,1.0
doorway,12_10,pointy,DINOv3 ViT Base,head_model,2,1.0,0.5,1.0
doorway,12_10,pointy,DINOv3 ViT Base,head_model,3,1.0,0.5,1.0
doorway,12_10,pointy,DINOv3 ViT Base,head_model,4,1.0,0.5,1.0
doorway,12_10,pointy,DINOv3 ViT Base,head_model,5,1.0,0.5,1.0
doorway,12_10,pointy,DINOv3 ViT Base,head_model,6,1.0,0.5,1.0
doorway,12_10,pointy,DINOv3 ViT Base,head_model,7,1.0,0.5,1.0
doorway,12_10,pointy,DINOv3 ViT Base,head_model,8,1.0,0.5,1.0
doorway,12_10,pointy,DINOv3 ViT Base,head_model,9,1.0,0.5,1.0
doorway,12_10,pointy,DINOv3 ViT Base,head_model,10,1.0,0.5,1.0
doorway,12_10,pointy,ResNet18,head_model,1,0.9791666666666666,0.5,0.9583333333333333
doorway,12_10,pointy,ResNet18,head_model,2,0.9791666666666666,0.5,0.9583333333333333
doorway,12_10,pointy,ResNet18,head_model,3,0.9791666666666666,0.5,0.9583333333333333
doorway,12_10,pointy,ResNet18,head_model,4,0.9756944444444444,0.5,0.9513888888888888
doorway,12_10,pointy,ResNet18,head_model,5,0.9791666666666666,0.5,0.9583333333333333
doorway,12_10,pointy,ResNet18,head_model,6,0.9756944444444444,0.5,0.9513888888888888
doorway,12_10,pointy,ResNet18,head_model,7,0.9791666666666666,0.5,0.9583333333333333
doorway,12_10,pointy,ResNet18,head_model,8,0.9791666666666666,0.5,0.9583333333333333
doorway,12_10,pointy,ResNet18,head_model,9,0.9756944444444444,0.5,0.9513888888888888
doorway,12_10,pointy,ResNet18,head_model,10,0.9791666666666666,0.5,0.9583333333333333
doorway,12_10,pointy,ResNet50,head_model,1,0.96875,0.5,0.9375
doorway,12_10,pointy,ResNet50,head_model,2,0.96875,0.5,0.9375
doorway,12_10,pointy,ResNet50,head_model,3,0.9652777777777778,0.5,0.9305555555555556
doorway,12_10,pointy,ResNet50,head_model,4,0.9652777777777778,0.5,0.9305555555555556
doorway,12_10,pointy,ResNet50,head_model,5,0.96875,0.5,0.9375
doorway,12_10,pointy,ResNet50,head_model,6,0.96875,0.5,0.9375
doorway,12_10,pointy,ResNet50,head_model,7,0.9652777777777778,0.5,0.9305555555555556
doorway,12_10,pointy,ResNet50,head_model,8,0.9722222222222222,0.5,0.9444444444444444
doorway,12_10,pointy,ResNet50,head_model,9,0.96875,0.5,0.9375
doorway,12_10,pointy,ResNet50,head_model,10,0.96875,0.5,0.9375
doorway,12_10,pointy,VGG11,head_model,1,0.9930555555555556,0.5,0.9861111111111112
doorway,12_10,pointy,VGG11,head_model,2,0.9930555555555556,0.5,0.9861111111111112
doorway,12_10,pointy,VGG11,head_model,3,0.9930555555555556,0.5,0.9861111111111112
doorway,12_10,pointy,VGG11,head_model,4,0.9965277777777778,0.5,0.9930555555555556
doorway,12_10,pointy,VGG11,head_model,5,0.9930555555555556,0.5,0.9861111111111112
doorway,12_10,pointy,VGG11,head_model,6,0.9965277777777778,0.5,0.9930555555555556
doorway,12_10,pointy,VGG11,head_model,7,0.9930555555555556,0.5,0.9861111111111112
doorway,12_10,pointy,VGG11,head_model,8,0.9965277777777778,0.5,0.9930555555555556
doorway,12_10,pointy,VGG11,head_model,9,0.9895833333333334,0.5,0.9791666666666667
doorway,12_10,pointy,VGG11,head_model,10,0.9930555555555556,0.5,0.9861111111111112
doorway,12_10,pointy,VGG13,head_model,1,0.9965277777777778,0.5,0.9930555555555556
doorway,12_10,pointy,VGG13,head_model,2,1.0,0.5,1.0
doorway,12_10,pointy,VGG13,head_model,3,1.0,0.5,1.0
doorway,12_10,pointy,VGG13,head_model,4,1.0,0.5,1.0
doorway,12_10,pointy,VGG13,head_model,5,0.9965277777777778,0.5,0.9930555555555556
doorway,12_10,pointy,VGG13,head_model,6,0.9965277777777778,0.5,0.9930555555555556
doorway,12_10,pointy,VGG13,head_model,7,0.9965277777777778,0.5,0.9930555555555556
doorway,12_10,pointy,VGG13,head_model,8,1.0,0.5,1.0
doorway,12_10,pointy,VGG13,head_model,9,0.9965277777777778,0.5,0.9930555555555556
doorway,12_10,pointy,VGG13,head_model,10,0.9965277777777778,0.5,0.9930555555555556
doorway,12_10,pointy,VGG16,head_model,1,0.9965277777777778,0.5,0.9930555555555556
doorway,12_10,pointy,VGG16,head_model,2,0.9965277777777778,0.5,0.9930555555555556
doorway,12_10,pointy,VGG16,head_model,3,1.0,0.5,1.0
doorway,12_10,pointy,VGG16,head_model,4,1.0,0.5,1.0
doorway,12_10,pointy,VGG16,head_model,5,1.0,0.5,1.0
doorway,12_10,pointy,VGG16,head_model,6,1.0,0.5,1.0
doorway,12_10,pointy,VGG16,head_model,7,0.9965277777777778,0.5,0.9930555555555556
doorway,12_10,pointy,VGG16,head_model,8,1.0,0.5,1.0
doorway,12_10,pointy,VGG16,head_model,9,1.0,0.5,1.0
doorway,12_10,pointy,VGG16,head_model,10,1.0,0.5,1.0
doorway,12_10,pointy,VGG19,head_model,1,0.9930555555555556,0.5,0.9861111111111112
doorway,12_10,pointy,VGG19,head_model,2,0.9965277777777778,0.5,0.9930555555555556
doorway,12_10,pointy,VGG19,head_model,3,0.9930555555555556,0.5,0.9861111111111112
doorway,12_10,pointy,VGG19,head_model,4,0.9965277777777778,0.5,0.9930555555555556
doorway,12_10,pointy,VGG19,head_model,5,0.9965277777777778,0.5,0.9930555555555556
doorway,12_10,pointy,VGG19,head_model,6,0.9965277777777778,0.5,0.9930555555555556
doorway,12_10,pointy,VGG19,head_model,7,0.9930555555555556,0.5,0.9861111111111112
doorway,12_10,pointy,VGG19,head_model,8,0.9965277777777778,0.5,0.9930555555555556
doorway,12_10,pointy,VGG19,head_model,9,0.9965277777777778,0.5,0.9930555555555556
doorway,12_10,pointy,VGG19,head_model,10,0.9965277777777778,0.5,0.9930555555555556
doorway,12_10,pointy,ViT Base,head_model,1,0.9965277777777778,0.5,0.9930555555555556
doorway,12_10,pointy,ViT Base,head_model,2,1.0,0.5,1.0
doorway,12_10,pointy,ViT Base,head_model,3,1.0,0.5,1.0
doorway,12_10,pointy,ViT Base,head_model,4,1.0,0.5,1.0
doorway,12_10,pointy,ViT Base,head_model,5,1.0,0.5,1.0
doorway,12_10,pointy,ViT Base,head_model,6,1.0,0.5,1.0
doorway,12_10,pointy,ViT Base,head_model,7,0.9965277777777778,0.5,0.9930555555555556
doorway,12_10,pointy,ViT Base,head_model,8,1.0,0.5,1.0
doorway,12_10,pointy,ViT Base,head_model,9,1.0,0.5,1.0
doorway,12_10,pointy,ViT Base,head_model,10,1.0,0.5,1.0
doorway,12_10,pointy,ViT Large,head_model,1,1.0,0.5,1.0
doorway,12_10,pointy,ViT Large,head_model,2,0.9965277777777778,0.5,0.9930555555555556
doorway,12_10,pointy,ViT Large,head_model,3,0.9930555555555556,0.5,0.9861111111111112
doorway,12_10,pointy,ViT Large,head_model,4,0.9965277777777778,0.5,0.9930555555555556
doorway,12_10,pointy,ViT Large,head_model,5,0.9930555555555556,0.5,0.9861111111111112
doorway,12_10,pointy,ViT Large,head_model,6,0.9965277777777778,0.5,0.9930555555555556
doorway,12_10,pointy,ViT Large,head_model,7,0.9965277777777778,0.5,0.9930555555555556
doorway,12_10,pointy,ViT Large,head_model,8,0.9965277777777778,0.5,0.9930555555555556
doorway,12_10,pointy,ViT Large,head_model,9,1.0,0.5,1.0
doorway,12_10,pointy,ViT Large,head_model,10,0.9965277777777778,0.5,0.9930555555555556
doorway,12_10,pointy,ViT Small,head_model,1,0.9965277777777778,0.5,0.9930555555555556
doorway,12_10,pointy,ViT Small,head_model,2,1.0,0.5,1.0
doorway,12_10,pointy,ViT Small,head_model,3,1.0,0.5,1.0
doorway,12_10,pointy,ViT Small,head_model,4,0.9965277777777778,0.5,0.9930555555555556
doorway,12_10,pointy,ViT Small,head_model,5,1.0,0.5,1.0
doorway,12_10,pointy,ViT Small,head_model,6,1.0,0.5,1.0
doorway,12_10,pointy,ViT Small,head_model,7,0.9965277777777778,0.5,0.9930555555555556
doorway,12_10,pointy,ViT Small,head_model,8,1.0,0.5,1.0
doorway,12_10,pointy,ViT Small,head_model,9,0.9965277777777778,0.5,0.9930555555555556
doorway,12_10,pointy,ViT Small,head_model,10,1.0,0.5,1.0
doorway,12_10,streaky,ConvNeXt Base,head_model,1,1.0,0.5,1.0
doorway,12_10,streaky,ConvNeXt Base,head_model,2,0.9930555555555556,0.5,0.9861111111111112
doorway,12_10,streaky,ConvNeXt Base,head_model,3,1.0,0.5,1.0
doorway,12_10,streaky,ConvNeXt Base,head_model,4,1.0,0.5,1.0
doorway,12_10,streaky,ConvNeXt Base,head_model,5,1.0,0.5,1.0
doorway,12_10,streaky,ConvNeXt Base,head_model,6,1.0,0.5,1.0
doorway,12_10,streaky,ConvNeXt Base,head_model,7,0.9930555555555556,0.5,0.9861111111111112
doorway,12_10,streaky,ConvNeXt Base,head_model,8,1.0,0.5,1.0
doorway,12_10,streaky,ConvNeXt Base,head_model,9,1.0,0.5,1.0
doorway,12_10,streaky,ConvNeXt Base,head_model,10,0.9930555555555556,0.5,0.9861111111111112
doorway,12_10,streaky,ConvNeXt Large,head_model,1,1.0,0.5,1.0
doorway,12_10,streaky,ConvNeXt Large,head_model,2,1.0,0.5,1.0
doorway,12_10,streaky,ConvNeXt Large,head_model,3,1.0,0.5,1.0
doorway,12_10,streaky,ConvNeXt Large,head_model,4,1.0,0.5,1.0
doorway,12_10,streaky,ConvNeXt Large,head_model,5,1.0,0.5,1.0
doorway,12_10,streaky,ConvNeXt Large,head_model,6,1.0,0.5,1.0
doorway,12_10,streaky,ConvNeXt Large,head_model,7,1.0,0.5,1.0
doorway,12_10,streaky,ConvNeXt Large,head_model,8,1.0,0.5,1.0
doorway,12_10,streaky,ConvNeXt Large,head_model,9,1.0,0.5,1.0
doorway,12_10,streaky,ConvNeXt Large,head_model,10,1.0,0.5,1.0
doorway,12_10,streaky,ConvNeXt Small,head_model,1,0.9965277777777778,0.5,0.9930555555555556
doorway,12_10,streaky,ConvNeXt Small,head_model,2,0.9965277777777778,0.5,0.9930555555555556
doorway,12_10,streaky,ConvNeXt Small,head_model,3,1.0,0.5,1.0
doorway,12_10,streaky,ConvNeXt Small,head_model,4,0.9965277777777778,0.5,0.9930555555555556
doorway,12_10,streaky,ConvNeXt Small,head_model,5,0.9965277777777778,0.5,0.9930555555555556
doorway,12_10,streaky,ConvNeXt Small,head_model,6,0.9965277777777778,0.5,0.9930555555555556
doorway,12_10,streaky,ConvNeXt Small,head_model,7,0.9965277777777778,0.5,0.9930555555555556
doorway,12_10,streaky,ConvNeXt Small,head_model,8,0.9965277777777778,0.5,0.9930555555555556
doorway,12_10,streaky,ConvNeXt Small,head_model,9,0.9965277777777778,0.5,0.9930555555555556
doorway,12_10,streaky,ConvNeXt Small,head_model,10,0.9965277777777778,0.5,0.9930555555555556
doorway,12_10,streaky,ConvNeXt Tiny,head_model,1,0.9965277777777778,0.5,0.9930555555555556
doorway,12_10,streaky,ConvNeXt Tiny,head_model,2,0.9965277777777778,0.5,0.9930555555555556
doorway,12_10,streaky,ConvNeXt Tiny,head_model,3,1.0,0.5,1.0
doorway,12_10,streaky,ConvNeXt Tiny,head_model,4,0.9965277777777778,0.5,0.9930555555555556
doorway,12_10,streaky,ConvNeXt Tiny,head_model,5,0.9965277777777778,0.5,0.9930555555555556
doorway,12_10,streaky,ConvNeXt Tiny,head_model,6,0.9965277777777778,0.5,0.9930555555555556
doorway,12_10,streaky,ConvNeXt Tiny,head_model,7,0.9930555555555556,0.5,0.9861111111111112
doorway,12_10,streaky,ConvNeXt Tiny,head_model,8,0.9965277777777778,0.5,0.9930555555555556
doorway,12_10,streaky,ConvNeXt Tiny,head_model,9,0.9965277777777778,0.5,0.9930555555555556
doorway,12_10,streaky,ConvNeXt Tiny,head_model,10,0.9965277777777778,0.5,0.9930555555555556
doorway,12_10,streaky,DINOv3 ViT Base,head_model,1,1.0,0.5,1.0
doorway,12_10,streaky,DINOv3 ViT Base,head_model,2,1.0,0.5,1.0
doorway,12_10,streaky,DINOv3 ViT Base,head_model,3,1.0,0.5,1.0
doorway,12_10,streaky,DINOv3 ViT Base,head_model,4,1.0,0.5,1.0
doorway,12_10,streaky,DINOv3 ViT Base,head_model,5,1.0,0.5,1.0
doorway,12_10,streaky,DINOv3 ViT Base,head_model,6,1.0,0.5,1.0
doorway,12_10,streaky,DINOv3 ViT Base,head_model,7,1.0,0.5,1.0
doorway,12_10,streaky,DINOv3 ViT Base,head_model,8,1.0,0.5,1.0
doorway,12_10,streaky,DINOv3 ViT Base,head_model,9,1.0,0.5,1.0
doorway,12_10,streaky,DINOv3 ViT Base,head_model,10,1.0,0.5,1.0
doorway,12_10,streaky,ResNet18,head_model,1,0.9895833333333334,0.5,0.9791666666666667
doorway,12_10,streaky,ResNet18,head_model,2,0.9930555555555556,0.5,0.9861111111111112
doorway,12_10,streaky,ResNet18,head_model,3,0.9895833333333334,0.5,0.9791666666666667
doorway,12_10,streaky,ResNet18,head_model,4,0.9930555555555556,0.5,0.9861111111111112
doorway,12_10,streaky,ResNet18,head_model,5,0.9895833333333334,0.5,0.9791666666666667
doorway,12_10,streaky,ResNet18,head_model,6,0.9965277777777778,0.5,0.9930555555555556
doorway,12_10,streaky,ResNet18,head_model,7,0.9930555555555556,0.5,0.9861111111111112
doorway,12_10,streaky,ResNet18,head_model,8,0.9930555555555556,0.5,0.9861111111111112
doorway,12_10,streaky,ResNet18,head_model,9,0.9930555555555556,0.5,0.9861111111111112
doorway,12_10,streaky,ResNet18,head_model,10,0.9965277777777778,0.5,0.9930555555555556
doorway,12_10,streaky,ResNet50,head_model,1,0.9826388888888888,0.5,0.9652777777777777
doorway,12_10,streaky,ResNet50,head_model,2,0.9722222222222222,0.5,0.9444444444444444
doorway,12_10,streaky,ResNet50,head_model,3,0.9826388888888888,0.5,0.9652777777777777
doorway,12_10,streaky,ResNet50,head_model,4,0.9722222222222222,0.5,0.9444444444444444
doorway,12_10,streaky,ResNet50,head_model,5,0.9722222222222222,0.5,0.9444444444444444
doorway,12_10,streaky,ResNet50,head_model,6,0.96875,0.5,0.9375
doorway,12_10,streaky,ResNet50,head_model,7,0.9722222222222222,0.5,0.9444444444444444
doorway,12_10,streaky,ResNet50,head_model,8,0.96875,0.5,0.9375
doorway,12_10,streaky,ResNet50,head_model,9,0.9722222222222222,0.5,0.9444444444444444
doorway,12_10,streaky,ResNet50,head_model,10,0.9722222222222222,0.5,0.9444444444444444
doorway,12_10,streaky,VGG11,head_model,1,0.9965277777777778,0.5,0.9930555555555556
doorway,12_10,streaky,VGG11,head_model,2,0.9965277777777778,0.5,0.9930555555555556
doorway,12_10,streaky,VGG11,head_model,3,0.9965277777777778,0.5,0.9930555555555556
doorway,12_10,streaky,VGG11,head_model,4,0.9930555555555556,0.5,0.9861111111111112
doorway,12_10,streaky,VGG11,head_model,5,0.9965277777777778,0.5,0.9930555555555556
doorway,12_10,streaky,VGG11,head_model,6,0.9965277777777778,0.5,0.9930555555555556
doorway,12_10,streaky,VGG11,head_model,7,0.9965277777777778,0.5,0.9930555555555556
doorway,12_10,streaky,VGG11,head_model,8,0.9965277777777778,0.5,0.9930555555555556
doorway,12_10,streaky,VGG11,head_model,9,0.9965277777777778,0.5,0.9930555555555556
doorway,12_10,streaky,VGG11,head_model,10,0.9930555555555556,0.5,0.9861111111111112
doorway,12_10,streaky,VGG13,head_model,1,1.0,0.5,1.0
doorway,12_10,streaky,VGG13,head_model,2,1.0,0.5,1.0
doorway,12_10,streaky,VGG13,head_model,3,1.0,0.5,1.0
doorway,12_10,streaky,VGG13,head_model,4,1.0,0.5,1.0
doorway,12_10,streaky,VGG13,head_model,5,1.0,0.5,1.0
doorway,12_10,streaky,VGG13,head_model,6,1.0,0.5,1.0
doorway,12_10,streaky,VGG13,head_model,7,1.0,0.5,1.0
doorway,12_10,streaky,VGG13,head_model,8,1.0,0.5,1.0
doorway,12_10,streaky,VGG13,head_model,9,1.0,0.5,1.0
doorway,12_10,streaky,VGG13,head_model,10,1.0,0.5,1.0
doorway,12_10,streaky,VGG16,head_model,1,1.0,0.5,1.0
doorway,12_10,streaky,VGG16,head_model,2,1.0,0.5,1.0
doorway,12_10,streaky,VGG16,head_model,3,1.0,0.5,1.0
doorway,12_10,streaky,VGG16,head_model,4,0.9930555555555556,0.5,0.9861111111111112
doorway,12_10,streaky,VGG16,head_model,5,1.0,0.5,1.0
doorway,12_10,streaky,VGG16,head_model,6,1.0,0.5,1.0
doorway,12_10,streaky,VGG16,head_model,7,0.9965277777777778,0.5,0.9930555555555556
doorway,12_10,streaky,VGG16,head_model,8,1.0,0.5,1.0
doorway,12_10,streaky,VGG16,head_model,9,0.9965277777777778,0.5,0.9930555555555556
doorway,12_10,streaky,VGG16,head_model,10,0.9965277777777778,0.5,0.9930555555555556
doorway,12_10,streaky,VGG19,head_model,1,1.0,0.5,1.0
doorway,12_10,streaky,VGG19,head_model,2,1.0,0.5,1.0
doorway,12_10,streaky,VGG19,head_model,3,1.0,0.5,1.0
doorway,12_10,streaky,VGG19,head_model,4,1.0,0.5,1.0
doorway,12_10,streaky,VGG19,head_model,5,1.0,0.5,1.0
doorway,12_10,streaky,VGG19,head_model,6,1.0,0.5,1.0
doorway,12_10,streaky,VGG19,head_model,7,0.9965277777777778,0.5,0.9930555555555556
doorway,12_10,streaky,VGG19,head_model,8,1.0,0.5,1.0
doorway,12_10,streaky,VGG19,head_model,9,1.0,0.5,1.0
doorway,12_10,streaky,VGG19,head_model,10,0.9965277777777778,0.5,0.9930555555555556
doorway,12_10,streaky,ViT Base,head_model,1,0.9965277777777778,0.5,0.9930555555555556
doorway,12_10,streaky,ViT Base,head_model,2,1.0,0.5,1.0
doorway,12_10,streaky,ViT Base,head_model,3,0.9965277777777778,0.5,0.9930555555555556
doorway,12_10,streaky,ViT Base,head_model,4,1.0,0.5,1.0
doorway,12_10,streaky,ViT Base,head_model,5,1.0,0.5,1.0
doorway,12_10,streaky,ViT Base,head_model,6,0.9965277777777778,0.5,0.9930555555555556
doorway,12_10,streaky,ViT Base,head_model,7,1.0,0.5,1.0
doorway,12_10,streaky,ViT Base,head_model,8,0.9965277777777778,0.5,0.9930555555555556
doorway,12_10,streaky,ViT Base,head_model,9,1.0,0.5,1.0
doorway,12_10,streaky,ViT Base,head_model,10,0.9965277777777778,0.5,0.9930555555555556
doorway,12_10,streaky,ViT Large,head_model,1,0.9965277777777778,0.5,0.9930555555555556
doorway,12_10,streaky,ViT Large,head_model,2,1.0,0.5,1.0
doorway,12_10,streaky,ViT Large,head_model,3,1.0,0.5,1.0
doorway,12_10,streaky,ViT Large,head_model,4,1.0,0.5,1.0
doorway,12_10,streaky,ViT Large,head_model,5,1.0,0.5,1.0
doorway,12_10,streaky,ViT Large,head_model,6,1.0,0.5,1.0
doorway,12_10,streaky,ViT Large,head_model,7,1.0,0.5,1.0
doorway,12_10,streaky,ViT Large,head_model,8,1.0,0.5,1.0
doorway,12_10,streaky,ViT Large,head_model,9,1.0,0.5,1.0
doorway,12_10,streaky,ViT Large,head_model,10,1.0,0.5,1.0
doorway,12_10,streaky,ViT Small,head_model,1,0.9965277777777778,0.5,0.9930555555555556
doorway,12_10,streaky,ViT Small,head_model,2,1.0,0.5,1.0
doorway,12_10,streaky,ViT Small,head_model,3,0.9965277777777778,0.5,0.9930555555555556
doorway,12_10,streaky,ViT Small,head_model,4,1.0,0.5,1.0
doorway,12_10,streaky,ViT Small,head_model,5,1.0,0.5,1.0
doorway,12_10,streaky,ViT Small,head_model,6,0.9965277777777778,0.5,0.9930555555555556
doorway,12_10,streaky,ViT Small,head_model,7,1.0,0.5,1.0
doorway,12_10,streaky,ViT Small,head_model,8,1.0,0.5,1.0
doorway,12_10,streaky,ViT Small,head_model,9,1.0,0.5,1.0
doorway,12_10,streaky,ViT Small,head_model,10,1.0,0.5,1.0
doorway,12_20,pointy,ConvNeXt Base,head_model,1,0.9166666666666666,0.5,0.8333333333333333
doorway,12_20,pointy,ConvNeXt Base,head_model,2,0.8784722222222222,0.5,0.7569444444444444
doorway,12_20,pointy,ConvNeXt Base,head_model,3,0.9201388888888888,0.5,0.8402777777777777
doorway,12_20,pointy,ConvNeXt Base,head_model,4,0.9097222222222222,0.5,0.8194444444444444
doorway,12_20,pointy,ConvNeXt Base,head_model,5,0.9236111111111112,0.5,0.8472222222222223
doorway,12_20,pointy,ConvNeXt Base,head_model,6,0.9131944444444444,0.5,0.8263888888888888
doorway,12_20,pointy,ConvNeXt Base,head_model,7,0.9201388888888888,0.5,0.8402777777777777
doorway,12_20,pointy,ConvNeXt Base,head_model,8,0.9131944444444444,0.5,0.8263888888888888
doorway,12_20,pointy,ConvNeXt Base,head_model,9,0.9131944444444444,0.5,0.8263888888888888
doorway,12_20,pointy,ConvNeXt Base,head_model,10,0.9097222222222222,0.5,0.8194444444444444
doorway,12_20,pointy,ConvNeXt Large,head_model,1,0.9895833333333334,0.5,0.9791666666666667
doorway,12_20,pointy,ConvNeXt Large,head_model,2,0.9895833333333334,0.5,0.9791666666666667
doorway,12_20,pointy,ConvNeXt Large,head_model,3,0.9895833333333334,0.5,0.9791666666666667
doorway,12_20,pointy,ConvNeXt Large,head_model,4,0.9930555555555556,0.5,0.9861111111111112
doorway,12_20,pointy,ConvNeXt Large,head_model,5,0.9791666666666666,0.5,0.9583333333333333
doorway,12_20,pointy,ConvNeXt Large,head_model,6,0.9895833333333334,0.5,0.9791666666666667
doorway,12_20,pointy,ConvNeXt Large,head_model,7,0.9965277777777778,0.5,0.9930555555555556
doorway,12_20,pointy,ConvNeXt Large,head_model,8,0.9965277777777778,0.5,0.9930555555555556
doorway,12_20,pointy,ConvNeXt Large,head_model,9,0.9826388888888888,0.5,0.9652777777777777
doorway,12_20,pointy,ConvNeXt Large,head_model,10,0.9930555555555556,0.5,0.9861111111111112
doorway,12_20,pointy,ConvNeXt Small,head_model,1,0.9583333333333334,0.5,0.9166666666666667
doorway,12_20,pointy,ConvNeXt Small,head_model,2,0.9583333333333334,0.5,0.9166666666666667
doorway,12_20,pointy,ConvNeXt Small,head_model,3,0.9791666666666666,0.5,0.9583333333333333
doorway,12_20,pointy,ConvNeXt Small,head_model,4,0.9722222222222222,0.5,0.9444444444444444
doorway,12_20,pointy,ConvNeXt Small,head_model,5,0.9583333333333334,0.5,0.9166666666666667
doorway,12_20,pointy,ConvNeXt Small,head_model,6,0.9583333333333334,0.5,0.9166666666666667
doorway,12_20,pointy,ConvNeXt Small,head_model,7,0.9826388888888888,0.5,0.9652777777777777
doorway,12_20,pointy,ConvNeXt Small,head_model,8,0.9895833333333334,0.5,0.9791666666666667
doorway,12_20,pointy,ConvNeXt Small,head_model,9,0.9618055555555556,0.5,0.9236111111111112
doorway,12_20,pointy,ConvNeXt Small,head_model,10,0.9791666666666666,0.5,0.9583333333333333
doorway,12_20,pointy,ConvNeXt Tiny,head_model,1,0.9861111111111112,0.5,0.9722222222222223
doorway,12_20,pointy,ConvNeXt Tiny,head_model,2,0.9722222222222222,0.5,0.9444444444444444
doorway,12_20,pointy,ConvNeXt Tiny,head_model,3,0.9861111111111112,0.5,0.9722222222222223
doorway,12_20,pointy,ConvNeXt Tiny,head_model,4,0.96875,0.5,0.9375
doorway,12_20,pointy,ConvNeXt Tiny,head_model,5,0.9756944444444444,0.5,0.9513888888888888
doorway,12_20,pointy,ConvNeXt Tiny,head_model,6,0.9791666666666666,0.5,0.9583333333333333
doorway,12_20,pointy,ConvNeXt Tiny,head_model,7,0.9722222222222222,0.5,0.9444444444444444
doorway,12_20,pointy,ConvNeXt Tiny,head_model,8,0.9722222222222222,0.5,0.9444444444444444
doorway,12_20,pointy,ConvNeXt Tiny,head_model,9,0.9583333333333334,0.5,0.9166666666666667
doorway,12_20,pointy,ConvNeXt Tiny,head_model,10,0.9895833333333334,0.5,0.9791666666666667
doorway,12_20,pointy,DINOv3 ViT Base,head_model,1,1.0,0.5,1.0
doorway,12_20,pointy,DINOv3 ViT Base,head_model,2,1.0,0.5,1.0
doorway,12_20,pointy,DINOv3 ViT Base,head_model,3,1.0,0.5,1.0
doorway,12_20,pointy,DINOv3 ViT Base,head_model,4,1.0,0.5,1.0
doorway,12_20,pointy,DINOv3 ViT Base,head_model,5,1.0,0.5,1.0
doorway,12_20,pointy,DINOv3 ViT Base,head_model,6,1.0,0.5,1.0
doorway,12_20,pointy,DINOv3 ViT Base,head_model,7,1.0,0.5,1.0
doorway,12_20,pointy,DINOv3 ViT Base,head_model,8,1.0,0.5,1.0
doorway,12_20,pointy,DINOv3 ViT Base,head_model,9,1.0,0.5,1.0
doorway,12_20,pointy,DINOv3 ViT Base,head_model,10,1.0,0.5,1.0
doorway,12_20,pointy,ResNet18,head_model,1,0.9895833333333334,0.5,0.9791666666666667
doorway,12_20,pointy,ResNet18,head_model,2,0.9895833333333334,0.5,0.9791666666666667
doorway,12_20,pointy,ResNet18,head_model,3,0.9895833333333334,0.5,0.9791666666666667
doorway,12_20,pointy,ResNet18,head_model,4,0.9895833333333334,0.5,0.9791666666666667
doorway,12_20,pointy,ResNet18,head_model,5,0.9895833333333334,0.5,0.9791666666666667
doorway,12_20,pointy,ResNet18,head_model,6,0.9895833333333334,0.5,0.9791666666666667
doorway,12_20,pointy,ResNet18,head_model,7,0.9895833333333334,0.5,0.9791666666666667
doorway,12_20,pointy,ResNet18,head_model,8,0.9861111111111112,0.5,0.9722222222222223
doorway,12_20,pointy,ResNet18,head_model,9,0.9895833333333334,0.5,0.9791666666666667
doorway,12_20,pointy,ResNet18,head_model,10,0.9895833333333334,0.5,0.9791666666666667
doorway,12_20,pointy,ResNet50,head_model,1,1.0,0.5,1.0
doorway,12_20,pointy,ResNet50,head_model,2,1.0,0.5,1.0
doorway,12_20,pointy,ResNet50,head_model,3,1.0,0.5,1.0
doorway,12_20,pointy,ResNet50,head_model,4,1.0,0.5,1.0
doorway,12_20,pointy,ResNet50,head_model,5,1.0,0.5,1.0
doorway,12_20,pointy,ResNet50,head_model,6,1.0,0.5,1.0
doorway,12_20,pointy,ResNet50,head_model,7,1.0,0.5,1.0
doorway,12_20,pointy,ResNet50,head_model,8,1.0,0.5,1.0
doorway,12_20,pointy,ResNet50,head_model,9,1.0,0.5,1.0
doorway,12_20,pointy,ResNet50,head_model,10,1.0,0.5,1.0
doorway,12_20,pointy,VGG11,head_model,1,0.9965277777777778,0.5,0.9930555555555556
doorway,12_20,pointy,VGG11,head_model,2,1.0,0.5,1.0
doorway,12_20,pointy,VGG11,head_model,3,0.9965277777777778,0.5,0.9930555555555556
doorway,12_20,pointy,VGG11,head_model,4,0.9965277777777778,0.5,0.9930555555555556
doorway,12_20,pointy,VGG11,head_model,5,1.0,0.5,1.0
doorway,12_20,pointy,VGG11,head_model,6,0.9965277777777778,0.5,0.9930555555555556
doorway,12_20,pointy,VGG11,head_model,7,0.9965277777777778,0.5,0.9930555555555556
doorway,12_20,pointy,VGG11,head_model,8,1.0,0.5,1.0
doorway,12_20,pointy,VGG11,head_model,9,0.9965277777777778,0.5,0.9930555555555556
doorway,12_20,pointy,VGG11,head_model,10,1.0,0.5,1.0
doorway,12_20,pointy,VGG13,head_model,1,1.0,0.5,1.0
doorway,12_20,pointy,VGG13,head_model,2,1.0,0.5,1.0
doorway,12_20,pointy,VGG13,head_model,3,1.0,0.5,1.0
doorway,12_20,pointy,VGG13,head_model,4,1.0,0.5,1.0
doorway,12_20,pointy,VGG13,head_model,5,1.0,0.5,1.0
doorway,12_20,pointy,VGG13,head_model,6,1.0,0.5,1.0
doorway,12_20,pointy,VGG13,head_model,7,1.0,0.5,1.0
doorway,12_20,pointy,VGG13,head_model,8,1.0,0.5,1.0
doorway,12_20,pointy,VGG13,head_model,9,1.0,0.5,1.0
doorway,12_20,pointy,VGG13,head_model,10,1.0,0.5,1.0
doorway,12_20,pointy,VGG16,head_model,1,1.0,0.5,1.0
doorway,12_20,pointy,VGG16,head_model,2,1.0,0.5,1.0
doorway,12_20,pointy,VGG16,head_model,3,1.0,0.5,1.0
doorway,12_20,pointy,VGG16,head_model,4,1.0,0.5,1.0
doorway,12_20,pointy,VGG16,head_model,5,1.0,0.5,1.0
doorway,12_20,pointy,VGG16,head_model,6,1.0,0.5,1.0
doorway,12_20,pointy,VGG16,head_model,7,1.0,0.5,1.0
doorway,12_20,pointy,VGG16,head_model,8,1.0,0.5,1.0
doorway,12_20,pointy,VGG16,head_model,9,1.0,0.5,1.0
doorway,12_20,pointy,VGG16,head_model,10,1.0,0.5,1.0
doorway,12_20,pointy,VGG19,head_model,1,1.0,0.5,1.0
doorway,12_20,pointy,VGG19,head_model,2,1.0,0.5,1.0
doorway,12_20,pointy,VGG19,head_model,3,1.0,0.5,1.0
doorway,12_20,pointy,VGG19,head_model,4,1.0,0.5,1.0
doorway,12_20,pointy,VGG19,head_model,5,1.0,0.5,1.0
doorway,12_20,pointy,VGG19,head_model,6,1.0,0.5,1.0
doorway,12_20,pointy,VGG19,head_model,7,1.0,0.5,1.0
doorway,12_20,pointy,VGG19,head_model,8,1.0,0.5,1.0
doorway,12_20,pointy,VGG19,head_model,9,1.0,0.5,1.0
doorway,12_20,pointy,VGG19,head_model,10,1.0,0.5,1.0
doorway,12_20,pointy,ViT Base,head_model,1,1.0,0.5,1.0
doorway,12_20,pointy,ViT Base,head_model,2,1.0,0.5,1.0
doorway,12_20,pointy,ViT Base,head_model,3,1.0,0.5,1.0
doorway,12_20,pointy,ViT Base,head_model,4,1.0,0.5,1.0
doorway,12_20,pointy,ViT Base,head_model,5,1.0,0.5,1.0
doorway,12_20,pointy,ViT Base,head_model,6,1.0,0.5,1.0
doorway,12_20,pointy,ViT Base,head_model,7,1.0,0.5,1.0
doorway,12_20,pointy,ViT Base,head_model,8,1.0,0.5,1.0
doorway,12_20,pointy,ViT Base,head_model,9,1.0,0.5,1.0
doorway,12_20,pointy,ViT Base,head_model,10,1.0,0.5,1.0
doorway,12_20,pointy,ViT Large,head_model,1,1.0,0.5,1.0
doorway,12_20,pointy,ViT Large,head_model,2,1.0,0.5,1.0
doorway,12_20,pointy,ViT Large,head_model,3,1.0,0.5,1.0
doorway,12_20,pointy,ViT Large,head_model,4,1.0,0.5,1.0
doorway,12_20,pointy,ViT Large,head_model,5,1.0,0.5,1.0
doorway,12_20,pointy,ViT Large,head_model,6,1.0,0.5,1.0
doorway,12_20,pointy,ViT Large,head_model,7,0.9965277777777778,0.5,0.9930555555555556
doorway,12_20,pointy,ViT Large,head_model,8,1.0,0.5,1.0
doorway,12_20,pointy,ViT Large,head_model,9,1.0,0.5,1.0
doorway,12_20,pointy,ViT Large,head_model,10,1.0,0.5,1.0
doorway,12_20,pointy,ViT Small,head_model,1,1.0,0.5,1.0
doorway,12_20,pointy,ViT Small,head_model,2,1.0,0.5,1.0
doorway,12_20,pointy,ViT Small,head_model,3,1.0,0.5,1.0
doorway,12_20,pointy,ViT Small,head_model,4,1.0,0.5,1.0
doorway,12_20,pointy,ViT Small,head_model,5,1.0,0.5,1.0
doorway,12_20,pointy,ViT Small,head_model,6,0.9965277777777778,0.5,0.9930555555555556
doorway,12_20,pointy,ViT Small,head_model,7,1.0,0.5,1.0
doorway,12_20,pointy,ViT Small,head_model,8,1.0,0.5,1.0
doorway,12_20,pointy,ViT Small,head_model,9,1.0,0.5,1.0
doorway,12_20,pointy,ViT Small,head_model,10,1.0,0.5,1.0
doorway,12_20,streaky,ConvNeXt Base,head_model,1,1.0,0.5,1.0
doorway,12_20,streaky,ConvNeXt Base,head_model,2,1.0,0.5,1.0
doorway,12_20,streaky,ConvNeXt Base,head_model,3,1.0,0.5,1.0
doorway,12_20,streaky,ConvNeXt Base,head_model,4,1.0,0.5,1.0
doorway,12_20,streaky,ConvNeXt Base,head_model,5,1.0,0.5,1.0
doorway,12_20,streaky,ConvNeXt Base,head_model,6,1.0,0.5,1.0
doorway,12_20,streaky,ConvNeXt Base,head_model,7,1.0,0.5,1.0
doorway,12_20,streaky,ConvNeXt Base,head_model,8,1.0,0.5,1.0
doorway,12_20,streaky,ConvNeXt Base,head_model,9,1.0,0.5,1.0
doorway,12_20,streaky,ConvNeXt Base,head_model,10,1.0,0.5,1.0
doorway,12_20,streaky,ConvNeXt Large,head_model,1,0.9965277777777778,0.5,0.9930555555555556
doorway,12_20,streaky,ConvNeXt Large,head_model,2,0.9930555555555556,0.5,0.9861111111111112
doorway,12_20,streaky,ConvNeXt Large,head_model,3,0.9965277777777778,0.5,0.9930555555555556
doorway,12_20,streaky,ConvNeXt Large,head_model,4,0.9965277777777778,0.5,0.9930555555555556
doorway,12_20,streaky,ConvNeXt Large,head_model,5,1.0,0.5,1.0
doorway,12_20,streaky,ConvNeXt Large,head_model,6,0.9965277777777778,0.5,0.9930555555555556
doorway,12_20,streaky,ConvNeXt Large,head_model,7,0.9930555555555556,0.5,0.9861111111111112
doorway,12_20,streaky,ConvNeXt Large,head_model,8,0.9930555555555556,0.5,0.9861111111111112
doorway,12_20,streaky,ConvNeXt Large,head_model,9,0.9965277777777778,0.5,0.9930555555555556
doorway,12_20,streaky,ConvNeXt Large,head_model,10,0.9965277777777778,0.5,0.9930555555555556
doorway,12_20,streaky,ConvNeXt Small,head_model,1,0.9930555555555556,0.5,0.9861111111111112
doorway,12_20,streaky,ConvNeXt Small,head_model,2,0.9826388888888888,0.5,0.9652777777777777
doorway,12_20,streaky,ConvNeXt Small,head_model,3,0.9861111111111112,0.5,0.9722222222222223
doorway,12_20,streaky,ConvNeXt Small,head_model,4,0.9965277777777778,0.5,0.9930555555555556
doorway,12_20,streaky,ConvNeXt Small,head_model,5,1.0,0.5,1.0
doorway,12_20,streaky,ConvNeXt Small,head_model,6,0.9861111111111112,0.5,0.9722222222222223
doorway,12_20,streaky,ConvNeXt Small,head_model,7,0.9861111111111112,0.5,0.9722222222222223
doorway,12_20,streaky,ConvNeXt Small,head_model,8,0.9861111111111112,0.5,0.9722222222222223
doorway,12_20,streaky,ConvNeXt Small,head_model,9,0.9861111111111112,0.5,0.9722222222222223
doorway,12_20,streaky,ConvNeXt Small,head_model,10,1.0,0.5,1.0
doorway,12_20,streaky,ConvNeXt Tiny,head_model,1,1.0,0.5,1.0
doorway,12_20,streaky,ConvNeXt Tiny,head_model,2,0.9965277777777778,0.5,0.9930555555555556
doorway,12_20,streaky,ConvNeXt Tiny,head_model,3,1.0,0.5,1.0
doorway,12_20,streaky,ConvNeXt Tiny,head_model,4,1.0,0.5,1.0
doorway,12_20,streaky,ConvNeXt Tiny,head_model,5,1.0,0.5,1.0
doorway,12_20,streaky,ConvNeXt Tiny,head_model,6,0.9895833333333334,0.5,0.9791666666666667
doorway,12_20,streaky,ConvNeXt Tiny,head_model,7,0.9895833333333334,0.5,0.9791666666666667
doorway,12_20,streaky,ConvNeXt Tiny,head_model,8,1.0,0.5,1.0
doorway,12_20,streaky,ConvNeXt Tiny,head_model,9,0.9965277777777778,0.5,0.9930555555555556
doorway,12_20,streaky,ConvNeXt Tiny,head_model,10,1.0,0.5,1.0
doorway,12_20,streaky,DINOv3 ViT Base,head_model,1,1.0,0.5,1.0
doorway,12_20,streaky,DINOv3 ViT Base,head_model,2,1.0,0.5,1.0
doorway,12_20,streaky,DINOv3 ViT Base,head_model,3,1.0,0.5,1.0
doorway,12_20,streaky,DINOv3 ViT Base,head_model,4,1.0,0.5,1.0
doorway,12_20,streaky,DINOv3 ViT Base,head_model,5,1.0,0.5,1.0
doorway,12_20,streaky,DINOv3 ViT Base,head_model,6,1.0,0.5,1.0
doorway,12_20,streaky,DINOv3 ViT Base,head_model,7,1.0,0.5,1.0
doorway,12_20,streaky,DINOv3 ViT Base,head_model,8,1.0,0.5,1.0
doorway,12_20,streaky,DINOv3 ViT Base,head_model,9,1.0,0.5,1.0
doorway,12_20,streaky,DINOv3 ViT Base,head_model,10,1.0,0.5,1.0
doorway,12_20,streaky,ResNet18,head_model,1,0.9930555555555556,0.5,0.9861111111111112
doorway,12_20,streaky,ResNet18,head_model,2,0.9930555555555556,0.5,0.9861111111111112
doorway,12_20,streaky,ResNet18,head_model,3,0.9930555555555556,0.5,0.9861111111111112
doorway,12_20,streaky,ResNet18,head_model,4,0.9930555555555556,0.5,0.9861111111111112
doorway,12_20,streaky,ResNet18,head_model,5,0.9930555555555556,0.5,0.9861111111111112
doorway,12_20,streaky,ResNet18,head_model,6,0.9930555555555556,0.5,0.9861111111111112
doorway,12_20,streaky,ResNet18,head_model,7,0.9930555555555556,0.5,0.9861111111111112
doorway,12_20,streaky,ResNet18,head_model,8,0.9930555555555556,0.5,0.9861111111111112
doorway,12_20,streaky,ResNet18,head_model,9,0.9930555555555556,0.5,0.9861111111111112
doorway,12_20,streaky,ResNet18,head_model,10,0.9930555555555556,0.5,0.9861111111111112
doorway,12_20,streaky,ResNet50,head_model,1,0.9826388888888888,0.5,0.9652777777777777
doorway,12_20,streaky,ResNet50,head_model,2,0.9756944444444444,0.5,0.9513888888888888
doorway,12_20,streaky,ResNet50,head_model,3,0.9791666666666666,0.5,0.9583333333333333
doorway,12_20,streaky,ResNet50,head_model,4,0.9756944444444444,0.5,0.9513888888888888
doorway,12_20,streaky,ResNet50,head_model,5,0.9791666666666666,0.5,0.9583333333333333
doorway,12_20,streaky,ResNet50,head_model,6,0.9791666666666666,0.5,0.9583333333333333
doorway,12_20,streaky,ResNet50,head_model,7,0.9756944444444444,0.5,0.9513888888888888
doorway,12_20,streaky,ResNet50,head_model,8,0.9756944444444444,0.5,0.9513888888888888
doorway,12_20,streaky,ResNet50,head_model,9,0.9791666666666666,0.5,0.9583333333333333
doorway,12_20,streaky,ResNet50,head_model,10,0.9791666666666666,0.5,0.9583333333333333
doorway,12_20,streaky,VGG11,head_model,1,1.0,0.5,1.0
doorway,12_20,streaky,VGG11,head_model,2,1.0,0.5,1.0
doorway,12_20,streaky,VGG11,head_model,3,1.0,0.5,1.0
doorway,12_20,streaky,VGG11,head_model,4,1.0,0.5,1.0
doorway,12_20,streaky,VGG11,head_model,5,0.9965277777777778,0.5,0.9930555555555556
doorway,12_20,streaky,VGG11,head_model,6,1.0,0.5,1.0
doorway,12_20,streaky,VGG11,head_model,7,1.0,0.5,1.0
doorway,12_20,streaky,VGG11,head_model,8,1.0,0.5,1.0
doorway,12_20,streaky,VGG11,head_model,9,1.0,0.5,1.0
doorway,12_20,streaky,VGG11,head_model,10,1.0,0.5,1.0
doorway,12_20,streaky,VGG13,head_model,1,1.0,0.5,1.0
doorway,12_20,streaky,VGG13,head_model,2,1.0,0.5,1.0
doorway,12_20,streaky,VGG13,head_model,3,1.0,0.5,1.0
doorway,12_20,streaky,VGG13,head_model,4,1.0,0.5,1.0
doorway,12_20,streaky,VGG13,head_model,5,1.0,0.5,1.0
doorway,12_20,streaky,VGG13,head_model,6,1.0,0.5,1.0
doorway,12_20,streaky,VGG13,head_model,7,1.0,0.5,1.0
doorway,12_20,streaky,VGG13,head_model,8,1.0,0.5,1.0
doorway,12_20,streaky,VGG13,head_model,9,1.0,0.5,1.0
doorway,12_20,streaky,VGG13,head_model,10,1.0,0.5,1.0
doorway,12_20,streaky,VGG16,head_model,1,1.0,0.5,1.0
doorway,12_20,streaky,VGG16,head_model,2,1.0,0.5,1.0
doorway,12_20,streaky,VGG16,head_model,3,1.0,0.5,1.0
doorway,12_20,streaky,VGG16,head_model,4,1.0,0.5,1.0
doorway,12_20,streaky,VGG16,head_model,5,1.0,0.5,1.0
doorway,12_20,streaky,VGG16,head_model,6,1.0,0.5,1.0
doorway,12_20,streaky,VGG16,head_model,7,1.0,0.5,1.0
doorway,12_20,streaky,VGG16,head_model,8,1.0,0.5,1.0
doorway,12_20,streaky,VGG16,head_model,9,1.0,0.5,1.0
doorway,12_20,streaky,VGG16,head_model,10,1.0,0.5,1.0
doorway,12_20,streaky,VGG19,head_model,1,0.9965277777777778,0.5,0.9930555555555556
doorway,12_20,streaky,VGG19,head_model,2,0.9965277777777778,0.5,0.9930555555555556
doorway,12_20,streaky,VGG19,head_model,3,0.9965277777777778,0.5,0.9930555555555556
doorway,12_20,streaky,VGG19,head_model,4,0.9965277777777778,0.5,0.9930555555555556
doorway,12_20,streaky,VGG19,head_model,5,0.9965277777777778,0.5,0.9930555555555556
doorway,12_20,streaky,VGG19,head_model,6,0.9965277777777778,0.5,0.9930555555555556
doorway,12_20,streaky,VGG19,head_model,7,0.9861111111111112,0.5,0.9722222222222223
doorway,12_20,streaky,VGG19,head_model,8,0.9965277777777778,0.5,0.9930555555555556
doorway,12_20,streaky,VGG19,head_model,9,0.9965277777777778,0.5,0.9930555555555556
doorway,12_20,streaky,VGG19,head_model,10,0.9965277777777778,0.5,0.9930555555555556
doorway,12_20,streaky,ViT Base,head_model,1,1.0,0.5,1.0
doorway,12_20,streaky,ViT Base,head_model,2,1.0,0.5,1.0
doorway,12_20,streaky,ViT Base,head_model,3,1.0,0.5,1.0
doorway,12_20,streaky,ViT Base,head_model,4,1.0,0.5,1.0
doorway,12_20,streaky,ViT Base,head_model,5,1.0,0.5,1.0
doorway,12_20,streaky,ViT Base,head_model,6,1.0,0.5,1.0
doorway,12_20,streaky,ViT Base,head_model,7,1.0,0.5,1.0
doorway,12_20,streaky,ViT Base,head_model,8,1.0,0.5,1.0
doorway,12_20,streaky,ViT Base,head_model,9,1.0,0.5,1.0
doorway,12_20,streaky,ViT Base,head_model,10,1.0,0.5,1.0
doorway,12_20,streaky,ViT Large,head_model,1,1.0,0.5,1.0
doorway,12_20,streaky,ViT Large,head_model,2,1.0,0.5,1.0
doorway,12_20,streaky,ViT Large,head_model,3,1.0,0.5,1.0
doorway,12_20,streaky,ViT Large,head_model,4,1.0,0.5,1.0
doorway,12_20,streaky,ViT Large,head_model,5,1.0,0.5,1.0
doorway,12_20,streaky,ViT Large,head_model,6,1.0,0.5,1.0
doorway,12_20,streaky,ViT Large,head_model,7,1.0,0.5,1.0
doorway,12_20,streaky,ViT Large,head_model,8,0.9965277777777778,0.5,0.9930555555555556
doorway,12_20,streaky,ViT Large,head_model,9,1.0,0.5,1.0
doorway,12_20,streaky,ViT Large,head_model,10,1.0,0.5,1.0
doorway,12_20,streaky,ViT Small,head_model,1,1.0,0.5,1.0
doorway,12_20,streaky,ViT Small,head_model,2,1.0,0.5,1.0
doorway,12_20,streaky,ViT Small,head_model,3,1.0,0.5,1.0
doorway,12_20,streaky,ViT Small,head_model,4,1.0,0.5,1.0
doorway,12_20,streaky,ViT Small,head_model,5,1.0,0.5,1.0
doorway,12_20,streaky,ViT Small,head_model,6,1.0,0.5,1.0
doorway,12_20,streaky,ViT Small,head_model,7,1.0,0.5,1.0
doorway,12_20,streaky,ViT Small,head_model,8,1.0,0.5,1.0
doorway,12_20,streaky,ViT Small,head_model,9,1.0,0.5,1.0
doorway,12_20,streaky,ViT Small,head_model,10,1.0,0.5,1.0
doorway,6_10,pointy,ConvNeXt Base,head_model,1,0.9027777777777778,0.5,0.8055555555555556
doorway,6_10,pointy,ConvNeXt Base,head_model,2,0.9027777777777778,0.5,0.8055555555555556
doorway,6_10,pointy,ConvNeXt Base,head_model,3,0.9027777777777778,0.5,0.8055555555555556
doorway,6_10,pointy,ConvNeXt Base,head_model,4,0.8958333333333334,0.5,0.7916666666666667
doorway,6_10,pointy,ConvNeXt Base,head_model,5,0.9027777777777778,0.5,0.8055555555555556
doorway,6_10,pointy,ConvNeXt Base,head_model,6,0.9131944444444444,0.5,0.8263888888888888
doorway,6_10,pointy,ConvNeXt Base,head_model,7,0.90625,0.5,0.8125
doorway,6_10,pointy,ConvNeXt Base,head_model,8,0.9166666666666666,0.5,0.8333333333333333
doorway,6_10,pointy,ConvNeXt Base,head_model,9,0.9097222222222222,0.5,0.8194444444444444
doorway,6_10,pointy,ConvNeXt Base,head_model,10,0.9131944444444444,0.5,0.8263888888888888
doorway,6_10,pointy,ConvNeXt Large,head_model,1,0.9305555555555556,0.5,0.8611111111111112
doorway,6_10,pointy,ConvNeXt Large,head_model,2,0.9409722222222222,0.5,0.8819444444444444
doorway,6_10,pointy,ConvNeXt Large,head_model,3,0.9340277777777778,0.5,0.8680555555555556
doorway,6_10,pointy,ConvNeXt Large,head_model,4,0.9479166666666666,0.5,0.8958333333333333
doorway,6_10,pointy,ConvNeXt Large,head_model,5,0.9270833333333334,0.5,0.8541666666666667
doorway,6_10,pointy,ConvNeXt Large,head_model,6,0.9375,0.5,0.875
doorway,6_10,pointy,ConvNeXt Large,head_model,7,0.9513888888888888,0.5,0.9027777777777777
doorway,6_10,pointy,ConvNeXt Large,head_model,8,0.9479166666666666,0.5,0.8958333333333333
doorway,6_10,pointy,ConvNeXt Large,head_model,9,0.9375,0.5,0.875
doorway,6_10,pointy,ConvNeXt Large,head_model,10,0.9479166666666666,0.5,0.8958333333333333
doorway,6_10,pointy,ConvNeXt Small,head_model,1,0.90625,0.5,0.8125
doorway,6_10,pointy,ConvNeXt Small,head_model,2,0.9375,0.5,0.875
doorway,6_10,pointy,ConvNeXt Small,head_model,3,0.9270833333333334,0.5,0.8541666666666667
doorway,6_10,pointy,ConvNeXt Small,head_model,4,0.9236111111111112,0.5,0.8472222222222223
doorway,6_10,pointy,ConvNeXt Small,head_model,5,0.8923611111111112,0.5,0.7847222222222223
doorway,6_10,pointy,ConvNeXt Small,head_model,6,0.9305555555555556,0.5,0.8611111111111112
doorway,6_10,pointy,ConvNeXt Small,head_model,7,0.9409722222222222,0.5,0.8819444444444444
doorway,6_10,pointy,ConvNeXt Small,head_model,8,0.9375,0.5,0.875
doorway,6_10,pointy,ConvNeXt Small,head_model,9,0.9236111111111112,0.5,0.8472222222222223
doorway,6_10,pointy,ConvNeXt Small,head_model,10,0.9375,0.5,0.875
doorway,6_10,pointy,ConvNeXt Tiny,head_model,1,0.9375,0.5,0.875
doorway,6_10,pointy,ConvNeXt Tiny,head_model,2,0.9236111111111112,0.5,0.8472222222222223
doorway,6_10,pointy,ConvNeXt Tiny,head_model,3,0.9375,0.5,0.875
doorway,6_10,pointy,ConvNeXt Tiny,head_model,4,0.8784722222222222,0.5,0.7569444444444444
doorway,6_10,pointy,ConvNeXt Tiny,head_model,5,0.9375,0.5,0.875
doorway,6_10,pointy,ConvNeXt Tiny,head_model,6,0.9340277777777778,0.5,0.8680555555555556
doorway,6_10,pointy,ConvNeXt Tiny,head_model,7,0.8854166666666666,0.5,0.7708333333333333
doorway,6_10,pointy,ConvNeXt Tiny,head_model,8,0.9236111111111112,0.5,0.8472222222222223
doorway,6_10,pointy,ConvNeXt Tiny,head_model,9,0.9375,0.5,0.875
doorway,6_10,pointy,ConvNeXt Tiny,head_model,10,0.9270833333333334,0.5,0.8541666666666667
doorway,6_10,pointy,DINOv3 ViT Base,head_model,1,1.0,0.5,1.0
doorway,6_10,pointy,DINOv3 ViT Base,head_model,2,1.0,0.5,1.0
doorway,6_10,pointy,DINOv3 ViT Base,head_model,3,0.9965277777777778,0.5,0.9930555555555556
doorway,6_10,pointy,DINOv3 ViT Base,head_model,4,1.0,0.5,1.0
doorway,6_10,pointy,DINOv3 ViT Base,head_model,5,1.0,0.5,1.0
doorway,6_10,pointy,DINOv3 ViT Base,head_model,6,1.0,0.5,1.0
doorway,6_10,pointy,DINOv3 ViT Base,head_model,7,1.0,0.5,1.0
doorway,6_10,pointy,DINOv3 ViT Base,head_model,8,1.0,0.5,1.0
doorway,6_10,pointy,DINOv3 ViT Base,head_model,9,1.0,0.5,1.0
doorway,6_10,pointy,DINOv3 ViT Base,head_model,10,1.0,0.5,1.0
doorway,6_10,pointy,ResNet18,head_model,1,0.9201388888888888,0.5,0.8402777777777777
doorway,6_10,pointy,ResNet18,head_model,2,0.9166666666666666,0.5,0.8333333333333333
doorway,6_10,pointy,ResNet18,head_model,3,0.9166666666666666,0.5,0.8333333333333333
doorway,6_10,pointy,ResNet18,head_model,4,0.9236111111111112,0.5,0.8472222222222223
doorway,6_10,pointy,ResNet18,head_model,5,0.9166666666666666,0.5,0.8333333333333333
doorway,6_10,pointy,ResNet18,head_model,6,0.9201388888888888,0.5,0.8402777777777777
doorway,6_10,pointy,ResNet18,head_model,7,0.9201388888888888,0.5,0.8402777777777777
doorway,6_10,pointy,ResNet18,head_model,8,0.9166666666666666,0.5,0.8333333333333333
doorway,6_10,pointy,ResNet18,head_model,9,0.9201388888888888,0.5,0.8402777777777777
doorway,6_10,pointy,ResNet18,head_model,10,0.9201388888888888,0.5,0.8402777777777777
doorway,6_10,pointy,ResNet50,head_model,1,0.9340277777777778,0.5,0.8680555555555556
doorway,6_10,pointy,ResNet50,head_model,2,0.9305555555555556,0.5,0.8611111111111112
doorway,6_10,pointy,ResNet50,head_model,3,0.9305555555555556,0.5,0.8611111111111112
doorway,6_10,pointy,ResNet50,head_model,4,0.9201388888888888,0.5,0.8402777777777777
doorway,6_10,pointy,ResNet50,head_model,5,0.9270833333333334,0.5,0.8541666666666667
doorway,6_10,pointy,ResNet50,head_model,6,0.9305555555555556,0.5,0.8611111111111112
doorway,6_10,pointy,ResNet50,head_model,7,0.9270833333333334,0.5,0.8541666666666667
doorway,6_10,pointy,ResNet50,head_model,8,0.9305555555555556,0.5,0.8611111111111112
doorway,6_10,pointy,ResNet50,head_model,9,0.9236111111111112,0.5,0.8472222222222223
doorway,6_10,pointy,ResNet50,head_model,10,0.9305555555555556,0.5,0.8611111111111112
doorway,6_10,pointy,VGG11,head_model,1,0.9375,0.5,0.875
doorway,6_10,pointy,VGG11,head_model,2,0.9548611111111112,0.5,0.9097222222222223
doorway,6_10,pointy,VGG11,head_model,3,0.9513888888888888,0.5,0.9027777777777777
doorway,6_10,pointy,VGG11,head_model,4,0.9479166666666666,0.5,0.8958333333333333
doorway,6_10,pointy,VGG11,head_model,5,0.9444444444444444,0.5,0.8888888888888888
doorway,6_10,pointy,VGG11,head_model,6,0.9583333333333334,0.5,0.9166666666666667
doorway,6_10,pointy,VGG11,head_model,7,0.9548611111111112,0.5,0.9097222222222223
doorway,6_10,pointy,VGG11,head_model,8,0.9583333333333334,0.5,0.9166666666666667
doorway,6_10,pointy,VGG11,head_model,9,0.9513888888888888,0.5,0.9027777777777777
doorway,6_10,pointy,VGG11,head_model,10,0.9583333333333334,0.5,0.9166666666666667
doorway,6_10,pointy,VGG13,head_model,1,0.9548611111111112,0.5,0.9097222222222223
doorway,6_10,pointy,VGG13,head_model,2,0.9548611111111112,0.5,0.9097222222222223
doorway,6_10,pointy,VGG13,head_model,3,0.9618055555555556,0.5,0.9236111111111112
doorway,6_10,pointy,VGG13,head_model,4,0.9513888888888888,0.5,0.9027777777777777
doorway,6_10,pointy,VGG13,head_model,5,0.9513888888888888,0.5,0.9027777777777777
doorway,6_10,pointy,VGG13,head_model,6,0.9548611111111112,0.5,0.9097222222222223
doorway,6_10,pointy,VGG13,head_model,7,0.9548611111111112,0.5,0.9097222222222223
doorway,6_10,pointy,VGG13,head_model,8,0.9548611111111112,0.5,0.9097222222222223
doorway,6_10,pointy,VGG13,head_model,9,0.9513888888888888,0.5,0.9027777777777777
doorway,6_10,pointy,VGG13,head_model,10,0.9548611111111112,0.5,0.9097222222222223
doorway,6_10,pointy,VGG16,head_model,1,0.9791666666666666,0.5,0.9583333333333333
doorway,6_10,pointy,VGG16,head_model,2,0.9722222222222222,0.5,0.9444444444444444
doorway,6_10,pointy,VGG16,head_model,3,0.9826388888888888,0.5,0.9652777777777777
doorway,6_10,pointy,VGG16,head_model,4,0.9722222222222222,0.5,0.9444444444444444
doorway,6_10,pointy,VGG16,head_model,5,0.9791666666666666,0.5,0.9583333333333333
doorway,6_10,pointy,VGG16,head_model,6,0.9861111111111112,0.5,0.9722222222222223
doorway,6_10,pointy,VGG16,head_model,7,0.9756944444444444,0.5,0.9513888888888888
doorway,6_10,pointy,VGG16,head_model,8,0.9826388888888888,0.5,0.9652777777777777
doorway,6_10,pointy,VGG16,head_model,9,0.9826388888888888,0.5,0.9652777777777777
doorway,6_10,pointy,VGG16,head_model,10,0.9826388888888888,0.5,0.9652777777777777
doorway,6_10,pointy,VGG19,head_model,1,0.9479166666666666,0.5,0.8958333333333333
doorway,6_10,pointy,VGG19,head_model,2,0.9583333333333334,0.5,0.9166666666666667
doorway,6_10,pointy,VGG19,head_model,3,0.9583333333333334,0.5,0.9166666666666667
doorway,6_10,pointy,VGG19,head_model,4,0.9583333333333334,0.5,0.9166666666666667
doorway,6_10,pointy,VGG19,head_model,5,0.9479166666666666,0.5,0.8958333333333333
doorway,6_10,pointy,VGG19,head_model,6,0.9583333333333334,0.5,0.9166666666666667
doorway,6_10,pointy,VGG19,head_model,7,0.9618055555555556,0.5,0.9236111111111112
doorway,6_10,pointy,VGG19,head_model,8,0.9583333333333334,0.5,0.9166666666666667
doorway,6_10,pointy,VGG19,head_model,9,0.9583333333333334,0.5,0.9166666666666667
doorway,6_10,pointy,VGG19,head_model,10,0.9583333333333334,0.5,0.9166666666666667
doorway,6_10,pointy,ViT Base,head_model,1,1.0,0.5,1.0
doorway,6_10,pointy,ViT Base,head_model,2,1.0,0.5,1.0
doorway,6_10,pointy,ViT Base,head_model,3,1.0,0.5,1.0
doorway,6_10,pointy,ViT Base,head_model,4,1.0,0.5,1.0
doorway,6_10,pointy,ViT Base,head_model,5,1.0,0.5,1.0
doorway,6_10,pointy,ViT Base,head_model,6,1.0,0.5,1.0
doorway,6_10,pointy,ViT Base,head_model,7,1.0,0.5,1.0
doorway,6_10,pointy,ViT Base,head_model,8,1.0,0.5,1.0
doorway,6_10,pointy,ViT Base,head_model,9,1.0,0.5,1.0
doorway,6_10,pointy,ViT Base,head_model,10,0.9965277777777778,0.5,0.9930555555555556
doorway,6_10,pointy,ViT Large,head_model,1,1.0,0.5,1.0
doorway,6_10,pointy,ViT Large,head_model,2,1.0,0.5,1.0
doorway,6_10,pointy,ViT Large,head_model,3,1.0,0.5,1.0
doorway,6_10,pointy,ViT Large,head_model,4,1.0,0.5,1.0
doorway,6_10,pointy,ViT Large,head_model,5,1.0,0.5,1.0
doorway,6_10,pointy,ViT Large,head_model,6,1.0,0.5,1.0
doorway,6_10,pointy,ViT Large,head_model,7,1.0,0.5,1.0
doorway,6_10,pointy,ViT Large,head_model,8,1.0,0.5,1.0
doorway,6_10,pointy,ViT Large,head_model,9,1.0,0.5,1.0
doorway,6_10,pointy,ViT Large,head_model,10,1.0,0.5,1.0
doorway,6_10,pointy,ViT Small,head_model,1,1.0,0.5,1.0
doorway,6_10,pointy,ViT Small,head_model,2,1.0,0.5,1.0
doorway,6_10,pointy,ViT Small,head_model,3,0.9965277777777778,0.5,0.9930555555555556
doorway,6_10,pointy,ViT Small,head_model,4,1.0,0.5,1.0
doorway,6_10,pointy,ViT Small,head_model,5,1.0,0.5,1.0
doorway,6_10,pointy,ViT Small,head_model,6,1.0,0.5,1.0
doorway,6_10,pointy,ViT Small,head_model,7,1.0,0.5,1.0
doorway,6_10,pointy,ViT Small,head_model,8,1.0,0.5,1.0
doorway,6_10,pointy,ViT Small,head_model,9,1.0,0.5,1.0
doorway,6_10,pointy,ViT Small,head_model,10,1.0,0.5,1.0
doorway,6_10,streaky,ConvNeXt Base,head_model,1,0.9895833333333334,0.5,0.9791666666666667
doorway,6_10,streaky,ConvNeXt Base,head_model,2,0.9895833333333334,0.5,0.9791666666666667
doorway,6_10,streaky,ConvNeXt Base,head_model,3,0.9895833333333334,0.5,0.9791666666666667
doorway,6_10,streaky,ConvNeXt Base,head_model,4,0.9965277777777778,0.5,0.9930555555555556
doorway,6_10,streaky,ConvNeXt Base,head_model,5,0.9895833333333334,0.5,0.9791666666666667
doorway,6_10,streaky,ConvNeXt Base,head_model,6,0.9861111111111112,0.5,0.9722222222222223
doorway,6_10,streaky,ConvNeXt Base,head_model,7,0.9965277777777778,0.5,0.9930555555555556
doorway,6_10,streaky,ConvNeXt Base,head_model,8,0.9965277777777778,0.5,0.9930555555555556
doorway,6_10,streaky,ConvNeXt Base,head_model,9,0.9895833333333334,0.5,0.9791666666666667
doorway,6_10,streaky,ConvNeXt Base,head_model,10,1.0,0.5,1.0
doorway,6_10,streaky,ConvNeXt Large,head_model,1,0.9930555555555556,0.5,0.9861111111111112
doorway,6_10,streaky,ConvNeXt Large,head_model,2,0.9965277777777778,0.5,0.9930555555555556
doorway,6_10,streaky,ConvNeXt Large,head_model,3,1.0,0.5,1.0
doorway,6_10,streaky,ConvNeXt Large,head_model,4,0.9930555555555556,0.5,0.9861111111111112
doorway,6_10,streaky,ConvNeXt Large,head_model,5,1.0,0.5,1.0
doorway,6_10,streaky,ConvNeXt Large,head_model,6,1.0,0.5,1.0
doorway,6_10,streaky,ConvNeXt Large,head_model,7,1.0,0.5,1.0
doorway,6_10,streaky,ConvNeXt Large,head_model,8,1.0,0.5,1.0
doorway,6_10,streaky,ConvNeXt Large,head_model,9,1.0,0.5,1.0
doorway,6_10,streaky,ConvNeXt Large,head_model,10,0.9930555555555556,0.5,0.9861111111111112
doorway,6_10,streaky,ConvNeXt Small,head_model,1,0.9895833333333334,0.5,0.9791666666666667
doorway,6_10,streaky,ConvNeXt Small,head_model,2,0.9895833333333334,0.5,0.9791666666666667
doorway,6_10,streaky,ConvNeXt Small,head_model,3,0.9895833333333334,0.5,0.9791666666666667
doorway,6_10,streaky,ConvNeXt Small,head_model,4,0.9895833333333334,0.5,0.9791666666666667
doorway,6_10,streaky,ConvNeXt Small,head_model,5,0.9930555555555556,0.5,0.9861111111111112
doorway,6_10,streaky,ConvNeXt Small,head_model,6,0.9930555555555556,0.5,0.9861111111111112
doorway,6_10,streaky,ConvNeXt Small,head_model,7,0.9895833333333334,0.5,0.9791666666666667
doorway,6_10,streaky,ConvNeXt Small,head_model,8,0.9895833333333334,0.5,0.9791666666666667
doorway,6_10,streaky,ConvNeXt Small,head_model,9,0.9895833333333334,0.5,0.9791666666666667
doorway,6_10,streaky,ConvNeXt Small,head_model,10,0.9895833333333334,0.5,0.9791666666666667
doorway,6_10,streaky,ConvNeXt Tiny,head_model,1,0.9861111111111112,0.5,0.9722222222222223
doorway,6_10,streaky,ConvNeXt Tiny,head_model,2,0.9861111111111112,0.5,0.9722222222222223
doorway,6_10,streaky,ConvNeXt Tiny,head_model,3,0.9861111111111112,0.5,0.9722222222222223
doorway,6_10,streaky,ConvNeXt Tiny,head_model,4,0.9791666666666666,0.5,0.9583333333333333
doorway,6_10,streaky,ConvNeXt Tiny,head_model,5,0.9861111111111112,0.5,0.9722222222222223
doorway,6_10,streaky,ConvNeXt Tiny,head_model,6,0.9861111111111112,0.5,0.9722222222222223
doorway,6_10,streaky,ConvNeXt Tiny,head_model,7,0.9826388888888888,0.5,0.9652777777777777
doorway,6_10,streaky,ConvNeXt Tiny,head_model,8,0.9895833333333334,0.5,0.9791666666666667
doorway,6_10,streaky,ConvNeXt Tiny,head_model,9,0.9861111111111112,0.5,0.9722222222222223
doorway,6_10,streaky,ConvNeXt Tiny,head_model,10,0.9791666666666666,0.5,0.9583333333333333
doorway,6_10,streaky,DINOv3 ViT Base,head_model,1,1.0,0.5,1.0
doorway,6_10,streaky,DINOv3 ViT Base,head_model,2,1.0,0.5,1.0
doorway,6_10,streaky,DINOv3 ViT Base,head_model,3,1.0,0.5,1.0
doorway,6_10,streaky,DINOv3 ViT Base,head_model,4,1.0,0.5,1.0
doorway,6_10,streaky,DINOv3 ViT Base,head_model,5,1.0,0.5,1.0
doorway,6_10,streaky,DINOv3 ViT Base,head_model,6,1.0,0.5,1.0
doorway,6_10,streaky,DINOv3 ViT Base,head_model,7,1.0,0.5,1.0
doorway,6_10,streaky,DINOv3 ViT Base,head_model,8,1.0,0.5,1.0
doorway,6_10,streaky,DINOv3 ViT Base,head_model,9,1.0,0.5,1.0
doorway,6_10,streaky,DINOv3 ViT Base,head_model,10,1.0,0.5,1.0
doorway,6_10,streaky,ResNet18,head_model,1,0.9722222222222222,0.5,0.9444444444444444
doorway,6_10,streaky,ResNet18,head_model,2,0.9756944444444444,0.5,0.9513888888888888
doorway,6_10,streaky,ResNet18,head_model,3,0.9722222222222222,0.5,0.9444444444444444
doorway,6_10,streaky,ResNet18,head_model,4,0.9756944444444444,0.5,0.9513888888888888
doorway,6_10,streaky,ResNet18,head_model,5,0.9756944444444444,0.5,0.9513888888888888
doorway,6_10,streaky,ResNet18,head_model,6,0.9756944444444444,0.5,0.9513888888888888
doorway,6_10,streaky,ResNet18,head_model,7,0.9756944444444444,0.5,0.9513888888888888
doorway,6_10,streaky,ResNet18,head_model,8,0.9722222222222222,0.5,0.9444444444444444
doorway,6_10,streaky,ResNet18,head_model,9,0.9756944444444444,0.5,0.9513888888888888
doorway,6_10,streaky,ResNet18,head_model,10,0.9756944444444444,0.5,0.9513888888888888
doorway,6_10,streaky,ResNet50,head_model,1,0.9826388888888888,0.5,0.9652777777777777
doorway,6_10,streaky,ResNet50,head_model,2,0.9826388888888888,0.5,0.9652777777777777
doorway,6_10,streaky,ResNet50,head_model,3,0.9826388888888888,0.5,0.9652777777777777
doorway,6_10,streaky,ResNet50,head_model,4,0.9861111111111112,0.5,0.9722222222222223
doorway,6_10,streaky,ResNet50,head_model,5,0.9861111111111112,0.5,0.9722222222222223
doorway,6_10,streaky,ResNet50,head_model,6,0.9826388888888888,0.5,0.9652777777777777
doorway,6_10,streaky,ResNet50,head_model,7,0.9826388888888888,0.5,0.9652777777777777
doorway,6_10,streaky,ResNet50,head_model,8,0.9826388888888888,0.5,0.9652777777777777
doorway,6_10,streaky,ResNet50,head_model,9,0.9826388888888888,0.5,0.9652777777777777
doorway,6_10,streaky,ResNet50,head_model,10,0.9861111111111112,0.5,0.9722222222222223
doorway,6_10,streaky,VGG11,head_model,1,0.9930555555555556,0.5,0.9861111111111112
doorway,6_10,streaky,VGG11,head_model,2,0.9930555555555556,0.5,0.9861111111111112
doorway,6_10,streaky,VGG11,head_model,3,0.9930555555555556,0.5,0.9861111111111112
doorway,6_10,streaky,VGG11,head_model,4,0.9965277777777778,0.5,0.9930555555555556
doorway,6_10,streaky,VGG11,head_model,5,0.9930555555555556,0.5,0.9861111111111112
doorway,6_10,streaky,VGG11,head_model,6,0.9930555555555556,0.5,0.9861111111111112
doorway,6_10,streaky,VGG11,head_model,7,0.9965277777777778,0.5,0.9930555555555556
doorway,6_10,streaky,VGG11,head_model,8,0.9930555555555556,0.5,0.9861111111111112
doorway,6_10,streaky,VGG11,head_model,9,0.9930555555555556,0.5,0.9861111111111112
doorway,6_10,streaky,VGG11,head_model,10,0.9930555555555556,0.5,0.9861111111111112
doorway,6_10,streaky,VGG13,head_model,1,0.9930555555555556,0.5,0.9861111111111112
doorway,6_10,streaky,VGG13,head_model,2,0.9930555555555556,0.5,0.9861111111111112
doorway,6_10,streaky,VGG13,head_model,3,0.9930555555555556,0.5,0.9861111111111112
doorway,6_10,streaky,VGG13,head_model,4,1.0,0.5,1.0
doorway,6_10,streaky,VGG13,head_model,5,0.9965277777777778,0.5,0.9930555555555556
doorway,6_10,streaky,VGG13,head_model,6,0.9930555555555556,0.5,0.9861111111111112
doorway,6_10,streaky,VGG13,head_model,7,1.0,0.5,1.0
doorway,6_10,streaky,VGG13,head_model,8,0.9930555555555556,0.5,0.9861111111111112
doorway,6_10,streaky,VGG13,head_model,9,0.9930555555555556,0.5,0.9861111111111112
doorway,6_10,streaky,VGG13,head_model,10,1.0,0.5,1.0
doorway,6_10,streaky,VGG16,head_model,1,1.0,0.5,1.0
doorway,6_10,streaky,VGG16,head_model,2,1.0,0.5,1.0
doorway,6_10,streaky,VGG16,head_model,3,1.0,0.5,1.0
doorway,6_10,streaky,VGG16,head_model,4,1.0,0.5,1.0
doorway,6_10,streaky,VGG16,head_model,5,1.0,0.5,1.0
doorway,6_10,streaky,VGG16,head_model,6,1.0,0.5,1.0
doorway,6_10,streaky,VGG16,head_model,7,1.0,0.5,1.0
doorway,6_10,streaky,VGG16,head_model,8,1.0,0.5,1.0
doorway,6_10,streaky,VGG16,head_model,9,1.0,0.5,1.0
doorway,6_10,streaky,VGG16,head_model,10,1.0,0.5,1.0
doorway,6_10,streaky,VGG19,head_model,1,0.9965277777777778,0.5,0.9930555555555556
doorway,6_10,streaky,VGG19,head_model,2,0.9930555555555556,0.5,0.9861111111111112
doorway,6_10,streaky,VGG19,head_model,3,1.0,0.5,1.0
doorway,6_10,streaky,VGG19,head_model,4,1.0,0.5,1.0
doorway,6_10,streaky,VGG19,head_model,5,1.0,0.5,1.0
doorway,6_10,streaky,VGG19,head_model,6,0.9965277777777778,0.5,0.9930555555555556
doorway,6_10,streaky,VGG19,head_model,7,1.0,0.5,1.0
doorway,6_10,streaky,VGG19,head_model,8,1.0,0.5,1.0
doorway,6_10,streaky,VGG19,head_model,9,0.9965277777777778,0.5,0.9930555555555556
doorway,6_10,streaky,VGG19,head_model,10,1.0,0.5,1.0
doorway,6_10,streaky,ViT Base,head_model,1,1.0,0.5,1.0
doorway,6_10,streaky,ViT Base,head_model,2,1.0,0.5,1.0
doorway,6_10,streaky,ViT Base,head_model,3,1.0,0.5,1.0
doorway,6_10,streaky,ViT Base,head_model,4,1.0,0.5,1.0
doorway,6_10,streaky,ViT Base,head_model,5,1.0,0.5,1.0
doorway,6_10,streaky,ViT Base,head_model,6,0.9965277777777778,0.5,0.9930555555555556
doorway,6_10,streaky,ViT Base,head_model,7,1.0,0.5,1.0
doorway,6_10,streaky,ViT Base,head_model,8,1.0,0.5,1.0
doorway,6_10,streaky,ViT Base,head_model,9,1.0,0.5,1.0
doorway,6_10,streaky,ViT Base,head_model,10,1.0,0.5,1.0
doorway,6_10,streaky,ViT Large,head_model,1,1.0,0.5,1.0
doorway,6_10,streaky,ViT Large,head_model,2,0.9965277777777778,0.5,0.9930555555555556
doorway,6_10,streaky,ViT Large,head_model,3,0.9965277777777778,0.5,0.9930555555555556
doorway,6_10,streaky,ViT Large,head_model,4,0.9965277777777778,0.5,0.9930555555555556
doorway,6_10,streaky,ViT Large,head_model,5,0.9965277777777778,0.5,0.9930555555555556
doorway,6_10,streaky,ViT Large,head_model,6,1.0,0.5,1.0
doorway,6_10,streaky,ViT Large,head_model,7,1.0,0.5,1.0
doorway,6_10,streaky,ViT Large,head_model,8,1.0,0.5,1.0
doorway,6_10,streaky,ViT Large,head_model,9,1.0,0.5,1.0
doorway,6_10,streaky,ViT Large,head_model,10,1.0,0.5,1.0
doorway,6_10,streaky,ViT Small,head_model,1,1.0,0.5,1.0
doorway,6_10,streaky,ViT Small,head_model,2,1.0,0.5,1.0
doorway,6_10,streaky,ViT Small,head_model,3,0.9965277777777778,0.5,0.9930555555555556
doorway,6_10,streaky,ViT Small,head_model,4,1.0,0.5,1.0
doorway,6_10,streaky,ViT Small,head_model,5,1.0,0.5,1.0
doorway,6_10,streaky,ViT Small,head_model,6,1.0,0.5,1.0
doorway,6_10,streaky,ViT Small,head_model,7,1.0,0.5,1.0
doorway,6_10,streaky,ViT Small,head_model,8,1.0,0.5,1.0
doorway,6_10,streaky,ViT Small,head_model,9,1.0,0.5,1.0
doorway,6_10,streaky,ViT Small,head_model,10,1.0,0.5,1.0
doorway,6_15,pointy,ConvNeXt Base,head_model,1,0.9340277777777778,0.5,0.8680555555555556
doorway,6_15,pointy,ConvNeXt Base,head_model,2,0.9305555555555556,0.5,0.8611111111111112
doorway,6_15,pointy,ConvNeXt Base,head_model,3,0.9340277777777778,0.5,0.8680555555555556
doorway,6_15,pointy,ConvNeXt Base,head_model,4,0.9305555555555556,0.5,0.8611111111111112
doorway,6_15,pointy,ConvNeXt Base,head_model,5,0.9131944444444444,0.5,0.8263888888888888
doorway,6_15,pointy,ConvNeXt Base,head_model,6,0.9201388888888888,0.5,0.8402777777777777
doorway,6_15,pointy,ConvNeXt Base,head_model,7,0.9375,0.5,0.875
doorway,6_15,pointy,ConvNeXt Base,head_model,8,0.9166666666666666,0.5,0.8333333333333333
doorway,6_15,pointy,ConvNeXt Base,head_model,9,0.9340277777777778,0.5,0.8680555555555556
doorway,6_15,pointy,ConvNeXt Base,head_model,10,0.9236111111111112,0.5,0.8472222222222223
doorway,6_15,pointy,ConvNeXt Large,head_model,1,0.9409722222222222,0.5,0.8819444444444444
doorway,6_15,pointy,ConvNeXt Large,head_model,2,0.9409722222222222,0.5,0.8819444444444444
doorway,6_15,pointy,ConvNeXt Large,head_model,3,0.9409722222222222,0.5,0.8819444444444444
doorway,6_15,pointy,ConvNeXt Large,head_model,4,0.9548611111111112,0.5,0.9097222222222223
doorway,6_15,pointy,ConvNeXt Large,head_model,5,0.9409722222222222,0.5,0.8819444444444444
doorway,6_15,pointy,ConvNeXt Large,head_model,6,0.9409722222222222,0.5,0.8819444444444444
doorway,6_15,pointy,ConvNeXt Large,head_model,7,0.9270833333333334,0.5,0.8541666666666667
doorway,6_15,pointy,ConvNeXt Large,head_model,8,0.9583333333333334,0.5,0.9166666666666667
doorway,6_15,pointy,ConvNeXt Large,head_model,9,0.9409722222222222,0.5,0.8819444444444444
doorway,6_15,pointy,ConvNeXt Large,head_model,10,0.9548611111111112,0.5,0.9097222222222223
doorway,6_15,pointy,ConvNeXt Small,head_model,1,0.9756944444444444,0.5,0.9513888888888888
doorway,6_15,pointy,ConvNeXt Small,head_model,2,0.96875,0.5,0.9375
doorway,6_15,pointy,ConvNeXt Small,head_model,3,0.9756944444444444,0.5,0.9513888888888888
doorway,6_15,pointy,ConvNeXt Small,head_model,4,0.9791666666666666,0.5,0.9583333333333333
doorway,6_15,pointy,ConvNeXt Small,head_model,5,0.9652777777777778,0.5,0.9305555555555556
doorway,6_15,pointy,ConvNeXt Small,head_model,6,0.9826388888888888,0.5,0.9652777777777777
doorway,6_15,pointy,ConvNeXt Small,head_model,7,0.9756944444444444,0.5,0.9513888888888888
doorway,6_15,pointy,ConvNeXt Small,head_model,8,0.9756944444444444,0.5,0.9513888888888888
doorway,6_15,pointy,ConvNeXt Small,head_model,9,0.9756944444444444,0.5,0.9513888888888888
doorway,6_15,pointy,ConvNeXt Small,head_model,10,0.9826388888888888,0.5,0.9652777777777777
doorway,6_15,pointy,ConvNeXt Tiny,head_model,1,0.9583333333333334,0.5,0.9166666666666667
doorway,6_15,pointy,ConvNeXt Tiny,head_model,2,0.9618055555555556,0.5,0.9236111111111112
doorway,6_15,pointy,ConvNeXt Tiny,head_model,3,0.9548611111111112,0.5,0.9097222222222223
doorway,6_15,pointy,ConvNeXt Tiny,head_model,4,0.9618055555555556,0.5,0.9236111111111112
doorway,6_15,pointy,ConvNeXt Tiny,head_model,5,0.9479166666666666,0.5,0.8958333333333333
doorway,6_15,pointy,ConvNeXt Tiny,head_model,6,0.9618055555555556,0.5,0.9236111111111112
doorway,6_15,pointy,ConvNeXt Tiny,head_model,7,0.9583333333333334,0.5,0.9166666666666667
doorway,6_15,pointy,ConvNeXt Tiny,head_model,8,0.9513888888888888,0.5,0.9027777777777777
doorway,6_15,pointy,ConvNeXt Tiny,head_model,9,0.9618055555555556,0.5,0.9236111111111112
doorway,6_15,pointy,ConvNeXt Tiny,head_model,10,0.9444444444444444,0.5,0.8888888888888888
doorway,6_15,pointy,DINOv3 ViT Base,head_model,1,1.0,0.5,1.0
doorway,6_15,pointy,DINOv3 ViT Base,head_model,2,1.0,0.5,1.0
doorway,6_15,pointy,DINOv3 ViT Base,head_model,3,1.0,0.5,1.0
doorway,6_15,pointy,DINOv3 ViT Base,head_model,4,1.0,0.5,1.0
doorway,6_15,pointy,DINOv3 ViT Base,head_model,5,1.0,0.5,1.0
doorway,6_15,pointy,DINOv3 ViT Base,head_model,6,1.0,0.5,1.0
doorway,6_15,pointy,DINOv3 ViT Base,head_model,7,1.0,0.5,1.0
doorway,6_15,pointy,DINOv3 ViT Base,head_model,8,0.9965277777777778,0.5,0.9930555555555556
doorway,6_15,pointy,DINOv3 ViT Base,head_model,9,0.9965277777777778,0.5,0.9930555555555556
doorway,6_15,pointy,DINOv3 ViT Base,head_model,10,1.0,0.5,1.0
doorway,6_15,pointy,ResNet18,head_model,1,0.9131944444444444,0.5,0.8263888888888888
doorway,6_15,pointy,ResNet18,head_model,2,0.9131944444444444,0.5,0.8263888888888888
doorway,6_15,pointy,ResNet18,head_model,3,0.9131944444444444,0.5,0.8263888888888888
doorway,6_15,pointy,ResNet18,head_model,4,0.9131944444444444,0.5,0.8263888888888888
doorway,6_15,pointy,ResNet18,head_model,5,0.9131944444444444,0.5,0.8263888888888888
doorway,6_15,pointy,ResNet18,head_model,6,0.9166666666666666,0.5,0.8333333333333333
doorway,6_15,pointy,ResNet18,head_model,7,0.9131944444444444,0.5,0.8263888888888888
doorway,6_15,pointy,ResNet18,head_model,8,0.9131944444444444,0.5,0.8263888888888888
doorway,6_15,pointy,ResNet18,head_model,9,0.9097222222222222,0.5,0.8194444444444444
doorway,6_15,pointy,ResNet18,head_model,10,0.9131944444444444,0.5,0.8263888888888888
doorway,6_15,pointy,ResNet50,head_model,1,0.9375,0.5,0.875
doorway,6_15,pointy,ResNet50,head_model,2,0.9548611111111112,0.5,0.9097222222222223
doorway,6_15,pointy,ResNet50,head_model,3,0.9513888888888888,0.5,0.9027777777777777
doorway,6_15,pointy,ResNet50,head_model,4,0.9618055555555556,0.5,0.9236111111111112
doorway,6_15,pointy,ResNet50,head_model,5,0.9548611111111112,0.5,0.9097222222222223
doorway,6_15,pointy,ResNet50,head_model,6,0.9548611111111112,0.5,0.9097222222222223
doorway,6_15,pointy,ResNet50,head_model,7,0.9618055555555556,0.5,0.9236111111111112
doorway,6_15,pointy,ResNet50,head_model,8,0.9548611111111112,0.5,0.9097222222222223
doorway,6_15,pointy,ResNet50,head_model,9,0.9479166666666666,0.5,0.8958333333333333
doorway,6_15,pointy,ResNet50,head_model,10,0.9548611111111112,0.5,0.9097222222222223
doorway,6_15,pointy,VGG11,head_model,1,0.9791666666666666,0.5,0.9583333333333333
doorway,6_15,pointy,VGG11,head_model,2,0.9791666666666666,0.5,0.9583333333333333
doorway,6_15,pointy,VGG11,head_model,3,0.9791666666666666,0.5,0.9583333333333333
doorway,6_15,pointy,VGG11,head_model,4,0.9791666666666666,0.5,0.9583333333333333
doorway,6_15,pointy,VGG11,head_model,5,0.9791666666666666,0.5,0.9583333333333333
doorway,6_15,pointy,VGG11,head_model,6,0.9861111111111112,0.5,0.9722222222222223
doorway,6_15,pointy,VGG11,head_model,7,0.9791666666666666,0.5,0.9583333333333333
doorway,6_15,pointy,VGG11,head_model,8,0.9826388888888888,0.5,0.9652777777777777
doorway,6_15,pointy,VGG11,head_model,9,0.9791666666666666,0.5,0.9583333333333333
doorway,6_15,pointy,VGG11,head_model,10,0.9826388888888888,0.5,0.9652777777777777
doorway,6_15,pointy,VGG13,head_model,1,0.9861111111111112,0.5,0.9722222222222223
doorway,6_15,pointy,VGG13,head_model,2,0.9826388888888888,0.5,0.9652777777777777
doorway,6_15,pointy,VGG13,head_model,3,0.9791666666666666,0.5,0.9583333333333333
doorway,6_15,pointy,VGG13,head_model,4,0.9826388888888888,0.5,0.9652777777777777
doorway,6_15,pointy,VGG13,head_model,5,0.9652777777777778,0.5,0.9305555555555556
doorway,6_15,pointy,VGG13,head_model,6,0.9826388888888888,0.5,0.9652777777777777
doorway,6_15,pointy,VGG13,head_model,7,0.9861111111111112,0.5,0.9722222222222223
doorway,6_15,pointy,VGG13,head_model,8,0.9826388888888888,0.5,0.9652777777777777
doorway,6_15,pointy,VGG13,head_model,9,0.9861111111111112,0.5,0.9722222222222223
doorway,6_15,pointy,VGG13,head_model,10,0.9826388888888888,0.5,0.9652777777777777
doorway,6_15,pointy,VGG16,head_model,1,0.9791666666666666,0.5,0.9583333333333333
doorway,6_15,pointy,VGG16,head_model,2,0.9791666666666666,0.5,0.9583333333333333
doorway,6_15,pointy,VGG16,head_model,3,0.9826388888888888,0.5,0.9652777777777777
doorway,6_15,pointy,VGG16,head_model,4,0.9791666666666666,0.5,0.9583333333333333
doorway,6_15,pointy,VGG16,head_model,5,0.9791666666666666,0.5,0.9583333333333333
doorway,6_15,pointy,VGG16,head_model,6,0.9791666666666666,0.5,0.9583333333333333
doorway,6_15,pointy,VGG16,head_model,7,0.9826388888888888,0.5,0.9652777777777777
doorway,6_15,pointy,VGG16,head_model,8,0.9791666666666666,0.5,0.9583333333333333
doorway,6_15,pointy,VGG16,head_model,9,0.9826388888888888,0.5,0.9652777777777777
doorway,6_15,pointy,VGG16,head_model,10,0.9826388888888888,0.5,0.9652777777777777
doorway,6_15,pointy,VGG19,head_model,1,1.0,0.5,1.0
doorway,6_15,pointy,VGG19,head_model,2,1.0,0.5,1.0
doorway,6_15,pointy,VGG19,head_model,3,0.9965277777777778,0.5,0.9930555555555556
doorway,6_15,pointy,VGG19,head_model,4,1.0,0.5,1.0
doorway,6_15,pointy,VGG19,head_model,5,1.0,0.5,1.0
doorway,6_15,pointy,VGG19,head_model,6,1.0,0.5,1.0
doorway,6_15,pointy,VGG19,head_model,7,1.0,0.5,1.0
doorway,6_15,pointy,VGG19,head_model,8,1.0,0.5,1.0
doorway,6_15,pointy,VGG19,head_model,9,0.9965277777777778,0.5,0.9930555555555556
doorway,6_15,pointy,VGG19,head_model,10,1.0,0.5,1.0
doorway,6_15,pointy,ViT Base,head_model,1,1.0,0.5,1.0
doorway,6_15,pointy,ViT Base,head_model,2,1.0,0.5,1.0
doorway,6_15,pointy,ViT Base,head_model,3,1.0,0.5,1.0
doorway,6_15,pointy,ViT Base,head_model,4,1.0,0.5,1.0
doorway,6_15,pointy,ViT Base,head_model,5,1.0,0.5,1.0
doorway,6_15,pointy,ViT Base,head_model,6,1.0,0.5,1.0
doorway,6_15,pointy,ViT Base,head_model,7,1.0,0.5,1.0
doorway,6_15,pointy,ViT Base,head_model,8,1.0,0.5,1.0
doorway,6_15,pointy,ViT Base,head_model,9,1.0,0.5,1.0
doorway,6_15,pointy,ViT Base,head_model,10,1.0,0.5,1.0
doorway,6_15,pointy,ViT Large,head_model,1,1.0,0.5,1.0
doorway,6_15,pointy,ViT Large,head_model,2,1.0,0.5,1.0
doorway,6_15,pointy,ViT Large,head_model,3,1.0,0.5,1.0
doorway,6_15,pointy,ViT Large,head_model,4,1.0,0.5,1.0
doorway,6_15,pointy,ViT Large,head_model,5,1.0,0.5,1.0
doorway,6_15,pointy,ViT Large,head_model,6,1.0,0.5,1.0
doorway,6_15,pointy,ViT Large,head_model,7,1.0,0.5,1.0
doorway,6_15,pointy,ViT Large,head_model,8,1.0,0.5,1.0
doorway,6_15,pointy,ViT Large,head_model,9,1.0,0.5,1.0
doorway,6_15,pointy,ViT Large,head_model,10,1.0,0.5,1.0
doorway,6_15,pointy,ViT Small,head_model,1,1.0,0.5,1.0
doorway,6_15,pointy,ViT Small,head_model,2,1.0,0.5,1.0
doorway,6_15,pointy,ViT Small,head_model,3,1.0,0.5,1.0
doorway,6_15,pointy,ViT Small,head_model,4,1.0,0.5,1.0
doorway,6_15,pointy,ViT Small,head_model,5,1.0,0.5,1.0
doorway,6_15,pointy,ViT Small,head_model,6,1.0,0.5,1.0
doorway,6_15,pointy,ViT Small,head_model,7,1.0,0.5,1.0
doorway,6_15,pointy,ViT Small,head_model,8,1.0,0.5,1.0
doorway,6_15,pointy,ViT Small,head_model,9,1.0,0.5,1.0
doorway,6_15,pointy,ViT Small,head_model,10,1.0,0.5,1.0
doorway,6_15,streaky,ConvNeXt Base,head_model,1,0.9965277777777778,0.5,0.9930555555555556
doorway,6_15,streaky,ConvNeXt Base,head_model,2,0.9965277777777778,0.5,0.9930555555555556
doorway,6_15,streaky,ConvNeXt Base,head_model,3,0.9965277777777778,0.5,0.9930555555555556
doorway,6_15,streaky,ConvNeXt Base,head_model,4,0.9965277777777778,0.5,0.9930555555555556
doorway,6_15,streaky,ConvNeXt Base,head_model,5,0.9965277777777778,0.5,0.9930555555555556
doorway,6_15,streaky,ConvNeXt Base,head_model,6,0.9965277777777778,0.5,0.9930555555555556
doorway,6_15,streaky,ConvNeXt Base,head_model,7,0.9965277777777778,0.5,0.9930555555555556
doorway,6_15,streaky,ConvNeXt Base,head_model,8,0.9965277777777778,0.5,0.9930555555555556
doorway,6_15,streaky,ConvNeXt Base,head_model,9,0.9965277777777778,0.5,0.9930555555555556
doorway,6_15,streaky,ConvNeXt Base,head_model,10,0.9965277777777778,0.5,0.9930555555555556
doorway,6_15,streaky,ConvNeXt Large,head_model,1,1.0,0.5,1.0
doorway,6_15,streaky,ConvNeXt Large,head_model,2,1.0,0.5,1.0
doorway,6_15,streaky,ConvNeXt Large,head_model,3,1.0,0.5,1.0
doorway,6_15,streaky,ConvNeXt Large,head_model,4,1.0,0.5,1.0
doorway,6_15,streaky,ConvNeXt Large,head_model,5,1.0,0.5,1.0
doorway,6_15,streaky,ConvNeXt Large,head_model,6,1.0,0.5,1.0
doorway,6_15,streaky,ConvNeXt Large,head_model,7,1.0,0.5,1.0
doorway,6_15,streaky,ConvNeXt Large,head_model,8,1.0,0.5,1.0
doorway,6_15,streaky,ConvNeXt Large,head_model,9,1.0,0.5,1.0
doorway,6_15,streaky,ConvNeXt Large,head_model,10,1.0,0.5,1.0
doorway,6_15,streaky,ConvNeXt Small,head_model,1,0.9930555555555556,0.5,0.9861111111111112
doorway,6_15,streaky,ConvNeXt Small,head_model,2,0.9965277777777778,0.5,0.9930555555555556
doorway,6_15,streaky,ConvNeXt Small,head_model,3,0.9965277777777778,0.5,0.9930555555555556
doorway,6_15,streaky,ConvNeXt Small,head_model,4,0.9965277777777778,0.5,0.9930555555555556
doorway,6_15,streaky,ConvNeXt Small,head_model,5,0.9965277777777778,0.5,0.9930555555555556
doorway,6_15,streaky,ConvNeXt Small,head_model,6,0.9965277777777778,0.5,0.9930555555555556
doorway,6_15,streaky,ConvNeXt Small,head_model,7,0.9965277777777778,0.5,0.9930555555555556
doorway,6_15,streaky,ConvNeXt Small,head_model,8,0.9930555555555556,0.5,0.9861111111111112
doorway,6_15,streaky,ConvNeXt Small,head_model,9,0.9930555555555556,0.5,0.9861111111111112
doorway,6_15,streaky,ConvNeXt Small,head_model,10,0.9965277777777778,0.5,0.9930555555555556
doorway,6_15,streaky,ConvNeXt Tiny,head_model,1,0.9965277777777778,0.5,0.9930555555555556
doorway,6_15,streaky,ConvNeXt Tiny,head_model,2,0.9965277777777778,0.5,0.9930555555555556
doorway,6_15,streaky,ConvNeXt Tiny,head_model,3,1.0,0.5,1.0
doorway,6_15,streaky,ConvNeXt Tiny,head_model,4,1.0,0.5,1.0
doorway,6_15,streaky,ConvNeXt Tiny,head_model,5,1.0,0.5,1.0
doorway,6_15,streaky,ConvNeXt Tiny,head_model,6,1.0,0.5,1.0
doorway,6_15,streaky,ConvNeXt Tiny,head_model,7,1.0,0.5,1.0
doorway,6_15,streaky,ConvNeXt Tiny,head_model,8,1.0,0.5,1.0
doorway,6_15,streaky,ConvNeXt Tiny,head_model,9,1.0,0.5,1.0
doorway,6_15,streaky,ConvNeXt Tiny,head_model,10,1.0,0.5,1.0
doorway,6_15,streaky,DINOv3 ViT Base,head_model,1,0.9965277777777778,0.5,0.9930555555555556
doorway,6_15,streaky,DINOv3 ViT Base,head_model,2,0.9930555555555556,0.5,0.9861111111111112
doorway,6_15,streaky,DINOv3 ViT Base,head_model,3,0.9965277777777778,0.5,0.9930555555555556
doorway,6_15,streaky,DINOv3 ViT Base,head_model,4,0.9965277777777778,0.5,0.9930555555555556
doorway,6_15,streaky,DINOv3 ViT Base,head_model,5,0.9965277777777778,0.5,0.9930555555555556
doorway,6_15,streaky,DINOv3 ViT Base,head_model,6,1.0,0.5,1.0
doorway,6_15,streaky,DINOv3 ViT Base,head_model,7,0.9965277777777778,0.5,0.9930555555555556
doorway,6_15,streaky,DINOv3 ViT Base,head_model,8,1.0,0.5,1.0
doorway,6_15,streaky,DINOv3 ViT Base,head_model,9,1.0,0.5,1.0
doorway,6_15,streaky,DINOv3 ViT Base,head_model,10,1.0,0.5,1.0
doorway,6_15,streaky,ResNet18,head_model,1,0.9791666666666666,0.5,0.9583333333333333
doorway,6_15,streaky,ResNet18,head_model,2,0.9791666666666666,0.5,0.9583333333333333
doorway,6_15,streaky,ResNet18,head_model,3,0.9826388888888888,0.5,0.9652777777777777
doorway,6_15,streaky,ResNet18,head_model,4,0.9826388888888888,0.5,0.9652777777777777
doorway,6_15,streaky,ResNet18,head_model,5,0.9791666666666666,0.5,0.9583333333333333
doorway,6_15,streaky,ResNet18,head_model,6,0.9791666666666666,0.5,0.9583333333333333
doorway,6_15,streaky,ResNet18,head_model,7,0.9826388888888888,0.5,0.9652777777777777
doorway,6_15,streaky,ResNet18,head_model,8,0.9791666666666666,0.5,0.9583333333333333
doorway,6_15,streaky,ResNet18,head_model,9,0.9791666666666666,0.5,0.9583333333333333
doorway,6_15,streaky,ResNet18,head_model,10,0.9826388888888888,0.5,0.9652777777777777
doorway,6_15,streaky,ResNet50,head_model,1,0.9930555555555556,0.5,0.9861111111111112
doorway,6_15,streaky,ResNet50,head_model,2,0.9930555555555556,0.5,0.9861111111111112
doorway,6_15,streaky,ResNet50,head_model,3,0.9930555555555556,0.5,0.9861111111111112
doorway,6_15,streaky,ResNet50,head_model,4,0.9895833333333334,0.5,0.9791666666666667
doorway,6_15,streaky,ResNet50,head_model,5,0.9930555555555556,0.5,0.9861111111111112
doorway,6_15,streaky,ResNet50,head_model,6,0.9930555555555556,0.5,0.9861111111111112
doorway,6_15,streaky,ResNet50,head_model,7,0.9930555555555556,0.5,0.9861111111111112
doorway,6_15,streaky,ResNet50,head_model,8,0.9930555555555556,0.5,0.9861111111111112
doorway,6_15,streaky,ResNet50,head_model,9,0.9930555555555556,0.5,0.9861111111111112
doorway,6_15,streaky,ResNet50,head_model,10,0.9930555555555556,0.5,0.9861111111111112
doorway,6_15,streaky,VGG11,head_model,1,0.9965277777777778,0.5,0.9930555555555556
doorway,6_15,streaky,VGG11,head_model,2,0.9965277777777778,0.5,0.9930555555555556
doorway,6_15,streaky,VGG11,head_model,3,0.9965277777777778,0.5,0.9930555555555556
doorway,6_15,streaky,VGG11,head_model,4,0.9965277777777778,0.5,0.9930555555555556
doorway,6_15,streaky,VGG11,head_model,5,0.9930555555555556,0.5,0.9861111111111112
doorway,6_15,streaky,VGG11,head_model,6,0.9965277777777778,0.5,0.9930555555555556
doorway,6_15,streaky,VGG11,head_model,7,0.9930555555555556,0.5,0.9861111111111112
doorway,6_15,streaky,VGG11,head_model,8,0.9965277777777778,0.5,0.9930555555555556
doorway,6_15,streaky,VGG11,head_model,9,0.9965277777777778,0.5,0.9930555555555556
doorway,6_15,streaky,VGG11,head_model,10,0.9930555555555556,0.5,0.9861111111111112
doorway,6_15,streaky,VGG13,head_model,1,1.0,0.5,1.0
doorway,6_15,streaky,VGG13,head_model,2,1.0,0.5,1.0
doorway,6_15,streaky,VGG13,head_model,3,1.0,0.5,1.0
doorway,6_15,streaky,VGG13,head_model,4,1.0,0.5,1.0
doorway,6_15,streaky,VGG13,head_model,5,1.0,0.5,1.0
doorway,6_15,streaky,VGG13,head_model,6,1.0,0.5,1.0
doorway,6_15,streaky,VGG13,head_model,7,1.0,0.5,1.0
doorway,6_15,streaky,VGG13,head_model,8,0.9965277777777778,0.5,0.9930555555555556
doorway,6_15,streaky,VGG13,head_model,9,1.0,0.5,1.0
doorway,6_15,streaky,VGG13,head_model,10,1.0,0.5,1.0
doorway,6_15,streaky,VGG16,head_model,1,1.0,0.5,1.0
doorway,6_15,streaky,VGG16,head_model,2,1.0,0.5,1.0
doorway,6_15,streaky,VGG16,head_model,3,0.9930555555555556,0.5,0.9861111111111112
doorway,6_15,streaky,VGG16,head_model,4,1.0,0.5,1.0
doorway,6_15,streaky,VGG16,head_model,5,0.9930555555555556,0.5,0.9861111111111112
doorway,6_15,streaky,VGG16,head_model,6,1.0,0.5,1.0
doorway,6_15,streaky,VGG16,head_model,7,0.9930555555555556,0.5,0.9861111111111112
doorway,6_15,streaky,VGG16,head_model,8,1.0,0.5,1.0
doorway,6_15,streaky,VGG16,head_model,9,1.0,0.5,1.0
doorway,6_15,streaky,VGG16,head_model,10,0.9930555555555556,0.5,0.9861111111111112
doorway,6_15,streaky,VGG19,head_model,1,1.0,0.5,1.0
doorway,6_15,streaky,VGG19,head_model,2,1.0,0.5,1.0
doorway,6_15,streaky,VGG19,head_model,3,1.0,0.5,1.0
doorway,6_15,streaky,VGG19,head_model,4,1.0,0.5,1.0
doorway,6_15,streaky,VGG19,head_model,5,1.0,0.5,1.0
doorway,6_15,streaky,VGG19,head_model,6,1.0,0.5,1.0
doorway,6_15,streaky,VGG19,head_model,7,1.0,0.5,1.0
doorway,6_15,streaky,VGG19,head_model,8,1.0,0.5,1.0
doorway,6_15,streaky,VGG19,head_model,9,1.0,0.5,1.0
doorway,6_15,streaky,VGG19,head_model,10,1.0,0.5,1.0
doorway,6_15,streaky,ViT Base,head_model,1,0.9965277777777778,0.5,0.9930555555555556
doorway,6_15,streaky,ViT Base,head_model,2,1.0,0.5,1.0
doorway,6_15,streaky,ViT Base,head_model,3,1.0,0.5,1.0
doorway,6_15,streaky,ViT Base,head_model,4,1.0,0.5,1.0
doorway,6_15,streaky,ViT Base,head_model,5,1.0,0.5,1.0
doorway,6_15,streaky,ViT Base,head_model,6,1.0,0.5,1.0
doorway,6_15,streaky,ViT Base,head_model,7,0.9965277777777778,0.5,0.9930555555555556
doorway,6_15,streaky,ViT Base,head_model,8,1.0,0.5,1.0
doorway,6_15,streaky,ViT Base,head_model,9,1.0,0.5,1.0
doorway,6_15,streaky,ViT Base,head_model,10,0.9965277777777778,0.5,0.9930555555555556
doorway,6_15,streaky,ViT Large,head_model,1,1.0,0.5,1.0
doorway,6_15,streaky,ViT Large,head_model,2,1.0,0.5,1.0
doorway,6_15,streaky,ViT Large,head_model,3,1.0,0.5,1.0
doorway,6_15,streaky,ViT Large,head_model,4,1.0,0.5,1.0
doorway,6_15,streaky,ViT Large,head_model,5,1.0,0.5,1.0
doorway,6_15,streaky,ViT Large,head_model,6,1.0,0.5,1.0
doorway,6_15,streaky,ViT Large,head_model,7,1.0,0.5,1.0
doorway,6_15,streaky,ViT Large,head_model,8,1.0,0.5,1.0
doorway,6_15,streaky,ViT Large,head_model,9,1.0,0.5,1.0
doorway,6_15,streaky,ViT Large,head_model,10,1.0,0.5,1.0
doorway,6_15,streaky,ViT Small,head_model,1,1.0,0.5,1.0
doorway,6_15,streaky,ViT Small,head_model,2,1.0,0.5,1.0
doorway,6_15,streaky,ViT Small,head_model,3,1.0,0.5,1.0
doorway,6_15,streaky,ViT Small,head_model,4,1.0,0.5,1.0
doorway,6_15,streaky,ViT Small,head_model,5,1.0,0.5,1.0
doorway,6_15,streaky,ViT Small,head_model,6,1.0,0.5,1.0
doorway,6_15,streaky,ViT Small,head_model,7,1.0,0.5,1.0
doorway,6_15,streaky,ViT Small,head_model,8,1.0,0.5,1.0
doorway,6_15,streaky,ViT Small,head_model,9,1.0,0.5,1.0
doorway,6_15,streaky,ViT Small,head_model,10,1.0,0.5,1.0
doorway,6_20,pointy,ConvNeXt Base,head_model,1,0.9513888888888888,0.5,0.9027777777777777
doorway,6_20,pointy,ConvNeXt Base,head_model,2,0.9583333333333334,0.5,0.9166666666666667
doorway,6_20,pointy,ConvNeXt Base,head_model,3,0.9513888888888888,0.5,0.9027777777777777
doorway,6_20,pointy,ConvNeXt Base,head_model,4,0.9444444444444444,0.5,0.8888888888888888
doorway,6_20,pointy,ConvNeXt Base,head_model,5,0.9444444444444444,0.5,0.8888888888888888
doorway,6_20,pointy,ConvNeXt Base,head_model,6,0.9409722222222222,0.5,0.8819444444444444
doorway,6_20,pointy,ConvNeXt Base,head_model,7,0.9548611111111112,0.5,0.9097222222222223
doorway,6_20,pointy,ConvNeXt Base,head_model,8,0.9444444444444444,0.5,0.8888888888888888
doorway,6_20,pointy,ConvNeXt Base,head_model,9,0.9513888888888888,0.5,0.9027777777777777
doorway,6_20,pointy,ConvNeXt Base,head_model,10,0.9513888888888888,0.5,0.9027777777777777
doorway,6_20,pointy,ConvNeXt Large,head_model,1,0.9583333333333334,0.5,0.9166666666666667
doorway,6_20,pointy,ConvNeXt Large,head_model,2,0.9652777777777778,0.5,0.9305555555555556
doorway,6_20,pointy,ConvNeXt Large,head_model,3,0.9444444444444444,0.5,0.8888888888888888
doorway,6_20,pointy,ConvNeXt Large,head_model,4,0.9375,0.5,0.875
doorway,6_20,pointy,ConvNeXt Large,head_model,5,0.9409722222222222,0.5,0.8819444444444444
doorway,6_20,pointy,ConvNeXt Large,head_model,6,0.9513888888888888,0.5,0.9027777777777777
doorway,6_20,pointy,ConvNeXt Large,head_model,7,0.9583333333333334,0.5,0.9166666666666667
doorway,6_20,pointy,ConvNeXt Large,head_model,8,0.9618055555555556,0.5,0.9236111111111112
doorway,6_20,pointy,ConvNeXt Large,head_model,9,0.9652777777777778,0.5,0.9305555555555556
doorway,6_20,pointy,ConvNeXt Large,head_model,10,0.9583333333333334,0.5,0.9166666666666667
doorway,6_20,pointy,ConvNeXt Small,head_model,1,0.9861111111111112,0.5,0.9722222222222223
doorway,6_20,pointy,ConvNeXt Small,head_model,2,0.9826388888888888,0.5,0.9652777777777777
doorway,6_20,pointy,ConvNeXt Small,head_model,3,0.9895833333333334,0.5,0.9791666666666667
doorway,6_20,pointy,ConvNeXt Small,head_model,4,0.9930555555555556,0.5,0.9861111111111112
doorway,6_20,pointy,ConvNeXt Small,head_model,5,0.9895833333333334,0.5,0.9791666666666667
doorway,6_20,pointy,ConvNeXt Small,head_model,6,0.9895833333333334,0.5,0.9791666666666667
doorway,6_20,pointy,ConvNeXt Small,head_model,7,0.9722222222222222,0.5,0.9444444444444444
doorway,6_20,pointy,ConvNeXt Small,head_model,8,0.9791666666666666,0.5,0.9583333333333333
doorway,6_20,pointy,ConvNeXt Small,head_model,9,0.9791666666666666,0.5,0.9583333333333333
doorway,6_20,pointy,ConvNeXt Small,head_model,10,0.9895833333333334,0.5,0.9791666666666667
doorway,6_20,pointy,ConvNeXt Tiny,head_model,1,0.9166666666666666,0.5,0.8333333333333333
doorway,6_20,pointy,ConvNeXt Tiny,head_model,2,0.9166666666666666,0.5,0.8333333333333333
doorway,6_20,pointy,ConvNeXt Tiny,head_model,3,0.9305555555555556,0.5,0.8611111111111112
doorway,6_20,pointy,ConvNeXt Tiny,head_model,4,0.9305555555555556,0.5,0.8611111111111112
doorway,6_20,pointy,ConvNeXt Tiny,head_model,5,0.9305555555555556,0.5,0.8611111111111112
doorway,6_20,pointy,ConvNeXt Tiny,head_model,6,0.9166666666666666,0.5,0.8333333333333333
doorway,6_20,pointy,ConvNeXt Tiny,head_model,7,0.9131944444444444,0.5,0.8263888888888888
doorway,6_20,pointy,ConvNeXt Tiny,head_model,8,0.8576388888888888,0.5,0.7152777777777777
doorway,6_20,pointy,ConvNeXt Tiny,head_model,9,0.8958333333333334,0.5,0.7916666666666667
doorway,6_20,pointy,ConvNeXt Tiny,head_model,10,0.9166666666666666,0.5,0.8333333333333333
doorway,6_20,pointy,DINOv3 ViT Base,head_model,1,1.0,0.5,1.0
doorway,6_20,pointy,DINOv3 ViT Base,head_model,2,1.0,0.5,1.0
doorway,6_20,pointy,DINOv3 ViT Base,head_model,3,1.0,0.5,1.0
doorway,6_20,pointy,DINOv3 ViT Base,head_model,4,1.0,0.5,1.0
doorway,6_20,pointy,DINOv3 ViT Base,head_model,5,1.0,0.5,1.0
doorway,6_20,pointy,DINOv3 ViT Base,head_model,6,1.0,0.5,1.0
doorway,6_20,pointy,DINOv3 ViT Base,head_model,7,1.0,0.5,1.0
doorway,6_20,pointy,DINOv3 ViT Base,head_model,8,1.0,0.5,1.0
doorway,6_20,pointy,DINOv3 ViT Base,head_model,9,1.0,0.5,1.0
doorway,6_20,pointy,DINOv3 ViT Base,head_model,10,1.0,0.5,1.0
doorway,6_20,pointy,ResNet18,head_model,1,0.9583333333333334,0.5,0.9166666666666667
doorway,6_20,pointy,ResNet18,head_model,2,0.9548611111111112,0.5,0.9097222222222223
doorway,6_20,pointy,ResNet18,head_model,3,0.9479166666666666,0.5,0.8958333333333333
doorway,6_20,pointy,ResNet18,head_model,4,0.9513888888888888,0.5,0.9027777777777777
doorway,6_20,pointy,ResNet18,head_model,5,0.9548611111111112,0.5,0.9097222222222223
doorway,6_20,pointy,ResNet18,head_model,6,0.9548611111111112,0.5,0.9097222222222223
doorway,6_20,pointy,ResNet18,head_model,7,0.9548611111111112,0.5,0.9097222222222223
doorway,6_20,pointy,ResNet18,head_model,8,0.9513888888888888,0.5,0.9027777777777777
doorway,6_20,pointy,ResNet18,head_model,9,0.9479166666666666,0.5,0.8958333333333333
doorway,6_20,pointy,ResNet18,head_model,10,0.9548611111111112,0.5,0.9097222222222223
doorway,6_20,pointy,ResNet50,head_model,1,0.9722222222222222,0.5,0.9444444444444444
doorway,6_20,pointy,ResNet50,head_model,2,0.9791666666666666,0.5,0.9583333333333333
doorway,6_20,pointy,ResNet50,head_model,3,0.9756944444444444,0.5,0.9513888888888888
doorway,6_20,pointy,ResNet50,head_model,4,0.9756944444444444,0.5,0.9513888888888888
doorway,6_20,pointy,ResNet50,head_model,5,0.9791666666666666,0.5,0.9583333333333333
doorway,6_20,pointy,ResNet50,head_model,6,0.9722222222222222,0.5,0.9444444444444444
doorway,6_20,pointy,ResNet50,head_model,7,0.9791666666666666,0.5,0.9583333333333333
doorway,6_20,pointy,ResNet50,head_model,8,0.9722222222222222,0.5,0.9444444444444444
doorway,6_20,pointy,ResNet50,head_model,9,0.9756944444444444,0.5,0.9513888888888888
doorway,6_20,pointy,ResNet50,head_model,10,0.9791666666666666,0.5,0.9583333333333333
doorway,6_20,pointy,VGG11,head_model,1,0.9791666666666666,0.5,0.9583333333333333
doorway,6_20,pointy,VGG11,head_model,2,0.9791666666666666,0.5,0.9583333333333333
doorway,6_20,pointy,VGG11,head_model,3,0.9756944444444444,0.5,0.9513888888888888
doorway,6_20,pointy,VGG11,head_model,4,0.9618055555555556,0.5,0.9236111111111112
doorway,6_20,pointy,VGG11,head_model,5,0.9826388888888888,0.5,0.9652777777777777
doorway,6_20,pointy,VGG11,head_model,6,0.9791666666666666,0.5,0.9583333333333333
doorway,6_20,pointy,VGG11,head_model,7,0.9826388888888888,0.5,0.9652777777777777
doorway,6_20,pointy,VGG11,head_model,8,0.9513888888888888,0.5,0.9027777777777777
doorway,6_20,pointy,VGG11,head_model,9,0.9791666666666666,0.5,0.9583333333333333
doorway,6_20,pointy,VGG11,head_model,10,0.9826388888888888,0.5,0.9652777777777777
doorway,6_20,pointy,VGG13,head_model,1,0.9895833333333334,0.5,0.9791666666666667
doorway,6_20,pointy,VGG13,head_model,2,0.9895833333333334,0.5,0.9791666666666667
doorway,6_20,pointy,VGG13,head_model,3,0.9791666666666666,0.5,0.9583333333333333
doorway,6_20,pointy,VGG13,head_model,4,0.9791666666666666,0.5,0.9583333333333333
doorway,6_20,pointy,VGG13,head_model,5,0.9895833333333334,0.5,0.9791666666666667
doorway,6_20,pointy,VGG13,head_model,6,0.9895833333333334,0.5,0.9791666666666667
doorway,6_20,pointy,VGG13,head_model,7,0.9895833333333334,0.5,0.9791666666666667
doorway,6_20,pointy,VGG13,head_model,8,0.9861111111111112,0.5,0.9722222222222223
doorway,6_20,pointy,VGG13,head_model,9,0.9861111111111112,0.5,0.9722222222222223
doorway,6_20,pointy,VGG13,head_model,10,0.9895833333333334,0.5,0.9791666666666667
doorway,6_20,pointy,VGG16,head_model,1,0.9930555555555556,0.5,0.9861111111111112
doorway,6_20,pointy,VGG16,head_model,2,0.9895833333333334,0.5,0.9791666666666667
doorway,6_20,pointy,VGG16,head_model,3,0.9861111111111112,0.5,0.9722222222222223
doorway,6_20,pointy,VGG16,head_model,4,0.9861111111111112,0.5,0.9722222222222223
doorway,6_20,pointy,VGG16,head_model,5,0.9895833333333334,0.5,0.9791666666666667
doorway,6_20,pointy,VGG16,head_model,6,0.9895833333333334,0.5,0.9791666666666667
doorway,6_20,pointy,VGG16,head_model,7,0.9895833333333334,0.5,0.9791666666666667
doorway,6_20,pointy,VGG16,head_model,8,0.9965277777777778,0.5,0.9930555555555556
doorway,6_20,pointy,VGG16,head_model,9,0.9895833333333334,0.5,0.9791666666666667
doorway,6_20,pointy,VGG16,head_model,10,0.9895833333333334,0.5,0.9791666666666667
doorway,6_20,pointy,VGG19,head_model,1,1.0,0.5,1.0
doorway,6_20,pointy,VGG19,head_model,2,1.0,0.5,1.0
doorway,6_20,pointy,VGG19,head_model,3,0.9965277777777778,0.5,0.9930555555555556
doorway,6_20,pointy,VGG19,head_model,4,0.9930555555555556,0.5,0.9861111111111112
doorway,6_20,pointy,VGG19,head_model,5,1.0,0.5,1.0
doorway,6_20,pointy,VGG19,head_model,6,1.0,0.5,1.0
doorway,6_20,pointy,VGG19,head_model,7,1.0,0.5,1.0
doorway,6_20,pointy,VGG19,head_model,8,1.0,0.5,1.0
doorway,6_20,pointy,VGG19,head_model,9,1.0,0.5,1.0
doorway,6_20,pointy,VGG19,head_model,10,1.0,0.5,1.0
doorway,6_20,pointy,ViT Base,head_model,1,1.0,0.5,1.0
doorway,6_20,pointy,ViT Base,head_model,2,1.0,0.5,1.0
doorway,6_20,pointy,ViT Base,head_model,3,1.0,0.5,1.0
doorway,6_20,pointy,ViT Base,head_model,4,1.0,0.5,1.0
doorway,6_20,pointy,ViT Base,head_model,5,0.9965277777777778,0.5,0.9930555555555556
doorway,6_20,pointy,ViT Base,head_model,6,1.0,0.5,1.0
doorway,6_20,pointy,ViT Base,head_model,7,1.0,0.5,1.0
doorway,6_20,pointy,ViT Base,head_model,8,1.0,0.5,1.0
doorway,6_20,pointy,ViT Base,head_model,9,1.0,0.5,1.0
doorway,6_20,pointy,ViT Base,head_model,10,1.0,0.5,1.0
doorway,6_20,pointy,ViT Large,head_model,1,1.0,0.5,1.0
doorway,6_20,pointy,ViT Large,head_model,2,1.0,0.5,1.0
doorway,6_20,pointy,ViT Large,head_model,3,0.9965277777777778,0.5,0.9930555555555556
doorway,6_20,pointy,ViT Large,head_model,4,1.0,0.5,1.0
doorway,6_20,pointy,ViT Large,head_model,5,1.0,0.5,1.0
doorway,6_20,pointy,ViT Large,head_model,6,0.9965277777777778,0.5,0.9930555555555556
doorway,6_20,pointy,ViT Large,head_model,7,1.0,0.5,1.0
doorway,6_20,pointy,ViT Large,head_model,8,1.0,0.5,1.0
doorway,6_20,pointy,ViT Large,head_model,9,1.0,0.5,1.0
doorway,6_20,pointy,ViT Large,head_model,10,1.0,0.5,1.0
doorway,6_20,pointy,ViT Small,head_model,1,1.0,0.5,1.0
doorway,6_20,pointy,ViT Small,head_model,2,1.0,0.5,1.0
doorway,6_20,pointy,ViT Small,head_model,3,1.0,0.5,1.0
doorway,6_20,pointy,ViT Small,head_model,4,1.0,0.5,1.0
doorway,6_20,pointy,ViT Small,head_model,5,1.0,0.5,1.0
doorway,6_20,pointy,ViT Small,head_model,6,1.0,0.5,1.0
doorway,6_20,pointy,ViT Small,head_model,7,1.0,0.5,1.0
doorway,6_20,pointy,ViT Small,head_model,8,1.0,0.5,1.0
doorway,6_20,pointy,ViT Small,head_model,9,1.0,0.5,1.0
doorway,6_20,pointy,ViT Small,head_model,10,1.0,0.5,1.0
doorway,6_20,streaky,ConvNeXt Base,head_model,1,1.0,0.5,1.0
doorway,6_20,streaky,ConvNeXt Base,head_model,2,1.0,0.5,1.0
doorway,6_20,streaky,ConvNeXt Base,head_model,3,1.0,0.5,1.0
doorway,6_20,streaky,ConvNeXt Base,head_model,4,1.0,0.5,1.0
doorway,6_20,streaky,ConvNeXt Base,head_model,5,1.0,0.5,1.0
doorway,6_20,streaky,ConvNeXt Base,head_model,6,1.0,0.5,1.0
doorway,6_20,streaky,ConvNeXt Base,head_model,7,1.0,0.5,1.0
doorway,6_20,streaky,ConvNeXt Base,head_model,8,1.0,0.5,1.0
doorway,6_20,streaky,ConvNeXt Base,head_model,9,1.0,0.5,1.0
doorway,6_20,streaky,ConvNeXt Base,head_model,10,0.9965277777777778,0.5,0.9930555555555556
doorway,6_20,streaky,ConvNeXt Large,head_model,1,1.0,0.5,1.0
doorway,6_20,streaky,ConvNeXt Large,head_model,2,1.0,0.5,1.0
doorway,6_20,streaky,ConvNeXt Large,head_model,3,0.9965277777777778,0.5,0.9930555555555556
doorway,6_20,streaky,ConvNeXt Large,head_model,4,1.0,0.5,1.0
doorway,6_20,streaky,ConvNeXt Large,head_model,5,1.0,0.5,1.0
doorway,6_20,streaky,ConvNeXt Large,head_model,6,1.0,0.5,1.0
doorway,6_20,streaky,ConvNeXt Large,head_model,7,1.0,0.5,1.0
doorway,6_20,streaky,ConvNeXt Large,head_model,8,1.0,0.5,1.0
doorway,6_20,streaky,ConvNeXt Large,head_model,9,1.0,0.5,1.0
doorway,6_20,streaky,ConvNeXt Large,head_model,10,1.0,0.5,1.0
doorway,6_20,streaky,ConvNeXt Small,head_model,1,0.9930555555555556,0.5,0.9861111111111112
doorway,6_20,streaky,ConvNeXt Small,head_model,2,0.9930555555555556,0.5,0.9861111111111112
doorway,6_20,streaky,ConvNeXt Small,head_model,3,0.9930555555555556,0.5,0.9861111111111112
doorway,6_20,streaky,ConvNeXt Small,head_model,4,0.9930555555555556,0.5,0.9861111111111112
doorway,6_20,streaky,ConvNeXt Small,head_model,5,0.9930555555555556,0.5,0.9861111111111112
doorway,6_20,streaky,ConvNeXt Small,head_model,6,0.9930555555555556,0.5,0.9861111111111112
doorway,6_20,streaky,ConvNeXt Small,head_model,7,0.9930555555555556,0.5,0.9861111111111112
doorway,6_20,streaky,ConvNeXt Small,head_model,8,0.9930555555555556,0.5,0.9861111111111112
doorway,6_20,streaky,ConvNeXt Small,head_model,9,0.9930555555555556,0.5,0.9861111111111112
doorway,6_20,streaky,ConvNeXt Small,head_model,10,0.9930555555555556,0.5,0.9861111111111112
doorway,6_20,streaky,ConvNeXt Tiny,head_model,1,1.0,0.5,1.0
doorway,6_20,streaky,ConvNeXt Tiny,head_model,2,1.0,0.5,1.0
doorway,6_20,streaky,ConvNeXt Tiny,head_model,3,1.0,0.5,1.0
doorway,6_20,streaky,ConvNeXt Tiny,head_model,4,1.0,0.5,1.0
doorway,6_20,streaky,ConvNeXt Tiny,head_model,5,1.0,0.5,1.0
doorway,6_20,streaky,ConvNeXt Tiny,head_model,6,1.0,0.5,1.0
doorway,6_20,streaky,ConvNeXt Tiny,head_model,7,1.0,0.5,1.0
doorway,6_20,streaky,ConvNeXt Tiny,head_model,8,1.0,0.5,1.0
doorway,6_20,streaky,ConvNeXt Tiny,head_model,9,1.0,0.5,1.0
doorway,6_20,streaky,ConvNeXt Tiny,head_model,10,1.0,0.5,1.0
doorway,6_20,streaky,DINOv3 ViT Base,head_model,1,1.0,0.5,1.0
doorway,6_20,streaky,DINOv3 ViT Base,head_model,2,1.0,0.5,1.0
doorway,6_20,streaky,DINOv3 ViT Base,head_model,3,1.0,0.5,1.0
doorway,6_20,streaky,DINOv3 ViT Base,head_model,4,1.0,0.5,1.0
doorway,6_20,streaky,DINOv3 ViT Base,head_model,5,1.0,0.5,1.0
doorway,6_20,streaky,DINOv3 ViT Base,head_model,6,1.0,0.5,1.0
doorway,6_20,streaky,DINOv3 ViT Base,head_model,7,1.0,0.5,1.0
doorway,6_20,streaky,DINOv3 ViT Base,head_model,8,1.0,0.5,1.0
doorway,6_20,streaky,DINOv3 ViT Base,head_model,9,1.0,0.5,1.0
doorway,6_20,streaky,DINOv3 ViT Base,head_model,10,1.0,0.5,1.0
doorway,6_20,streaky,ResNet18,head_model,1,0.9826388888888888,0.5,0.9652777777777777
doorway,6_20,streaky,ResNet18,head_model,2,0.9722222222222222,0.5,0.9444444444444444
doorway,6_20,streaky,ResNet18,head_model,3,0.9722222222222222,0.5,0.9444444444444444
doorway,6_20,streaky,ResNet18,head_model,4,0.9826388888888888,0.5,0.9652777777777777
doorway,6_20,streaky,ResNet18,head_model,5,0.9722222222222222,0.5,0.9444444444444444
doorway,6_20,streaky,ResNet18,head_model,6,0.9722222222222222,0.5,0.9444444444444444
doorway,6_20,streaky,ResNet18,head_model,7,0.9722222222222222,0.5,0.9444444444444444
doorway,6_20,streaky,ResNet18,head_model,8,0.9722222222222222,0.5,0.9444444444444444
doorway,6_20,streaky,ResNet18,head_model,9,0.9756944444444444,0.5,0.9513888888888888
doorway,6_20,streaky,ResNet18,head_model,10,0.9722222222222222,0.5,0.9444444444444444
doorway,6_20,streaky,ResNet50,head_model,1,0.9930555555555556,0.5,0.9861111111111112
doorway,6_20,streaky,ResNet50,head_model,2,0.9930555555555556,0.5,0.9861111111111112
doorway,6_20,streaky,ResNet50,head_model,3,0.9930555555555556,0.5,0.9861111111111112
doorway,6_20,streaky,ResNet50,head_model,4,0.9930555555555556,0.5,0.9861111111111112
doorway,6_20,streaky,ResNet50,head_model,5,0.9930555555555556,0.5,0.9861111111111112
doorway,6_20,streaky,ResNet50,head_model,6,0.9930555555555556,0.5,0.9861111111111112
doorway,6_20,streaky,ResNet50,head_model,7,0.9930555555555556,0.5,0.9861111111111112
doorway,6_20,streaky,ResNet50,head_model,8,0.9930555555555556,0.5,0.9861111111111112
doorway,6_20,streaky,ResNet50,head_model,9,0.9930555555555556,0.5,0.9861111111111112
doorway,6_20,streaky,ResNet50,head_model,10,0.9930555555555556,0.5,0.9861111111111112
doorway,6_20,streaky,VGG11,head_model,1,1.0,0.5,1.0
doorway,6_20,streaky,VGG11,head_model,2,1.0,0.5,1.0
doorway,6_20,streaky,VGG11,head_model,3,0.9965277777777778,0.5,0.9930555555555556
doorway,6_20,streaky,VGG11,head_model,4,0.9965277777777778,0.5,0.9930555555555556
doorway,6_20,streaky,VGG11,head_model,5,1.0,0.5,1.0
doorway,6_20,streaky,VGG11,head_model,6,0.9965277777777778,0.5,0.9930555555555556
doorway,6_20,streaky,VGG11,head_model,7,1.0,0.5,1.0
doorway,6_20,streaky,VGG11,head_model,8,1.0,0.5,1.0
doorway,6_20,streaky,VGG11,head_model,9,1.0,0.5,1.0
doorway,6_20,streaky,VGG11,head_model,10,1.0,0.5,1.0
doorway,6_20,streaky,VGG13,head_model,1,1.0,0.5,1.0
doorway,6_20,streaky,VGG13,head_model,2,1.0,0.5,1.0
doorway,6_20,streaky,VGG13,head_model,3,1.0,0.5,1.0
doorway,6_20,streaky,VGG13,head_model,4,1.0,0.5,1.0
doorway,6_20,streaky,VGG13,head_model,5,1.0,0.5,1.0
doorway,6_20,streaky,VGG13,head_model,6,1.0,0.5,1.0
doorway,6_20,streaky,VGG13,head_model,7,1.0,0.5,1.0
doorway,6_20,streaky,VGG13,head_model,8,1.0,0.5,1.0
doorway,6_20,streaky,VGG13,head_model,9,1.0,0.5,1.0
doorway,6_20,streaky,VGG13,head_model,10,1.0,0.5,1.0
doorway,6_20,streaky,VGG16,head_model,1,1.0,0.5,1.0
doorway,6_20,streaky,VGG16,head_model,2,1.0,0.5,1.0
doorway,6_20,streaky,VGG16,head_model,3,0.9930555555555556,0.5,0.9861111111111112
doorway,6_20,streaky,VGG16,head_model,4,0.9930555555555556,0.5,0.9861111111111112
doorway,6_20,streaky,VGG16,head_model,5,1.0,0.5,1.0
doorway,6_20,streaky,VGG16,head_model,6,1.0,0.5,1.0
doorway,6_20,streaky,VGG16,head_model,7,1.0,0.5,1.0
doorway,6_20,streaky,VGG16,head_model,8,1.0,0.5,1.0
doorway,6_20,streaky,VGG16,head_model,9,1.0,0.5,1.0
doorway,6_20,streaky,VGG16,head_model,10,0.9930555555555556,0.5,0.9861111111111112
doorway,6_20,streaky,VGG19,head_model,1,1.0,0.5,1.0
doorway,6_20,streaky,VGG19,head_model,2,1.0,0.5,1.0
doorway,6_20,streaky,VGG19,head_model,3,1.0,0.5,1.0
doorway,6_20,streaky,VGG19,head_model,4,1.0,0.5,1.0
doorway,6_20,streaky,VGG19,head_model,5,1.0,0.5,1.0
doorway,6_20,streaky,VGG19,head_model,6,1.0,0.5,1.0
doorway,6_20,streaky,VGG19,head_model,7,1.0,0.5,1.0
doorway,6_20,streaky,VGG19,head_model,8,1.0,0.5,1.0
doorway,6_20,streaky,VGG19,head_model,9,1.0,0.5,1.0
doorway,6_20,streaky,VGG19,head_model,10,1.0,0.5,1.0
doorway,6_20,streaky,ViT Base,head_model,1,1.0,0.5,1.0
doorway,6_20,streaky,ViT Base,head_model,2,1.0,0.5,1.0
doorway,6_20,streaky,ViT Base,head_model,3,1.0,0.5,1.0
doorway,6_20,streaky,ViT Base,head_model,4,1.0,0.5,1.0
doorway,6_20,streaky,ViT Base,head_model,5,1.0,0.5,1.0
doorway,6_20,streaky,ViT Base,head_model,6,1.0,0.5,1.0
doorway,6_20,streaky,ViT Base,head_model,7,0.9965277777777778,0.5,0.9930555555555556
doorway,6_20,streaky,ViT Base,head_model,8,1.0,0.5,1.0
doorway,6_20,streaky,ViT Base,head_model,9,1.0,0.5,1.0
doorway,6_20,streaky,ViT Base,head_model,10,1.0,0.5,1.0
doorway,6_20,streaky,ViT Large,head_model,1,1.0,0.5,1.0
doorway,6_20,streaky,ViT Large,head_model,2,1.0,0.5,1.0
doorway,6_20,streaky,ViT Large,head_model,3,1.0,0.5,1.0
doorway,6_20,streaky,ViT Large,head_model,4,1.0,0.5,1.0
doorway,6_20,streaky,ViT Large,head_model,5,1.0,0.5,1.0
doorway,6_20,streaky,ViT Large,head_model,6,1.0,0.5,1.0
doorway,6_20,streaky,ViT Large,head_model,7,1.0,0.5,1.0
doorway,6_20,streaky,ViT Large,head_model,8,1.0,0.5,1.0
doorway,6_20,streaky,ViT Large,head_model,9,1.0,0.5,1.0
doorway,6_20,streaky,ViT Large,head_model,10,1.0,0.5,1.0
doorway,6_20,streaky,ViT Small,head_model,1,1.0,0.5,1.0
doorway,6_20,streaky,ViT Small,head_model,2,1.0,0.5,1.0
doorway,6_20,streaky,ViT Small,head_model,3,1.0,0.5,1.0
doorway,6_20,streaky,ViT Small,head_model,4,1.0,0.5,1.0
doorway,6_20,streaky,ViT Small,head_model,5,1.0,0.5,1.0
doorway,6_20,streaky,ViT Small,head_model,6,1.0,0.5,1.0
doorway,6_20,streaky,ViT Small,head_model,7,1.0,0.5,1.0
doorway,6_20,streaky,ViT Small,head_model,8,1.0,0.5,1.0
doorway,6_20,streaky,ViT Small,head_model,9,1.0,0.5,1.0
doorway,6_20,streaky,ViT Small,head_model,10,1.0,0.5,1.0
doorway,9_10,pointy,ConvNeXt Base,head_model,1,0.9201388888888888,0.5,0.8402777777777777
doorway,9_10,pointy,ConvNeXt Base,head_model,2,0.9201388888888888,0.5,0.8402777777777777
doorway,9_10,pointy,ConvNeXt Base,head_model,3,0.8958333333333334,0.5,0.7916666666666667
doorway,9_10,pointy,ConvNeXt Base,head_model,4,0.8993055555555556,0.5,0.7986111111111112
doorway,9_10,pointy,ConvNeXt Base,head_model,5,0.90625,0.5,0.8125
doorway,9_10,pointy,ConvNeXt Base,head_model,6,0.9166666666666666,0.5,0.8333333333333333
doorway,9_10,pointy,ConvNeXt Base,head_model,7,0.8888888888888888,0.5,0.7777777777777777
doorway,9_10,pointy,ConvNeXt Base,head_model,8,0.9201388888888888,0.5,0.8402777777777777
doorway,9_10,pointy,ConvNeXt Base,head_model,9,0.9270833333333334,0.5,0.8541666666666667
doorway,9_10,pointy,ConvNeXt Base,head_model,10,0.9270833333333334,0.5,0.8541666666666667
doorway,9_10,pointy,ConvNeXt Large,head_model,1,0.9444444444444444,0.5,0.8888888888888888
doorway,9_10,pointy,ConvNeXt Large,head_model,2,0.9479166666666666,0.5,0.8958333333333333
doorway,9_10,pointy,ConvNeXt Large,head_model,3,0.9305555555555556,0.5,0.8611111111111112
doorway,9_10,pointy,ConvNeXt Large,head_model,4,0.9340277777777778,0.5,0.8680555555555556
doorway,9_10,pointy,ConvNeXt Large,head_model,5,0.9479166666666666,0.5,0.8958333333333333
doorway,9_10,pointy,ConvNeXt Large,head_model,6,0.9444444444444444,0.5,0.8888888888888888
doorway,9_10,pointy,ConvNeXt Large,head_model,7,0.9236111111111112,0.5,0.8472222222222223
doorway,9_10,pointy,ConvNeXt Large,head_model,8,0.9409722222222222,0.5,0.8819444444444444
doorway,9_10,pointy,ConvNeXt Large,head_model,9,0.9340277777777778,0.5,0.8680555555555556
doorway,9_10,pointy,ConvNeXt Large,head_model,10,0.9201388888888888,0.5,0.8402777777777777
doorway,9_10,pointy,ConvNeXt Small,head_model,1,0.9548611111111112,0.5,0.9097222222222223
doorway,9_10,pointy,ConvNeXt Small,head_model,2,0.9583333333333334,0.5,0.9166666666666667
doorway,9_10,pointy,ConvNeXt Small,head_model,3,0.9548611111111112,0.5,0.9097222222222223
doorway,9_10,pointy,ConvNeXt Small,head_model,4,0.9583333333333334,0.5,0.9166666666666667
doorway,9_10,pointy,ConvNeXt Small,head_model,5,0.9548611111111112,0.5,0.9097222222222223
doorway,9_10,pointy,ConvNeXt Small,head_model,6,0.9583333333333334,0.5,0.9166666666666667
doorway,9_10,pointy,ConvNeXt Small,head_model,7,0.9513888888888888,0.5,0.9027777777777777
doorway,9_10,pointy,ConvNeXt Small,head_model,8,0.9375,0.5,0.875
doorway,9_10,pointy,ConvNeXt Small,head_model,9,0.9583333333333334,0.5,0.9166666666666667
doorway,9_10,pointy,ConvNeXt Small,head_model,10,0.9583333333333334,0.5,0.9166666666666667
doorway,9_10,pointy,ConvNeXt Tiny,head_model,1,0.9618055555555556,0.5,0.9236111111111112
doorway,9_10,pointy,ConvNeXt Tiny,head_model,2,0.9479166666666666,0.5,0.8958333333333333
doorway,9_10,pointy,ConvNeXt Tiny,head_model,3,0.9444444444444444,0.5,0.8888888888888888
doorway,9_10,pointy,ConvNeXt Tiny,head_model,4,0.9444444444444444,0.5,0.8888888888888888
doorway,9_10,pointy,ConvNeXt Tiny,head_model,5,0.9409722222222222,0.5,0.8819444444444444
doorway,9_10,pointy,ConvNeXt Tiny,head_model,6,0.9479166666666666,0.5,0.8958333333333333
doorway,9_10,pointy,ConvNeXt Tiny,head_model,7,0.9409722222222222,0.5,0.8819444444444444
doorway,9_10,pointy,ConvNeXt Tiny,head_model,8,0.9618055555555556,0.5,0.9236111111111112
doorway,9_10,pointy,ConvNeXt Tiny,head_model,9,0.9444444444444444,0.5,0.8888888888888888
doorway,9_10,pointy,ConvNeXt Tiny,head_model,10,0.9201388888888888,0.5,0.8402777777777777
doorway,9_10,pointy,DINOv3 ViT Base,head_model,1,1.0,0.5,1.0
doorway,9_10,pointy,DINOv3 ViT Base,head_model,2,1.0,0.5,1.0
doorway,9_10,pointy,DINOv3 ViT Base,head_model,3,1.0,0.5,1.0
doorway,9_10,pointy,DINOv3 ViT Base,head_model,4,1.0,0.5,1.0
doorway,9_10,pointy,DINOv3 ViT Base,head_model,5,1.0,0.5,1.0
doorway,9_10,pointy,DINOv3 ViT Base,head_model,6,1.0,0.5,1.0
doorway,9_10,pointy,DINOv3 ViT Base,head_model,7,1.0,0.5,1.0
doorway,9_10,pointy,DINOv3 ViT Base,head_model,8,1.0,0.5,1.0
doorway,9_10,pointy,DINOv3 ViT Base,head_model,9,1.0,0.5,1.0
doorway,9_10,pointy,DINOv3 ViT Base,head_model,10,1.0,0.5,1.0
doorway,9_10,pointy,ResNet18,head_model,1,0.9791666666666666,0.5,0.9583333333333333
doorway,9_10,pointy,ResNet18,head_model,2,0.9826388888888888,0.5,0.9652777777777777
doorway,9_10,pointy,ResNet18,head_model,3,0.9756944444444444,0.5,0.9513888888888888
doorway,9_10,pointy,ResNet18,head_model,4,0.9826388888888888,0.5,0.9652777777777777
doorway,9_10,pointy,ResNet18,head_model,5,0.9722222222222222,0.5,0.9444444444444444
doorway,9_10,pointy,ResNet18,head_model,6,0.9826388888888888,0.5,0.9652777777777777
doorway,9_10,pointy,ResNet18,head_model,7,0.96875,0.5,0.9375
doorway,9_10,pointy,ResNet18,head_model,8,0.9791666666666666,0.5,0.9583333333333333
doorway,9_10,pointy,ResNet18,head_model,9,0.96875,0.5,0.9375
doorway,9_10,pointy,ResNet18,head_model,10,0.9826388888888888,0.5,0.9652777777777777
doorway,9_10,pointy,ResNet50,head_model,1,0.9583333333333334,0.5,0.9166666666666667
doorway,9_10,pointy,ResNet50,head_model,2,0.9583333333333334,0.5,0.9166666666666667
doorway,9_10,pointy,ResNet50,head_model,3,0.9548611111111112,0.5,0.9097222222222223
doorway,9_10,pointy,ResNet50,head_model,4,0.9548611111111112,0.5,0.9097222222222223
doorway,9_10,pointy,ResNet50,head_model,5,0.9548611111111112,0.5,0.9097222222222223
doorway,9_10,pointy,ResNet50,head_model,6,0.9548611111111112,0.5,0.9097222222222223
doorway,9_10,pointy,ResNet50,head_model,7,0.9548611111111112,0.5,0.9097222222222223
doorway,9_10,pointy,ResNet50,head_model,8,0.9548611111111112,0.5,0.9097222222222223
doorway,9_10,pointy,ResNet50,head_model,9,0.9513888888888888,0.5,0.9027777777777777
doorway,9_10,pointy,ResNet50,head_model,10,0.9583333333333334,0.5,0.9166666666666667
doorway,9_10,pointy,VGG11,head_model,1,0.9930555555555556,0.5,0.9861111111111112
doorway,9_10,pointy,VGG11,head_model,2,0.9965277777777778,0.5,0.9930555555555556
doorway,9_10,pointy,VGG11,head_model,3,0.9965277777777778,0.5,0.9930555555555556
doorway,9_10,pointy,VGG11,head_model,4,0.9965277777777778,0.5,0.9930555555555556
doorway,9_10,pointy,VGG11,head_model,5,0.9965277777777778,0.5,0.9930555555555556
doorway,9_10,pointy,VGG11,head_model,6,0.9965277777777778,0.5,0.9930555555555556
doorway,9_10,pointy,VGG11,head_model,7,0.9930555555555556,0.5,0.9861111111111112
doorway,9_10,pointy,VGG11,head_model,8,0.9930555555555556,0.5,0.9861111111111112
doorway,9_10,pointy,VGG11,head_model,9,0.9930555555555556,0.5,0.9861111111111112
doorway,9_10,pointy,VGG11,head_model,10,0.9930555555555556,0.5,0.9861111111111112
doorway,9_10,pointy,VGG13,head_model,1,0.9895833333333334,0.5,0.9791666666666667
doorway,9_10,pointy,VGG13,head_model,2,0.9895833333333334,0.5,0.9791666666666667
doorway,9_10,pointy,VGG13,head_model,3,0.9930555555555556,0.5,0.9861111111111112
doorway,9_10,pointy,VGG13,head_model,4,0.9895833333333334,0.5,0.9791666666666667
doorway,9_10,pointy,VGG13,head_model,5,0.9930555555555556,0.5,0.9861111111111112
doorway,9_10,pointy,VGG13,head_model,6,0.9930555555555556,0.5,0.9861111111111112
doorway,9_10,pointy,VGG13,head_model,7,0.9895833333333334,0.5,0.9791666666666667
doorway,9_10,pointy,VGG13,head_model,8,0.9861111111111112,0.5,0.9722222222222223
doorway,9_10,pointy,VGG13,head_model,9,0.9861111111111112,0.5,0.9722222222222223
doorway,9_10,pointy,VGG13,head_model,10,0.9930555555555556,0.5,0.9861111111111112
doorway,9_10,pointy,VGG16,head_model,1,0.9965277777777778,0.5,0.9930555555555556
doorway,9_10,pointy,VGG16,head_model,2,0.9965277777777778,0.5,0.9930555555555556
doorway,9_10,pointy,VGG16,head_model,3,0.9965277777777778,0.5,0.9930555555555556
doorway,9_10,pointy,VGG16,head_model,4,0.9965277777777778,0.5,0.9930555555555556
doorway,9_10,pointy,VGG16,head_model,5,0.9965277777777778,0.5,0.9930555555555556
doorway,9_10,pointy,VGG16,head_model,6,0.9930555555555556,0.5,0.9861111111111112
doorway,9_10,pointy,VGG16,head_model,7,0.9965277777777778,0.5,0.9930555555555556
doorway,9_10,pointy,VGG16,head_model,8,0.9930555555555556,0.5,0.9861111111111112
doorway,9_10,pointy,VGG16,head_model,9,0.9965277777777778,0.5,0.9930555555555556
doorway,9_10,pointy,VGG16,head_model,10,0.9965277777777778,0.5,0.9930555555555556
doorway,9_10,pointy,VGG19,head_model,1,0.9965277777777778,0.5,0.9930555555555556
doorway,9_10,pointy,VGG19,head_model,2,0.9965277777777778,0.5,0.9930555555555556
doorway,9_10,pointy,VGG19,head_model,3,0.9965277777777778,0.5,0.9930555555555556
doorway,9_10,pointy,VGG19,head_model,4,0.9826388888888888,0.5,0.9652777777777777
doorway,9_10,pointy,VGG19,head_model,5,0.9965277777777778,0.5,0.9930555555555556
doorway,9_10,pointy,VGG19,head_model,6,0.9965277777777778,0.5,0.9930555555555556
doorway,9_10,pointy,VGG19,head_model,7,0.9930555555555556,0.5,0.9861111111111112
doorway,9_10,pointy,VGG19,head_model,8,0.9965277777777778,0.5,0.9930555555555556
doorway,9_10,pointy,VGG19,head_model,9,0.9861111111111112,0.5,0.9722222222222223
doorway,9_10,pointy,VGG19,head_model,10,0.9930555555555556,0.5,0.9861111111111112
doorway,9_10,pointy,ViT Base,head_model,1,0.9965277777777778,0.5,0.9930555555555556
doorway,9_10,pointy,ViT Base,head_model,2,1.0,0.5,1.0
doorway,9_10,pointy,ViT Base,head_model,3,0.9965277777777778,0.5,0.9930555555555556
doorway,9_10,pointy,ViT Base,head_model,4,1.0,0.5,1.0
doorway,9_10,pointy,ViT Base,head_model,5,1.0,0.5,1.0
doorway,9_10,pointy,ViT Base,head_model,6,0.9965277777777778,0.5,0.9930555555555556
doorway,9_10,pointy,ViT Base,head_model,7,1.0,0.5,1.0
doorway,9_10,pointy,ViT Base,head_model,8,0.9965277777777778,0.5,0.9930555555555556
doorway,9_10,pointy,ViT Base,head_model,9,1.0,0.5,1.0
doorway,9_10,pointy,ViT Base,head_model,10,0.9965277777777778,0.5,0.9930555555555556
doorway,9_10,pointy,ViT Large,head_model,1,1.0,0.5,1.0
doorway,9_10,pointy,ViT Large,head_model,2,0.9965277777777778,0.5,0.9930555555555556
doorway,9_10,pointy,ViT Large,head_model,3,1.0,0.5,1.0
doorway,9_10,pointy,ViT Large,head_model,4,1.0,0.5,1.0
doorway,9_10,pointy,ViT Large,head_model,5,0.9965277777777778,0.5,0.9930555555555556
doorway,9_10,pointy,ViT Large,head_model,6,1.0,0.5,1.0
doorway,9_10,pointy,ViT Large,head_model,7,0.9965277777777778,0.5,0.9930555555555556
doorway,9_10,pointy,ViT Large,head_model,8,0.9965277777777778,0.5,0.9930555555555556
doorway,9_10,pointy,ViT Large,head_model,9,1.0,0.5,1.0
doorway,9_10,pointy,ViT Large,head_model,10,1.0,0.5,1.0
doorway,9_10,pointy,ViT Small,head_model,1,1.0,0.5,1.0
doorway,9_10,pointy,ViT Small,head_model,2,1.0,0.5,1.0
doorway,9_10,pointy,ViT Small,head_model,3,1.0,0.5,1.0
doorway,9_10,pointy,ViT Small,head_model,4,0.9965277777777778,0.5,0.9930555555555556
doorway,9_10,pointy,ViT Small,head_model,5,1.0,0.5,1.0
doorway,9_10,pointy,ViT Small,head_model,6,1.0,0.5,1.0
doorway,9_10,pointy,ViT Small,head_model,7,0.9965277777777778,0.5,0.9930555555555556
doorway,9_10,pointy,ViT Small,head_model,8,0.9965277777777778,0.5,0.9930555555555556
doorway,9_10,pointy,ViT Small,head_model,9,0.9965277777777778,0.5,0.9930555555555556
doorway,9_10,pointy,ViT Small,head_model,10,0.9930555555555556,0.5,0.9861111111111112
doorway,9_10,streaky,ConvNeXt Base,head_model,1,0.9965277777777778,0.5,0.9930555555555556
doorway,9_10,streaky,ConvNeXt Base,head_model,2,0.9861111111111112,0.5,0.9722222222222223
doorway,9_10,streaky,ConvNeXt Base,head_model,3,0.9895833333333334,0.5,0.9791666666666667
doorway,9_10,streaky,ConvNeXt Base,head_model,4,0.9895833333333334,0.5,0.9791666666666667
doorway,9_10,streaky,ConvNeXt Base,head_model,5,0.9895833333333334,0.5,0.9791666666666667
doorway,9_10,streaky,ConvNeXt Base,head_model,6,0.9826388888888888,0.5,0.9652777777777777
doorway,9_10,streaky,ConvNeXt Base,head_model,7,0.9861111111111112,0.5,0.9722222222222223
doorway,9_10,streaky,ConvNeXt Base,head_model,8,0.9895833333333334,0.5,0.9791666666666667
doorway,9_10,streaky,ConvNeXt Base,head_model,9,0.9826388888888888,0.5,0.9652777777777777
doorway,9_10,streaky,ConvNeXt Base,head_model,10,0.9826388888888888,0.5,0.9652777777777777
doorway,9_10,streaky,ConvNeXt Large,head_model,1,0.9930555555555556,0.5,0.9861111111111112
doorway,9_10,streaky,ConvNeXt Large,head_model,2,0.9861111111111112,0.5,0.9722222222222223
doorway,9_10,streaky,ConvNeXt Large,head_model,3,0.9895833333333334,0.5,0.9791666666666667
doorway,9_10,streaky,ConvNeXt Large,head_model,4,0.9930555555555556,0.5,0.9861111111111112
doorway,9_10,streaky,ConvNeXt Large,head_model,5,0.9861111111111112,0.5,0.9722222222222223
doorway,9_10,streaky,ConvNeXt Large,head_model,6,0.9861111111111112,0.5,0.9722222222222223
doorway,9_10,streaky,ConvNeXt Large,head_model,7,0.9895833333333334,0.5,0.9791666666666667
doorway,9_10,streaky,ConvNeXt Large,head_model,8,0.9930555555555556,0.5,0.9861111111111112
doorway,9_10,streaky,ConvNeXt Large,head_model,9,0.9861111111111112,0.5,0.9722222222222223
doorway,9_10,streaky,ConvNeXt Large,head_model,10,0.9861111111111112,0.5,0.9722222222222223
doorway,9_10,streaky,ConvNeXt Small,head_model,1,0.9965277777777778,0.5,0.9930555555555556
doorway,9_10,streaky,ConvNeXt Small,head_model,2,0.9965277777777778,0.5,0.9930555555555556
doorway,9_10,streaky,ConvNeXt Small,head_model,3,0.9930555555555556,0.5,0.9861111111111112
doorway,9_10,streaky,ConvNeXt Small,head_model,4,0.9965277777777778,0.5,0.9930555555555556
doorway,9_10,streaky,ConvNeXt Small,head_model,5,0.9930555555555556,0.5,0.9861111111111112
doorway,9_10,streaky,ConvNeXt Small,head_model,6,0.9895833333333334,0.5,0.9791666666666667
doorway,9_10,streaky,ConvNeXt Small,head_model,7,0.9965277777777778,0.5,0.9930555555555556
doorway,9_10,streaky,ConvNeXt Small,head_model,8,0.9965277777777778,0.5,0.9930555555555556
doorway,9_10,streaky,ConvNeXt Small,head_model,9,0.9895833333333334,0.5,0.9791666666666667
doorway,9_10,streaky,ConvNeXt Small,head_model,10,0.9895833333333334,0.5,0.9791666666666667
doorway,9_10,streaky,ConvNeXt Tiny,head_model,1,0.9965277777777778,0.5,0.9930555555555556
doorway,9_10,streaky,ConvNeXt Tiny,head_model,2,0.9965277777777778,0.5,0.9930555555555556
doorway,9_10,streaky,ConvNeXt Tiny,head_model,3,1.0,0.5,1.0
doorway,9_10,streaky,ConvNeXt Tiny,head_model,4,1.0,0.5,1.0
doorway,9_10,streaky,ConvNeXt Tiny,head_model,5,1.0,0.5,1.0
doorway,9_10,streaky,ConvNeXt Tiny,head_model,6,1.0,0.5,1.0
doorway,9_10,streaky,ConvNeXt Tiny,head_model,7,1.0,0.5,1.0
doorway,9_10,streaky,ConvNeXt Tiny,head_model,8,1.0,0.5,1.0
doorway,9_10,streaky,ConvNeXt Tiny,head_model,9,1.0,0.5,1.0
doorway,9_10,streaky,ConvNeXt Tiny,head_model,10,1.0,0.5,1.0
doorway,9_10,streaky,DINOv3 ViT Base,head_model,1,1.0,0.5,1.0
doorway,9_10,streaky,DINOv3 ViT Base,head_model,2,1.0,0.5,1.0
doorway,9_10,streaky,DINOv3 ViT Base,head_model,3,1.0,0.5,1.0
doorway,9_10,streaky,DINOv3 ViT Base,head_model,4,1.0,0.5,1.0
doorway,9_10,streaky,DINOv3 ViT Base,head_model,5,1.0,0.5,1.0
doorway,9_10,streaky,DINOv3 ViT Base,head_model,6,1.0,0.5,1.0
doorway,9_10,streaky,DINOv3 ViT Base,head_model,7,1.0,0.5,1.0
doorway,9_10,streaky,DINOv3 ViT Base,head_model,8,1.0,0.5,1.0
doorway,9_10,streaky,DINOv3 ViT Base,head_model,9,1.0,0.5,1.0
doorway,9_10,streaky,DINOv3 ViT Base,head_model,10,1.0,0.5,1.0
doorway,9_10,streaky,ResNet18,head_model,1,0.9930555555555556,0.5,0.9861111111111112
doorway,9_10,streaky,ResNet18,head_model,2,0.9930555555555556,0.5,0.9861111111111112
doorway,9_10,streaky,ResNet18,head_model,3,0.9930555555555556,0.5,0.9861111111111112
doorway,9_10,streaky,ResNet18,head_model,4,0.9930555555555556,0.5,0.9861111111111112
doorway,9_10,streaky,ResNet18,head_model,5,0.9930555555555556,0.5,0.9861111111111112
doorway,9_10,streaky,ResNet18,head_model,6,0.9930555555555556,0.5,0.9861111111111112
doorway,9_10,streaky,ResNet18,head_model,7,0.9930555555555556,0.5,0.9861111111111112
doorway,9_10,streaky,ResNet18,head_model,8,0.9930555555555556,0.5,0.9861111111111112
doorway,9_10,streaky,ResNet18,head_model,9,0.9930555555555556,0.5,0.9861111111111112
doorway,9_10,streaky,ResNet18,head_model,10,0.9930555555555556,0.5,0.9861111111111112
doorway,9_10,streaky,ResNet50,head_model,1,0.9930555555555556,0.5,0.9861111111111112
doorway,9_10,streaky,ResNet50,head_model,2,0.9930555555555556,0.5,0.9861111111111112
doorway,9_10,streaky,ResNet50,head_model,3,0.9895833333333334,0.5,0.9791666666666667
doorway,9_10,streaky,ResNet50,head_model,4,0.9930555555555556,0.5,0.9861111111111112
doorway,9_10,streaky,ResNet50,head_model,5,0.9930555555555556,0.5,0.9861111111111112
doorway,9_10,streaky,ResNet50,head_model,6,0.9930555555555556,0.5,0.9861111111111112
doorway,9_10,streaky,ResNet50,head_model,7,0.9930555555555556,0.5,0.9861111111111112
doorway,9_10,streaky,ResNet50,head_model,8,0.9930555555555556,0.5,0.9861111111111112
doorway,9_10,streaky,ResNet50,head_model,9,0.9930555555555556,0.5,0.9861111111111112
doorway,9_10,streaky,ResNet50,head_model,10,0.9895833333333334,0.5,0.9791666666666667
doorway,9_10,streaky,VGG11,head_model,1,0.9930555555555556,0.5,0.9861111111111112
doorway,9_10,streaky,VGG11,head_model,2,0.9965277777777778,0.5,0.9930555555555556
doorway,9_10,streaky,VGG11,head_model,3,0.9930555555555556,0.5,0.9861111111111112
doorway,9_10,streaky,VGG11,head_model,4,0.9930555555555556,0.5,0.9861111111111112
doorway,9_10,streaky,VGG11,head_model,5,0.9930555555555556,0.5,0.9861111111111112
doorway,9_10,streaky,VGG11,head_model,6,0.9965277777777778,0.5,0.9930555555555556
doorway,9_10,streaky,VGG11,head_model,7,0.9930555555555556,0.5,0.9861111111111112
doorway,9_10,streaky,VGG11,head_model,8,0.9930555555555556,0.5,0.9861111111111112
doorway,9_10,streaky,VGG11,head_model,9,0.9965277777777778,0.5,0.9930555555555556
doorway,9_10,streaky,VGG11,head_model,10,0.9965277777777778,0.5,0.9930555555555556
doorway,9_10,streaky,VGG13,head_model,1,1.0,0.5,1.0
doorway,9_10,streaky,VGG13,head_model,2,1.0,0.5,1.0
doorway,9_10,streaky,VGG13,head_model,3,1.0,0.5,1.0
doorway,9_10,streaky,VGG13,head_model,4,1.0,0.5,1.0
doorway,9_10,streaky,VGG13,head_model,5,1.0,0.5,1.0
doorway,9_10,streaky,VGG13,head_model,6,1.0,0.5,1.0
doorway,9_10,streaky,VGG13,head_model,7,1.0,0.5,1.0
doorway,9_10,streaky,VGG13,head_model,8,1.0,0.5,1.0
doorway,9_10,streaky,VGG13,head_model,9,1.0,0.5,1.0
doorway,9_10,streaky,VGG13,head_model,10,1.0,0.5,1.0
doorway,9_10,streaky,VGG16,head_model,1,1.0,0.5,1.0
doorway,9_10,streaky,VGG16,head_model,2,0.9965277777777778,0.5,0.9930555555555556
doorway,9_10,streaky,VGG16,head_model,3,1.0,0.5,1.0
doorway,9_10,streaky,VGG16,head_model,4,1.0,0.5,1.0
doorway,9_10,streaky,VGG16,head_model,5,1.0,0.5,1.0
doorway,9_10,streaky,VGG16,head_model,6,0.9965277777777778,0.5,0.9930555555555556
doorway,9_10,streaky,VGG16,head_model,7,1.0,0.5,1.0
doorway,9_10,streaky,VGG16,head_model,8,1.0,0.5,1.0
doorway,9_10,streaky,VGG16,head_model,9,1.0,0.5,1.0
doorway,9_10,streaky,VGG16,head_model,10,1.0,0.5,1.0
doorway,9_10,streaky,VGG19,head_model,1,1.0,0.5,1.0
doorway,9_10,streaky,VGG19,head_model,2,1.0,0.5,1.0
doorway,9_10,streaky,VGG19,head_model,3,0.9965277777777778,0.5,0.9930555555555556
doorway,9_10,streaky,VGG19,head_model,4,1.0,0.5,1.0
doorway,9_10,streaky,VGG19,head_model,5,1.0,0.5,1.0
doorway,9_10,streaky,VGG19,head_model,6,1.0,0.5,1.0
doorway,9_10,streaky,VGG19,head_model,7,1.0,0.5,1.0
doorway,9_10,streaky,VGG19,head_model,8,1.0,0.5,1.0
doorway,9_10,streaky,VGG19,head_model,9,1.0,0.5,1.0
doorway,9_10,streaky,VGG19,head_model,10,1.0,0.5,1.0
doorway,9_10,streaky,ViT Base,head_model,1,0.9965277777777778,0.5,0.9930555555555556
doorway,9_10,streaky,ViT Base,head_model,2,1.0,0.5,1.0
doorway,9_10,streaky,ViT Base,head_model,3,1.0,0.5,1.0
doorway,9_10,streaky,ViT Base,head_model,4,1.0,0.5,1.0
doorway,9_10,streaky,ViT Base,head_model,5,1.0,0.5,1.0
doorway,9_10,streaky,ViT Base,head_model,6,1.0,0.5,1.0
doorway,9_10,streaky,ViT Base,head_model,7,1.0,0.5,1.0
doorway,9_10,streaky,ViT Base,head_model,8,0.9965277777777778,0.5,0.9930555555555556
doorway,9_10,streaky,ViT Base,head_model,9,1.0,0.5,1.0
doorway,9_10,streaky,ViT Base,head_model,10,0.9965277777777778,0.5,0.9930555555555556
doorway,9_10,streaky,ViT Large,head_model,1,1.0,0.5,1.0
doorway,9_10,streaky,ViT Large,head_model,2,1.0,0.5,1.0
doorway,9_10,streaky,ViT Large,head_model,3,0.9965277777777778,0.5,0.9930555555555556
doorway,9_10,streaky,ViT Large,head_model,4,1.0,0.5,1.0
doorway,9_10,streaky,ViT Large,head_model,5,1.0,0.5,1.0
doorway,9_10,streaky,ViT Large,head_model,6,1.0,0.5,1.0
doorway,9_10,streaky,ViT Large,head_model,7,1.0,0.5,1.0
doorway,9_10,streaky,ViT Large,head_model,8,1.0,0.5,1.0
doorway,9_10,streaky,ViT Large,head_model,9,1.0,0.5,1.0
doorway,9_10,streaky,ViT Large,head_model,10,1.0,0.5,1.0
doorway,9_10,streaky,ViT Small,head_model,1,1.0,0.5,1.0
doorway,9_10,streaky,ViT Small,head_model,2,1.0,0.5,1.0
doorway,9_10,streaky,ViT Small,head_model,3,1.0,0.5,1.0
doorway,9_10,streaky,ViT Small,head_model,4,1.0,0.5,1.0
doorway,9_10,streaky,ViT Small,head_model,5,0.9965277777777778,0.5,0.9930555555555556
doorway,9_10,streaky,ViT Small,head_model,6,1.0,0.5,1.0
doorway,9_10,streaky,ViT Small,head_model,7,1.0,0.5,1.0
doorway,9_10,streaky,ViT Small,head_model,8,1.0,0.5,1.0
doorway,9_10,streaky,ViT Small,head_model,9,1.0,0.5,1.0
doorway,9_10,streaky,ViT Small,head_model,10,1.0,0.5,1.0
emotion,12_10,pointy,ConvNeXt Base,head_model,1,0.5333333333333333,0.5,0.06666666666666665
emotion,12_10,pointy,ConvNeXt Base,head_model,2,0.625,0.5,0.25
emotion,12_10,pointy,ConvNeXt Base,head_model,3,0.7666666666666667,0.5,0.5333333333333334
emotion,12_10,pointy,ConvNeXt Base,head_model,4,0.65,0.5,0.30000000000000004
emotion,12_10,pointy,ConvNeXt Base,head_model,5,0.6,0.5,0.19999999999999996
emotion,12_10,pointy,ConvNeXt Base,head_model,6,0.6416666666666667,0.5,0.28333333333333344
emotion,12_10,pointy,ConvNeXt Base,head_model,7,0.6916666666666667,0.5,0.3833333333333333
emotion,12_10,pointy,ConvNeXt Base,head_model,8,0.6916666666666667,0.5,0.3833333333333333
emotion,12_10,pointy,ConvNeXt Base,head_model,9,0.6666666666666666,0.5,0.33333333333333326
emotion,12_10,pointy,ConvNeXt Base,head_model,10,0.625,0.5,0.25
emotion,12_10,pointy,ConvNeXt Large,head_model,1,0.5333333333333333,0.5,0.06666666666666665
emotion,12_10,pointy,ConvNeXt Large,head_model,2,0.5833333333333334,0.5,0.16666666666666674
emotion,12_10,pointy,ConvNeXt Large,head_model,3,0.7583333333333333,0.5,0.5166666666666666
emotion,12_10,pointy,ConvNeXt Large,head_model,4,0.6333333333333333,0.5,0.2666666666666666
emotion,12_10,pointy,ConvNeXt Large,head_model,5,0.575,0.5,0.1499999999999999
emotion,12_10,pointy,ConvNeXt Large,head_model,6,0.6666666666666666,0.5,0.33333333333333326
emotion,12_10,pointy,ConvNeXt Large,head_model,7,0.7,0.5,0.3999999999999999
emotion,12_10,pointy,ConvNeXt Large,head_model,8,0.675,0.5,0.3500000000000001
emotion,12_10,pointy,ConvNeXt Large,head_model,9,0.6916666666666667,0.5,0.3833333333333333
emotion,12_10,pointy,ConvNeXt Large,head_model,10,0.575,0.5,0.1499999999999999
emotion,12_10,pointy,ConvNeXt Small,head_model,1,0.55,0.5,0.10000000000000009
emotion,12_10,pointy,ConvNeXt Small,head_model,2,0.6,0.5,0.19999999999999996
emotion,12_10,pointy,ConvNeXt Small,head_model,3,0.7416666666666667,0.5,0.4833333333333334
emotion,12_10,pointy,ConvNeXt Small,head_model,4,0.625,0.5,0.25
emotion,12_10,pointy,ConvNeXt Small,head_model,5,0.6083333333333333,0.5,0.21666666666666656
emotion,12_10,pointy,ConvNeXt Small,head_model,6,0.6416666666666667,0.5,0.28333333333333344
emotion,12_10,pointy,ConvNeXt Small,head_model,7,0.6583333333333333,0.5,0.31666666666666665
emotion,12_10,pointy,ConvNeXt Small,head_model,8,0.6666666666666666,0.5,0.33333333333333326
emotion,12_10,pointy,ConvNeXt Small,head_model,9,0.7,0.5,0.3999999999999999
emotion,12_10,pointy,ConvNeXt Small,head_model,10,0.6,0.5,0.19999999999999996
emotion,12_10,pointy,ConvNeXt Tiny,head_model,1,0.5416666666666666,0.5,0.08333333333333326
emotion,12_10,pointy,ConvNeXt Tiny,head_model,2,0.6833333333333333,0.5,0.3666666666666667
emotion,12_10,pointy,ConvNeXt Tiny,head_model,3,0.75,0.5,0.5
emotion,12_10,pointy,ConvNeXt Tiny,head_model,4,0.6916666666666667,0.5,0.3833333333333333
emotion,12_10,pointy,ConvNeXt Tiny,head_model,5,0.625,0.5,0.25
emotion,12_10,pointy,ConvNeXt Tiny,head_model,6,0.6416666666666667,0.5,0.28333333333333344
emotion,12_10,pointy,ConvNeXt Tiny,head_model,7,0.7166666666666667,0.5,0.43333333333333335
emotion,12_10,pointy,ConvNeXt Tiny,head_model,8,0.6916666666666667,0.5,0.3833333333333333
emotion,12_10,pointy,ConvNeXt Tiny,head_model,9,0.7083333333333334,0.5,0.41666666666666674
emotion,12_10,pointy,ConvNeXt Tiny,head_model,10,0.6583333333333333,0.5,0.31666666666666665
emotion,12_10,pointy,DINOv3 ViT Base,head_model,1,0.6666666666666666,0.5,0.33333333333333326
emotion,12_10,pointy,DINOv3 ViT Base,head_model,2,0.6833333333333333,0.5,0.3666666666666667
emotion,12_10,pointy,DINOv3 ViT Base,head_model,3,0.5833333333333334,0.5,0.16666666666666674
emotion,12_10,pointy,DINOv3 ViT Base,head_model,4,0.6583333333333333,0.5,0.31666666666666665
emotion,12_10,pointy,DINOv3 ViT Base,head_model,5,0.6666666666666666,0.5,0.33333333333333326
emotion,12_10,pointy,DINOv3 ViT Base,head_model,6,0.7083333333333334,0.5,0.41666666666666674
emotion,12_10,pointy,DINOv3 ViT Base,head_model,7,0.525,0.5,0.050000000000000044
emotion,12_10,pointy,DINOv3 ViT Base,head_model,8,0.5833333333333334,0.5,0.16666666666666674
emotion,12_10,pointy,DINOv3 ViT Base,head_model,9,0.55,0.5,0.10000000000000009
emotion,12_10,pointy,DINOv3 ViT Base,head_model,10,0.7083333333333334,0.5,0.41666666666666674
emotion,12_10,pointy,ResNet18,head_model,1,0.6416666666666667,0.5,0.28333333333333344
emotion,12_10,pointy,ResNet18,head_model,2,0.55,0.5,0.10000000000000009
emotion,12_10,pointy,ResNet18,head_model,3,0.5666666666666667,0.5,0.1333333333333333
emotion,12_10,pointy,ResNet18,head_model,4,0.5416666666666666,0.5,0.08333333333333326
emotion,12_10,pointy,ResNet18,head_model,5,0.575,0.5,0.1499999999999999
emotion,12_10,pointy,ResNet18,head_model,6,0.5666666666666667,0.5,0.1333333333333333
emotion,12_10,pointy,ResNet18,head_model,7,0.5583333333333333,0.5,0.1166666666666667
emotion,12_10,pointy,ResNet18,head_model,8,0.5666666666666667,0.5,0.1333333333333333
emotion,12_10,pointy,ResNet18,head_model,9,0.5583333333333333,0.5,0.1166666666666667
emotion,12_10,pointy,ResNet18,head_model,10,0.5583333333333333,0.5,0.1166666666666667
emotion,12_10,pointy,ResNet50,head_model,1,0.6916666666666667,0.5,0.3833333333333333
emotion,12_10,pointy,ResNet50,head_model,2,0.575,0.5,0.1499999999999999
emotion,12_10,pointy,ResNet50,head_model,3,0.65,0.5,0.30000000000000004
emotion,12_10,pointy,ResNet50,head_model,4,0.575,0.5,0.1499999999999999
emotion,12_10,pointy,ResNet50,head_model,5,0.6083333333333333,0.5,0.21666666666666656
emotion,12_10,pointy,ResNet50,head_model,6,0.6416666666666667,0.5,0.28333333333333344
emotion,12_10,pointy,ResNet50,head_model,7,0.5833333333333334,0.5,0.16666666666666674
emotion,12_10,pointy,ResNet50,head_model,8,0.65,0.5,0.30000000000000004
emotion,12_10,pointy,ResNet50,head_model,9,0.6083333333333333,0.5,0.21666666666666656
emotion,12_10,pointy,ResNet50,head_model,10,0.65,0.5,0.30000000000000004
emotion,12_10,pointy,VGG11,head_model,1,0.675,0.5,0.3500000000000001
emotion,12_10,pointy,VGG11,head_model,2,0.5583333333333333,0.5,0.1166666666666667
emotion,12_10,pointy,VGG11,head_model,3,0.7083333333333334,0.5,0.41666666666666674
emotion,12_10,pointy,VGG11,head_model,4,0.675,0.5,0.3500000000000001
emotion,12_10,pointy,VGG11,head_model,5,0.5333333333333333,0.5,0.06666666666666665
emotion,12_10,pointy,VGG11,head_model,6,0.6583333333333333,0.5,0.31666666666666665
emotion,12_10,pointy,VGG11,head_model,7,0.6833333333333333,0.5,0.3666666666666667
emotion,12_10,pointy,VGG11,head_model,8,0.6583333333333333,0.5,0.31666666666666665
emotion,12_10,pointy,VGG11,head_model,9,0.7,0.5,0.3999999999999999
emotion,12_10,pointy,VGG11,head_model,10,0.5833333333333334,0.5,0.16666666666666674
emotion,12_10,pointy,VGG13,head_model,1,0.7,0.5,0.3999999999999999
emotion,12_10,pointy,VGG13,head_model,2,0.5666666666666667,0.5,0.1333333333333333
emotion,12_10,pointy,VGG13,head_model,3,0.725,0.5,0.44999999999999996
emotion,12_10,pointy,VGG13,head_model,4,0.7416666666666667,0.5,0.4833333333333334
emotion,12_10,pointy,VGG13,head_model,5,0.5666666666666667,0.5,0.1333333333333333
emotion,12_10,pointy,VGG13,head_model,6,0.6916666666666667,0.5,0.3833333333333333
emotion,12_10,pointy,VGG13,head_model,7,0.7,0.5,0.3999999999999999
emotion,12_10,pointy,VGG13,head_model,8,0.6666666666666666,0.5,0.33333333333333326
emotion,12_10,pointy,VGG13,head_model,9,0.7416666666666667,0.5,0.4833333333333334
emotion,12_10,pointy,VGG13,head_model,10,0.5666666666666667,0.5,0.1333333333333333
emotion,12_10,pointy,VGG16,head_model,1,0.6833333333333333,0.5,0.3666666666666667
emotion,12_10,pointy,VGG16,head_model,2,0.6666666666666666,0.5,0.33333333333333326
emotion,12_10,pointy,VGG16,head_model,3,0.7833333333333333,0.5,0.5666666666666667
emotion,12_10,pointy,VGG16,head_model,4,0.7,0.5,0.3999999999999999
emotion,12_10,pointy,VGG16,head_model,5,0.6083333333333333,0.5,0.21666666666666656
emotion,12_10,pointy,VGG16,head_model,6,0.6833333333333333,0.5,0.3666666666666667
emotion,12_10,pointy,VGG16,head_model,7,0.7,0.5,0.3999999999999999
emotion,12_10,pointy,VGG16,head_model,8,0.725,0.5,0.44999999999999996
emotion,12_10,pointy,VGG16,head_model,9,0.7583333333333333,0.5,0.5166666666666666
emotion,12_10,pointy,VGG16,head_model,10,0.65,0.5,0.30000000000000004
emotion,12_10,pointy,VGG19,head_model,1,0.7083333333333334,0.5,0.41666666666666674
emotion,12_10,pointy,VGG19,head_model,2,0.5666666666666667,0.5,0.1333333333333333
emotion,12_10,pointy,VGG19,head_model,3,0.7666666666666667,0.5,0.5333333333333334
emotion,12_10,pointy,VGG19,head_model,4,0.7333333333333333,0.5,0.46666666666666656
emotion,12_10,pointy,VGG19,head_model,5,0.55,0.5,0.10000000000000009
emotion,12_10,pointy,VGG19,head_model,6,0.7083333333333334,0.5,0.41666666666666674
emotion,12_10,pointy,VGG19,head_model,7,0.7416666666666667,0.5,0.4833333333333334
emotion,12_10,pointy,VGG19,head_model,8,0.7166666666666667,0.5,0.43333333333333335
emotion,12_10,pointy,VGG19,head_model,9,0.7916666666666666,0.5,0.5833333333333333
emotion,12_10,pointy,VGG19,head_model,10,0.5833333333333334,0.5,0.16666666666666674
emotion,12_10,pointy,ViT Base,head_model,1,0.6166666666666667,0.5,0.2333333333333334
emotion,12_10,pointy,ViT Base,head_model,2,0.5,0.5,0.0
emotion,12_10,pointy,ViT Base,head_model,3,0.6333333333333333,0.5,0.2666666666666666
emotion,12_10,pointy,ViT Base,head_model,4,0.7,0.5,0.3999999999999999
emotion,12_10,pointy,ViT Base,head_model,5,0.6166666666666667,0.5,0.2333333333333334
emotion,12_10,pointy,ViT Base,head_model,6,0.5166666666666667,0.5,0.03333333333333344
emotion,12_10,pointy,ViT Base,head_model,7,0.5583333333333333,0.5,0.1166666666666667
emotion,12_10,pointy,ViT Base,head_model,8,0.55,0.5,0.10000000000000009
emotion,12_10,pointy,ViT Base,head_model,9,0.7166666666666667,0.5,0.43333333333333335
emotion,12_10,pointy,ViT Base,head_model,10,0.65,0.5,0.30000000000000004
emotion,12_10,pointy,ViT Large,head_model,1,0.6416666666666667,0.5,0.28333333333333344
emotion,12_10,pointy,ViT Large,head_model,2,0.5833333333333334,0.5,0.16666666666666674
emotion,12_10,pointy,ViT Large,head_model,3,0.575,0.5,0.1499999999999999
emotion,12_10,pointy,ViT Large,head_model,4,0.6083333333333333,0.5,0.21666666666666656
emotion,12_10,pointy,ViT Large,head_model,5,0.6166666666666667,0.5,0.2333333333333334
emotion,12_10,pointy,ViT Large,head_model,6,0.6333333333333333,0.5,0.2666666666666666
emotion,12_10,pointy,ViT Large,head_model,7,0.675,0.5,0.3500000000000001
emotion,12_10,pointy,ViT Large,head_model,8,0.625,0.5,0.25
emotion,12_10,pointy,ViT Large,head_model,9,0.6166666666666667,0.5,0.2333333333333334
emotion,12_10,pointy,ViT Large,head_model,10,0.55,0.5,0.10000000000000009
emotion,12_10,pointy,ViT Small,head_model,1,0.65,0.5,0.30000000000000004
emotion,12_10,pointy,ViT Small,head_model,2,0.5833333333333334,0.5,0.16666666666666674
emotion,12_10,pointy,ViT Small,head_model,3,0.6416666666666667,0.5,0.28333333333333344
emotion,12_10,pointy,ViT Small,head_model,4,0.6166666666666667,0.5,0.2333333333333334
emotion,12_10,pointy,ViT Small,head_model,5,0.6333333333333333,0.5,0.2666666666666666
emotion,12_10,pointy,ViT Small,head_model,6,0.6333333333333333,0.5,0.2666666666666666
emotion,12_10,pointy,ViT Small,head_model,7,0.6666666666666666,0.5,0.33333333333333326
emotion,12_10,pointy,ViT Small,head_model,8,0.6083333333333333,0.5,0.21666666666666656
emotion,12_10,pointy,ViT Small,head_model,9,0.6333333333333333,0.5,0.2666666666666666
emotion,12_10,pointy,ViT Small,head_model,10,0.6,0.5,0.19999999999999996
emotion,12_10,streaky,ConvNeXt Base,head_model,1,0.55,0.5,0.10000000000000009
emotion,12_10,streaky,ConvNeXt Base,head_model,2,0.55,0.5,0.10000000000000009
emotion,12_10,streaky,ConvNeXt Base,head_model,3,0.5916666666666667,0.5,0.18333333333333335
emotion,12_10,streaky,ConvNeXt Base,head_model,4,0.5333333333333333,0.5,0.06666666666666665
emotion,12_10,streaky,ConvNeXt Base,head_model,5,0.6,0.5,0.19999999999999996
emotion,12_10,streaky,ConvNeXt Base,head_model,6,0.6666666666666666,0.5,0.33333333333333326
emotion,12_10,streaky,ConvNeXt Base,head_model,7,0.5916666666666667,0.5,0.18333333333333335
emotion,12_10,streaky,ConvNeXt Base,head_model,8,0.5083333333333333,0.5,0.016666666666666607
emotion,12_10,streaky,ConvNeXt Base,head_model,9,0.7416666666666667,0.5,0.4833333333333334
emotion,12_10,streaky,ConvNeXt Base,head_model,10,0.5916666666666667,0.5,0.18333333333333335
emotion,12_10,streaky,ConvNeXt Large,head_model,1,0.6,0.5,0.19999999999999996
emotion,12_10,streaky,ConvNeXt Large,head_model,2,0.5833333333333334,0.5,0.16666666666666674
emotion,12_10,streaky,ConvNeXt Large,head_model,3,0.6,0.5,0.19999999999999996
emotion,12_10,streaky,ConvNeXt Large,head_model,4,0.575,0.5,0.1499999999999999
emotion,12_10,streaky,ConvNeXt Large,head_model,5,0.575,0.5,0.1499999999999999
emotion,12_10,streaky,ConvNeXt Large,head_model,6,0.7583333333333333,0.5,0.5166666666666666
emotion,12_10,streaky,ConvNeXt Large,head_model,7,0.625,0.5,0.25
emotion,12_10,streaky,ConvNeXt Large,head_model,8,0.55,0.5,0.10000000000000009
emotion,12_10,streaky,ConvNeXt Large,head_model,9,0.75,0.5,0.5
emotion,12_10,streaky,ConvNeXt Large,head_model,10,0.6333333333333333,0.5,0.2666666666666666
emotion,12_10,streaky,ConvNeXt Small,head_model,1,0.5583333333333333,0.5,0.1166666666666667
emotion,12_10,streaky,ConvNeXt Small,head_model,2,0.525,0.5,0.050000000000000044
emotion,12_10,streaky,ConvNeXt Small,head_model,3,0.6083333333333333,0.5,0.21666666666666656
emotion,12_10,streaky,ConvNeXt Small,head_model,4,0.5583333333333333,0.5,0.1166666666666667
emotion,12_10,streaky,ConvNeXt Small,head_model,5,0.5833333333333334,0.5,0.16666666666666674
emotion,12_10,streaky,ConvNeXt Small,head_model,6,0.6916666666666667,0.5,0.3833333333333333
emotion,12_10,streaky,ConvNeXt Small,head_model,7,0.5583333333333333,0.5,0.1166666666666667
emotion,12_10,streaky,ConvNeXt Small,head_model,8,0.5083333333333333,0.5,0.016666666666666607
emotion,12_10,streaky,ConvNeXt Small,head_model,9,0.6833333333333333,0.5,0.3666666666666667
emotion,12_10,streaky,ConvNeXt Small,head_model,10,0.6,0.5,0.19999999999999996
emotion,12_10,streaky,ConvNeXt Tiny,head_model,1,0.6,0.5,0.19999999999999996
emotion,12_10,streaky,ConvNeXt Tiny,head_model,2,0.5833333333333334,0.5,0.16666666666666674
emotion,12_10,streaky,ConvNeXt Tiny,head_model,3,0.625,0.5,0.25
emotion,12_10,streaky,ConvNeXt Tiny,head_model,4,0.6166666666666667,0.5,0.2333333333333334
emotion,12_10,streaky,ConvNeXt Tiny,head_model,5,0.6,0.5,0.19999999999999996
emotion,12_10,streaky,ConvNeXt Tiny,head_model,6,0.6166666666666667,0.5,0.2333333333333334
emotion,12_10,streaky,ConvNeXt Tiny,head_model,7,0.625,0.5,0.25
emotion,12_10,streaky,ConvNeXt Tiny,head_model,8,0.5666666666666667,0.5,0.1333333333333333
emotion,12_10,streaky,ConvNeXt Tiny,head_model,9,0.6583333333333333,0.5,0.31666666666666665
emotion,12_10,streaky,ConvNeXt Tiny,head_model,10,0.6333333333333333,0.5,0.2666666666666666
emotion,12_10,streaky,DINOv3 ViT Base,head_model,1,0.6333333333333333,0.5,0.2666666666666666
emotion,12_10,streaky,DINOv3 ViT Base,head_model,2,0.575,0.5,0.1499999999999999
emotion,12_10,streaky,DINOv3 ViT Base,head_model,3,0.5416666666666666,0.5,0.08333333333333326
emotion,12_10,streaky,DINOv3 ViT Base,head_model,4,0.5583333333333333,0.5,0.1166666666666667
emotion,12_10,streaky,DINOv3 ViT Base,head_model,5,0.55,0.5,0.10000000000000009
emotion,12_10,streaky,DINOv3 ViT Base,head_model,6,0.6583333333333333,0.5,0.31666666666666665
emotion,12_10,streaky,DINOv3 ViT Base,head_model,7,0.65,0.5,0.30000000000000004
emotion,12_10,streaky,DINOv3 ViT Base,head_model,8,0.5583333333333333,0.5,0.1166666666666667
emotion,12_10,streaky,DINOv3 ViT Base,head_model,9,0.5,0.5,0.0
emotion,12_10,streaky,DINOv3 ViT Base,head_model,10,0.625,0.5,0.25
emotion,12_10,streaky,ResNet18,head_model,1,0.5833333333333334,0.5,0.16666666666666674
emotion,12_10,streaky,ResNet18,head_model,2,0.625,0.5,0.25
emotion,12_10,streaky,ResNet18,head_model,3,0.6,0.5,0.19999999999999996
emotion,12_10,streaky,ResNet18,head_model,4,0.5833333333333334,0.5,0.16666666666666674
emotion,12_10,streaky,ResNet18,head_model,5,0.6333333333333333,0.5,0.2666666666666666
emotion,12_10,streaky,ResNet18,head_model,6,0.5833333333333334,0.5,0.16666666666666674
emotion,12_10,streaky,ResNet18,head_model,7,0.6333333333333333,0.5,0.2666666666666666
emotion,12_10,streaky,ResNet18,head_model,8,0.6,0.5,0.19999999999999996
emotion,12_10,streaky,ResNet18,head_model,9,0.6333333333333333,0.5,0.2666666666666666
emotion,12_10,streaky,ResNet18,head_model,10,0.6333333333333333,0.5,0.2666666666666666
emotion,12_10,streaky,ResNet50,head_model,1,0.5333333333333333,0.5,0.06666666666666665
emotion,12_10,streaky,ResNet50,head_model,2,0.5333333333333333,0.5,0.06666666666666665
emotion,12_10,streaky,ResNet50,head_model,3,0.5166666666666667,0.5,0.03333333333333344
emotion,12_10,streaky,ResNet50,head_model,4,0.5166666666666667,0.5,0.03333333333333344
emotion,12_10,streaky,ResNet50,head_model,5,0.5416666666666666,0.5,0.08333333333333326
emotion,12_10,streaky,ResNet50,head_model,6,0.5083333333333333,0.5,0.016666666666666607
emotion,12_10,streaky,ResNet50,head_model,7,0.5416666666666666,0.5,0.08333333333333326
emotion,12_10,streaky,ResNet50,head_model,8,0.525,0.5,0.050000000000000044
emotion,12_10,streaky,ResNet50,head_model,9,0.5416666666666666,0.5,0.08333333333333326
emotion,12_10,streaky,ResNet50,head_model,10,0.55,0.5,0.10000000000000009
emotion,12_10,streaky,VGG11,head_model,1,0.625,0.5,0.25
emotion,12_10,streaky,VGG11,head_model,2,0.55,0.5,0.10000000000000009
emotion,12_10,streaky,VGG11,head_model,3,0.65,0.5,0.30000000000000004
emotion,12_10,streaky,VGG11,head_model,4,0.7166666666666667,0.5,0.43333333333333335
emotion,12_10,streaky,VGG11,head_model,5,0.5416666666666666,0.5,0.08333333333333326
emotion,12_10,streaky,VGG11,head_model,6,0.675,0.5,0.3500000000000001
emotion,12_10,streaky,VGG11,head_model,7,0.6916666666666667,0.5,0.3833333333333333
emotion,12_10,streaky,VGG11,head_model,8,0.5333333333333333,0.5,0.06666666666666665
emotion,12_10,streaky,VGG11,head_model,9,0.7083333333333334,0.5,0.41666666666666674
emotion,12_10,streaky,VGG11,head_model,10,0.6666666666666666,0.5,0.33333333333333326
emotion,12_10,streaky,VGG13,head_model,1,0.5666666666666667,0.5,0.1333333333333333
emotion,12_10,streaky,VGG13,head_model,2,0.55,0.5,0.10000000000000009
emotion,12_10,streaky,VGG13,head_model,3,0.55,0.5,0.10000000000000009
emotion,12_10,streaky,VGG13,head_model,4,0.675,0.5,0.3500000000000001
emotion,12_10,streaky,VGG13,head_model,5,0.55,0.5,0.10000000000000009
emotion,12_10,streaky,VGG13,head_model,6,0.7166666666666667,0.5,0.43333333333333335
emotion,12_10,streaky,VGG13,head_model,7,0.6583333333333333,0.5,0.31666666666666665
emotion,12_10,streaky,VGG13,head_model,8,0.5416666666666666,0.5,0.08333333333333326
emotion,12_10,streaky,VGG13,head_model,9,0.675,0.5,0.3500000000000001
emotion,12_10,streaky,VGG13,head_model,10,0.5833333333333334,0.5,0.16666666666666674
emotion,12_10,streaky,VGG16,head_model,1,0.5916666666666667,0.5,0.18333333333333335
emotion,12_10,streaky,VGG16,head_model,2,0.5833333333333334,0.5,0.16666666666666674
emotion,12_10,streaky,VGG16,head_model,3,0.5833333333333334,0.5,0.16666666666666674
emotion,12_10,streaky,VGG16,head_model,4,0.6833333333333333,0.5,0.3666666666666667
emotion,12_10,streaky,VGG16,head_model,5,0.5666666666666667,0.5,0.1333333333333333
emotion,12_10,streaky,VGG16,head_model,6,0.6916666666666667,0.5,0.3833333333333333
emotion,12_10,streaky,VGG16,head_model,7,0.675,0.5,0.3500000000000001
emotion,12_10,streaky,VGG16,head_model,8,0.5583333333333333,0.5,0.1166666666666667
emotion,12_10,streaky,VGG16,head_model,9,0.675,0.5,0.3500000000000001
emotion,12_10,streaky,VGG16,head_model,10,0.65,0.5,0.30000000000000004
emotion,12_10,streaky,VGG19,head_model,1,0.5833333333333334,0.5,0.16666666666666674
emotion,12_10,streaky,VGG19,head_model,2,0.575,0.5,0.1499999999999999
emotion,12_10,streaky,VGG19,head_model,3,0.5916666666666667,0.5,0.18333333333333335
emotion,12_10,streaky,VGG19,head_model,4,0.6833333333333333,0.5,0.3666666666666667
emotion,12_10,streaky,VGG19,head_model,5,0.575,0.5,0.1499999999999999
emotion,12_10,streaky,VGG19,head_model,6,0.7166666666666667,0.5,0.43333333333333335
emotion,12_10,streaky,VGG19,head_model,7,0.6833333333333333,0.5,0.3666666666666667
emotion,12_10,streaky,VGG19,head_model,8,0.5833333333333334,0.5,0.16666666666666674
emotion,12_10,streaky,VGG19,head_model,9,0.675,0.5,0.3500000000000001
emotion,12_10,streaky,VGG19,head_model,10,0.6416666666666667,0.5,0.28333333333333344
emotion,12_10,streaky,ViT Base,head_model,1,0.5833333333333334,0.5,0.16666666666666674
emotion,12_10,streaky,ViT Base,head_model,2,0.5583333333333333,0.5,0.1166666666666667
emotion,12_10,streaky,ViT Base,head_model,3,0.6,0.5,0.19999999999999996
emotion,12_10,streaky,ViT Base,head_model,4,0.55,0.5,0.10000000000000009
emotion,12_10,streaky,ViT Base,head_model,5,0.5,0.5,0.0
emotion,12_10,streaky,ViT Base,head_model,6,0.5416666666666666,0.5,0.08333333333333326
emotion,12_10,streaky,ViT Base,head_model,7,0.5666666666666667,0.5,0.1333333333333333
emotion,12_10,streaky,ViT Base,head_model,8,0.5333333333333333,0.5,0.06666666666666665
emotion,12_10,streaky,ViT Base,head_model,9,0.5916666666666667,0.5,0.18333333333333335
emotion,12_10,streaky,ViT Base,head_model,10,0.5666666666666667,0.5,0.1333333333333333
emotion,12_10,streaky,ViT Large,head_model,1,0.625,0.5,0.25
emotion,12_10,streaky,ViT Large,head_model,2,0.6333333333333333,0.5,0.2666666666666666
emotion,12_10,streaky,ViT Large,head_model,3,0.5916666666666667,0.5,0.18333333333333335
emotion,12_10,streaky,ViT Large,head_model,4,0.5583333333333333,0.5,0.1166666666666667
emotion,12_10,streaky,ViT Large,head_model,5,0.625,0.5,0.25
emotion,12_10,streaky,ViT Large,head_model,6,0.6,0.5,0.19999999999999996
emotion,12_10,streaky,ViT Large,head_model,7,0.575,0.5,0.1499999999999999
emotion,12_10,streaky,ViT Large,head_model,8,0.6083333333333333,0.5,0.21666666666666656
emotion,12_10,streaky,ViT Large,head_model,9,0.5833333333333334,0.5,0.16666666666666674
emotion,12_10,streaky,ViT Large,head_model,10,0.5833333333333334,0.5,0.16666666666666674
emotion,12_10,streaky,ViT Small,head_model,1,0.6,0.5,0.19999999999999996
emotion,12_10,streaky,ViT Small,head_model,2,0.6416666666666667,0.5,0.28333333333333344
emotion,12_10,streaky,ViT Small,head_model,3,0.65,0.5,0.30000000000000004
emotion,12_10,streaky,ViT Small,head_model,4,0.5916666666666667,0.5,0.18333333333333335
emotion,12_10,streaky,ViT Small,head_model,5,0.6166666666666667,0.5,0.2333333333333334
emotion,12_10,streaky,ViT Small,head_model,6,0.55,0.5,0.10000000000000009
emotion,12_10,streaky,ViT Small,head_model,7,0.55,0.5,0.10000000000000009
emotion,12_10,streaky,ViT Small,head_model,8,0.5916666666666667,0.5,0.18333333333333335
emotion,12_10,streaky,ViT Small,head_model,9,0.6,0.5,0.19999999999999996
emotion,12_10,streaky,ViT Small,head_model,10,0.5416666666666666,0.5,0.08333333333333326
emotion,12_20,pointy,ConvNeXt Base,head_model,1,0.725,0.5,0.44999999999999996
emotion,12_20,pointy,ConvNeXt Base,head_model,2,0.5416666666666666,0.5,0.08333333333333326
emotion,12_20,pointy,ConvNeXt Base,head_model,3,0.6083333333333333,0.5,0.21666666666666656
emotion,12_20,pointy,ConvNeXt Base,head_model,4,0.675,0.5,0.3500000000000001
emotion,12_20,pointy,ConvNeXt Base,head_model,5,0.675,0.5,0.3500000000000001
emotion,12_20,pointy,ConvNeXt Base,head_model,6,0.6833333333333333,0.5,0.3666666666666667
emotion,12_20,pointy,ConvNeXt Base,head_model,7,0.5666666666666667,0.5,0.1333333333333333
emotion,12_20,pointy,ConvNeXt Base,head_model,8,0.675,0.5,0.3500000000000001
emotion,12_20,pointy,ConvNeXt Base,head_model,9,0.6,0.5,0.19999999999999996
emotion,12_20,pointy,ConvNeXt Base,head_model,10,0.5666666666666667,0.5,0.1333333333333333
emotion,12_20,pointy,ConvNeXt Large,head_model,1,0.7166666666666667,0.5,0.43333333333333335
emotion,12_20,pointy,ConvNeXt Large,head_model,2,0.6,0.5,0.19999999999999996
emotion,12_20,pointy,ConvNeXt Large,head_model,3,0.6833333333333333,0.5,0.3666666666666667
emotion,12_20,pointy,ConvNeXt Large,head_model,4,0.7333333333333333,0.5,0.46666666666666656
emotion,12_20,pointy,ConvNeXt Large,head_model,5,0.7083333333333334,0.5,0.41666666666666674
emotion,12_20,pointy,ConvNeXt Large,head_model,6,0.7166666666666667,0.5,0.43333333333333335
emotion,12_20,pointy,ConvNeXt Large,head_model,7,0.6416666666666667,0.5,0.28333333333333344
emotion,12_20,pointy,ConvNeXt Large,head_model,8,0.7166666666666667,0.5,0.43333333333333335
emotion,12_20,pointy,ConvNeXt Large,head_model,9,0.65,0.5,0.30000000000000004
emotion,12_20,pointy,ConvNeXt Large,head_model,10,0.7,0.5,0.3999999999999999
emotion,12_20,pointy,ConvNeXt Small,head_model,1,0.6583333333333333,0.5,0.31666666666666665
emotion,12_20,pointy,ConvNeXt Small,head_model,2,0.5833333333333334,0.5,0.16666666666666674
emotion,12_20,pointy,ConvNeXt Small,head_model,3,0.675,0.5,0.3500000000000001
emotion,12_20,pointy,ConvNeXt Small,head_model,4,0.7333333333333333,0.5,0.46666666666666656
emotion,12_20,pointy,ConvNeXt Small,head_model,5,0.6916666666666667,0.5,0.3833333333333333
emotion,12_20,pointy,ConvNeXt Small,head_model,6,0.7166666666666667,0.5,0.43333333333333335
emotion,12_20,pointy,ConvNeXt Small,head_model,7,0.575,0.5,0.1499999999999999
emotion,12_20,pointy,ConvNeXt Small,head_model,8,0.675,0.5,0.3500000000000001
emotion,12_20,pointy,ConvNeXt Small,head_model,9,0.6666666666666666,0.5,0.33333333333333326
emotion,12_20,pointy,ConvNeXt Small,head_model,10,0.675,0.5,0.3500000000000001
emotion,12_20,pointy,ConvNeXt Tiny,head_model,1,0.6833333333333333,0.5,0.3666666666666667
emotion,12_20,pointy,ConvNeXt Tiny,head_model,2,0.5333333333333333,0.5,0.06666666666666665
emotion,12_20,pointy,ConvNeXt Tiny,head_model,3,0.575,0.5,0.1499999999999999
emotion,12_20,pointy,ConvNeXt Tiny,head_model,4,0.6666666666666666,0.5,0.33333333333333326
emotion,12_20,pointy,ConvNeXt Tiny,head_model,5,0.65,0.5,0.30000000000000004
emotion,12_20,pointy,ConvNeXt Tiny,head_model,6,0.6666666666666666,0.5,0.33333333333333326
emotion,12_20,pointy,ConvNeXt Tiny,head_model,7,0.5666666666666667,0.5,0.1333333333333333
emotion,12_20,pointy,ConvNeXt Tiny,head_model,8,0.5916666666666667,0.5,0.18333333333333335
emotion,12_20,pointy,ConvNeXt Tiny,head_model,9,0.525,0.5,0.050000000000000044
emotion,12_20,pointy,ConvNeXt Tiny,head_model,10,0.575,0.5,0.1499999999999999
emotion,12_20,pointy,DINOv3 ViT Base,head_model,1,0.5833333333333334,0.5,0.16666666666666674
emotion,12_20,pointy,DINOv3 ViT Base,head_model,2,0.5416666666666666,0.5,0.08333333333333326
emotion,12_20,pointy,DINOv3 ViT Base,head_model,3,0.5333333333333333,0.5,0.06666666666666665
emotion,12_20,pointy,DINOv3 ViT Base,head_model,4,0.55,0.5,0.10000000000000009
emotion,12_20,pointy,DINOv3 ViT Base,head_model,5,0.55,0.5,0.10000000000000009
emotion,12_20,pointy,DINOv3 ViT Base,head_model,6,0.6083333333333333,0.5,0.21666666666666656
emotion,12_20,pointy,DINOv3 ViT Base,head_model,7,0.5916666666666667,0.5,0.18333333333333335
emotion,12_20,pointy,DINOv3 ViT Base,head_model,8,0.675,0.5,0.3500000000000001
emotion,12_20,pointy,DINOv3 ViT Base,head_model,9,0.5166666666666667,0.5,0.03333333333333344
emotion,12_20,pointy,DINOv3 ViT Base,head_model,10,0.6,0.5,0.19999999999999996
emotion,12_20,pointy,ResNet18,head_model,1,0.5583333333333333,0.5,0.1166666666666667
emotion,12_20,pointy,ResNet18,head_model,2,0.5333333333333333,0.5,0.06666666666666665
emotion,12_20,pointy,ResNet18,head_model,3,0.6,0.5,0.19999999999999996
emotion,12_20,pointy,ResNet18,head_model,4,0.6416666666666667,0.5,0.28333333333333344
emotion,12_20,pointy,ResNet18,head_model,5,0.5083333333333333,0.5,0.016666666666666607
emotion,12_20,pointy,ResNet18,head_model,6,0.5583333333333333,0.5,0.1166666666666667
emotion,12_20,pointy,ResNet18,head_model,7,0.55,0.5,0.10000000000000009
emotion,12_20,pointy,ResNet18,head_model,8,0.5416666666666666,0.5,0.08333333333333326
emotion,12_20,pointy,ResNet18,head_model,9,0.5833333333333334,0.5,0.16666666666666674
emotion,12_20,pointy,ResNet18,head_model,10,0.5583333333333333,0.5,0.1166666666666667
emotion,12_20,pointy,ResNet50,head_model,1,0.5333333333333333,0.5,0.06666666666666665
emotion,12_20,pointy,ResNet50,head_model,2,0.525,0.5,0.050000000000000044
emotion,12_20,pointy,ResNet50,head_model,3,0.5916666666666667,0.5,0.18333333333333335
emotion,12_20,pointy,ResNet50,head_model,4,0.5833333333333334,0.5,0.16666666666666674
emotion,12_20,pointy,ResNet50,head_model,5,0.525,0.5,0.050000000000000044
emotion,12_20,pointy,ResNet50,head_model,6,0.55,0.5,0.10000000000000009
emotion,12_20,pointy,ResNet50,head_model,7,0.525,0.5,0.050000000000000044
emotion,12_20,pointy,ResNet50,head_model,8,0.525,0.5,0.050000000000000044
emotion,12_20,pointy,ResNet50,head_model,9,0.55,0.5,0.10000000000000009
emotion,12_20,pointy,ResNet50,head_model,10,0.5833333333333334,0.5,0.16666666666666674
emotion,12_20,pointy,VGG11,head_model,1,0.5666666666666667,0.5,0.1333333333333333
emotion,12_20,pointy,VGG11,head_model,2,0.525,0.5,0.050000000000000044
emotion,12_20,pointy,VGG11,head_model,3,0.6583333333333333,0.5,0.31666666666666665
emotion,12_20,pointy,VGG11,head_model,4,0.5833333333333334,0.5,0.16666666666666674
emotion,12_20,pointy,VGG11,head_model,5,0.5666666666666667,0.5,0.1333333333333333
emotion,12_20,pointy,VGG11,head_model,6,0.6083333333333333,0.5,0.21666666666666656
emotion,12_20,pointy,VGG11,head_model,7,0.5166666666666667,0.5,0.03333333333333344
emotion,12_20,pointy,VGG11,head_model,8,0.575,0.5,0.1499999999999999
emotion,12_20,pointy,VGG11,head_model,9,0.5666666666666667,0.5,0.1333333333333333
emotion,12_20,pointy,VGG11,head_model,10,0.6166666666666667,0.5,0.2333333333333334
emotion,12_20,pointy,VGG13,head_model,1,0.5,0.5,0.0
emotion,12_20,pointy,VGG13,head_model,2,0.49166666666666664,0.5,-0.01666666666666672
emotion,12_20,pointy,VGG13,head_model,3,0.575,0.5,0.1499999999999999
emotion,12_20,pointy,VGG13,head_model,4,0.5666666666666667,0.5,0.1333333333333333
emotion,12_20,pointy,VGG13,head_model,5,0.525,0.5,0.050000000000000044
emotion,12_20,pointy,VGG13,head_model,6,0.5583333333333333,0.5,0.1166666666666667
emotion,12_20,pointy,VGG13,head_model,7,0.5166666666666667,0.5,0.03333333333333344
emotion,12_20,pointy,VGG13,head_model,8,0.5083333333333333,0.5,0.016666666666666607
emotion,12_20,pointy,VGG13,head_model,9,0.5333333333333333,0.5,0.06666666666666665
emotion,12_20,pointy,VGG13,head_model,10,0.525,0.5,0.050000000000000044
emotion,12_20,pointy,VGG16,head_model,1,0.5583333333333333,0.5,0.1166666666666667
emotion,12_20,pointy,VGG16,head_model,2,0.5583333333333333,0.5,0.1166666666666667
emotion,12_20,pointy,VGG16,head_model,3,0.575,0.5,0.1499999999999999
emotion,12_20,pointy,VGG16,head_model,4,0.6083333333333333,0.5,0.21666666666666656
emotion,12_20,pointy,VGG16,head_model,5,0.55,0.5,0.10000000000000009
emotion,12_20,pointy,VGG16,head_model,6,0.5916666666666667,0.5,0.18333333333333335
emotion,12_20,pointy,VGG16,head_model,7,0.5333333333333333,0.5,0.06666666666666665
emotion,12_20,pointy,VGG16,head_model,8,0.5666666666666667,0.5,0.1333333333333333
emotion,12_20,pointy,VGG16,head_model,9,0.5583333333333333,0.5,0.1166666666666667
emotion,12_20,pointy,VGG16,head_model,10,0.55,0.5,0.10000000000000009
emotion,12_20,pointy,VGG19,head_model,1,0.5916666666666667,0.5,0.18333333333333335
emotion,12_20,pointy,VGG19,head_model,2,0.5666666666666667,0.5,0.1333333333333333
emotion,12_20,pointy,VGG19,head_model,3,0.5833333333333334,0.5,0.16666666666666674
emotion,12_20,pointy,VGG19,head_model,4,0.625,0.5,0.25
emotion,12_20,pointy,VGG19,head_model,5,0.5666666666666667,0.5,0.1333333333333333
emotion,12_20,pointy,VGG19,head_model,6,0.6333333333333333,0.5,0.2666666666666666
emotion,12_20,pointy,VGG19,head_model,7,0.5583333333333333,0.5,0.1166666666666667
emotion,12_20,pointy,VGG19,head_model,8,0.575,0.5,0.1499999999999999
emotion,12_20,pointy,VGG19,head_model,9,0.6,0.5,0.19999999999999996
emotion,12_20,pointy,VGG19,head_model,10,0.6,0.5,0.19999999999999996
emotion,12_20,pointy,ViT Base,head_model,1,0.6083333333333333,0.5,0.21666666666666656
emotion,12_20,pointy,ViT Base,head_model,2,0.675,0.5,0.3500000000000001
emotion,12_20,pointy,ViT Base,head_model,3,0.5416666666666666,0.5,0.08333333333333326
emotion,12_20,pointy,ViT Base,head_model,4,0.6416666666666667,0.5,0.28333333333333344
emotion,12_20,pointy,ViT Base,head_model,5,0.6083333333333333,0.5,0.21666666666666656
emotion,12_20,pointy,ViT Base,head_model,6,0.6166666666666667,0.5,0.2333333333333334
emotion,12_20,pointy,ViT Base,head_model,7,0.6166666666666667,0.5,0.2333333333333334
emotion,12_20,pointy,ViT Base,head_model,8,0.6583333333333333,0.5,0.31666666666666665
emotion,12_20,pointy,ViT Base,head_model,9,0.6166666666666667,0.5,0.2333333333333334
emotion,12_20,pointy,ViT Base,head_model,10,0.625,0.5,0.25
emotion,12_20,pointy,ViT Large,head_model,1,0.675,0.5,0.3500000000000001
emotion,12_20,pointy,ViT Large,head_model,2,0.5666666666666667,0.5,0.1333333333333333
emotion,12_20,pointy,ViT Large,head_model,3,0.7,0.5,0.3999999999999999
emotion,12_20,pointy,ViT Large,head_model,4,0.525,0.5,0.050000000000000044
emotion,12_20,pointy,ViT Large,head_model,5,0.625,0.5,0.25
emotion,12_20,pointy,ViT Large,head_model,6,0.625,0.5,0.25
emotion,12_20,pointy,ViT Large,head_model,7,0.5666666666666667,0.5,0.1333333333333333
emotion,12_20,pointy,ViT Large,head_model,8,0.5333333333333333,0.5,0.06666666666666665
emotion,12_20,pointy,ViT Large,head_model,9,0.6666666666666666,0.5,0.33333333333333326
emotion,12_20,pointy,ViT Large,head_model,10,0.6833333333333333,0.5,0.3666666666666667
emotion,12_20,pointy,ViT Small,head_model,1,0.5666666666666667,0.5,0.1333333333333333
emotion,12_20,pointy,ViT Small,head_model,2,0.5583333333333333,0.5,0.1166666666666667
emotion,12_20,pointy,ViT Small,head_model,3,0.5583333333333333,0.5,0.1166666666666667
emotion,12_20,pointy,ViT Small,head_model,4,0.575,0.5,0.1499999999999999
emotion,12_20,pointy,ViT Small,head_model,5,0.575,0.5,0.1499999999999999
emotion,12_20,pointy,ViT Small,head_model,6,0.55,0.5,0.10000000000000009
emotion,12_20,pointy,ViT Small,head_model,7,0.6166666666666667,0.5,0.2333333333333334
emotion,12_20,pointy,ViT Small,head_model,8,0.5833333333333334,0.5,0.16666666666666674
emotion,12_20,pointy,ViT Small,head_model,9,0.525,0.5,0.050000000000000044
emotion,12_20,pointy,ViT Small,head_model,10,0.4583333333333333,0.5,-0.08333333333333337
emotion,12_20,streaky,ConvNeXt Base,head_model,1,0.725,0.5,0.44999999999999996
emotion,12_20,streaky,ConvNeXt Base,head_model,2,0.575,0.5,0.1499999999999999
emotion,12_20,streaky,ConvNeXt Base,head_model,3,0.6833333333333333,0.5,0.3666666666666667
emotion,12_20,streaky,ConvNeXt Base,head_model,4,0.675,0.5,0.3500000000000001
emotion,12_20,streaky,ConvNeXt Base,head_model,5,0.7416666666666667,0.5,0.4833333333333334
emotion,12_20,streaky,ConvNeXt Base,head_model,6,0.6333333333333333,0.5,0.2666666666666666
emotion,12_20,streaky,ConvNeXt Base,head_model,7,0.7166666666666667,0.5,0.43333333333333335
emotion,12_20,streaky,ConvNeXt Base,head_model,8,0.6666666666666666,0.5,0.33333333333333326
emotion,12_20,streaky,ConvNeXt Base,head_model,9,0.6416666666666667,0.5,0.28333333333333344
emotion,12_20,streaky,ConvNeXt Base,head_model,10,0.6916666666666667,0.5,0.3833333333333333
emotion,12_20,streaky,ConvNeXt Large,head_model,1,0.8166666666666667,0.5,0.6333333333333333
emotion,12_20,streaky,ConvNeXt Large,head_model,2,0.6666666666666666,0.5,0.33333333333333326
emotion,12_20,streaky,ConvNeXt Large,head_model,3,0.7916666666666666,0.5,0.5833333333333333
emotion,12_20,streaky,ConvNeXt Large,head_model,4,0.775,0.5,0.55
emotion,12_20,streaky,ConvNeXt Large,head_model,5,0.775,0.5,0.55
emotion,12_20,streaky,ConvNeXt Large,head_model,6,0.6916666666666667,0.5,0.3833333333333333
emotion,12_20,streaky,ConvNeXt Large,head_model,7,0.7916666666666666,0.5,0.5833333333333333
emotion,12_20,streaky,ConvNeXt Large,head_model,8,0.7,0.5,0.3999999999999999
emotion,12_20,streaky,ConvNeXt Large,head_model,9,0.7083333333333334,0.5,0.41666666666666674
emotion,12_20,streaky,ConvNeXt Large,head_model,10,0.825,0.5,0.6499999999999999
emotion,12_20,streaky,ConvNeXt Small,head_model,1,0.7,0.5,0.3999999999999999
emotion,12_20,streaky,ConvNeXt Small,head_model,2,0.5666666666666667,0.5,0.1333333333333333
emotion,12_20,streaky,ConvNeXt Small,head_model,3,0.6416666666666667,0.5,0.28333333333333344
emotion,12_20,streaky,ConvNeXt Small,head_model,4,0.6833333333333333,0.5,0.3666666666666667
emotion,12_20,streaky,ConvNeXt Small,head_model,5,0.6333333333333333,0.5,0.2666666666666666
emotion,12_20,streaky,ConvNeXt Small,head_model,6,0.625,0.5,0.25
emotion,12_20,streaky,ConvNeXt Small,head_model,7,0.6166666666666667,0.5,0.2333333333333334
emotion,12_20,streaky,ConvNeXt Small,head_model,8,0.6333333333333333,0.5,0.2666666666666666
emotion,12_20,streaky,ConvNeXt Small,head_model,9,0.6333333333333333,0.5,0.2666666666666666
emotion,12_20,streaky,ConvNeXt Small,head_model,10,0.675,0.5,0.3500000000000001
emotion,12_20,streaky,ConvNeXt Tiny,head_model,1,0.7833333333333333,0.5,0.5666666666666667
emotion,12_20,streaky,ConvNeXt Tiny,head_model,2,0.5666666666666667,0.5,0.1333333333333333
emotion,12_20,streaky,ConvNeXt Tiny,head_model,3,0.8083333333333333,0.5,0.6166666666666667
emotion,12_20,streaky,ConvNeXt Tiny,head_model,4,0.7416666666666667,0.5,0.4833333333333334
emotion,12_20,streaky,ConvNeXt Tiny,head_model,5,0.7583333333333333,0.5,0.5166666666666666
emotion,12_20,streaky,ConvNeXt Tiny,head_model,6,0.7083333333333334,0.5,0.41666666666666674
emotion,12_20,streaky,ConvNeXt Tiny,head_model,7,0.775,0.5,0.55
emotion,12_20,streaky,ConvNeXt Tiny,head_model,8,0.7166666666666667,0.5,0.43333333333333335
emotion,12_20,streaky,ConvNeXt Tiny,head_model,9,0.6416666666666667,0.5,0.28333333333333344
emotion,12_20,streaky,ConvNeXt Tiny,head_model,10,0.7666666666666667,0.5,0.5333333333333334
emotion,12_20,streaky,DINOv3 ViT Base,head_model,1,0.65,0.5,0.30000000000000004
emotion,12_20,streaky,DINOv3 ViT Base,head_model,2,0.6333333333333333,0.5,0.2666666666666666
emotion,12_20,streaky,DINOv3 ViT Base,head_model,3,0.7666666666666667,0.5,0.5333333333333334
emotion,12_20,streaky,DINOv3 ViT Base,head_model,4,0.6833333333333333,0.5,0.3666666666666667
emotion,12_20,streaky,DINOv3 ViT Base,head_model,5,0.6833333333333333,0.5,0.3666666666666667
emotion,12_20,streaky,DINOv3 ViT Base,head_model,6,0.75,0.5,0.5
emotion,12_20,streaky,DINOv3 ViT Base,head_model,7,0.725,0.5,0.44999999999999996
emotion,12_20,streaky,DINOv3 ViT Base,head_model,8,0.6916666666666667,0.5,0.3833333333333333
emotion,12_20,streaky,DINOv3 ViT Base,head_model,9,0.75,0.5,0.5
emotion,12_20,streaky,DINOv3 ViT Base,head_model,10,0.775,0.5,0.55
emotion,12_20,streaky,ResNet18,head_model,1,0.625,0.5,0.25
emotion,12_20,streaky,ResNet18,head_model,2,0.5916666666666667,0.5,0.18333333333333335
emotion,12_20,streaky,ResNet18,head_model,3,0.5833333333333334,0.5,0.16666666666666674
emotion,12_20,streaky,ResNet18,head_model,4,0.6083333333333333,0.5,0.21666666666666656
emotion,12_20,streaky,ResNet18,head_model,5,0.5916666666666667,0.5,0.18333333333333335
emotion,12_20,streaky,ResNet18,head_model,6,0.7,0.5,0.3999999999999999
emotion,12_20,streaky,ResNet18,head_model,7,0.6916666666666667,0.5,0.3833333333333333
emotion,12_20,streaky,ResNet18,head_model,8,0.5833333333333334,0.5,0.16666666666666674
emotion,12_20,streaky,ResNet18,head_model,9,0.6583333333333333,0.5,0.31666666666666665
emotion,12_20,streaky,ResNet18,head_model,10,0.5833333333333334,0.5,0.16666666666666674
emotion,12_20,streaky,ResNet50,head_model,1,0.7166666666666667,0.5,0.43333333333333335
emotion,12_20,streaky,ResNet50,head_model,2,0.6833333333333333,0.5,0.3666666666666667
emotion,12_20,streaky,ResNet50,head_model,3,0.7083333333333334,0.5,0.41666666666666674
emotion,12_20,streaky,ResNet50,head_model,4,0.725,0.5,0.44999999999999996
emotion,12_20,streaky,ResNet50,head_model,5,0.7166666666666667,0.5,0.43333333333333335
emotion,12_20,streaky,ResNet50,head_model,6,0.7416666666666667,0.5,0.4833333333333334
emotion,12_20,streaky,ResNet50,head_model,7,0.725,0.5,0.44999999999999996
emotion,12_20,streaky,ResNet50,head_model,8,0.7083333333333334,0.5,0.41666666666666674
emotion,12_20,streaky,ResNet50,head_model,9,0.7333333333333333,0.5,0.46666666666666656
emotion,12_20,streaky,ResNet50,head_model,10,0.65,0.5,0.30000000000000004
emotion,12_20,streaky,VGG11,head_model,1,0.7333333333333333,0.5,0.46666666666666656
emotion,12_20,streaky,VGG11,head_model,2,0.575,0.5,0.1499999999999999
emotion,12_20,streaky,VGG11,head_model,3,0.6833333333333333,0.5,0.3666666666666667
emotion,12_20,streaky,VGG11,head_model,4,0.6083333333333333,0.5,0.21666666666666656
emotion,12_20,streaky,VGG11,head_model,5,0.6416666666666667,0.5,0.28333333333333344
emotion,12_20,streaky,VGG11,head_model,6,0.6333333333333333,0.5,0.2666666666666666
emotion,12_20,streaky,VGG11,head_model,7,0.6416666666666667,0.5,0.28333333333333344
emotion,12_20,streaky,VGG11,head_model,8,0.7333333333333333,0.5,0.46666666666666656
emotion,12_20,streaky,VGG11,head_model,9,0.6166666666666667,0.5,0.2333333333333334
emotion,12_20,streaky,VGG11,head_model,10,0.725,0.5,0.44999999999999996
emotion,12_20,streaky,VGG13,head_model,1,0.7,0.5,0.3999999999999999
emotion,12_20,streaky,VGG13,head_model,2,0.6,0.5,0.19999999999999996
emotion,12_20,streaky,VGG13,head_model,3,0.7,0.5,0.3999999999999999
emotion,12_20,streaky,VGG13,head_model,4,0.65,0.5,0.30000000000000004
emotion,12_20,streaky,VGG13,head_model,5,0.6666666666666666,0.5,0.33333333333333326
emotion,12_20,streaky,VGG13,head_model,6,0.6666666666666666,0.5,0.33333333333333326
emotion,12_20,streaky,VGG13,head_model,7,0.6583333333333333,0.5,0.31666666666666665
emotion,12_20,streaky,VGG13,head_model,8,0.675,0.5,0.3500000000000001
emotion,12_20,streaky,VGG13,head_model,9,0.6583333333333333,0.5,0.31666666666666665
emotion,12_20,streaky,VGG13,head_model,10,0.7,0.5,0.3999999999999999
emotion,12_20,streaky,VGG16,head_model,1,0.7416666666666667,0.5,0.4833333333333334
emotion,12_20,streaky,VGG16,head_model,2,0.5,0.5,0.0
emotion,12_20,streaky,VGG16,head_model,3,0.5833333333333334,0.5,0.16666666666666674
emotion,12_20,streaky,VGG16,head_model,4,0.6,0.5,0.19999999999999996
emotion,12_20,streaky,VGG16,head_model,5,0.6,0.5,0.19999999999999996
emotion,12_20,streaky,VGG16,head_model,6,0.5916666666666667,0.5,0.18333333333333335
emotion,12_20,streaky,VGG16,head_model,7,0.5916666666666667,0.5,0.18333333333333335
emotion,12_20,streaky,VGG16,head_model,8,0.625,0.5,0.25
emotion,12_20,streaky,VGG16,head_model,9,0.6,0.5,0.19999999999999996
emotion,12_20,streaky,VGG16,head_model,10,0.6583333333333333,0.5,0.31666666666666665
emotion,12_20,streaky,VGG19,head_model,1,0.65,0.5,0.30000000000000004
emotion,12_20,streaky,VGG19,head_model,2,0.5666666666666667,0.5,0.1333333333333333
emotion,12_20,streaky,VGG19,head_model,3,0.6,0.5,0.19999999999999996
emotion,12_20,streaky,VGG19,head_model,4,0.6166666666666667,0.5,0.2333333333333334
emotion,12_20,streaky,VGG19,head_model,5,0.5833333333333334,0.5,0.16666666666666674
emotion,12_20,streaky,VGG19,head_model,6,0.6166666666666667,0.5,0.2333333333333334
emotion,12_20,streaky,VGG19,head_model,7,0.5833333333333334,0.5,0.16666666666666674
emotion,12_20,streaky,VGG19,head_model,8,0.6,0.5,0.19999999999999996
emotion,12_20,streaky,VGG19,head_model,9,0.5916666666666667,0.5,0.18333333333333335
emotion,12_20,streaky,VGG19,head_model,10,0.5916666666666667,0.5,0.18333333333333335
emotion,12_20,streaky,ViT Base,head_model,1,0.6583333333333333,0.5,0.31666666666666665
emotion,12_20,streaky,ViT Base,head_model,2,0.7166666666666667,0.5,0.43333333333333335
emotion,12_20,streaky,ViT Base,head_model,3,0.7083333333333334,0.5,0.41666666666666674
emotion,12_20,streaky,ViT Base,head_model,4,0.7083333333333334,0.5,0.41666666666666674
emotion,12_20,streaky,ViT Base,head_model,5,0.5416666666666666,0.5,0.08333333333333326
emotion,12_20,streaky,ViT Base,head_model,6,0.5666666666666667,0.5,0.1333333333333333
emotion,12_20,streaky,ViT Base,head_model,7,0.7083333333333334,0.5,0.41666666666666674
emotion,12_20,streaky,ViT Base,head_model,8,0.6916666666666667,0.5,0.3833333333333333
emotion,12_20,streaky,ViT Base,head_model,9,0.5666666666666667,0.5,0.1333333333333333
emotion,12_20,streaky,ViT Base,head_model,10,0.6916666666666667,0.5,0.3833333333333333
emotion,12_20,streaky,ViT Large,head_model,1,0.7083333333333334,0.5,0.41666666666666674
emotion,12_20,streaky,ViT Large,head_model,2,0.6916666666666667,0.5,0.3833333333333333
emotion,12_20,streaky,ViT Large,head_model,3,0.65,0.5,0.30000000000000004
emotion,12_20,streaky,ViT Large,head_model,4,0.6833333333333333,0.5,0.3666666666666667
emotion,12_20,streaky,ViT Large,head_model,5,0.6333333333333333,0.5,0.2666666666666666
emotion,12_20,streaky,ViT Large,head_model,6,0.625,0.5,0.25
emotion,12_20,streaky,ViT Large,head_model,7,0.625,0.5,0.25
emotion,12_20,streaky,ViT Large,head_model,8,0.6166666666666667,0.5,0.2333333333333334
emotion,12_20,streaky,ViT Large,head_model,9,0.675,0.5,0.3500000000000001
emotion,12_20,streaky,ViT Large,head_model,10,0.6833333333333333,0.5,0.3666666666666667
emotion,12_20,streaky,ViT Small,head_model,1,0.7,0.5,0.3999999999999999
emotion,12_20,streaky,ViT Small,head_model,2,0.6416666666666667,0.5,0.28333333333333344
emotion,12_20,streaky,ViT Small,head_model,3,0.65,0.5,0.30000000000000004
emotion,12_20,streaky,ViT Small,head_model,4,0.6416666666666667,0.5,0.28333333333333344
emotion,12_20,streaky,ViT Small,head_model,5,0.65,0.5,0.30000000000000004
emotion,12_20,streaky,ViT Small,head_model,6,0.6583333333333333,0.5,0.31666666666666665
emotion,12_20,streaky,ViT Small,head_model,7,0.7,0.5,0.3999999999999999
emotion,12_20,streaky,ViT Small,head_model,8,0.7083333333333334,0.5,0.41666666666666674
emotion,12_20,streaky,ViT Small,head_model,9,0.6666666666666666,0.5,0.33333333333333326
emotion,12_20,streaky,ViT Small,head_model,10,0.7,0.5,0.3999999999999999
emotion,6_10,pointy,ConvNeXt Base,head_model,1,0.5083333333333333,0.5,0.016666666666666607
emotion,6_10,pointy,ConvNeXt Base,head_model,2,0.6083333333333333,0.5,0.21666666666666656
emotion,6_10,pointy,ConvNeXt Base,head_model,3,0.5,0.5,0.0
emotion,6_10,pointy,ConvNeXt Base,head_model,4,0.6333333333333333,0.5,0.2666666666666666
emotion,6_10,pointy,ConvNeXt Base,head_model,5,0.5,0.5,0.0
emotion,6_10,pointy,ConvNeXt Base,head_model,6,0.5333333333333333,0.5,0.06666666666666665
emotion,6_10,pointy,ConvNeXt Base,head_model,7,0.5083333333333333,0.5,0.016666666666666607
emotion,6_10,pointy,ConvNeXt Base,head_model,8,0.5166666666666667,0.5,0.03333333333333344
emotion,6_10,pointy,ConvNeXt Base,head_model,9,0.55,0.5,0.10000000000000009
emotion,6_10,pointy,ConvNeXt Base,head_model,10,0.725,0.5,0.44999999999999996
emotion,6_10,pointy,ConvNeXt Large,head_model,1,0.5166666666666667,0.5,0.03333333333333344
emotion,6_10,pointy,ConvNeXt Large,head_model,2,0.6333333333333333,0.5,0.2666666666666666
emotion,6_10,pointy,ConvNeXt Large,head_model,3,0.5166666666666667,0.5,0.03333333333333344
emotion,6_10,pointy,ConvNeXt Large,head_model,4,0.65,0.5,0.30000000000000004
emotion,6_10,pointy,ConvNeXt Large,head_model,5,0.5166666666666667,0.5,0.03333333333333344
emotion,6_10,pointy,ConvNeXt Large,head_model,6,0.525,0.5,0.050000000000000044
emotion,6_10,pointy,ConvNeXt Large,head_model,7,0.525,0.5,0.050000000000000044
emotion,6_10,pointy,ConvNeXt Large,head_model,8,0.5166666666666667,0.5,0.03333333333333344
emotion,6_10,pointy,ConvNeXt Large,head_model,9,0.5166666666666667,0.5,0.03333333333333344
emotion,6_10,pointy,ConvNeXt Large,head_model,10,0.725,0.5,0.44999999999999996
emotion,6_10,pointy,ConvNeXt Small,head_model,1,0.5166666666666667,0.5,0.03333333333333344
emotion,6_10,pointy,ConvNeXt Small,head_model,2,0.6333333333333333,0.5,0.2666666666666666
emotion,6_10,pointy,ConvNeXt Small,head_model,3,0.5083333333333333,0.5,0.016666666666666607
emotion,6_10,pointy,ConvNeXt Small,head_model,4,0.6833333333333333,0.5,0.3666666666666667
emotion,6_10,pointy,ConvNeXt Small,head_model,5,0.5083333333333333,0.5,0.016666666666666607
emotion,6_10,pointy,ConvNeXt Small,head_model,6,0.5583333333333333,0.5,0.1166666666666667
emotion,6_10,pointy,ConvNeXt Small,head_model,7,0.5083333333333333,0.5,0.016666666666666607
emotion,6_10,pointy,ConvNeXt Small,head_model,8,0.5166666666666667,0.5,0.03333333333333344
emotion,6_10,pointy,ConvNeXt Small,head_model,9,0.5916666666666667,0.5,0.18333333333333335
emotion,6_10,pointy,ConvNeXt Small,head_model,10,0.7666666666666667,0.5,0.5333333333333334
emotion,6_10,pointy,ConvNeXt Tiny,head_model,1,0.5,0.5,0.0
emotion,6_10,pointy,ConvNeXt Tiny,head_model,2,0.6583333333333333,0.5,0.31666666666666665
emotion,6_10,pointy,ConvNeXt Tiny,head_model,3,0.5,0.5,0.0
emotion,6_10,pointy,ConvNeXt Tiny,head_model,4,0.6333333333333333,0.5,0.2666666666666666
emotion,6_10,pointy,ConvNeXt Tiny,head_model,5,0.5,0.5,0.0
emotion,6_10,pointy,ConvNeXt Tiny,head_model,6,0.55,0.5,0.10000000000000009
emotion,6_10,pointy,ConvNeXt Tiny,head_model,7,0.5333333333333333,0.5,0.06666666666666665
emotion,6_10,pointy,ConvNeXt Tiny,head_model,8,0.5,0.5,0.0
emotion,6_10,pointy,ConvNeXt Tiny,head_model,9,0.5333333333333333,0.5,0.06666666666666665
emotion,6_10,pointy,ConvNeXt Tiny,head_model,10,0.75,0.5,0.5
emotion,6_10,pointy,DINOv3 ViT Base,head_model,1,0.7166666666666667,0.5,0.43333333333333335
emotion,6_10,pointy,DINOv3 ViT Base,head_model,2,0.5416666666666666,0.5,0.08333333333333326
emotion,6_10,pointy,DINOv3 ViT Base,head_model,3,0.6083333333333333,0.5,0.21666666666666656
emotion,6_10,pointy,DINOv3 ViT Base,head_model,4,0.5083333333333333,0.5,0.016666666666666607
emotion,6_10,pointy,DINOv3 ViT Base,head_model,5,0.65,0.5,0.30000000000000004
emotion,6_10,pointy,DINOv3 ViT Base,head_model,6,0.6666666666666666,0.5,0.33333333333333326
emotion,6_10,pointy,DINOv3 ViT Base,head_model,7,0.6916666666666667,0.5,0.3833333333333333
emotion,6_10,pointy,DINOv3 ViT Base,head_model,8,0.5,0.5,0.0
emotion,6_10,pointy,DINOv3 ViT Base,head_model,9,0.7166666666666667,0.5,0.43333333333333335
emotion,6_10,pointy,DINOv3 ViT Base,head_model,10,0.5,0.5,0.0
emotion,6_10,pointy,ResNet18,head_model,1,0.5083333333333333,0.5,0.016666666666666607
emotion,6_10,pointy,ResNet18,head_model,2,0.5,0.5,0.0
emotion,6_10,pointy,ResNet18,head_model,3,0.5,0.5,0.0
emotion,6_10,pointy,ResNet18,head_model,4,0.525,0.5,0.050000000000000044
emotion,6_10,pointy,ResNet18,head_model,5,0.5083333333333333,0.5,0.016666666666666607
emotion,6_10,pointy,ResNet18,head_model,6,0.6083333333333333,0.5,0.21666666666666656
emotion,6_10,pointy,ResNet18,head_model,7,0.5083333333333333,0.5,0.016666666666666607
emotion,6_10,pointy,ResNet18,head_model,8,0.5166666666666667,0.5,0.03333333333333344
emotion,6_10,pointy,ResNet18,head_model,9,0.5166666666666667,0.5,0.03333333333333344
emotion,6_10,pointy,ResNet18,head_model,10,0.5083333333333333,0.5,0.016666666666666607
emotion,6_10,pointy,ResNet50,head_model,1,0.5083333333333333,0.5,0.016666666666666607
emotion,6_10,pointy,ResNet50,head_model,2,0.5,0.5,0.0
emotion,6_10,pointy,ResNet50,head_model,3,0.5,0.5,0.0
emotion,6_10,pointy,ResNet50,head_model,4,0.5166666666666667,0.5,0.03333333333333344
emotion,6_10,pointy,ResNet50,head_model,5,0.525,0.5,0.050000000000000044
emotion,6_10,pointy,ResNet50,head_model,6,0.5416666666666666,0.5,0.08333333333333326
emotion,6_10,pointy,ResNet50,head_model,7,0.5,0.5,0.0
emotion,6_10,pointy,ResNet50,head_model,8,0.5333333333333333,0.5,0.06666666666666665
emotion,6_10,pointy,ResNet50,head_model,9,0.5333333333333333,0.5,0.06666666666666665
emotion,6_10,pointy,ResNet50,head_model,10,0.5083333333333333,0.5,0.016666666666666607
emotion,6_10,pointy,VGG11,head_model,1,0.5083333333333333,0.5,0.016666666666666607
emotion,6_10,pointy,VGG11,head_model,2,0.6416666666666667,0.5,0.28333333333333344
emotion,6_10,pointy,VGG11,head_model,3,0.49166666666666664,0.5,-0.01666666666666672
emotion,6_10,pointy,VGG11,head_model,4,0.65,0.5,0.30000000000000004
emotion,6_10,pointy,VGG11,head_model,5,0.5,0.5,0.0
emotion,6_10,pointy,VGG11,head_model,6,0.49166666666666664,0.5,-0.01666666666666672
emotion,6_10,pointy,VGG11,head_model,7,0.5,0.5,0.0
emotion,6_10,pointy,VGG11,head_model,8,0.5083333333333333,0.5,0.016666666666666607
emotion,6_10,pointy,VGG11,head_model,9,0.5666666666666667,0.5,0.1333333333333333
emotion,6_10,pointy,VGG11,head_model,10,0.65,0.5,0.30000000000000004
emotion,6_10,pointy,VGG13,head_model,1,0.55,0.5,0.10000000000000009
emotion,6_10,pointy,VGG13,head_model,2,0.775,0.5,0.55
emotion,6_10,pointy,VGG13,head_model,3,0.525,0.5,0.050000000000000044
emotion,6_10,pointy,VGG13,head_model,4,0.7416666666666667,0.5,0.4833333333333334
emotion,6_10,pointy,VGG13,head_model,5,0.525,0.5,0.050000000000000044
emotion,6_10,pointy,VGG13,head_model,6,0.5083333333333333,0.5,0.016666666666666607
emotion,6_10,pointy,VGG13,head_model,7,0.5166666666666667,0.5,0.03333333333333344
emotion,6_10,pointy,VGG13,head_model,8,0.5166666666666667,0.5,0.03333333333333344
emotion,6_10,pointy,VGG13,head_model,9,0.575,0.5,0.1499999999999999
emotion,6_10,pointy,VGG13,head_model,10,0.6916666666666667,0.5,0.3833333333333333
emotion,6_10,pointy,VGG16,head_model,1,0.5166666666666667,0.5,0.03333333333333344
emotion,6_10,pointy,VGG16,head_model,2,0.6916666666666667,0.5,0.3833333333333333
emotion,6_10,pointy,VGG16,head_model,3,0.5333333333333333,0.5,0.06666666666666665
emotion,6_10,pointy,VGG16,head_model,4,0.6166666666666667,0.5,0.2333333333333334
emotion,6_10,pointy,VGG16,head_model,5,0.5333333333333333,0.5,0.06666666666666665
emotion,6_10,pointy,VGG16,head_model,6,0.5083333333333333,0.5,0.016666666666666607
emotion,6_10,pointy,VGG16,head_model,7,0.525,0.5,0.050000000000000044
emotion,6_10,pointy,VGG16,head_model,8,0.525,0.5,0.050000000000000044
emotion,6_10,pointy,VGG16,head_model,9,0.5833333333333334,0.5,0.16666666666666674
emotion,6_10,pointy,VGG16,head_model,10,0.6666666666666666,0.5,0.33333333333333326
emotion,6_10,pointy,VGG19,head_model,1,0.525,0.5,0.050000000000000044
emotion,6_10,pointy,VGG19,head_model,2,0.7,0.5,0.3999999999999999
emotion,6_10,pointy,VGG19,head_model,3,0.5166666666666667,0.5,0.03333333333333344
emotion,6_10,pointy,VGG19,head_model,4,0.6583333333333333,0.5,0.31666666666666665
emotion,6_10,pointy,VGG19,head_model,5,0.525,0.5,0.050000000000000044
emotion,6_10,pointy,VGG19,head_model,6,0.5,0.5,0.0
emotion,6_10,pointy,VGG19,head_model,7,0.5166666666666667,0.5,0.03333333333333344
emotion,6_10,pointy,VGG19,head_model,8,0.5083333333333333,0.5,0.016666666666666607
emotion,6_10,pointy,VGG19,head_model,9,0.5333333333333333,0.5,0.06666666666666665
emotion,6_10,pointy,VGG19,head_model,10,0.6666666666666666,0.5,0.33333333333333326
emotion,6_10,pointy,ViT Base,head_model,1,0.675,0.5,0.3500000000000001
emotion,6_10,pointy,ViT Base,head_model,2,0.575,0.5,0.1499999999999999
emotion,6_10,pointy,ViT Base,head_model,3,0.5,0.5,0.0
emotion,6_10,pointy,ViT Base,head_model,4,0.5083333333333333,0.5,0.016666666666666607
emotion,6_10,pointy,ViT Base,head_model,5,0.65,0.5,0.30000000000000004
emotion,6_10,pointy,ViT Base,head_model,6,0.5583333333333333,0.5,0.1166666666666667
emotion,6_10,pointy,ViT Base,head_model,7,0.525,0.5,0.050000000000000044
emotion,6_10,pointy,ViT Base,head_model,8,0.6333333333333333,0.5,0.2666666666666666
emotion,6_10,pointy,ViT Base,head_model,9,0.5833333333333334,0.5,0.16666666666666674
emotion,6_10,pointy,ViT Base,head_model,10,0.5333333333333333,0.5,0.06666666666666665
emotion,6_10,pointy,ViT Large,head_model,1,0.625,0.5,0.25
emotion,6_10,pointy,ViT Large,head_model,2,0.6416666666666667,0.5,0.28333333333333344
emotion,6_10,pointy,ViT Large,head_model,3,0.5666666666666667,0.5,0.1333333333333333
emotion,6_10,pointy,ViT Large,head_model,4,0.6083333333333333,0.5,0.21666666666666656
emotion,6_10,pointy,ViT Large,head_model,5,0.6333333333333333,0.5,0.2666666666666666
emotion,6_10,pointy,ViT Large,head_model,6,0.575,0.5,0.1499999999999999
emotion,6_10,pointy,ViT Large,head_model,7,0.5083333333333333,0.5,0.016666666666666607
emotion,6_10,pointy,ViT Large,head_model,8,0.65,0.5,0.30000000000000004
emotion,6_10,pointy,ViT Large,head_model,9,0.5916666666666667,0.5,0.18333333333333335
emotion,6_10,pointy,ViT Large,head_model,10,0.5666666666666667,0.5,0.1333333333333333
emotion,6_10,pointy,ViT Small,head_model,1,0.5666666666666667,0.5,0.1333333333333333
emotion,6_10,pointy,ViT Small,head_model,2,0.65,0.5,0.30000000000000004
emotion,6_10,pointy,ViT Small,head_model,3,0.625,0.5,0.25
emotion,6_10,pointy,ViT Small,head_model,4,0.7,0.5,0.3999999999999999
emotion,6_10,pointy,ViT Small,head_model,5,0.5916666666666667,0.5,0.18333333333333335
emotion,6_10,pointy,ViT Small,head_model,6,0.7583333333333333,0.5,0.5166666666666666
emotion,6_10,pointy,ViT Small,head_model,7,0.5333333333333333,0.5,0.06666666666666665
emotion,6_10,pointy,ViT Small,head_model,8,0.6666666666666666,0.5,0.33333333333333326
emotion,6_10,pointy,ViT Small,head_model,9,0.5916666666666667,0.5,0.18333333333333335
emotion,6_10,pointy,ViT Small,head_model,10,0.6166666666666667,0.5,0.2333333333333334
emotion,6_10,streaky,ConvNeXt Base,head_model,1,0.525,0.5,0.050000000000000044
emotion,6_10,streaky,ConvNeXt Base,head_model,2,0.5333333333333333,0.5,0.06666666666666665
emotion,6_10,streaky,ConvNeXt Base,head_model,3,0.6333333333333333,0.5,0.2666666666666666
emotion,6_10,streaky,ConvNeXt Base,head_model,4,0.6083333333333333,0.5,0.21666666666666656
emotion,6_10,streaky,ConvNeXt Base,head_model,5,0.5833333333333334,0.5,0.16666666666666674
emotion,6_10,streaky,ConvNeXt Base,head_model,6,0.5,0.5,0.0
emotion,6_10,streaky,ConvNeXt Base,head_model,7,0.5416666666666666,0.5,0.08333333333333326
emotion,6_10,streaky,ConvNeXt Base,head_model,8,0.525,0.5,0.050000000000000044
emotion,6_10,streaky,ConvNeXt Base,head_model,9,0.5916666666666667,0.5,0.18333333333333335
emotion,6_10,streaky,ConvNeXt Base,head_model,10,0.5333333333333333,0.5,0.06666666666666665
emotion,6_10,streaky,ConvNeXt Large,head_model,1,0.5416666666666666,0.5,0.08333333333333326
emotion,6_10,streaky,ConvNeXt Large,head_model,2,0.5666666666666667,0.5,0.1333333333333333
emotion,6_10,streaky,ConvNeXt Large,head_model,3,0.6416666666666667,0.5,0.28333333333333344
emotion,6_10,streaky,ConvNeXt Large,head_model,4,0.625,0.5,0.25
emotion,6_10,streaky,ConvNeXt Large,head_model,5,0.5583333333333333,0.5,0.1166666666666667
emotion,6_10,streaky,ConvNeXt Large,head_model,6,0.5333333333333333,0.5,0.06666666666666665
emotion,6_10,streaky,ConvNeXt Large,head_model,7,0.5833333333333334,0.5,0.16666666666666674
emotion,6_10,streaky,ConvNeXt Large,head_model,8,0.575,0.5,0.1499999999999999
emotion,6_10,streaky,ConvNeXt Large,head_model,9,0.575,0.5,0.1499999999999999
emotion,6_10,streaky,ConvNeXt Large,head_model,10,0.5583333333333333,0.5,0.1166666666666667
emotion,6_10,streaky,ConvNeXt Small,head_model,1,0.525,0.5,0.050000000000000044
emotion,6_10,streaky,ConvNeXt Small,head_model,2,0.525,0.5,0.050000000000000044
emotion,6_10,streaky,ConvNeXt Small,head_model,3,0.6583333333333333,0.5,0.31666666666666665
emotion,6_10,streaky,ConvNeXt Small,head_model,4,0.6666666666666666,0.5,0.33333333333333326
emotion,6_10,streaky,ConvNeXt Small,head_model,5,0.6083333333333333,0.5,0.21666666666666656
emotion,6_10,streaky,ConvNeXt Small,head_model,6,0.5,0.5,0.0
emotion,6_10,streaky,ConvNeXt Small,head_model,7,0.55,0.5,0.10000000000000009
emotion,6_10,streaky,ConvNeXt Small,head_model,8,0.5416666666666666,0.5,0.08333333333333326
emotion,6_10,streaky,ConvNeXt Small,head_model,9,0.6166666666666667,0.5,0.2333333333333334
emotion,6_10,streaky,ConvNeXt Small,head_model,10,0.5583333333333333,0.5,0.1166666666666667
emotion,6_10,streaky,ConvNeXt Tiny,head_model,1,0.525,0.5,0.050000000000000044
emotion,6_10,streaky,ConvNeXt Tiny,head_model,2,0.5333333333333333,0.5,0.06666666666666665
emotion,6_10,streaky,ConvNeXt Tiny,head_model,3,0.55,0.5,0.10000000000000009
emotion,6_10,streaky,ConvNeXt Tiny,head_model,4,0.625,0.5,0.25
emotion,6_10,streaky,ConvNeXt Tiny,head_model,5,0.55,0.5,0.10000000000000009
emotion,6_10,streaky,ConvNeXt Tiny,head_model,6,0.5166666666666667,0.5,0.03333333333333344
emotion,6_10,streaky,ConvNeXt Tiny,head_model,7,0.5166666666666667,0.5,0.03333333333333344
emotion,6_10,streaky,ConvNeXt Tiny,head_model,8,0.5416666666666666,0.5,0.08333333333333326
emotion,6_10,streaky,ConvNeXt Tiny,head_model,9,0.6166666666666667,0.5,0.2333333333333334
emotion,6_10,streaky,ConvNeXt Tiny,head_model,10,0.5333333333333333,0.5,0.06666666666666665
emotion,6_10,streaky,DINOv3 ViT Base,head_model,1,0.5916666666666667,0.5,0.18333333333333335
emotion,6_10,streaky,DINOv3 ViT Base,head_model,2,0.5166666666666667,0.5,0.03333333333333344
emotion,6_10,streaky,DINOv3 ViT Base,head_model,3,0.6166666666666667,0.5,0.2333333333333334
emotion,6_10,streaky,DINOv3 ViT Base,head_model,4,0.5916666666666667,0.5,0.18333333333333335
emotion,6_10,streaky,DINOv3 ViT Base,head_model,5,0.6666666666666666,0.5,0.33333333333333326
emotion,6_10,streaky,DINOv3 ViT Base,head_model,6,0.6,0.5,0.19999999999999996
emotion,6_10,streaky,DINOv3 ViT Base,head_model,7,0.65,0.5,0.30000000000000004
emotion,6_10,streaky,DINOv3 ViT Base,head_model,8,0.5083333333333333,0.5,0.016666666666666607
emotion,6_10,streaky,DINOv3 ViT Base,head_model,9,0.5666666666666667,0.5,0.1333333333333333
emotion,6_10,streaky,DINOv3 ViT Base,head_model,10,0.5916666666666667,0.5,0.18333333333333335
emotion,6_10,streaky,ResNet18,head_model,1,0.5666666666666667,0.5,0.1333333333333333
emotion,6_10,streaky,ResNet18,head_model,2,0.5833333333333334,0.5,0.16666666666666674
emotion,6_10,streaky,ResNet18,head_model,3,0.6166666666666667,0.5,0.2333333333333334
emotion,6_10,streaky,ResNet18,head_model,4,0.5583333333333333,0.5,0.1166666666666667
emotion,6_10,streaky,ResNet18,head_model,5,0.5833333333333334,0.5,0.16666666666666674
emotion,6_10,streaky,ResNet18,head_model,6,0.5166666666666667,0.5,0.03333333333333344
emotion,6_10,streaky,ResNet18,head_model,7,0.5333333333333333,0.5,0.06666666666666665
emotion,6_10,streaky,ResNet18,head_model,8,0.5583333333333333,0.5,0.1166666666666667
emotion,6_10,streaky,ResNet18,head_model,9,0.6,0.5,0.19999999999999996
emotion,6_10,streaky,ResNet18,head_model,10,0.6416666666666667,0.5,0.28333333333333344
emotion,6_10,streaky,ResNet50,head_model,1,0.575,0.5,0.1499999999999999
emotion,6_10,streaky,ResNet50,head_model,2,0.5833333333333334,0.5,0.16666666666666674
emotion,6_10,streaky,ResNet50,head_model,3,0.625,0.5,0.25
emotion,6_10,streaky,ResNet50,head_model,4,0.55,0.5,0.10000000000000009
emotion,6_10,streaky,ResNet50,head_model,5,0.5416666666666666,0.5,0.08333333333333326
emotion,6_10,streaky,ResNet50,head_model,6,0.5083333333333333,0.5,0.016666666666666607
emotion,6_10,streaky,ResNet50,head_model,7,0.5083333333333333,0.5,0.016666666666666607
emotion,6_10,streaky,ResNet50,head_model,8,0.5166666666666667,0.5,0.03333333333333344
emotion,6_10,streaky,ResNet50,head_model,9,0.5916666666666667,0.5,0.18333333333333335
emotion,6_10,streaky,ResNet50,head_model,10,0.6083333333333333,0.5,0.21666666666666656
emotion,6_10,streaky,VGG11,head_model,1,0.5,0.5,0.0
emotion,6_10,streaky,VGG11,head_model,2,0.65,0.5,0.30000000000000004
emotion,6_10,streaky,VGG11,head_model,3,0.625,0.5,0.25
emotion,6_10,streaky,VGG11,head_model,4,0.6916666666666667,0.5,0.3833333333333333
emotion,6_10,streaky,VGG11,head_model,5,0.5833333333333334,0.5,0.16666666666666674
emotion,6_10,streaky,VGG11,head_model,6,0.5,0.5,0.0
emotion,6_10,streaky,VGG11,head_model,7,0.5333333333333333,0.5,0.06666666666666665
emotion,6_10,streaky,VGG11,head_model,8,0.5333333333333333,0.5,0.06666666666666665
emotion,6_10,streaky,VGG11,head_model,9,0.6416666666666667,0.5,0.28333333333333344
emotion,6_10,streaky,VGG11,head_model,10,0.5166666666666667,0.5,0.03333333333333344
emotion,6_10,streaky,VGG13,head_model,1,0.49166666666666664,0.5,-0.01666666666666672
emotion,6_10,streaky,VGG13,head_model,2,0.55,0.5,0.10000000000000009
emotion,6_10,streaky,VGG13,head_model,3,0.575,0.5,0.1499999999999999
emotion,6_10,streaky,VGG13,head_model,4,0.6583333333333333,0.5,0.31666666666666665
emotion,6_10,streaky,VGG13,head_model,5,0.5166666666666667,0.5,0.03333333333333344
emotion,6_10,streaky,VGG13,head_model,6,0.5,0.5,0.0
emotion,6_10,streaky,VGG13,head_model,7,0.5333333333333333,0.5,0.06666666666666665
emotion,6_10,streaky,VGG13,head_model,8,0.5583333333333333,0.5,0.1166666666666667
emotion,6_10,streaky,VGG13,head_model,9,0.55,0.5,0.10000000000000009
emotion,6_10,streaky,VGG13,head_model,10,0.5,0.5,0.0
emotion,6_10,streaky,VGG16,head_model,1,0.5083333333333333,0.5,0.016666666666666607
emotion,6_10,streaky,VGG16,head_model,2,0.5666666666666667,0.5,0.1333333333333333
emotion,6_10,streaky,VGG16,head_model,3,0.575,0.5,0.1499999999999999
emotion,6_10,streaky,VGG16,head_model,4,0.6,0.5,0.19999999999999996
emotion,6_10,streaky,VGG16,head_model,5,0.5416666666666666,0.5,0.08333333333333326
emotion,6_10,streaky,VGG16,head_model,6,0.5,0.5,0.0
emotion,6_10,streaky,VGG16,head_model,7,0.5666666666666667,0.5,0.1333333333333333
emotion,6_10,streaky,VGG16,head_model,8,0.5416666666666666,0.5,0.08333333333333326
emotion,6_10,streaky,VGG16,head_model,9,0.5833333333333334,0.5,0.16666666666666674
emotion,6_10,streaky,VGG16,head_model,10,0.575,0.5,0.1499999999999999
emotion,6_10,streaky,VGG19,head_model,1,0.5333333333333333,0.5,0.06666666666666665
emotion,6_10,streaky,VGG19,head_model,2,0.6,0.5,0.19999999999999996
emotion,6_10,streaky,VGG19,head_model,3,0.65,0.5,0.30000000000000004
emotion,6_10,streaky,VGG19,head_model,4,0.6333333333333333,0.5,0.2666666666666666
emotion,6_10,streaky,VGG19,head_model,5,0.5666666666666667,0.5,0.1333333333333333
emotion,6_10,streaky,VGG19,head_model,6,0.5166666666666667,0.5,0.03333333333333344
emotion,6_10,streaky,VGG19,head_model,7,0.65,0.5,0.30000000000000004
emotion,6_10,streaky,VGG19,head_model,8,0.5833333333333334,0.5,0.16666666666666674
emotion,6_10,streaky,VGG19,head_model,9,0.6,0.5,0.19999999999999996
emotion,6_10,streaky,VGG19,head_model,10,0.575,0.5,0.1499999999999999
emotion,6_10,streaky,ViT Base,head_model,1,0.55,0.5,0.10000000000000009
emotion,6_10,streaky,ViT Base,head_model,2,0.525,0.5,0.050000000000000044
emotion,6_10,streaky,ViT Base,head_model,3,0.525,0.5,0.050000000000000044
emotion,6_10,streaky,ViT Base,head_model,4,0.5833333333333334,0.5,0.16666666666666674
emotion,6_10,streaky,ViT Base,head_model,5,0.65,0.5,0.30000000000000004
emotion,6_10,streaky,ViT Base,head_model,6,0.5416666666666666,0.5,0.08333333333333326
emotion,6_10,streaky,ViT Base,head_model,7,0.6166666666666667,0.5,0.2333333333333334
emotion,6_10,streaky,ViT Base,head_model,8,0.5833333333333334,0.5,0.16666666666666674
emotion,6_10,streaky,ViT Base,head_model,9,0.525,0.5,0.050000000000000044
emotion,6_10,streaky,ViT Base,head_model,10,0.55,0.5,0.10000000000000009
emotion,6_10,streaky,ViT Large,head_model,1,0.6083333333333333,0.5,0.21666666666666656
emotion,6_10,streaky,ViT Large,head_model,2,0.5166666666666667,0.5,0.03333333333333344
emotion,6_10,streaky,ViT Large,head_model,3,0.65,0.5,0.30000000000000004
emotion,6_10,streaky,ViT Large,head_model,4,0.5916666666666667,0.5,0.18333333333333335
emotion,6_10,streaky,ViT Large,head_model,5,0.5333333333333333,0.5,0.06666666666666665
emotion,6_10,streaky,ViT Large,head_model,6,0.6,0.5,0.19999999999999996
emotion,6_10,streaky,ViT Large,head_model,7,0.6583333333333333,0.5,0.31666666666666665
emotion,6_10,streaky,ViT Large,head_model,8,0.5916666666666667,0.5,0.18333333333333335
emotion,6_10,streaky,ViT Large,head_model,9,0.6083333333333333,0.5,0.21666666666666656
emotion,6_10,streaky,ViT Large,head_model,10,0.575,0.5,0.1499999999999999
emotion,6_10,streaky,ViT Small,head_model,1,0.6166666666666667,0.5,0.2333333333333334
emotion,6_10,streaky,ViT Small,head_model,2,0.55,0.5,0.10000000000000009
emotion,6_10,streaky,ViT Small,head_model,3,0.5416666666666666,0.5,0.08333333333333326
emotion,6_10,streaky,ViT Small,head_model,4,0.5333333333333333,0.5,0.06666666666666665
emotion,6_10,streaky,ViT Small,head_model,5,0.6166666666666667,0.5,0.2333333333333334
emotion,6_10,streaky,ViT Small,head_model,6,0.5416666666666666,0.5,0.08333333333333326
emotion,6_10,streaky,ViT Small,head_model,7,0.5666666666666667,0.5,0.1333333333333333
emotion,6_10,streaky,ViT Small,head_model,8,0.6166666666666667,0.5,0.2333333333333334
emotion,6_10,streaky,ViT Small,head_model,9,0.55,0.5,0.10000000000000009
emotion,6_10,streaky,ViT Small,head_model,10,0.5916666666666667,0.5,0.18333333333333335
emotion,6_15,pointy,ConvNeXt Base,head_model,1,0.6333333333333333,0.5,0.2666666666666666
emotion,6_15,pointy,ConvNeXt Base,head_model,2,0.5666666666666667,0.5,0.1333333333333333
emotion,6_15,pointy,ConvNeXt Base,head_model,3,0.5416666666666666,0.5,0.08333333333333326
emotion,6_15,pointy,ConvNeXt Base,head_model,4,0.6083333333333333,0.5,0.21666666666666656
emotion,6_15,pointy,ConvNeXt Base,head_model,5,0.525,0.5,0.050000000000000044
emotion,6_15,pointy,ConvNeXt Base,head_model,6,0.6583333333333333,0.5,0.31666666666666665
emotion,6_15,pointy,ConvNeXt Base,head_model,7,0.5583333333333333,0.5,0.1166666666666667
emotion,6_15,pointy,ConvNeXt Base,head_model,8,0.65,0.5,0.30000000000000004
emotion,6_15,pointy,ConvNeXt Base,head_model,9,0.55,0.5,0.10000000000000009
emotion,6_15,pointy,ConvNeXt Base,head_model,10,0.5,0.5,0.0
emotion,6_15,pointy,ConvNeXt Large,head_model,1,0.7083333333333334,0.5,0.41666666666666674
emotion,6_15,pointy,ConvNeXt Large,head_model,2,0.6583333333333333,0.5,0.31666666666666665
emotion,6_15,pointy,ConvNeXt Large,head_model,3,0.6166666666666667,0.5,0.2333333333333334
emotion,6_15,pointy,ConvNeXt Large,head_model,4,0.65,0.5,0.30000000000000004
emotion,6_15,pointy,ConvNeXt Large,head_model,5,0.625,0.5,0.25
emotion,6_15,pointy,ConvNeXt Large,head_model,6,0.7333333333333333,0.5,0.46666666666666656
emotion,6_15,pointy,ConvNeXt Large,head_model,7,0.6333333333333333,0.5,0.2666666666666666
emotion,6_15,pointy,ConvNeXt Large,head_model,8,0.7083333333333334,0.5,0.41666666666666674
emotion,6_15,pointy,ConvNeXt Large,head_model,9,0.6666666666666666,0.5,0.33333333333333326
emotion,6_15,pointy,ConvNeXt Large,head_model,10,0.5416666666666666,0.5,0.08333333333333326
emotion,6_15,pointy,ConvNeXt Small,head_model,1,0.7166666666666667,0.5,0.43333333333333335
emotion,6_15,pointy,ConvNeXt Small,head_model,2,0.6166666666666667,0.5,0.2333333333333334
emotion,6_15,pointy,ConvNeXt Small,head_model,3,0.625,0.5,0.25
emotion,6_15,pointy,ConvNeXt Small,head_model,4,0.625,0.5,0.25
emotion,6_15,pointy,ConvNeXt Small,head_model,5,0.6,0.5,0.19999999999999996
emotion,6_15,pointy,ConvNeXt Small,head_model,6,0.7333333333333333,0.5,0.46666666666666656
emotion,6_15,pointy,ConvNeXt Small,head_model,7,0.625,0.5,0.25
emotion,6_15,pointy,ConvNeXt Small,head_model,8,0.7083333333333334,0.5,0.41666666666666674
emotion,6_15,pointy,ConvNeXt Small,head_model,9,0.625,0.5,0.25
emotion,6_15,pointy,ConvNeXt Small,head_model,10,0.5333333333333333,0.5,0.06666666666666665
emotion,6_15,pointy,ConvNeXt Tiny,head_model,1,0.7166666666666667,0.5,0.43333333333333335
emotion,6_15,pointy,ConvNeXt Tiny,head_model,2,0.6333333333333333,0.5,0.2666666666666666
emotion,6_15,pointy,ConvNeXt Tiny,head_model,3,0.6416666666666667,0.5,0.28333333333333344
emotion,6_15,pointy,ConvNeXt Tiny,head_model,4,0.6833333333333333,0.5,0.3666666666666667
emotion,6_15,pointy,ConvNeXt Tiny,head_model,5,0.575,0.5,0.1499999999999999
emotion,6_15,pointy,ConvNeXt Tiny,head_model,6,0.7083333333333334,0.5,0.41666666666666674
emotion,6_15,pointy,ConvNeXt Tiny,head_model,7,0.6416666666666667,0.5,0.28333333333333344
emotion,6_15,pointy,ConvNeXt Tiny,head_model,8,0.7083333333333334,0.5,0.41666666666666674
emotion,6_15,pointy,ConvNeXt Tiny,head_model,9,0.6583333333333333,0.5,0.31666666666666665
emotion,6_15,pointy,ConvNeXt Tiny,head_model,10,0.5166666666666667,0.5,0.03333333333333344
emotion,6_15,pointy,DINOv3 ViT Base,head_model,1,0.675,0.5,0.3500000000000001
emotion,6_15,pointy,DINOv3 ViT Base,head_model,2,0.525,0.5,0.050000000000000044
emotion,6_15,pointy,DINOv3 ViT Base,head_model,3,0.5833333333333334,0.5,0.16666666666666674
emotion,6_15,pointy,DINOv3 ViT Base,head_model,4,0.5416666666666666,0.5,0.08333333333333326
emotion,6_15,pointy,DINOv3 ViT Base,head_model,5,0.7,0.5,0.3999999999999999
emotion,6_15,pointy,DINOv3 ViT Base,head_model,6,0.6166666666666667,0.5,0.2333333333333334
emotion,6_15,pointy,DINOv3 ViT Base,head_model,7,0.5166666666666667,0.5,0.03333333333333344
emotion,6_15,pointy,DINOv3 ViT Base,head_model,8,0.55,0.5,0.10000000000000009
emotion,6_15,pointy,DINOv3 ViT Base,head_model,9,0.6333333333333333,0.5,0.2666666666666666
emotion,6_15,pointy,DINOv3 ViT Base,head_model,10,0.6666666666666666,0.5,0.33333333333333326
emotion,6_15,pointy,ResNet18,head_model,1,0.5083333333333333,0.5,0.016666666666666607
emotion,6_15,pointy,ResNet18,head_model,2,0.5916666666666667,0.5,0.18333333333333335
emotion,6_15,pointy,ResNet18,head_model,3,0.525,0.5,0.050000000000000044
emotion,6_15,pointy,ResNet18,head_model,4,0.525,0.5,0.050000000000000044
emotion,6_15,pointy,ResNet18,head_model,5,0.5416666666666666,0.5,0.08333333333333326
emotion,6_15,pointy,ResNet18,head_model,6,0.5833333333333334,0.5,0.16666666666666674
emotion,6_15,pointy,ResNet18,head_model,7,0.525,0.5,0.050000000000000044
emotion,6_15,pointy,ResNet18,head_model,8,0.525,0.5,0.050000000000000044
emotion,6_15,pointy,ResNet18,head_model,9,0.5166666666666667,0.5,0.03333333333333344
emotion,6_15,pointy,ResNet18,head_model,10,0.5333333333333333,0.5,0.06666666666666665
emotion,6_15,pointy,ResNet50,head_model,1,0.55,0.5,0.10000000000000009
emotion,6_15,pointy,ResNet50,head_model,2,0.6416666666666667,0.5,0.28333333333333344
emotion,6_15,pointy,ResNet50,head_model,3,0.6416666666666667,0.5,0.28333333333333344
emotion,6_15,pointy,ResNet50,head_model,4,0.625,0.5,0.25
emotion,6_15,pointy,ResNet50,head_model,5,0.625,0.5,0.25
emotion,6_15,pointy,ResNet50,head_model,6,0.6416666666666667,0.5,0.28333333333333344
emotion,6_15,pointy,ResNet50,head_model,7,0.625,0.5,0.25
emotion,6_15,pointy,ResNet50,head_model,8,0.6,0.5,0.19999999999999996
emotion,6_15,pointy,ResNet50,head_model,9,0.5916666666666667,0.5,0.18333333333333335
emotion,6_15,pointy,ResNet50,head_model,10,0.6333333333333333,0.5,0.2666666666666666
emotion,6_15,pointy,VGG11,head_model,1,0.65,0.5,0.30000000000000004
emotion,6_15,pointy,VGG11,head_model,2,0.5666666666666667,0.5,0.1333333333333333
emotion,6_15,pointy,VGG11,head_model,3,0.5666666666666667,0.5,0.1333333333333333
emotion,6_15,pointy,VGG11,head_model,4,0.575,0.5,0.1499999999999999
emotion,6_15,pointy,VGG11,head_model,5,0.625,0.5,0.25
emotion,6_15,pointy,VGG11,head_model,6,0.6666666666666666,0.5,0.33333333333333326
emotion,6_15,pointy,VGG11,head_model,7,0.5583333333333333,0.5,0.1166666666666667
emotion,6_15,pointy,VGG11,head_model,8,0.6,0.5,0.19999999999999996
emotion,6_15,pointy,VGG11,head_model,9,0.5916666666666667,0.5,0.18333333333333335
emotion,6_15,pointy,VGG11,head_model,10,0.5083333333333333,0.5,0.016666666666666607
emotion,6_15,pointy,VGG13,head_model,1,0.6666666666666666,0.5,0.33333333333333326
emotion,6_15,pointy,VGG13,head_model,2,0.5833333333333334,0.5,0.16666666666666674
emotion,6_15,pointy,VGG13,head_model,3,0.5833333333333334,0.5,0.16666666666666674
emotion,6_15,pointy,VGG13,head_model,4,0.6,0.5,0.19999999999999996
emotion,6_15,pointy,VGG13,head_model,5,0.6833333333333333,0.5,0.3666666666666667
emotion,6_15,pointy,VGG13,head_model,6,0.6333333333333333,0.5,0.2666666666666666
emotion,6_15,pointy,VGG13,head_model,7,0.5833333333333334,0.5,0.16666666666666674
emotion,6_15,pointy,VGG13,head_model,8,0.5916666666666667,0.5,0.18333333333333335
emotion,6_15,pointy,VGG13,head_model,9,0.625,0.5,0.25
emotion,6_15,pointy,VGG13,head_model,10,0.525,0.5,0.050000000000000044
emotion,6_15,pointy,VGG16,head_model,1,0.55,0.5,0.10000000000000009
emotion,6_15,pointy,VGG16,head_model,2,0.525,0.5,0.050000000000000044
emotion,6_15,pointy,VGG16,head_model,3,0.5333333333333333,0.5,0.06666666666666665
emotion,6_15,pointy,VGG16,head_model,4,0.525,0.5,0.050000000000000044
emotion,6_15,pointy,VGG16,head_model,5,0.5333333333333333,0.5,0.06666666666666665
emotion,6_15,pointy,VGG16,head_model,6,0.5416666666666666,0.5,0.08333333333333326
emotion,6_15,pointy,VGG16,head_model,7,0.525,0.5,0.050000000000000044
emotion,6_15,pointy,VGG16,head_model,8,0.5083333333333333,0.5,0.016666666666666607
emotion,6_15,pointy,VGG16,head_model,9,0.5416666666666666,0.5,0.08333333333333326
emotion,6_15,pointy,VGG16,head_model,10,0.5083333333333333,0.5,0.016666666666666607
emotion,6_15,pointy,VGG19,head_model,1,0.5916666666666667,0.5,0.18333333333333335
emotion,6_15,pointy,VGG19,head_model,2,0.5916666666666667,0.5,0.18333333333333335
emotion,6_15,pointy,VGG19,head_model,3,0.5916666666666667,0.5,0.18333333333333335
emotion,6_15,pointy,VGG19,head_model,4,0.5833333333333334,0.5,0.16666666666666674
emotion,6_15,pointy,VGG19,head_model,5,0.5583333333333333,0.5,0.1166666666666667
emotion,6_15,pointy,VGG19,head_model,6,0.5916666666666667,0.5,0.18333333333333335
emotion,6_15,pointy,VGG19,head_model,7,0.5833333333333334,0.5,0.16666666666666674
emotion,6_15,pointy,VGG19,head_model,8,0.575,0.5,0.1499999999999999
emotion,6_15,pointy,VGG19,head_model,9,0.5833333333333334,0.5,0.16666666666666674
emotion,6_15,pointy,VGG19,head_model,10,0.5083333333333333,0.5,0.016666666666666607
emotion,6_15,pointy,ViT Base,head_model,1,0.5833333333333334,0.5,0.16666666666666674
emotion,6_15,pointy,ViT Base,head_model,2,0.525,0.5,0.050000000000000044
emotion,6_15,pointy,ViT Base,head_model,3,0.575,0.5,0.1499999999999999
emotion,6_15,pointy,ViT Base,head_model,4,0.5166666666666667,0.5,0.03333333333333344
emotion,6_15,pointy,ViT Base,head_model,5,0.55,0.5,0.10000000000000009
emotion,6_15,pointy,ViT Base,head_model,6,0.6,0.5,0.19999999999999996
emotion,6_15,pointy,ViT Base,head_model,7,0.6416666666666667,0.5,0.28333333333333344
emotion,6_15,pointy,ViT Base,head_model,8,0.6,0.5,0.19999999999999996
emotion,6_15,pointy,ViT Base,head_model,9,0.6166666666666667,0.5,0.2333333333333334
emotion,6_15,pointy,ViT Base,head_model,10,0.6083333333333333,0.5,0.21666666666666656
emotion,6_15,pointy,ViT Large,head_model,1,0.6,0.5,0.19999999999999996
emotion,6_15,pointy,ViT Large,head_model,2,0.5916666666666667,0.5,0.18333333333333335
emotion,6_15,pointy,ViT Large,head_model,3,0.5583333333333333,0.5,0.1166666666666667
emotion,6_15,pointy,ViT Large,head_model,4,0.6416666666666667,0.5,0.28333333333333344
emotion,6_15,pointy,ViT Large,head_model,5,0.5833333333333334,0.5,0.16666666666666674
emotion,6_15,pointy,ViT Large,head_model,6,0.65,0.5,0.30000000000000004
emotion,6_15,pointy,ViT Large,head_model,7,0.5916666666666667,0.5,0.18333333333333335
emotion,6_15,pointy,ViT Large,head_model,8,0.575,0.5,0.1499999999999999
emotion,6_15,pointy,ViT Large,head_model,9,0.55,0.5,0.10000000000000009
emotion,6_15,pointy,ViT Large,head_model,10,0.65,0.5,0.30000000000000004
emotion,6_15,pointy,ViT Small,head_model,1,0.525,0.5,0.050000000000000044
emotion,6_15,pointy,ViT Small,head_model,2,0.5583333333333333,0.5,0.1166666666666667
emotion,6_15,pointy,ViT Small,head_model,3,0.5166666666666667,0.5,0.03333333333333344
emotion,6_15,pointy,ViT Small,head_model,4,0.575,0.5,0.1499999999999999
emotion,6_15,pointy,ViT Small,head_model,5,0.55,0.5,0.10000000000000009
emotion,6_15,pointy,ViT Small,head_model,6,0.5083333333333333,0.5,0.016666666666666607
emotion,6_15,pointy,ViT Small,head_model,7,0.575,0.5,0.1499999999999999
emotion,6_15,pointy,ViT Small,head_model,8,0.5333333333333333,0.5,0.06666666666666665
emotion,6_15,pointy,ViT Small,head_model,9,0.5916666666666667,0.5,0.18333333333333335
emotion,6_15,pointy,ViT Small,head_model,10,0.5416666666666666,0.5,0.08333333333333326
emotion,6_15,streaky,ConvNeXt Base,head_model,1,0.6,0.5,0.19999999999999996
emotion,6_15,streaky,ConvNeXt Base,head_model,2,0.6,0.5,0.19999999999999996
emotion,6_15,streaky,ConvNeXt Base,head_model,3,0.6166666666666667,0.5,0.2333333333333334
emotion,6_15,streaky,ConvNeXt Base,head_model,4,0.6,0.5,0.19999999999999996
emotion,6_15,streaky,ConvNeXt Base,head_model,5,0.6,0.5,0.19999999999999996
emotion,6_15,streaky,ConvNeXt Base,head_model,6,0.5666666666666667,0.5,0.1333333333333333
emotion,6_15,streaky,ConvNeXt Base,head_model,7,0.6166666666666667,0.5,0.2333333333333334
emotion,6_15,streaky,ConvNeXt Base,head_model,8,0.6166666666666667,0.5,0.2333333333333334
emotion,6_15,streaky,ConvNeXt Base,head_model,9,0.6166666666666667,0.5,0.2333333333333334
emotion,6_15,streaky,ConvNeXt Base,head_model,10,0.525,0.5,0.050000000000000044
emotion,6_15,streaky,ConvNeXt Large,head_model,1,0.65,0.5,0.30000000000000004
emotion,6_15,streaky,ConvNeXt Large,head_model,2,0.6083333333333333,0.5,0.21666666666666656
emotion,6_15,streaky,ConvNeXt Large,head_model,3,0.625,0.5,0.25
emotion,6_15,streaky,ConvNeXt Large,head_model,4,0.6666666666666666,0.5,0.33333333333333326
emotion,6_15,streaky,ConvNeXt Large,head_model,5,0.6416666666666667,0.5,0.28333333333333344
emotion,6_15,streaky,ConvNeXt Large,head_model,6,0.6333333333333333,0.5,0.2666666666666666
emotion,6_15,streaky,ConvNeXt Large,head_model,7,0.6583333333333333,0.5,0.31666666666666665
emotion,6_15,streaky,ConvNeXt Large,head_model,8,0.65,0.5,0.30000000000000004
emotion,6_15,streaky,ConvNeXt Large,head_model,9,0.6,0.5,0.19999999999999996
emotion,6_15,streaky,ConvNeXt Large,head_model,10,0.5666666666666667,0.5,0.1333333333333333
emotion,6_15,streaky,ConvNeXt Small,head_model,1,0.625,0.5,0.25
emotion,6_15,streaky,ConvNeXt Small,head_model,2,0.5666666666666667,0.5,0.1333333333333333
emotion,6_15,streaky,ConvNeXt Small,head_model,3,0.5916666666666667,0.5,0.18333333333333335
emotion,6_15,streaky,ConvNeXt Small,head_model,4,0.6833333333333333,0.5,0.3666666666666667
emotion,6_15,streaky,ConvNeXt Small,head_model,5,0.6833333333333333,0.5,0.3666666666666667
emotion,6_15,streaky,ConvNeXt Small,head_model,6,0.6166666666666667,0.5,0.2333333333333334
emotion,6_15,streaky,ConvNeXt Small,head_model,7,0.6916666666666667,0.5,0.3833333333333333
emotion,6_15,streaky,ConvNeXt Small,head_model,8,0.65,0.5,0.30000000000000004
emotion,6_15,streaky,ConvNeXt Small,head_model,9,0.625,0.5,0.25
emotion,6_15,streaky,ConvNeXt Small,head_model,10,0.55,0.5,0.10000000000000009
emotion,6_15,streaky,ConvNeXt Tiny,head_model,1,0.65,0.5,0.30000000000000004
emotion,6_15,streaky,ConvNeXt Tiny,head_model,2,0.55,0.5,0.10000000000000009
emotion,6_15,streaky,ConvNeXt Tiny,head_model,3,0.625,0.5,0.25
emotion,6_15,streaky,ConvNeXt Tiny,head_model,4,0.6,0.5,0.19999999999999996
emotion,6_15,streaky,ConvNeXt Tiny,head_model,5,0.6916666666666667,0.5,0.3833333333333333
emotion,6_15,streaky,ConvNeXt Tiny,head_model,6,0.6083333333333333,0.5,0.21666666666666656
emotion,6_15,streaky,ConvNeXt Tiny,head_model,7,0.6833333333333333,0.5,0.3666666666666667
emotion,6_15,streaky,ConvNeXt Tiny,head_model,8,0.6666666666666666,0.5,0.33333333333333326
emotion,6_15,streaky,ConvNeXt Tiny,head_model,9,0.5833333333333334,0.5,0.16666666666666674
emotion,6_15,streaky,ConvNeXt Tiny,head_model,10,0.5083333333333333,0.5,0.016666666666666607
emotion,6_15,streaky,DINOv3 ViT Base,head_model,1,0.6166666666666667,0.5,0.2333333333333334
emotion,6_15,streaky,DINOv3 ViT Base,head_model,2,0.5333333333333333,0.5,0.06666666666666665
emotion,6_15,streaky,DINOv3 ViT Base,head_model,3,0.5,0.5,0.0
emotion,6_15,streaky,DINOv3 ViT Base,head_model,4,0.625,0.5,0.25
emotion,6_15,streaky,DINOv3 ViT Base,head_model,5,0.6,0.5,0.19999999999999996
emotion,6_15,streaky,DINOv3 ViT Base,head_model,6,0.5666666666666667,0.5,0.1333333333333333
emotion,6_15,streaky,DINOv3 ViT Base,head_model,7,0.6833333333333333,0.5,0.3666666666666667
emotion,6_15,streaky,DINOv3 ViT Base,head_model,8,0.675,0.5,0.3500000000000001
emotion,6_15,streaky,DINOv3 ViT Base,head_model,9,0.625,0.5,0.25
emotion,6_15,streaky,DINOv3 ViT Base,head_model,10,0.5583333333333333,0.5,0.1166666666666667
emotion,6_15,streaky,ResNet18,head_model,1,0.55,0.5,0.10000000000000009
emotion,6_15,streaky,ResNet18,head_model,2,0.5166666666666667,0.5,0.03333333333333344
emotion,6_15,streaky,ResNet18,head_model,3,0.525,0.5,0.050000000000000044
emotion,6_15,streaky,ResNet18,head_model,4,0.5916666666666667,0.5,0.18333333333333335
emotion,6_15,streaky,ResNet18,head_model,5,0.5416666666666666,0.5,0.08333333333333326
emotion,6_15,streaky,ResNet18,head_model,6,0.5333333333333333,0.5,0.06666666666666665
emotion,6_15,streaky,ResNet18,head_model,7,0.5583333333333333,0.5,0.1166666666666667
emotion,6_15,streaky,ResNet18,head_model,8,0.5583333333333333,0.5,0.1166666666666667
emotion,6_15,streaky,ResNet18,head_model,9,0.525,0.5,0.050000000000000044
emotion,6_15,streaky,ResNet18,head_model,10,0.5166666666666667,0.5,0.03333333333333344
emotion,6_15,streaky,ResNet50,head_model,1,0.675,0.5,0.3500000000000001
emotion,6_15,streaky,ResNet50,head_model,2,0.625,0.5,0.25
emotion,6_15,streaky,ResNet50,head_model,3,0.6166666666666667,0.5,0.2333333333333334
emotion,6_15,streaky,ResNet50,head_model,4,0.6666666666666666,0.5,0.33333333333333326
emotion,6_15,streaky,ResNet50,head_model,5,0.6583333333333333,0.5,0.31666666666666665
emotion,6_15,streaky,ResNet50,head_model,6,0.625,0.5,0.25
emotion,6_15,streaky,ResNet50,head_model,7,0.65,0.5,0.30000000000000004
emotion,6_15,streaky,ResNet50,head_model,8,0.675,0.5,0.3500000000000001
emotion,6_15,streaky,ResNet50,head_model,9,0.6166666666666667,0.5,0.2333333333333334
emotion,6_15,streaky,ResNet50,head_model,10,0.5833333333333334,0.5,0.16666666666666674
emotion,6_15,streaky,VGG11,head_model,1,0.5083333333333333,0.5,0.016666666666666607
emotion,6_15,streaky,VGG11,head_model,2,0.5,0.5,0.0
emotion,6_15,streaky,VGG11,head_model,3,0.525,0.5,0.050000000000000044
emotion,6_15,streaky,VGG11,head_model,4,0.6,0.5,0.19999999999999996
emotion,6_15,streaky,VGG11,head_model,5,0.6166666666666667,0.5,0.2333333333333334
emotion,6_15,streaky,VGG11,head_model,6,0.575,0.5,0.1499999999999999
emotion,6_15,streaky,VGG11,head_model,7,0.5833333333333334,0.5,0.16666666666666674
emotion,6_15,streaky,VGG11,head_model,8,0.575,0.5,0.1499999999999999
emotion,6_15,streaky,VGG11,head_model,9,0.5583333333333333,0.5,0.1166666666666667
emotion,6_15,streaky,VGG11,head_model,10,0.625,0.5,0.25
emotion,6_15,streaky,VGG13,head_model,1,0.5083333333333333,0.5,0.016666666666666607
emotion,6_15,streaky,VGG13,head_model,2,0.5083333333333333,0.5,0.016666666666666607
emotion,6_15,streaky,VGG13,head_model,3,0.5083333333333333,0.5,0.016666666666666607
emotion,6_15,streaky,VGG13,head_model,4,0.525,0.5,0.050000000000000044
emotion,6_15,streaky,VGG13,head_model,5,0.5666666666666667,0.5,0.1333333333333333
emotion,6_15,streaky,VGG13,head_model,6,0.575,0.5,0.1499999999999999
emotion,6_15,streaky,VGG13,head_model,7,0.5166666666666667,0.5,0.03333333333333344
emotion,6_15,streaky,VGG13,head_model,8,0.5083333333333333,0.5,0.016666666666666607
emotion,6_15,streaky,VGG13,head_model,9,0.5,0.5,0.0
emotion,6_15,streaky,VGG13,head_model,10,0.625,0.5,0.25
emotion,6_15,streaky,VGG16,head_model,1,0.525,0.5,0.050000000000000044
emotion,6_15,streaky,VGG16,head_model,2,0.525,0.5,0.050000000000000044
emotion,6_15,streaky,VGG16,head_model,3,0.525,0.5,0.050000000000000044
emotion,6_15,streaky,VGG16,head_model,4,0.5833333333333334,0.5,0.16666666666666674
emotion,6_15,streaky,VGG16,head_model,5,0.575,0.5,0.1499999999999999
emotion,6_15,streaky,VGG16,head_model,6,0.525,0.5,0.050000000000000044
emotion,6_15,streaky,VGG16,head_model,7,0.55,0.5,0.10000000000000009
emotion,6_15,streaky,VGG16,head_model,8,0.5416666666666666,0.5,0.08333333333333326
emotion,6_15,streaky,VGG16,head_model,9,0.5333333333333333,0.5,0.06666666666666665
emotion,6_15,streaky,VGG16,head_model,10,0.5916666666666667,0.5,0.18333333333333335
emotion,6_15,streaky,VGG19,head_model,1,0.5333333333333333,0.5,0.06666666666666665
emotion,6_15,streaky,VGG19,head_model,2,0.5,0.5,0.0
emotion,6_15,streaky,VGG19,head_model,3,0.5083333333333333,0.5,0.016666666666666607
emotion,6_15,streaky,VGG19,head_model,4,0.5666666666666667,0.5,0.1333333333333333
emotion,6_15,streaky,VGG19,head_model,5,0.5916666666666667,0.5,0.18333333333333335
emotion,6_15,streaky,VGG19,head_model,6,0.525,0.5,0.050000000000000044
emotion,6_15,streaky,VGG19,head_model,7,0.5416666666666666,0.5,0.08333333333333326
emotion,6_15,streaky,VGG19,head_model,8,0.525,0.5,0.050000000000000044
emotion,6_15,streaky,VGG19,head_model,9,0.525,0.5,0.050000000000000044
emotion,6_15,streaky,VGG19,head_model,10,0.5666666666666667,0.5,0.1333333333333333
emotion,6_15,streaky,ViT Base,head_model,1,0.6083333333333333,0.5,0.21666666666666656
emotion,6_15,streaky,ViT Base,head_model,2,0.5916666666666667,0.5,0.18333333333333335
emotion,6_15,streaky,ViT Base,head_model,3,0.6666666666666666,0.5,0.33333333333333326
emotion,6_15,streaky,ViT Base,head_model,4,0.6083333333333333,0.5,0.21666666666666656
emotion,6_15,streaky,ViT Base,head_model,5,0.6,0.5,0.19999999999999996
emotion,6_15,streaky,ViT Base,head_model,6,0.6416666666666667,0.5,0.28333333333333344
emotion,6_15,streaky,ViT Base,head_model,7,0.6416666666666667,0.5,0.28333333333333344
emotion,6_15,streaky,ViT Base,head_model,8,0.6166666666666667,0.5,0.2333333333333334
emotion,6_15,streaky,ViT Base,head_model,9,0.55,0.5,0.10000000000000009
emotion,6_15,streaky,ViT Base,head_model,10,0.625,0.5,0.25
emotion,6_15,streaky,ViT Large,head_model,1,0.625,0.5,0.25
emotion,6_15,streaky,ViT Large,head_model,2,0.625,0.5,0.25
emotion,6_15,streaky,ViT Large,head_model,3,0.6166666666666667,0.5,0.2333333333333334
emotion,6_15,streaky,ViT Large,head_model,4,0.55,0.5,0.10000000000000009
emotion,6_15,streaky,ViT Large,head_model,5,0.5833333333333334,0.5,0.16666666666666674
emotion,6_15,streaky,ViT Large,head_model,6,0.5583333333333333,0.5,0.1166666666666667
emotion,6_15,streaky,ViT Large,head_model,7,0.6,0.5,0.19999999999999996
emotion,6_15,streaky,ViT Large,head_model,8,0.5166666666666667,0.5,0.03333333333333344
emotion,6_15,streaky,ViT Large,head_model,9,0.6333333333333333,0.5,0.2666666666666666
emotion,6_15,streaky,ViT Large,head_model,10,0.6083333333333333,0.5,0.21666666666666656
emotion,6_15,streaky,ViT Small,head_model,1,0.6833333333333333,0.5,0.3666666666666667
emotion,6_15,streaky,ViT Small,head_model,2,0.6166666666666667,0.5,0.2333333333333334
emotion,6_15,streaky,ViT Small,head_model,3,0.65,0.5,0.30000000000000004
emotion,6_15,streaky,ViT Small,head_model,4,0.6666666666666666,0.5,0.33333333333333326
emotion,6_15,streaky,ViT Small,head_model,5,0.6583333333333333,0.5,0.31666666666666665
emotion,6_15,streaky,ViT Small,head_model,6,0.5916666666666667,0.5,0.18333333333333335
emotion,6_15,streaky,ViT Small,head_model,7,0.725,0.5,0.44999999999999996
emotion,6_15,streaky,ViT Small,head_model,8,0.6916666666666667,0.5,0.3833333333333333
emotion,6_15,streaky,ViT Small,head_model,9,0.575,0.5,0.1499999999999999
emotion,6_15,streaky,ViT Small,head_model,10,0.7083333333333334,0.5,0.41666666666666674
emotion,6_20,pointy,ConvNeXt Base,head_model,1,0.5416666666666666,0.5,0.08333333333333326
emotion,6_20,pointy,ConvNeXt Base,head_model,2,0.6166666666666667,0.5,0.2333333333333334
emotion,6_20,pointy,ConvNeXt Base,head_model,3,0.6,0.5,0.19999999999999996
emotion,6_20,pointy,ConvNeXt Base,head_model,4,0.7166666666666667,0.5,0.43333333333333335
emotion,6_20,pointy,ConvNeXt Base,head_model,5,0.6,0.5,0.19999999999999996
emotion,6_20,pointy,ConvNeXt Base,head_model,6,0.7083333333333334,0.5,0.41666666666666674
emotion,6_20,pointy,ConvNeXt Base,head_model,7,0.625,0.5,0.25
emotion,6_20,pointy,ConvNeXt Base,head_model,8,0.5333333333333333,0.5,0.06666666666666665
emotion,6_20,pointy,ConvNeXt Base,head_model,9,0.7166666666666667,0.5,0.43333333333333335
emotion,6_20,pointy,ConvNeXt Base,head_model,10,0.5833333333333334,0.5,0.16666666666666674
emotion,6_20,pointy,ConvNeXt Large,head_model,1,0.6,0.5,0.19999999999999996
emotion,6_20,pointy,ConvNeXt Large,head_model,2,0.6666666666666666,0.5,0.33333333333333326
emotion,6_20,pointy,ConvNeXt Large,head_model,3,0.6333333333333333,0.5,0.2666666666666666
emotion,6_20,pointy,ConvNeXt Large,head_model,4,0.6333333333333333,0.5,0.2666666666666666
emotion,6_20,pointy,ConvNeXt Large,head_model,5,0.65,0.5,0.30000000000000004
emotion,6_20,pointy,ConvNeXt Large,head_model,6,0.65,0.5,0.30000000000000004
emotion,6_20,pointy,ConvNeXt Large,head_model,7,0.6416666666666667,0.5,0.28333333333333344
emotion,6_20,pointy,ConvNeXt Large,head_model,8,0.5333333333333333,0.5,0.06666666666666665
emotion,6_20,pointy,ConvNeXt Large,head_model,9,0.6416666666666667,0.5,0.28333333333333344
emotion,6_20,pointy,ConvNeXt Large,head_model,10,0.625,0.5,0.25
emotion,6_20,pointy,ConvNeXt Small,head_model,1,0.575,0.5,0.1499999999999999
emotion,6_20,pointy,ConvNeXt Small,head_model,2,0.6166666666666667,0.5,0.2333333333333334
emotion,6_20,pointy,ConvNeXt Small,head_model,3,0.55,0.5,0.10000000000000009
emotion,6_20,pointy,ConvNeXt Small,head_model,4,0.6166666666666667,0.5,0.2333333333333334
emotion,6_20,pointy,ConvNeXt Small,head_model,5,0.6166666666666667,0.5,0.2333333333333334
emotion,6_20,pointy,ConvNeXt Small,head_model,6,0.7,0.5,0.3999999999999999
emotion,6_20,pointy,ConvNeXt Small,head_model,7,0.6333333333333333,0.5,0.2666666666666666
emotion,6_20,pointy,ConvNeXt Small,head_model,8,0.525,0.5,0.050000000000000044
emotion,6_20,pointy,ConvNeXt Small,head_model,9,0.6666666666666666,0.5,0.33333333333333326
emotion,6_20,pointy,ConvNeXt Small,head_model,10,0.5666666666666667,0.5,0.1333333333333333
emotion,6_20,pointy,ConvNeXt Tiny,head_model,1,0.625,0.5,0.25
emotion,6_20,pointy,ConvNeXt Tiny,head_model,2,0.6666666666666666,0.5,0.33333333333333326
emotion,6_20,pointy,ConvNeXt Tiny,head_model,3,0.6583333333333333,0.5,0.31666666666666665
emotion,6_20,pointy,ConvNeXt Tiny,head_model,4,0.6916666666666667,0.5,0.3833333333333333
emotion,6_20,pointy,ConvNeXt Tiny,head_model,5,0.6833333333333333,0.5,0.3666666666666667
emotion,6_20,pointy,ConvNeXt Tiny,head_model,6,0.6583333333333333,0.5,0.31666666666666665
emotion,6_20,pointy,ConvNeXt Tiny,head_model,7,0.6666666666666666,0.5,0.33333333333333326
emotion,6_20,pointy,ConvNeXt Tiny,head_model,8,0.5166666666666667,0.5,0.03333333333333344
emotion,6_20,pointy,ConvNeXt Tiny,head_model,9,0.6916666666666667,0.5,0.3833333333333333
emotion,6_20,pointy,ConvNeXt Tiny,head_model,10,0.6666666666666666,0.5,0.33333333333333326
emotion,6_20,pointy,DINOv3 ViT Base,head_model,1,0.5833333333333334,0.5,0.16666666666666674
emotion,6_20,pointy,DINOv3 ViT Base,head_model,2,0.6083333333333333,0.5,0.21666666666666656
emotion,6_20,pointy,DINOv3 ViT Base,head_model,3,0.5666666666666667,0.5,0.1333333333333333
emotion,6_20,pointy,DINOv3 ViT Base,head_model,4,0.6166666666666667,0.5,0.2333333333333334
emotion,6_20,pointy,DINOv3 ViT Base,head_model,5,0.575,0.5,0.1499999999999999
emotion,6_20,pointy,DINOv3 ViT Base,head_model,6,0.5666666666666667,0.5,0.1333333333333333
emotion,6_20,pointy,DINOv3 ViT Base,head_model,7,0.6166666666666667,0.5,0.2333333333333334
emotion,6_20,pointy,DINOv3 ViT Base,head_model,8,0.5583333333333333,0.5,0.1166666666666667
emotion,6_20,pointy,DINOv3 ViT Base,head_model,9,0.5166666666666667,0.5,0.03333333333333344
emotion,6_20,pointy,DINOv3 ViT Base,head_model,10,0.5916666666666667,0.5,0.18333333333333335
emotion,6_20,pointy,ResNet18,head_model,1,0.575,0.5,0.1499999999999999
emotion,6_20,pointy,ResNet18,head_model,2,0.575,0.5,0.1499999999999999
emotion,6_20,pointy,ResNet18,head_model,3,0.5,0.5,0.0
emotion,6_20,pointy,ResNet18,head_model,4,0.625,0.5,0.25
emotion,6_20,pointy,ResNet18,head_model,5,0.575,0.5,0.1499999999999999
emotion,6_20,pointy,ResNet18,head_model,6,0.6166666666666667,0.5,0.2333333333333334
emotion,6_20,pointy,ResNet18,head_model,7,0.575,0.5,0.1499999999999999
emotion,6_20,pointy,ResNet18,head_model,8,0.575,0.5,0.1499999999999999
emotion,6_20,pointy,ResNet18,head_model,9,0.575,0.5,0.1499999999999999
emotion,6_20,pointy,ResNet18,head_model,10,0.6333333333333333,0.5,0.2666666666666666
emotion,6_20,pointy,ResNet50,head_model,1,0.5916666666666667,0.5,0.18333333333333335
emotion,6_20,pointy,ResNet50,head_model,2,0.5916666666666667,0.5,0.18333333333333335
emotion,6_20,pointy,ResNet50,head_model,3,0.5666666666666667,0.5,0.1333333333333333
emotion,6_20,pointy,ResNet50,head_model,4,0.6333333333333333,0.5,0.2666666666666666
emotion,6_20,pointy,ResNet50,head_model,5,0.6,0.5,0.19999999999999996
emotion,6_20,pointy,ResNet50,head_model,6,0.625,0.5,0.25
emotion,6_20,pointy,ResNet50,head_model,7,0.6083333333333333,0.5,0.21666666666666656
emotion,6_20,pointy,ResNet50,head_model,8,0.6,0.5,0.19999999999999996
emotion,6_20,pointy,ResNet50,head_model,9,0.575,0.5,0.1499999999999999
emotion,6_20,pointy,ResNet50,head_model,10,0.6416666666666667,0.5,0.28333333333333344
emotion,6_20,pointy,VGG11,head_model,1,0.625,0.5,0.25
emotion,6_20,pointy,VGG11,head_model,2,0.6416666666666667,0.5,0.28333333333333344
emotion,6_20,pointy,VGG11,head_model,3,0.525,0.5,0.050000000000000044
emotion,6_20,pointy,VGG11,head_model,4,0.625,0.5,0.25
emotion,6_20,pointy,VGG11,head_model,5,0.625,0.5,0.25
emotion,6_20,pointy,VGG11,head_model,6,0.6416666666666667,0.5,0.28333333333333344
emotion,6_20,pointy,VGG11,head_model,7,0.65,0.5,0.30000000000000004
emotion,6_20,pointy,VGG11,head_model,8,0.525,0.5,0.050000000000000044
emotion,6_20,pointy,VGG11,head_model,9,0.625,0.5,0.25
emotion,6_20,pointy,VGG11,head_model,10,0.5833333333333334,0.5,0.16666666666666674
emotion,6_20,pointy,VGG13,head_model,1,0.5833333333333334,0.5,0.16666666666666674
emotion,6_20,pointy,VGG13,head_model,2,0.5916666666666667,0.5,0.18333333333333335
emotion,6_20,pointy,VGG13,head_model,3,0.525,0.5,0.050000000000000044
emotion,6_20,pointy,VGG13,head_model,4,0.5666666666666667,0.5,0.1333333333333333
emotion,6_20,pointy,VGG13,head_model,5,0.5916666666666667,0.5,0.18333333333333335
emotion,6_20,pointy,VGG13,head_model,6,0.625,0.5,0.25
emotion,6_20,pointy,VGG13,head_model,7,0.5916666666666667,0.5,0.18333333333333335
emotion,6_20,pointy,VGG13,head_model,8,0.525,0.5,0.050000000000000044
emotion,6_20,pointy,VGG13,head_model,9,0.5916666666666667,0.5,0.18333333333333335
emotion,6_20,pointy,VGG13,head_model,10,0.5833333333333334,0.5,0.16666666666666674
emotion,6_20,pointy,VGG16,head_model,1,0.5833333333333334,0.5,0.16666666666666674
emotion,6_20,pointy,VGG16,head_model,2,0.575,0.5,0.1499999999999999
emotion,6_20,pointy,VGG16,head_model,3,0.525,0.5,0.050000000000000044
emotion,6_20,pointy,VGG16,head_model,4,0.5666666666666667,0.5,0.1333333333333333
emotion,6_20,pointy,VGG16,head_model,5,0.575,0.5,0.1499999999999999
emotion,6_20,pointy,VGG16,head_model,6,0.6166666666666667,0.5,0.2333333333333334
emotion,6_20,pointy,VGG16,head_model,7,0.575,0.5,0.1499999999999999
emotion,6_20,pointy,VGG16,head_model,8,0.5166666666666667,0.5,0.03333333333333344
emotion,6_20,pointy,VGG16,head_model,9,0.6166666666666667,0.5,0.2333333333333334
emotion,6_20,pointy,VGG16,head_model,10,0.5333333333333333,0.5,0.06666666666666665
emotion,6_20,pointy,VGG19,head_model,1,0.625,0.5,0.25
emotion,6_20,pointy,VGG19,head_model,2,0.6416666666666667,0.5,0.28333333333333344
emotion,6_20,pointy,VGG19,head_model,3,0.575,0.5,0.1499999999999999
emotion,6_20,pointy,VGG19,head_model,4,0.625,0.5,0.25
emotion,6_20,pointy,VGG19,head_model,5,0.6083333333333333,0.5,0.21666666666666656
emotion,6_20,pointy,VGG19,head_model,6,0.6333333333333333,0.5,0.2666666666666666
emotion,6_20,pointy,VGG19,head_model,7,0.6333333333333333,0.5,0.2666666666666666
emotion,6_20,pointy,VGG19,head_model,8,0.575,0.5,0.1499999999999999
emotion,6_20,pointy,VGG19,head_model,9,0.6333333333333333,0.5,0.2666666666666666
emotion,6_20,pointy,VGG19,head_model,10,0.575,0.5,0.1499999999999999
emotion,6_20,pointy,ViT Base,head_model,1,0.6,0.5,0.19999999999999996
emotion,6_20,pointy,ViT Base,head_model,2,0.6,0.5,0.19999999999999996
emotion,6_20,pointy,ViT Base,head_model,3,0.5666666666666667,0.5,0.1333333333333333
emotion,6_20,pointy,ViT Base,head_model,4,0.55,0.5,0.10000000000000009
emotion,6_20,pointy,ViT Base,head_model,5,0.5416666666666666,0.5,0.08333333333333326
emotion,6_20,pointy,ViT Base,head_model,6,0.5916666666666667,0.5,0.18333333333333335
emotion,6_20,pointy,ViT Base,head_model,7,0.6083333333333333,0.5,0.21666666666666656
emotion,6_20,pointy,ViT Base,head_model,8,0.6166666666666667,0.5,0.2333333333333334
emotion,6_20,pointy,ViT Base,head_model,9,0.5916666666666667,0.5,0.18333333333333335
emotion,6_20,pointy,ViT Base,head_model,10,0.5833333333333334,0.5,0.16666666666666674
emotion,6_20,pointy,ViT Large,head_model,1,0.6,0.5,0.19999999999999996
emotion,6_20,pointy,ViT Large,head_model,2,0.625,0.5,0.25
emotion,6_20,pointy,ViT Large,head_model,3,0.5833333333333334,0.5,0.16666666666666674
emotion,6_20,pointy,ViT Large,head_model,4,0.65,0.5,0.30000000000000004
emotion,6_20,pointy,ViT Large,head_model,5,0.5416666666666666,0.5,0.08333333333333326
emotion,6_20,pointy,ViT Large,head_model,6,0.625,0.5,0.25
emotion,6_20,pointy,ViT Large,head_model,7,0.6583333333333333,0.5,0.31666666666666665
emotion,6_20,pointy,ViT Large,head_model,8,0.6166666666666667,0.5,0.2333333333333334
emotion,6_20,pointy,ViT Large,head_model,9,0.625,0.5,0.25
emotion,6_20,pointy,ViT Large,head_model,10,0.6333333333333333,0.5,0.2666666666666666
emotion,6_20,pointy,ViT Small,head_model,1,0.6083333333333333,0.5,0.21666666666666656
emotion,6_20,pointy,ViT Small,head_model,2,0.625,0.5,0.25
emotion,6_20,pointy,ViT Small,head_model,3,0.6,0.5,0.19999999999999996
emotion,6_20,pointy,ViT Small,head_model,4,0.575,0.5,0.1499999999999999
emotion,6_20,pointy,ViT Small,head_model,5,0.6166666666666667,0.5,0.2333333333333334
emotion,6_20,pointy,ViT Small,head_model,6,0.5916666666666667,0.5,0.18333333333333335
emotion,6_20,pointy,ViT Small,head_model,7,0.6333333333333333,0.5,0.2666666666666666
emotion,6_20,pointy,ViT Small,head_model,8,0.6166666666666667,0.5,0.2333333333333334
emotion,6_20,pointy,ViT Small,head_model,9,0.6,0.5,0.19999999999999996
emotion,6_20,pointy,ViT Small,head_model,10,0.5,0.5,0.0
emotion,6_20,streaky,ConvNeXt Base,head_model,1,0.5583333333333333,0.5,0.1166666666666667
emotion,6_20,streaky,ConvNeXt Base,head_model,2,0.5416666666666666,0.5,0.08333333333333326
emotion,6_20,streaky,ConvNeXt Base,head_model,3,0.5583333333333333,0.5,0.1166666666666667
emotion,6_20,streaky,ConvNeXt Base,head_model,4,0.55,0.5,0.10000000000000009
emotion,6_20,streaky,ConvNeXt Base,head_model,5,0.5,0.5,0.0
emotion,6_20,streaky,ConvNeXt Base,head_model,6,0.575,0.5,0.1499999999999999
emotion,6_20,streaky,ConvNeXt Base,head_model,7,0.55,0.5,0.10000000000000009
emotion,6_20,streaky,ConvNeXt Base,head_model,8,0.6083333333333333,0.5,0.21666666666666656
emotion,6_20,streaky,ConvNeXt Base,head_model,9,0.5416666666666666,0.5,0.08333333333333326
emotion,6_20,streaky,ConvNeXt Base,head_model,10,0.6583333333333333,0.5,0.31666666666666665
emotion,6_20,streaky,ConvNeXt Large,head_model,1,0.5833333333333334,0.5,0.16666666666666674
emotion,6_20,streaky,ConvNeXt Large,head_model,2,0.5583333333333333,0.5,0.1166666666666667
emotion,6_20,streaky,ConvNeXt Large,head_model,3,0.5916666666666667,0.5,0.18333333333333335
emotion,6_20,streaky,ConvNeXt Large,head_model,4,0.5916666666666667,0.5,0.18333333333333335
emotion,6_20,streaky,ConvNeXt Large,head_model,5,0.5583333333333333,0.5,0.1166666666666667
emotion,6_20,streaky,ConvNeXt Large,head_model,6,0.6,0.5,0.19999999999999996
emotion,6_20,streaky,ConvNeXt Large,head_model,7,0.6083333333333333,0.5,0.21666666666666656
emotion,6_20,streaky,ConvNeXt Large,head_model,8,0.6083333333333333,0.5,0.21666666666666656
emotion,6_20,streaky,ConvNeXt Large,head_model,9,0.5833333333333334,0.5,0.16666666666666674
emotion,6_20,streaky,ConvNeXt Large,head_model,10,0.6666666666666666,0.5,0.33333333333333326
emotion,6_20,streaky,ConvNeXt Small,head_model,1,0.525,0.5,0.050000000000000044
emotion,6_20,streaky,ConvNeXt Small,head_model,2,0.525,0.5,0.050000000000000044
emotion,6_20,streaky,ConvNeXt Small,head_model,3,0.5666666666666667,0.5,0.1333333333333333
emotion,6_20,streaky,ConvNeXt Small,head_model,4,0.5333333333333333,0.5,0.06666666666666665
emotion,6_20,streaky,ConvNeXt Small,head_model,5,0.5166666666666667,0.5,0.03333333333333344
emotion,6_20,streaky,ConvNeXt Small,head_model,6,0.55,0.5,0.10000000000000009
emotion,6_20,streaky,ConvNeXt Small,head_model,7,0.5833333333333334,0.5,0.16666666666666674
emotion,6_20,streaky,ConvNeXt Small,head_model,8,0.55,0.5,0.10000000000000009
emotion,6_20,streaky,ConvNeXt Small,head_model,9,0.5333333333333333,0.5,0.06666666666666665
emotion,6_20,streaky,ConvNeXt Small,head_model,10,0.5833333333333334,0.5,0.16666666666666674
emotion,6_20,streaky,ConvNeXt Tiny,head_model,1,0.5166666666666667,0.5,0.03333333333333344
emotion,6_20,streaky,ConvNeXt Tiny,head_model,2,0.5416666666666666,0.5,0.08333333333333326
emotion,6_20,streaky,ConvNeXt Tiny,head_model,3,0.55,0.5,0.10000000000000009
emotion,6_20,streaky,ConvNeXt Tiny,head_model,4,0.525,0.5,0.050000000000000044
emotion,6_20,streaky,ConvNeXt Tiny,head_model,5,0.5083333333333333,0.5,0.016666666666666607
emotion,6_20,streaky,ConvNeXt Tiny,head_model,6,0.5583333333333333,0.5,0.1166666666666667
emotion,6_20,streaky,ConvNeXt Tiny,head_model,7,0.6083333333333333,0.5,0.21666666666666656
emotion,6_20,streaky,ConvNeXt Tiny,head_model,8,0.6333333333333333,0.5,0.2666666666666666
emotion,6_20,streaky,ConvNeXt Tiny,head_model,9,0.525,0.5,0.050000000000000044
emotion,6_20,streaky,ConvNeXt Tiny,head_model,10,0.65,0.5,0.30000000000000004
emotion,6_20,streaky,DINOv3 ViT Base,head_model,1,0.5083333333333333,0.5,0.016666666666666607
emotion,6_20,streaky,DINOv3 ViT Base,head_model,2,0.6,0.5,0.19999999999999996
emotion,6_20,streaky,DINOv3 ViT Base,head_model,3,0.525,0.5,0.050000000000000044
emotion,6_20,streaky,DINOv3 ViT Base,head_model,4,0.5166666666666667,0.5,0.03333333333333344
emotion,6_20,streaky,DINOv3 ViT Base,head_model,5,0.6416666666666667,0.5,0.28333333333333344
emotion,6_20,streaky,DINOv3 ViT Base,head_model,6,0.5083333333333333,0.5,0.016666666666666607
emotion,6_20,streaky,DINOv3 ViT Base,head_model,7,0.5583333333333333,0.5,0.1166666666666667
emotion,6_20,streaky,DINOv3 ViT Base,head_model,8,0.5583333333333333,0.5,0.1166666666666667
emotion,6_20,streaky,DINOv3 ViT Base,head_model,9,0.625,0.5,0.25
emotion,6_20,streaky,DINOv3 ViT Base,head_model,10,0.6916666666666667,0.5,0.3833333333333333
emotion,6_20,streaky,ResNet18,head_model,1,0.5083333333333333,0.5,0.016666666666666607
emotion,6_20,streaky,ResNet18,head_model,2,0.5166666666666667,0.5,0.03333333333333344
emotion,6_20,streaky,ResNet18,head_model,3,0.525,0.5,0.050000000000000044
emotion,6_20,streaky,ResNet18,head_model,4,0.525,0.5,0.050000000000000044
emotion,6_20,streaky,ResNet18,head_model,5,0.525,0.5,0.050000000000000044
emotion,6_20,streaky,ResNet18,head_model,6,0.5333333333333333,0.5,0.06666666666666665
emotion,6_20,streaky,ResNet18,head_model,7,0.525,0.5,0.050000000000000044
emotion,6_20,streaky,ResNet18,head_model,8,0.525,0.5,0.050000000000000044
emotion,6_20,streaky,ResNet18,head_model,9,0.5166666666666667,0.5,0.03333333333333344
emotion,6_20,streaky,ResNet18,head_model,10,0.525,0.5,0.050000000000000044
emotion,6_20,streaky,ResNet50,head_model,1,0.55,0.5,0.10000000000000009
emotion,6_20,streaky,ResNet50,head_model,2,0.5833333333333334,0.5,0.16666666666666674
emotion,6_20,streaky,ResNet50,head_model,3,0.6,0.5,0.19999999999999996
emotion,6_20,streaky,ResNet50,head_model,4,0.5916666666666667,0.5,0.18333333333333335
emotion,6_20,streaky,ResNet50,head_model,5,0.6416666666666667,0.5,0.28333333333333344
emotion,6_20,streaky,ResNet50,head_model,6,0.6333333333333333,0.5,0.2666666666666666
emotion,6_20,streaky,ResNet50,head_model,7,0.5916666666666667,0.5,0.18333333333333335
emotion,6_20,streaky,ResNet50,head_model,8,0.6416666666666667,0.5,0.28333333333333344
emotion,6_20,streaky,ResNet50,head_model,9,0.55,0.5,0.10000000000000009
emotion,6_20,streaky,ResNet50,head_model,10,0.575,0.5,0.1499999999999999
emotion,6_20,streaky,VGG11,head_model,1,0.5333333333333333,0.5,0.06666666666666665
emotion,6_20,streaky,VGG11,head_model,2,0.5416666666666666,0.5,0.08333333333333326
emotion,6_20,streaky,VGG11,head_model,3,0.575,0.5,0.1499999999999999
emotion,6_20,streaky,VGG11,head_model,4,0.5333333333333333,0.5,0.06666666666666665
emotion,6_20,streaky,VGG11,head_model,5,0.5,0.5,0.0
emotion,6_20,streaky,VGG11,head_model,6,0.5333333333333333,0.5,0.06666666666666665
emotion,6_20,streaky,VGG11,head_model,7,0.5833333333333334,0.5,0.16666666666666674
emotion,6_20,streaky,VGG11,head_model,8,0.5333333333333333,0.5,0.06666666666666665
emotion,6_20,streaky,VGG11,head_model,9,0.525,0.5,0.050000000000000044
emotion,6_20,streaky,VGG11,head_model,10,0.5916666666666667,0.5,0.18333333333333335
emotion,6_20,streaky,VGG13,head_model,1,0.55,0.5,0.10000000000000009
emotion,6_20,streaky,VGG13,head_model,2,0.5833333333333334,0.5,0.16666666666666674
emotion,6_20,streaky,VGG13,head_model,3,0.5583333333333333,0.5,0.1166666666666667
emotion,6_20,streaky,VGG13,head_model,4,0.55,0.5,0.10000000000000009
emotion,6_20,streaky,VGG13,head_model,5,0.5083333333333333,0.5,0.016666666666666607
emotion,6_20,streaky,VGG13,head_model,6,0.5333333333333333,0.5,0.06666666666666665
emotion,6_20,streaky,VGG13,head_model,7,0.5416666666666666,0.5,0.08333333333333326
emotion,6_20,streaky,VGG13,head_model,8,0.5083333333333333,0.5,0.016666666666666607
emotion,6_20,streaky,VGG13,head_model,9,0.5416666666666666,0.5,0.08333333333333326
emotion,6_20,streaky,VGG13,head_model,10,0.5583333333333333,0.5,0.1166666666666667
emotion,6_20,streaky,VGG16,head_model,1,0.5333333333333333,0.5,0.06666666666666665
emotion,6_20,streaky,VGG16,head_model,2,0.5416666666666666,0.5,0.08333333333333326
emotion,6_20,streaky,VGG16,head_model,3,0.5416666666666666,0.5,0.08333333333333326
emotion,6_20,streaky,VGG16,head_model,4,0.5666666666666667,0.5,0.1333333333333333
emotion,6_20,streaky,VGG16,head_model,5,0.5083333333333333,0.5,0.016666666666666607
emotion,6_20,streaky,VGG16,head_model,6,0.5333333333333333,0.5,0.06666666666666665
emotion,6_20,streaky,VGG16,head_model,7,0.5833333333333334,0.5,0.16666666666666674
emotion,6_20,streaky,VGG16,head_model,8,0.5333333333333333,0.5,0.06666666666666665
emotion,6_20,streaky,VGG16,head_model,9,0.525,0.5,0.050000000000000044
emotion,6_20,streaky,VGG16,head_model,10,0.625,0.5,0.25
emotion,6_20,streaky,VGG19,head_model,1,0.5833333333333334,0.5,0.16666666666666674
emotion,6_20,streaky,VGG19,head_model,2,0.6,0.5,0.19999999999999996
emotion,6_20,streaky,VGG19,head_model,3,0.5916666666666667,0.5,0.18333333333333335
emotion,6_20,streaky,VGG19,head_model,4,0.6083333333333333,0.5,0.21666666666666656
emotion,6_20,streaky,VGG19,head_model,5,0.5083333333333333,0.5,0.016666666666666607
emotion,6_20,streaky,VGG19,head_model,6,0.5833333333333334,0.5,0.16666666666666674
emotion,6_20,streaky,VGG19,head_model,7,0.5916666666666667,0.5,0.18333333333333335
emotion,6_20,streaky,VGG19,head_model,8,0.5833333333333334,0.5,0.16666666666666674
emotion,6_20,streaky,VGG19,head_model,9,0.5666666666666667,0.5,0.1333333333333333
emotion,6_20,streaky,VGG19,head_model,10,0.5916666666666667,0.5,0.18333333333333335
emotion,6_20,streaky,ViT Base,head_model,1,0.6166666666666667,0.5,0.2333333333333334
emotion,6_20,streaky,ViT Base,head_model,2,0.65,0.5,0.30000000000000004
emotion,6_20,streaky,ViT Base,head_model,3,0.575,0.5,0.1499999999999999
emotion,6_20,streaky,ViT Base,head_model,4,0.5333333333333333,0.5,0.06666666666666665
emotion,6_20,streaky,ViT Base,head_model,5,0.5833333333333334,0.5,0.16666666666666674
emotion,6_20,streaky,ViT Base,head_model,6,0.6416666666666667,0.5,0.28333333333333344
emotion,6_20,streaky,ViT Base,head_model,7,0.6,0.5,0.19999999999999996
emotion,6_20,streaky,ViT Base,head_model,8,0.6,0.5,0.19999999999999996
emotion,6_20,streaky,ViT Base,head_model,9,0.5416666666666666,0.5,0.08333333333333326
emotion,6_20,streaky,ViT Base,head_model,10,0.6583333333333333,0.5,0.31666666666666665
emotion,6_20,streaky,ViT Large,head_model,1,0.6,0.5,0.19999999999999996
emotion,6_20,streaky,ViT Large,head_model,2,0.525,0.5,0.050000000000000044
emotion,6_20,streaky,ViT Large,head_model,3,0.55,0.5,0.10000000000000009
emotion,6_20,streaky,ViT Large,head_model,4,0.5916666666666667,0.5,0.18333333333333335
emotion,6_20,streaky,ViT Large,head_model,5,0.5166666666666667,0.5,0.03333333333333344
emotion,6_20,streaky,ViT Large,head_model,6,0.625,0.5,0.25
emotion,6_20,streaky,ViT Large,head_model,7,0.5666666666666667,0.5,0.1333333333333333
emotion,6_20,streaky,ViT Large,head_model,8,0.5583333333333333,0.5,0.1166666666666667
emotion,6_20,streaky,ViT Large,head_model,9,0.55,0.5,0.10000000000000009
emotion,6_20,streaky,ViT Large,head_model,10,0.6333333333333333,0.5,0.2666666666666666
emotion,6_20,streaky,ViT Small,head_model,1,0.575,0.5,0.1499999999999999
emotion,6_20,streaky,ViT Small,head_model,2,0.6333333333333333,0.5,0.2666666666666666
emotion,6_20,streaky,ViT Small,head_model,3,0.5666666666666667,0.5,0.1333333333333333
emotion,6_20,streaky,ViT Small,head_model,4,0.6,0.5,0.19999999999999996
emotion,6_20,streaky,ViT Small,head_model,5,0.5833333333333334,0.5,0.16666666666666674
emotion,6_20,streaky,ViT Small,head_model,6,0.6333333333333333,0.5,0.2666666666666666
emotion,6_20,streaky,ViT Small,head_model,7,0.5416666666666666,0.5,0.08333333333333326
emotion,6_20,streaky,ViT Small,head_model,8,0.6,0.5,0.19999999999999996
emotion,6_20,streaky,ViT Small,head_model,9,0.5916666666666667,0.5,0.18333333333333335
emotion,6_20,streaky,ViT Small,head_model,10,0.6416666666666667,0.5,0.28333333333333344
emotion,9_10,pointy,ConvNeXt Base,head_model,1,0.5583333333333333,0.5,0.1166666666666667
emotion,9_10,pointy,ConvNeXt Base,head_model,2,0.5166666666666667,0.5,0.03333333333333344
emotion,9_10,pointy,ConvNeXt Base,head_model,3,0.5666666666666667,0.5,0.1333333333333333
emotion,9_10,pointy,ConvNeXt Base,head_model,4,0.6916666666666667,0.5,0.3833333333333333
emotion,9_10,pointy,ConvNeXt Base,head_model,5,0.5333333333333333,0.5,0.06666666666666665
emotion,9_10,pointy,ConvNeXt Base,head_model,6,0.675,0.5,0.3500000000000001
emotion,9_10,pointy,ConvNeXt Base,head_model,7,0.5583333333333333,0.5,0.1166666666666667
emotion,9_10,pointy,ConvNeXt Base,head_model,8,0.5416666666666666,0.5,0.08333333333333326
emotion,9_10,pointy,ConvNeXt Base,head_model,9,0.525,0.5,0.050000000000000044
emotion,9_10,pointy,ConvNeXt Base,head_model,10,0.6666666666666666,0.5,0.33333333333333326
emotion,9_10,pointy,ConvNeXt Large,head_model,1,0.5916666666666667,0.5,0.18333333333333335
emotion,9_10,pointy,ConvNeXt Large,head_model,2,0.5416666666666666,0.5,0.08333333333333326
emotion,9_10,pointy,ConvNeXt Large,head_model,3,0.6166666666666667,0.5,0.2333333333333334
emotion,9_10,pointy,ConvNeXt Large,head_model,4,0.7166666666666667,0.5,0.43333333333333335
emotion,9_10,pointy,ConvNeXt Large,head_model,5,0.5916666666666667,0.5,0.18333333333333335
emotion,9_10,pointy,ConvNeXt Large,head_model,6,0.625,0.5,0.25
emotion,9_10,pointy,ConvNeXt Large,head_model,7,0.6166666666666667,0.5,0.2333333333333334
emotion,9_10,pointy,ConvNeXt Large,head_model,8,0.575,0.5,0.1499999999999999
emotion,9_10,pointy,ConvNeXt Large,head_model,9,0.575,0.5,0.1499999999999999
emotion,9_10,pointy,ConvNeXt Large,head_model,10,0.6666666666666666,0.5,0.33333333333333326
emotion,9_10,pointy,ConvNeXt Small,head_model,1,0.5833333333333334,0.5,0.16666666666666674
emotion,9_10,pointy,ConvNeXt Small,head_model,2,0.525,0.5,0.050000000000000044
emotion,9_10,pointy,ConvNeXt Small,head_model,3,0.6,0.5,0.19999999999999996
emotion,9_10,pointy,ConvNeXt Small,head_model,4,0.6833333333333333,0.5,0.3666666666666667
emotion,9_10,pointy,ConvNeXt Small,head_model,5,0.6,0.5,0.19999999999999996
emotion,9_10,pointy,ConvNeXt Small,head_model,6,0.65,0.5,0.30000000000000004
emotion,9_10,pointy,ConvNeXt Small,head_model,7,0.5916666666666667,0.5,0.18333333333333335
emotion,9_10,pointy,ConvNeXt Small,head_model,8,0.5666666666666667,0.5,0.1333333333333333
emotion,9_10,pointy,ConvNeXt Small,head_model,9,0.5666666666666667,0.5,0.1333333333333333
emotion,9_10,pointy,ConvNeXt Small,head_model,10,0.6333333333333333,0.5,0.2666666666666666
emotion,9_10,pointy,ConvNeXt Tiny,head_model,1,0.6166666666666667,0.5,0.2333333333333334
emotion,9_10,pointy,ConvNeXt Tiny,head_model,2,0.5416666666666666,0.5,0.08333333333333326
emotion,9_10,pointy,ConvNeXt Tiny,head_model,3,0.6416666666666667,0.5,0.28333333333333344
emotion,9_10,pointy,ConvNeXt Tiny,head_model,4,0.7083333333333334,0.5,0.41666666666666674
emotion,9_10,pointy,ConvNeXt Tiny,head_model,5,0.575,0.5,0.1499999999999999
emotion,9_10,pointy,ConvNeXt Tiny,head_model,6,0.6416666666666667,0.5,0.28333333333333344
emotion,9_10,pointy,ConvNeXt Tiny,head_model,7,0.6416666666666667,0.5,0.28333333333333344
emotion,9_10,pointy,ConvNeXt Tiny,head_model,8,0.5833333333333334,0.5,0.16666666666666674
emotion,9_10,pointy,ConvNeXt Tiny,head_model,9,0.5833333333333334,0.5,0.16666666666666674
emotion,9_10,pointy,ConvNeXt Tiny,head_model,10,0.65,0.5,0.30000000000000004
emotion,9_10,pointy,DINOv3 ViT Base,head_model,1,0.5916666666666667,0.5,0.18333333333333335
emotion,9_10,pointy,DINOv3 ViT Base,head_model,2,0.5583333333333333,0.5,0.1166666666666667
emotion,9_10,pointy,DINOv3 ViT Base,head_model,3,0.5,0.5,0.0
emotion,9_10,pointy,DINOv3 ViT Base,head_model,4,0.5333333333333333,0.5,0.06666666666666665
emotion,9_10,pointy,DINOv3 ViT Base,head_model,5,0.5583333333333333,0.5,0.1166666666666667
emotion,9_10,pointy,DINOv3 ViT Base,head_model,6,0.5,0.5,0.0
emotion,9_10,pointy,DINOv3 ViT Base,head_model,7,0.5,0.5,0.0
emotion,9_10,pointy,DINOv3 ViT Base,head_model,8,0.5166666666666667,0.5,0.03333333333333344
emotion,9_10,pointy,DINOv3 ViT Base,head_model,9,0.6666666666666666,0.5,0.33333333333333326
emotion,9_10,pointy,DINOv3 ViT Base,head_model,10,0.525,0.5,0.050000000000000044
emotion,9_10,pointy,ResNet18,head_model,1,0.5583333333333333,0.5,0.1166666666666667
emotion,9_10,pointy,ResNet18,head_model,2,0.5666666666666667,0.5,0.1333333333333333
emotion,9_10,pointy,ResNet18,head_model,3,0.575,0.5,0.1499999999999999
emotion,9_10,pointy,ResNet18,head_model,4,0.5583333333333333,0.5,0.1166666666666667
emotion,9_10,pointy,ResNet18,head_model,5,0.5416666666666666,0.5,0.08333333333333326
emotion,9_10,pointy,ResNet18,head_model,6,0.5416666666666666,0.5,0.08333333333333326
emotion,9_10,pointy,ResNet18,head_model,7,0.5083333333333333,0.5,0.016666666666666607
emotion,9_10,pointy,ResNet18,head_model,8,0.5416666666666666,0.5,0.08333333333333326
emotion,9_10,pointy,ResNet18,head_model,9,0.5416666666666666,0.5,0.08333333333333326
emotion,9_10,pointy,ResNet18,head_model,10,0.6083333333333333,0.5,0.21666666666666656
emotion,9_10,pointy,ResNet50,head_model,1,0.5916666666666667,0.5,0.18333333333333335
emotion,9_10,pointy,ResNet50,head_model,2,0.5916666666666667,0.5,0.18333333333333335
emotion,9_10,pointy,ResNet50,head_model,3,0.5916666666666667,0.5,0.18333333333333335
emotion,9_10,pointy,ResNet50,head_model,4,0.5916666666666667,0.5,0.18333333333333335
emotion,9_10,pointy,ResNet50,head_model,5,0.575,0.5,0.1499999999999999
emotion,9_10,pointy,ResNet50,head_model,6,0.525,0.5,0.050000000000000044
emotion,9_10,pointy,ResNet50,head_model,7,0.5166666666666667,0.5,0.03333333333333344
emotion,9_10,pointy,ResNet50,head_model,8,0.55,0.5,0.10000000000000009
emotion,9_10,pointy,ResNet50,head_model,9,0.55,0.5,0.10000000000000009
emotion,9_10,pointy,ResNet50,head_model,10,0.625,0.5,0.25
emotion,9_10,pointy,VGG11,head_model,1,0.5833333333333334,0.5,0.16666666666666674
emotion,9_10,pointy,VGG11,head_model,2,0.5166666666666667,0.5,0.03333333333333344
emotion,9_10,pointy,VGG11,head_model,3,0.625,0.5,0.25
emotion,9_10,pointy,VGG11,head_model,4,0.7166666666666667,0.5,0.43333333333333335
emotion,9_10,pointy,VGG11,head_model,5,0.5583333333333333,0.5,0.1166666666666667
emotion,9_10,pointy,VGG11,head_model,6,0.7,0.5,0.3999999999999999
emotion,9_10,pointy,VGG11,head_model,7,0.6,0.5,0.19999999999999996
emotion,9_10,pointy,VGG11,head_model,8,0.5916666666666667,0.5,0.18333333333333335
emotion,9_10,pointy,VGG11,head_model,9,0.5333333333333333,0.5,0.06666666666666665
emotion,9_10,pointy,VGG11,head_model,10,0.65,0.5,0.30000000000000004
emotion,9_10,pointy,VGG13,head_model,1,0.6416666666666667,0.5,0.28333333333333344
emotion,9_10,pointy,VGG13,head_model,2,0.525,0.5,0.050000000000000044
emotion,9_10,pointy,VGG13,head_model,3,0.7083333333333334,0.5,0.41666666666666674
emotion,9_10,pointy,VGG13,head_model,4,0.7166666666666667,0.5,0.43333333333333335
emotion,9_10,pointy,VGG13,head_model,5,0.6,0.5,0.19999999999999996
emotion,9_10,pointy,VGG13,head_model,6,0.775,0.5,0.55
emotion,9_10,pointy,VGG13,head_model,7,0.7416666666666667,0.5,0.4833333333333334
emotion,9_10,pointy,VGG13,head_model,8,0.6666666666666666,0.5,0.33333333333333326
emotion,9_10,pointy,VGG13,head_model,9,0.6166666666666667,0.5,0.2333333333333334
emotion,9_10,pointy,VGG13,head_model,10,0.7333333333333333,0.5,0.46666666666666656
emotion,9_10,pointy,VGG16,head_model,1,0.6583333333333333,0.5,0.31666666666666665
emotion,9_10,pointy,VGG16,head_model,2,0.55,0.5,0.10000000000000009
emotion,9_10,pointy,VGG16,head_model,3,0.6583333333333333,0.5,0.31666666666666665
emotion,9_10,pointy,VGG16,head_model,4,0.725,0.5,0.44999999999999996
emotion,9_10,pointy,VGG16,head_model,5,0.6083333333333333,0.5,0.21666666666666656
emotion,9_10,pointy,VGG16,head_model,6,0.7166666666666667,0.5,0.43333333333333335
emotion,9_10,pointy,VGG16,head_model,7,0.6916666666666667,0.5,0.3833333333333333
emotion,9_10,pointy,VGG16,head_model,8,0.6416666666666667,0.5,0.28333333333333344
emotion,9_10,pointy,VGG16,head_model,9,0.5833333333333334,0.5,0.16666666666666674
emotion,9_10,pointy,VGG16,head_model,10,0.725,0.5,0.44999999999999996
emotion,9_10,pointy,VGG19,head_model,1,0.6166666666666667,0.5,0.2333333333333334
emotion,9_10,pointy,VGG19,head_model,2,0.5333333333333333,0.5,0.06666666666666665
emotion,9_10,pointy,VGG19,head_model,3,0.6333333333333333,0.5,0.2666666666666666
emotion,9_10,pointy,VGG19,head_model,4,0.6333333333333333,0.5,0.2666666666666666
emotion,9_10,pointy,VGG19,head_model,5,0.625,0.5,0.25
emotion,9_10,pointy,VGG19,head_model,6,0.6833333333333333,0.5,0.3666666666666667
emotion,9_10,pointy,VGG19,head_model,7,0.65,0.5,0.30000000000000004
emotion,9_10,pointy,VGG19,head_model,8,0.6083333333333333,0.5,0.21666666666666656
emotion,9_10,pointy,VGG19,head_model,9,0.575,0.5,0.1499999999999999
emotion,9_10,pointy,VGG19,head_model,10,0.6583333333333333,0.5,0.31666666666666665
emotion,9_10,pointy,ViT Base,head_model,1,0.625,0.5,0.25
emotion,9_10,pointy,ViT Base,head_model,2,0.6,0.5,0.19999999999999996
emotion,9_10,pointy,ViT Base,head_model,3,0.6666666666666666,0.5,0.33333333333333326
emotion,9_10,pointy,ViT Base,head_model,4,0.5666666666666667,0.5,0.1333333333333333
emotion,9_10,pointy,ViT Base,head_model,5,0.6166666666666667,0.5,0.2333333333333334
emotion,9_10,pointy,ViT Base,head_model,6,0.6,0.5,0.19999999999999996
emotion,9_10,pointy,ViT Base,head_model,7,0.55,0.5,0.10000000000000009
emotion,9_10,pointy,ViT Base,head_model,8,0.5833333333333334,0.5,0.16666666666666674
emotion,9_10,pointy,ViT Base,head_model,9,0.525,0.5,0.050000000000000044
emotion,9_10,pointy,ViT Base,head_model,10,0.5166666666666667,0.5,0.03333333333333344
emotion,9_10,pointy,ViT Large,head_model,1,0.6916666666666667,0.5,0.3833333333333333
emotion,9_10,pointy,ViT Large,head_model,2,0.6666666666666666,0.5,0.33333333333333326
emotion,9_10,pointy,ViT Large,head_model,3,0.5666666666666667,0.5,0.1333333333333333
emotion,9_10,pointy,ViT Large,head_model,4,0.5583333333333333,0.5,0.1166666666666667
emotion,9_10,pointy,ViT Large,head_model,5,0.5916666666666667,0.5,0.18333333333333335
emotion,9_10,pointy,ViT Large,head_model,6,0.625,0.5,0.25
emotion,9_10,pointy,ViT Large,head_model,7,0.65,0.5,0.30000000000000004
emotion,9_10,pointy,ViT Large,head_model,8,0.55,0.5,0.10000000000000009
emotion,9_10,pointy,ViT Large,head_model,9,0.5416666666666666,0.5,0.08333333333333326
emotion,9_10,pointy,ViT Large,head_model,10,0.55,0.5,0.10000000000000009
emotion,9_10,pointy,ViT Small,head_model,1,0.5583333333333333,0.5,0.1166666666666667
emotion,9_10,pointy,ViT Small,head_model,2,0.625,0.5,0.25
emotion,9_10,pointy,ViT Small,head_model,3,0.625,0.5,0.25
emotion,9_10,pointy,ViT Small,head_model,4,0.6583333333333333,0.5,0.31666666666666665
emotion,9_10,pointy,ViT Small,head_model,5,0.55,0.5,0.10000000000000009
emotion,9_10,pointy,ViT Small,head_model,6,0.5833333333333334,0.5,0.16666666666666674
emotion,9_10,pointy,ViT Small,head_model,7,0.625,0.5,0.25
emotion,9_10,pointy,ViT Small,head_model,8,0.6666666666666666,0.5,0.33333333333333326
emotion,9_10,pointy,ViT Small,head_model,9,0.6166666666666667,0.5,0.2333333333333334
emotion,9_10,pointy,ViT Small,head_model,10,0.6333333333333333,0.5,0.2666666666666666
emotion,9_10,streaky,ConvNeXt Base,head_model,1,0.725,0.5,0.44999999999999996
emotion,9_10,streaky,ConvNeXt Base,head_model,2,0.8166666666666667,0.5,0.6333333333333333
emotion,9_10,streaky,ConvNeXt Base,head_model,3,0.85,0.5,0.7
emotion,9_10,streaky,ConvNeXt Base,head_model,4,0.8333333333333334,0.5,0.6666666666666667
emotion,9_10,streaky,ConvNeXt Base,head_model,5,0.6916666666666667,0.5,0.3833333333333333
emotion,9_10,streaky,ConvNeXt Base,head_model,6,0.675,0.5,0.3500000000000001
emotion,9_10,streaky,ConvNeXt Base,head_model,7,0.675,0.5,0.3500000000000001
emotion,9_10,streaky,ConvNeXt Base,head_model,8,0.75,0.5,0.5
emotion,9_10,streaky,ConvNeXt Base,head_model,9,0.8416666666666667,0.5,0.6833333333333333
emotion,9_10,streaky,ConvNeXt Base,head_model,10,0.6833333333333333,0.5,0.3666666666666667
emotion,9_10,streaky,ConvNeXt Large,head_model,1,0.7083333333333334,0.5,0.41666666666666674
emotion,9_10,streaky,ConvNeXt Large,head_model,2,0.725,0.5,0.44999999999999996
emotion,9_10,streaky,ConvNeXt Large,head_model,3,0.725,0.5,0.44999999999999996
emotion,9_10,streaky,ConvNeXt Large,head_model,4,0.7583333333333333,0.5,0.5166666666666666
emotion,9_10,streaky,ConvNeXt Large,head_model,5,0.7,0.5,0.3999999999999999
emotion,9_10,streaky,ConvNeXt Large,head_model,6,0.65,0.5,0.30000000000000004
emotion,9_10,streaky,ConvNeXt Large,head_model,7,0.675,0.5,0.3500000000000001
emotion,9_10,streaky,ConvNeXt Large,head_model,8,0.725,0.5,0.44999999999999996
emotion,9_10,streaky,ConvNeXt Large,head_model,9,0.7583333333333333,0.5,0.5166666666666666
emotion,9_10,streaky,ConvNeXt Large,head_model,10,0.7,0.5,0.3999999999999999
emotion,9_10,streaky,ConvNeXt Small,head_model,1,0.6916666666666667,0.5,0.3833333333333333
emotion,9_10,streaky,ConvNeXt Small,head_model,2,0.7416666666666667,0.5,0.4833333333333334
emotion,9_10,streaky,ConvNeXt Small,head_model,3,0.775,0.5,0.55
emotion,9_10,streaky,ConvNeXt Small,head_model,4,0.7583333333333333,0.5,0.5166666666666666
emotion,9_10,streaky,ConvNeXt Small,head_model,5,0.6416666666666667,0.5,0.28333333333333344
emotion,9_10,streaky,ConvNeXt Small,head_model,6,0.5916666666666667,0.5,0.18333333333333335
emotion,9_10,streaky,ConvNeXt Small,head_model,7,0.6083333333333333,0.5,0.21666666666666656
emotion,9_10,streaky,ConvNeXt Small,head_model,8,0.7666666666666667,0.5,0.5333333333333334
emotion,9_10,streaky,ConvNeXt Small,head_model,9,0.7583333333333333,0.5,0.5166666666666666
emotion,9_10,streaky,ConvNeXt Small,head_model,10,0.6166666666666667,0.5,0.2333333333333334
emotion,9_10,streaky,ConvNeXt Tiny,head_model,1,0.6916666666666667,0.5,0.3833333333333333
emotion,9_10,streaky,ConvNeXt Tiny,head_model,2,0.7833333333333333,0.5,0.5666666666666667
emotion,9_10,streaky,ConvNeXt Tiny,head_model,3,0.7916666666666666,0.5,0.5833333333333333
emotion,9_10,streaky,ConvNeXt Tiny,head_model,4,0.8166666666666667,0.5,0.6333333333333333
emotion,9_10,streaky,ConvNeXt Tiny,head_model,5,0.7,0.5,0.3999999999999999
emotion,9_10,streaky,ConvNeXt Tiny,head_model,6,0.65,0.5,0.30000000000000004
emotion,9_10,streaky,ConvNeXt Tiny,head_model,7,0.6333333333333333,0.5,0.2666666666666666
emotion,9_10,streaky,ConvNeXt Tiny,head_model,8,0.7166666666666667,0.5,0.43333333333333335
emotion,9_10,streaky,ConvNeXt Tiny,head_model,9,0.775,0.5,0.55
emotion,9_10,streaky,ConvNeXt Tiny,head_model,10,0.6833333333333333,0.5,0.3666666666666667
emotion,9_10,streaky,DINOv3 ViT Base,head_model,1,0.675,0.5,0.3500000000000001
emotion,9_10,streaky,DINOv3 ViT Base,head_model,2,0.6916666666666667,0.5,0.3833333333333333
emotion,9_10,streaky,DINOv3 ViT Base,head_model,3,0.6583333333333333,0.5,0.31666666666666665
emotion,9_10,streaky,DINOv3 ViT Base,head_model,4,0.6666666666666666,0.5,0.33333333333333326
emotion,9_10,streaky,DINOv3 ViT Base,head_model,5,0.75,0.5,0.5
emotion,9_10,streaky,DINOv3 ViT Base,head_model,6,0.6833333333333333,0.5,0.3666666666666667
emotion,9_10,streaky,DINOv3 ViT Base,head_model,7,0.6916666666666667,0.5,0.3833333333333333
emotion,9_10,streaky,DINOv3 ViT Base,head_model,8,0.725,0.5,0.44999999999999996
emotion,9_10,streaky,DINOv3 ViT Base,head_model,9,0.625,0.5,0.25
emotion,9_10,streaky,DINOv3 ViT Base,head_model,10,0.5416666666666666,0.5,0.08333333333333326
emotion,9_10,streaky,ResNet18,head_model,1,0.75,0.5,0.5
emotion,9_10,streaky,ResNet18,head_model,2,0.5916666666666667,0.5,0.18333333333333335
emotion,9_10,streaky,ResNet18,head_model,3,0.5916666666666667,0.5,0.18333333333333335
emotion,9_10,streaky,ResNet18,head_model,4,0.5916666666666667,0.5,0.18333333333333335
emotion,9_10,streaky,ResNet18,head_model,5,0.6166666666666667,0.5,0.2333333333333334
emotion,9_10,streaky,ResNet18,head_model,6,0.575,0.5,0.1499999999999999
emotion,9_10,streaky,ResNet18,head_model,7,0.575,0.5,0.1499999999999999
emotion,9_10,streaky,ResNet18,head_model,8,0.6333333333333333,0.5,0.2666666666666666
emotion,9_10,streaky,ResNet18,head_model,9,0.625,0.5,0.25
emotion,9_10,streaky,ResNet18,head_model,10,0.6583333333333333,0.5,0.31666666666666665
emotion,9_10,streaky,ResNet50,head_model,1,0.6583333333333333,0.5,0.31666666666666665
emotion,9_10,streaky,ResNet50,head_model,2,0.6166666666666667,0.5,0.2333333333333334
emotion,9_10,streaky,ResNet50,head_model,3,0.5583333333333333,0.5,0.1166666666666667
emotion,9_10,streaky,ResNet50,head_model,4,0.6,0.5,0.19999999999999996
emotion,9_10,streaky,ResNet50,head_model,5,0.5916666666666667,0.5,0.18333333333333335
emotion,9_10,streaky,ResNet50,head_model,6,0.575,0.5,0.1499999999999999
emotion,9_10,streaky,ResNet50,head_model,7,0.5833333333333334,0.5,0.16666666666666674
emotion,9_10,streaky,ResNet50,head_model,8,0.625,0.5,0.25
emotion,9_10,streaky,ResNet50,head_model,9,0.6166666666666667,0.5,0.2333333333333334
emotion,9_10,streaky,ResNet50,head_model,10,0.6666666666666666,0.5,0.33333333333333326
emotion,9_10,streaky,VGG11,head_model,1,0.7333333333333333,0.5,0.46666666666666656
emotion,9_10,streaky,VGG11,head_model,2,0.6833333333333333,0.5,0.3666666666666667
emotion,9_10,streaky,VGG11,head_model,3,0.725,0.5,0.44999999999999996
emotion,9_10,streaky,VGG11,head_model,4,0.7,0.5,0.3999999999999999
emotion,9_10,streaky,VGG11,head_model,5,0.7166666666666667,0.5,0.43333333333333335
emotion,9_10,streaky,VGG11,head_model,6,0.625,0.5,0.25
emotion,9_10,streaky,VGG11,head_model,7,0.7666666666666667,0.5,0.5333333333333334
emotion,9_10,streaky,VGG11,head_model,8,0.7333333333333333,0.5,0.46666666666666656
emotion,9_10,streaky,VGG11,head_model,9,0.7416666666666667,0.5,0.4833333333333334
emotion,9_10,streaky,VGG11,head_model,10,0.6333333333333333,0.5,0.2666666666666666
emotion,9_10,streaky,VGG13,head_model,1,0.625,0.5,0.25
emotion,9_10,streaky,VGG13,head_model,2,0.625,0.5,0.25
emotion,9_10,streaky,VGG13,head_model,3,0.575,0.5,0.1499999999999999
emotion,9_10,streaky,VGG13,head_model,4,0.6833333333333333,0.5,0.3666666666666667
emotion,9_10,streaky,VGG13,head_model,5,0.6333333333333333,0.5,0.2666666666666666
emotion,9_10,streaky,VGG13,head_model,6,0.5833333333333334,0.5,0.16666666666666674
emotion,9_10,streaky,VGG13,head_model,7,0.65,0.5,0.30000000000000004
emotion,9_10,streaky,VGG13,head_model,8,0.55,0.5,0.10000000000000009
emotion,9_10,streaky,VGG13,head_model,9,0.675,0.5,0.3500000000000001
emotion,9_10,streaky,VGG13,head_model,10,0.5833333333333334,0.5,0.16666666666666674
emotion,9_10,streaky,VGG16,head_model,1,0.7416666666666667,0.5,0.4833333333333334
emotion,9_10,streaky,VGG16,head_model,2,0.7,0.5,0.3999999999999999
emotion,9_10,streaky,VGG16,head_model,3,0.65,0.5,0.30000000000000004
emotion,9_10,streaky,VGG16,head_model,4,0.725,0.5,0.44999999999999996
emotion,9_10,streaky,VGG16,head_model,5,0.7333333333333333,0.5,0.46666666666666656
emotion,9_10,streaky,VGG16,head_model,6,0.6083333333333333,0.5,0.21666666666666656
emotion,9_10,streaky,VGG16,head_model,7,0.7333333333333333,0.5,0.46666666666666656
emotion,9_10,streaky,VGG16,head_model,8,0.725,0.5,0.44999999999999996
emotion,9_10,streaky,VGG16,head_model,9,0.7083333333333334,0.5,0.41666666666666674
emotion,9_10,streaky,VGG16,head_model,10,0.6916666666666667,0.5,0.3833333333333333
emotion,9_10,streaky,VGG19,head_model,1,0.725,0.5,0.44999999999999996
emotion,9_10,streaky,VGG19,head_model,2,0.6666666666666666,0.5,0.33333333333333326
emotion,9_10,streaky,VGG19,head_model,3,0.6166666666666667,0.5,0.2333333333333334
emotion,9_10,streaky,VGG19,head_model,4,0.6666666666666666,0.5,0.33333333333333326
emotion,9_10,streaky,VGG19,head_model,5,0.6916666666666667,0.5,0.3833333333333333
emotion,9_10,streaky,VGG19,head_model,6,0.6166666666666667,0.5,0.2333333333333334
emotion,9_10,streaky,VGG19,head_model,7,0.6833333333333333,0.5,0.3666666666666667
emotion,9_10,streaky,VGG19,head_model,8,0.6333333333333333,0.5,0.2666666666666666
emotion,9_10,streaky,VGG19,head_model,9,0.6916666666666667,0.5,0.3833333333333333
emotion,9_10,streaky,VGG19,head_model,10,0.625,0.5,0.25
emotion,9_10,streaky,ViT Base,head_model,1,0.6416666666666667,0.5,0.28333333333333344
emotion,9_10,streaky,ViT Base,head_model,2,0.6333333333333333,0.5,0.2666666666666666
emotion,9_10,streaky,ViT Base,head_model,3,0.675,0.5,0.3500000000000001
emotion,9_10,streaky,ViT Base,head_model,4,0.6166666666666667,0.5,0.2333333333333334
emotion,9_10,streaky,ViT Base,head_model,5,0.6583333333333333,0.5,0.31666666666666665
emotion,9_10,streaky,ViT Base,head_model,6,0.7,0.5,0.3999999999999999
emotion,9_10,streaky,ViT Base,head_model,7,0.6,0.5,0.19999999999999996
emotion,9_10,streaky,ViT Base,head_model,8,0.6333333333333333,0.5,0.2666666666666666
emotion,9_10,streaky,ViT Base,head_model,9,0.6833333333333333,0.5,0.3666666666666667
emotion,9_10,streaky,ViT Base,head_model,10,0.6333333333333333,0.5,0.2666666666666666
emotion,9_10,streaky,ViT Large,head_model,1,0.7,0.5,0.3999999999999999
emotion,9_10,streaky,ViT Large,head_model,2,0.6416666666666667,0.5,0.28333333333333344
emotion,9_10,streaky,ViT Large,head_model,3,0.6833333333333333,0.5,0.3666666666666667
emotion,9_10,streaky,ViT Large,head_model,4,0.6666666666666666,0.5,0.33333333333333326
emotion,9_10,streaky,ViT Large,head_model,5,0.7416666666666667,0.5,0.4833333333333334
emotion,9_10,streaky,ViT Large,head_model,6,0.6666666666666666,0.5,0.33333333333333326
emotion,9_10,streaky,ViT Large,head_model,7,0.6333333333333333,0.5,0.2666666666666666
emotion,9_10,streaky,ViT Large,head_model,8,0.65,0.5,0.30000000000000004
emotion,9_10,streaky,ViT Large,head_model,9,0.675,0.5,0.3500000000000001
emotion,9_10,streaky,ViT Large,head_model,10,0.75,0.5,0.5
emotion,9_10,streaky,ViT Small,head_model,1,0.625,0.5,0.25
emotion,9_10,streaky,ViT Small,head_model,2,0.7083333333333334,0.5,0.41666666666666674
emotion,9_10,streaky,ViT Small,head_model,3,0.725,0.5,0.44999999999999996
emotion,9_10,streaky,ViT Small,head_model,4,0.5083333333333333,0.5,0.016666666666666607
emotion,9_10,streaky,ViT Small,head_model,5,0.65,0.5,0.30000000000000004
emotion,9_10,streaky,ViT Small,head_model,6,0.6416666666666667,0.5,0.28333333333333344
emotion,9_10,streaky,ViT Small,head_model,7,0.7166666666666667,0.5,0.43333333333333335
emotion,9_10,streaky,ViT Small,head_model,8,0.6583333333333333,0.5,0.31666666666666665
emotion,9_10,streaky,ViT Small,head_model,9,0.7083333333333334,0.5,0.41666666666666674
emotion,9_10,streaky,ViT Small,head_model,10,0.675,0.5,0.3500000000000001
locate_person,12_10,pointy,ConvNeXt Base,head_model,1,1.0,0.5,1.0
locate_person,12_10,pointy,ConvNeXt Base,head_model,2,1.0,0.5,1.0
locate_person,12_10,pointy,ConvNeXt Base,head_model,3,1.0,0.5,1.0
locate_person,12_10,pointy,ConvNeXt Base,head_model,4,1.0,0.5,1.0
locate_person,12_10,pointy,ConvNeXt Base,head_model,5,1.0,0.5,1.0
locate_person,12_10,pointy,ConvNeXt Base,head_model,6,1.0,0.5,1.0
locate_person,12_10,pointy,ConvNeXt Base,head_model,7,1.0,0.5,1.0
locate_person,12_10,pointy,ConvNeXt Base,head_model,8,1.0,0.5,1.0
locate_person,12_10,pointy,ConvNeXt Base,head_model,9,1.0,0.5,1.0
locate_person,12_10,pointy,ConvNeXt Base,head_model,10,1.0,0.5,1.0
locate_person,12_10,pointy,ConvNeXt Large,head_model,1,1.0,0.5,1.0
locate_person,12_10,pointy,ConvNeXt Large,head_model,2,1.0,0.5,1.0
locate_person,12_10,pointy,ConvNeXt Large,head_model,3,1.0,0.5,1.0
locate_person,12_10,pointy,ConvNeXt Large,head_model,4,1.0,0.5,1.0
locate_person,12_10,pointy,ConvNeXt Large,head_model,5,1.0,0.5,1.0
locate_person,12_10,pointy,ConvNeXt Large,head_model,6,1.0,0.5,1.0
locate_person,12_10,pointy,ConvNeXt Large,head_model,7,1.0,0.5,1.0
locate_person,12_10,pointy,ConvNeXt Large,head_model,8,1.0,0.5,1.0
locate_person,12_10,pointy,ConvNeXt Large,head_model,9,1.0,0.5,1.0
locate_person,12_10,pointy,ConvNeXt Large,head_model,10,1.0,0.5,1.0
locate_person,12_10,pointy,ConvNeXt Small,head_model,1,0.9966666666666667,0.5,0.9933333333333334
locate_person,12_10,pointy,ConvNeXt Small,head_model,2,0.9966666666666667,0.5,0.9933333333333334
locate_person,12_10,pointy,ConvNeXt Small,head_model,3,0.9966666666666667,0.5,0.9933333333333334
locate_person,12_10,pointy,ConvNeXt Small,head_model,4,1.0,0.5,1.0
locate_person,12_10,pointy,ConvNeXt Small,head_model,5,0.9966666666666667,0.5,0.9933333333333334
locate_person,12_10,pointy,ConvNeXt Small,head_model,6,1.0,0.5,1.0
locate_person,12_10,pointy,ConvNeXt Small,head_model,7,1.0,0.5,1.0
locate_person,12_10,pointy,ConvNeXt Small,head_model,8,1.0,0.5,1.0
locate_person,12_10,pointy,ConvNeXt Small,head_model,9,1.0,0.5,1.0
locate_person,12_10,pointy,ConvNeXt Small,head_model,10,0.9966666666666667,0.5,0.9933333333333334
locate_person,12_10,pointy,ConvNeXt Tiny,head_model,1,0.9966666666666667,0.5,0.9933333333333334
locate_person,12_10,pointy,ConvNeXt Tiny,head_model,2,0.9966666666666667,0.5,0.9933333333333334
locate_person,12_10,pointy,ConvNeXt Tiny,head_model,3,0.9966666666666667,0.5,0.9933333333333334
locate_person,12_10,pointy,ConvNeXt Tiny,head_model,4,0.9966666666666667,0.5,0.9933333333333334
locate_person,12_10,pointy,ConvNeXt Tiny,head_model,5,0.9966666666666667,0.5,0.9933333333333334
locate_person,12_10,pointy,ConvNeXt Tiny,head_model,6,0.9966666666666667,0.5,0.9933333333333334
locate_person,12_10,pointy,ConvNeXt Tiny,head_model,7,0.9966666666666667,0.5,0.9933333333333334
locate_person,12_10,pointy,ConvNeXt Tiny,head_model,8,0.9966666666666667,0.5,0.9933333333333334
locate_person,12_10,pointy,ConvNeXt Tiny,head_model,9,0.9966666666666667,0.5,0.9933333333333334
locate_person,12_10,pointy,ConvNeXt Tiny,head_model,10,0.9966666666666667,0.5,0.9933333333333334
locate_person,12_10,pointy,DINOv3 ViT Base,head_model,1,1.0,0.5,1.0
locate_person,12_10,pointy,DINOv3 ViT Base,head_model,2,1.0,0.5,1.0
locate_person,12_10,pointy,DINOv3 ViT Base,head_model,3,1.0,0.5,1.0
locate_person,12_10,pointy,DINOv3 ViT Base,head_model,4,1.0,0.5,1.0
locate_person,12_10,pointy,DINOv3 ViT Base,head_model,5,1.0,0.5,1.0
locate_person,12_10,pointy,DINOv3 ViT Base,head_model,6,1.0,0.5,1.0
locate_person,12_10,pointy,DINOv3 ViT Base,head_model,7,1.0,0.5,1.0
locate_person,12_10,pointy,DINOv3 ViT Base,head_model,8,1.0,0.5,1.0
locate_person,12_10,pointy,DINOv3 ViT Base,head_model,9,1.0,0.5,1.0
locate_person,12_10,pointy,DINOv3 ViT Base,head_model,10,1.0,0.5,1.0
locate_person,12_10,pointy,ResNet18,head_model,1,0.9966666666666667,0.5,0.9933333333333334
locate_person,12_10,pointy,ResNet18,head_model,2,0.9966666666666667,0.5,0.9933333333333334
locate_person,12_10,pointy,ResNet18,head_model,3,0.9966666666666667,0.5,0.9933333333333334
locate_person,12_10,pointy,ResNet18,head_model,4,0.9966666666666667,0.5,0.9933333333333334
locate_person,12_10,pointy,ResNet18,head_model,5,0.9966666666666667,0.5,0.9933333333333334
locate_person,12_10,pointy,ResNet18,head_model,6,0.9966666666666667,0.5,0.9933333333333334
locate_person,12_10,pointy,ResNet18,head_model,7,0.9966666666666667,0.5,0.9933333333333334
locate_person,12_10,pointy,ResNet18,head_model,8,0.9966666666666667,0.5,0.9933333333333334
locate_person,12_10,pointy,ResNet18,head_model,9,0.9966666666666667,0.5,0.9933333333333334
locate_person,12_10,pointy,ResNet18,head_model,10,0.9966666666666667,0.5,0.9933333333333334
locate_person,12_10,pointy,ResNet50,head_model,1,0.9966666666666667,0.5,0.9933333333333334
locate_person,12_10,pointy,ResNet50,head_model,2,0.9966666666666667,0.5,0.9933333333333334
locate_person,12_10,pointy,ResNet50,head_model,3,0.9933333333333333,0.5,0.9866666666666666
locate_person,12_10,pointy,ResNet50,head_model,4,0.9966666666666667,0.5,0.9933333333333334
locate_person,12_10,pointy,ResNet50,head_model,5,0.9966666666666667,0.5,0.9933333333333334
locate_person,12_10,pointy,ResNet50,head_model,6,0.9966666666666667,0.5,0.9933333333333334
locate_person,12_10,pointy,ResNet50,head_model,7,0.9933333333333333,0.5,0.9866666666666666
locate_person,12_10,pointy,ResNet50,head_model,8,0.9966666666666667,0.5,0.9933333333333334
locate_person,12_10,pointy,ResNet50,head_model,9,0.9933333333333333,0.5,0.9866666666666666
locate_person,12_10,pointy,ResNet50,head_model,10,0.9933333333333333,0.5,0.9866666666666666
locate_person,12_10,pointy,VGG11,head_model,1,1.0,0.5,1.0
locate_person,12_10,pointy,VGG11,head_model,2,1.0,0.5,1.0
locate_person,12_10,pointy,VGG11,head_model,3,1.0,0.5,1.0
locate_person,12_10,pointy,VGG11,head_model,4,1.0,0.5,1.0
locate_person,12_10,pointy,VGG11,head_model,5,1.0,0.5,1.0
locate_person,12_10,pointy,VGG11,head_model,6,1.0,0.5,1.0
locate_person,12_10,pointy,VGG11,head_model,7,1.0,0.5,1.0
locate_person,12_10,pointy,VGG11,head_model,8,1.0,0.5,1.0
locate_person,12_10,pointy,VGG11,head_model,9,1.0,0.5,1.0
locate_person,12_10,pointy,VGG11,head_model,10,1.0,0.5,1.0
locate_person,12_10,pointy,VGG13,head_model,1,1.0,0.5,1.0
locate_person,12_10,pointy,VGG13,head_model,2,1.0,0.5,1.0
locate_person,12_10,pointy,VGG13,head_model,3,0.9933333333333333,0.5,0.9866666666666666
locate_person,12_10,pointy,VGG13,head_model,4,1.0,0.5,1.0
locate_person,12_10,pointy,VGG13,head_model,5,0.9966666666666667,0.5,0.9933333333333334
locate_person,12_10,pointy,VGG13,head_model,6,0.9966666666666667,0.5,0.9933333333333334
locate_person,12_10,pointy,VGG13,head_model,7,0.9966666666666667,0.5,0.9933333333333334
locate_person,12_10,pointy,VGG13,head_model,8,0.9966666666666667,0.5,0.9933333333333334
locate_person,12_10,pointy,VGG13,head_model,9,1.0,0.5,1.0
locate_person,12_10,pointy,VGG13,head_model,10,0.9966666666666667,0.5,0.9933333333333334
locate_person,12_10,pointy,VGG16,head_model,1,1.0,0.5,1.0
locate_person,12_10,pointy,VGG16,head_model,2,1.0,0.5,1.0
locate_person,12_10,pointy,VGG16,head_model,3,1.0,0.5,1.0
locate_person,12_10,pointy,VGG16,head_model,4,1.0,0.5,1.0
locate_person,12_10,pointy,VGG16,head_model,5,1.0,0.5,1.0
locate_person,12_10,pointy,VGG16,head_model,6,1.0,0.5,1.0
locate_person,12_10,pointy,VGG16,head_model,7,1.0,0.5,1.0
locate_person,12_10,pointy,VGG16,head_model,8,1.0,0.5,1.0
locate_person,12_10,pointy,VGG16,head_model,9,1.0,0.5,1.0
locate_person,12_10,pointy,VGG16,head_model,10,1.0,0.5,1.0
locate_person,12_10,pointy,VGG19,head_model,1,0.99,0.5,0.98
locate_person,12_10,pointy,VGG19,head_model,2,1.0,0.5,1.0
locate_person,12_10,pointy,VGG19,head_model,3,1.0,0.5,1.0
locate_person,12_10,pointy,VGG19,head_model,4,1.0,0.5,1.0
locate_person,12_10,pointy,VGG19,head_model,5,1.0,0.5,1.0
locate_person,12_10,pointy,VGG19,head_model,6,1.0,0.5,1.0
locate_person,12_10,pointy,VGG19,head_model,7,1.0,0.5,1.0
locate_person,12_10,pointy,VGG19,head_model,8,1.0,0.5,1.0
locate_person,12_10,pointy,VGG19,head_model,9,1.0,0.5,1.0
locate_person,12_10,pointy,VGG19,head_model,10,1.0,0.5,1.0
locate_person,12_10,pointy,ViT Base,head_model,1,1.0,0.5,1.0
locate_person,12_10,pointy,ViT Base,head_model,2,1.0,0.5,1.0
locate_person,12_10,pointy,ViT Base,head_model,3,1.0,0.5,1.0
locate_person,12_10,pointy,ViT Base,head_model,4,1.0,0.5,1.0
locate_person,12_10,pointy,ViT Base,head_model,5,1.0,0.5,1.0
locate_person,12_10,pointy,ViT Base,head_model,6,1.0,0.5,1.0
locate_person,12_10,pointy,ViT Base,head_model,7,1.0,0.5,1.0
locate_person,12_10,pointy,ViT Base,head_model,8,1.0,0.5,1.0
locate_person,12_10,pointy,ViT Base,head_model,9,1.0,0.5,1.0
locate_person,12_10,pointy,ViT Base,head_model,10,1.0,0.5,1.0
locate_person,12_10,pointy,ViT Large,head_model,1,1.0,0.5,1.0
locate_person,12_10,pointy,ViT Large,head_model,2,1.0,0.5,1.0
locate_person,12_10,pointy,ViT Large,head_model,3,1.0,0.5,1.0
locate_person,12_10,pointy,ViT Large,head_model,4,1.0,0.5,1.0
locate_person,12_10,pointy,ViT Large,head_model,5,1.0,0.5,1.0
locate_person,12_10,pointy,ViT Large,head_model,6,1.0,0.5,1.0
locate_person,12_10,pointy,ViT Large,head_model,7,1.0,0.5,1.0
locate_person,12_10,pointy,ViT Large,head_model,8,1.0,0.5,1.0
locate_person,12_10,pointy,ViT Large,head_model,9,1.0,0.5,1.0
locate_person,12_10,pointy,ViT Large,head_model,10,1.0,0.5,1.0
locate_person,12_10,pointy,ViT Small,head_model,1,1.0,0.5,1.0
locate_person,12_10,pointy,ViT Small,head_model,2,1.0,0.5,1.0
locate_person,12_10,pointy,ViT Small,head_model,3,1.0,0.5,1.0
locate_person,12_10,pointy,ViT Small,head_model,4,1.0,0.5,1.0
locate_person,12_10,pointy,ViT Small,head_model,5,1.0,0.5,1.0
locate_person,12_10,pointy,ViT Small,head_model,6,1.0,0.5,1.0
locate_person,12_10,pointy,ViT Small,head_model,7,1.0,0.5,1.0
locate_person,12_10,pointy,ViT Small,head_model,8,1.0,0.5,1.0
locate_person,12_10,pointy,ViT Small,head_model,9,1.0,0.5,1.0
locate_person,12_10,pointy,ViT Small,head_model,10,1.0,0.5,1.0
locate_person,12_10,streaky,ConvNeXt Base,head_model,1,1.0,0.5,1.0
locate_person,12_10,streaky,ConvNeXt Base,head_model,2,1.0,0.5,1.0
locate_person,12_10,streaky,ConvNeXt Base,head_model,3,1.0,0.5,1.0
locate_person,12_10,streaky,ConvNeXt Base,head_model,4,1.0,0.5,1.0
locate_person,12_10,streaky,ConvNeXt Base,head_model,5,1.0,0.5,1.0
locate_person,12_10,streaky,ConvNeXt Base,head_model,6,1.0,0.5,1.0
locate_person,12_10,streaky,ConvNeXt Base,head_model,7,1.0,0.5,1.0
locate_person,12_10,streaky,ConvNeXt Base,head_model,8,1.0,0.5,1.0
locate_person,12_10,streaky,ConvNeXt Base,head_model,9,1.0,0.5,1.0
locate_person,12_10,streaky,ConvNeXt Base,head_model,10,1.0,0.5,1.0
locate_person,12_10,streaky,ConvNeXt Large,head_model,1,1.0,0.5,1.0
locate_person,12_10,streaky,ConvNeXt Large,head_model,2,1.0,0.5,1.0
locate_person,12_10,streaky,ConvNeXt Large,head_model,3,1.0,0.5,1.0
locate_person,12_10,streaky,ConvNeXt Large,head_model,4,1.0,0.5,1.0
locate_person,12_10,streaky,ConvNeXt Large,head_model,5,1.0,0.5,1.0
locate_person,12_10,streaky,ConvNeXt Large,head_model,6,1.0,0.5,1.0
locate_person,12_10,streaky,ConvNeXt Large,head_model,7,1.0,0.5,1.0
locate_person,12_10,streaky,ConvNeXt Large,head_model,8,1.0,0.5,1.0
locate_person,12_10,streaky,ConvNeXt Large,head_model,9,1.0,0.5,1.0
locate_person,12_10,streaky,ConvNeXt Large,head_model,10,1.0,0.5,1.0
locate_person,12_10,streaky,ConvNeXt Small,head_model,1,0.9933333333333333,0.5,0.9866666666666666
locate_person,12_10,streaky,ConvNeXt Small,head_model,2,0.9933333333333333,0.5,0.9866666666666666
locate_person,12_10,streaky,ConvNeXt Small,head_model,3,0.9933333333333333,0.5,0.9866666666666666
locate_person,12_10,streaky,ConvNeXt Small,head_model,4,0.9933333333333333,0.5,0.9866666666666666
locate_person,12_10,streaky,ConvNeXt Small,head_model,5,0.9933333333333333,0.5,0.9866666666666666
locate_person,12_10,streaky,ConvNeXt Small,head_model,6,0.9933333333333333,0.5,0.9866666666666666
locate_person,12_10,streaky,ConvNeXt Small,head_model,7,0.9933333333333333,0.5,0.9866666666666666
locate_person,12_10,streaky,ConvNeXt Small,head_model,8,0.9933333333333333,0.5,0.9866666666666666
locate_person,12_10,streaky,ConvNeXt Small,head_model,9,0.9933333333333333,0.5,0.9866666666666666
locate_person,12_10,streaky,ConvNeXt Small,head_model,10,0.9933333333333333,0.5,0.9866666666666666
locate_person,12_10,streaky,ConvNeXt Tiny,head_model,1,1.0,0.5,1.0
locate_person,12_10,streaky,ConvNeXt Tiny,head_model,2,0.9966666666666667,0.5,0.9933333333333334
locate_person,12_10,streaky,ConvNeXt Tiny,head_model,3,0.9966666666666667,0.5,0.9933333333333334
locate_person,12_10,streaky,ConvNeXt Tiny,head_model,4,1.0,0.5,1.0
locate_person,12_10,streaky,ConvNeXt Tiny,head_model,5,0.9966666666666667,0.5,0.9933333333333334
locate_person,12_10,streaky,ConvNeXt Tiny,head_model,6,1.0,0.5,1.0
locate_person,12_10,streaky,ConvNeXt Tiny,head_model,7,1.0,0.5,1.0
locate_person,12_10,streaky,ConvNeXt Tiny,head_model,8,1.0,0.5,1.0
locate_person,12_10,streaky,ConvNeXt Tiny,head_model,9,1.0,0.5,1.0
locate_person,12_10,streaky,ConvNeXt Tiny,head_model,10,0.9966666666666667,0.5,0.9933333333333334
locate_person,12_10,streaky,DINOv3 ViT Base,head_model,1,1.0,0.5,1.0
locate_person,12_10,streaky,DINOv3 ViT Base,head_model,2,1.0,0.5,1.0
locate_person,12_10,streaky,DINOv3 ViT Base,head_model,3,1.0,0.5,1.0
locate_person,12_10,streaky,DINOv3 ViT Base,head_model,4,1.0,0.5,1.0
locate_person,12_10,streaky,DINOv3 ViT Base,head_model,5,1.0,0.5,1.0
locate_person,12_10,streaky,DINOv3 ViT Base,head_model,6,1.0,0.5,1.0
locate_person,12_10,streaky,DINOv3 ViT Base,head_model,7,1.0,0.5,1.0
locate_person,12_10,streaky,DINOv3 ViT Base,head_model,8,1.0,0.5,1.0
locate_person,12_10,streaky,DINOv3 ViT Base,head_model,9,1.0,0.5,1.0
locate_person,12_10,streaky,DINOv3 ViT Base,head_model,10,1.0,0.5,1.0
locate_person,12_10,streaky,ResNet18,head_model,1,0.9766666666666667,0.5,0.9533333333333334
locate_person,12_10,streaky,ResNet18,head_model,2,0.98,0.5,0.96
locate_person,12_10,streaky,ResNet18,head_model,3,0.98,0.5,0.96
locate_person,12_10,streaky,ResNet18,head_model,4,0.98,0.5,0.96
locate_person,12_10,streaky,ResNet18,head_model,5,0.9766666666666667,0.5,0.9533333333333334
locate_person,12_10,streaky,ResNet18,head_model,6,0.98,0.5,0.96
locate_person,12_10,streaky,ResNet18,head_model,7,0.9766666666666667,0.5,0.9533333333333334
locate_person,12_10,streaky,ResNet18,head_model,8,0.9766666666666667,0.5,0.9533333333333334
locate_person,12_10,streaky,ResNet18,head_model,9,0.9766666666666667,0.5,0.9533333333333334
locate_person,12_10,streaky,ResNet18,head_model,10,0.9766666666666667,0.5,0.9533333333333334
locate_person,12_10,streaky,ResNet50,head_model,1,1.0,0.5,1.0
locate_person,12_10,streaky,ResNet50,head_model,2,1.0,0.5,1.0
locate_person,12_10,streaky,ResNet50,head_model,3,1.0,0.5,1.0
locate_person,12_10,streaky,ResNet50,head_model,4,1.0,0.5,1.0
locate_person,12_10,streaky,ResNet50,head_model,5,1.0,0.5,1.0
locate_person,12_10,streaky,ResNet50,head_model,6,1.0,0.5,1.0
locate_person,12_10,streaky,ResNet50,head_model,7,1.0,0.5,1.0
locate_person,12_10,streaky,ResNet50,head_model,8,1.0,0.5,1.0
locate_person,12_10,streaky,ResNet50,head_model,9,1.0,0.5,1.0
locate_person,12_10,streaky,ResNet50,head_model,10,1.0,0.5,1.0
locate_person,12_10,streaky,VGG11,head_model,1,0.9966666666666667,0.5,0.9933333333333334
locate_person,12_10,streaky,VGG11,head_model,2,0.9966666666666667,0.5,0.9933333333333334
locate_person,12_10,streaky,VGG11,head_model,3,0.9966666666666667,0.5,0.9933333333333334
locate_person,12_10,streaky,VGG11,head_model,4,0.9966666666666667,0.5,0.9933333333333334
locate_person,12_10,streaky,VGG11,head_model,5,0.9966666666666667,0.5,0.9933333333333334
locate_person,12_10,streaky,VGG11,head_model,6,0.9966666666666667,0.5,0.9933333333333334
locate_person,12_10,streaky,VGG11,head_model,7,0.9966666666666667,0.5,0.9933333333333334
locate_person,12_10,streaky,VGG11,head_model,8,0.9966666666666667,0.5,0.9933333333333334
locate_person,12_10,streaky,VGG11,head_model,9,0.9966666666666667,0.5,0.9933333333333334
locate_person,12_10,streaky,VGG11,head_model,10,0.9966666666666667,0.5,0.9933333333333334
locate_person,12_10,streaky,VGG13,head_model,1,1.0,0.5,1.0
locate_person,12_10,streaky,VGG13,head_model,2,0.9933333333333333,0.5,0.9866666666666666
locate_person,12_10,streaky,VGG13,head_model,3,0.9933333333333333,0.5,0.9866666666666666
locate_person,12_10,streaky,VGG13,head_model,4,0.9933333333333333,0.5,0.9866666666666666
locate_person,12_10,streaky,VGG13,head_model,5,0.9966666666666667,0.5,0.9933333333333334
locate_person,12_10,streaky,VGG13,head_model,6,0.9966666666666667,0.5,0.9933333333333334
locate_person,12_10,streaky,VGG13,head_model,7,1.0,0.5,1.0
locate_person,12_10,streaky,VGG13,head_model,8,0.9933333333333333,0.5,0.9866666666666666
locate_person,12_10,streaky,VGG13,head_model,9,1.0,0.5,1.0
locate_person,12_10,streaky,VGG13,head_model,10,1.0,0.5,1.0
locate_person,12_10,streaky,VGG16,head_model,1,1.0,0.5,1.0
locate_person,12_10,streaky,VGG16,head_model,2,1.0,0.5,1.0
locate_person,12_10,streaky,VGG16,head_model,3,1.0,0.5,1.0
locate_person,12_10,streaky,VGG16,head_model,4,1.0,0.5,1.0
locate_person,12_10,streaky,VGG16,head_model,5,1.0,0.5,1.0
locate_person,12_10,streaky,VGG16,head_model,6,1.0,0.5,1.0
locate_person,12_10,streaky,VGG16,head_model,7,1.0,0.5,1.0
locate_person,12_10,streaky,VGG16,head_model,8,1.0,0.5,1.0
locate_person,12_10,streaky,VGG16,head_model,9,1.0,0.5,1.0
locate_person,12_10,streaky,VGG16,head_model,10,1.0,0.5,1.0
locate_person,12_10,streaky,VGG19,head_model,1,1.0,0.5,1.0
locate_person,12_10,streaky,VGG19,head_model,2,1.0,0.5,1.0
locate_person,12_10,streaky,VGG19,head_model,3,1.0,0.5,1.0
locate_person,12_10,streaky,VGG19,head_model,4,1.0,0.5,1.0
locate_person,12_10,streaky,VGG19,head_model,5,1.0,0.5,1.0
locate_person,12_10,streaky,VGG19,head_model,6,1.0,0.5,1.0
locate_person,12_10,streaky,VGG19,head_model,7,1.0,0.5,1.0
locate_person,12_10,streaky,VGG19,head_model,8,1.0,0.5,1.0
locate_person,12_10,streaky,VGG19,head_model,9,1.0,0.5,1.0
locate_person,12_10,streaky,VGG19,head_model,10,1.0,0.5,1.0
locate_person,12_10,streaky,ViT Base,head_model,1,1.0,0.5,1.0
locate_person,12_10,streaky,ViT Base,head_model,2,1.0,0.5,1.0
locate_person,12_10,streaky,ViT Base,head_model,3,1.0,0.5,1.0
locate_person,12_10,streaky,ViT Base,head_model,4,1.0,0.5,1.0
locate_person,12_10,streaky,ViT Base,head_model,5,1.0,0.5,1.0
locate_person,12_10,streaky,ViT Base,head_model,6,1.0,0.5,1.0
locate_person,12_10,streaky,ViT Base,head_model,7,0.9966666666666667,0.5,0.9933333333333334
locate_person,12_10,streaky,ViT Base,head_model,8,1.0,0.5,1.0
locate_person,12_10,streaky,ViT Base,head_model,9,1.0,0.5,1.0
locate_person,12_10,streaky,ViT Base,head_model,10,1.0,0.5,1.0
locate_person,12_10,streaky,ViT Large,head_model,1,1.0,0.5,1.0
locate_person,12_10,streaky,ViT Large,head_model,2,1.0,0.5,1.0
locate_person,12_10,streaky,ViT Large,head_model,3,1.0,0.5,1.0
locate_person,12_10,streaky,ViT Large,head_model,4,1.0,0.5,1.0
locate_person,12_10,streaky,ViT Large,head_model,5,1.0,0.5,1.0
locate_person,12_10,streaky,ViT Large,head_model,6,1.0,0.5,1.0
locate_person,12_10,streaky,ViT Large,head_model,7,1.0,0.5,1.0
locate_person,12_10,streaky,ViT Large,head_model,8,1.0,0.5,1.0
locate_person,12_10,streaky,ViT Large,head_model,9,1.0,0.5,1.0
locate_person,12_10,streaky,ViT Large,head_model,10,1.0,0.5,1.0
locate_person,12_10,streaky,ViT Small,head_model,1,0.9966666666666667,0.5,0.9933333333333334
locate_person,12_10,streaky,ViT Small,head_model,2,1.0,0.5,1.0
locate_person,12_10,streaky,ViT Small,head_model,3,1.0,0.5,1.0
locate_person,12_10,streaky,ViT Small,head_model,4,1.0,0.5,1.0
locate_person,12_10,streaky,ViT Small,head_model,5,1.0,0.5,1.0
locate_person,12_10,streaky,ViT Small,head_model,6,1.0,0.5,1.0
locate_person,12_10,streaky,ViT Small,head_model,7,1.0,0.5,1.0
locate_person,12_10,streaky,ViT Small,head_model,8,1.0,0.5,1.0
locate_person,12_10,streaky,ViT Small,head_model,9,1.0,0.5,1.0
locate_person,12_10,streaky,ViT Small,head_model,10,1.0,0.5,1.0
locate_person,12_20,pointy,ConvNeXt Base,head_model,1,1.0,0.5,1.0
locate_person,12_20,pointy,ConvNeXt Base,head_model,2,1.0,0.5,1.0
locate_person,12_20,pointy,ConvNeXt Base,head_model,3,1.0,0.5,1.0
locate_person,12_20,pointy,ConvNeXt Base,head_model,4,1.0,0.5,1.0
locate_person,12_20,pointy,ConvNeXt Base,head_model,5,1.0,0.5,1.0
locate_person,12_20,pointy,ConvNeXt Base,head_model,6,1.0,0.5,1.0
locate_person,12_20,pointy,ConvNeXt Base,head_model,7,1.0,0.5,1.0
locate_person,12_20,pointy,ConvNeXt Base,head_model,8,1.0,0.5,1.0
locate_person,12_20,pointy,ConvNeXt Base,head_model,9,1.0,0.5,1.0
locate_person,12_20,pointy,ConvNeXt Base,head_model,10,1.0,0.5,1.0
locate_person,12_20,pointy,ConvNeXt Large,head_model,1,1.0,0.5,1.0
locate_person,12_20,pointy,ConvNeXt Large,head_model,2,1.0,0.5,1.0
locate_person,12_20,pointy,ConvNeXt Large,head_model,3,1.0,0.5,1.0
locate_person,12_20,pointy,ConvNeXt Large,head_model,4,1.0,0.5,1.0
locate_person,12_20,pointy,ConvNeXt Large,head_model,5,1.0,0.5,1.0
locate_person,12_20,pointy,ConvNeXt Large,head_model,6,1.0,0.5,1.0
locate_person,12_20,pointy,ConvNeXt Large,head_model,7,1.0,0.5,1.0
locate_person,12_20,pointy,ConvNeXt Large,head_model,8,1.0,0.5,1.0
locate_person,12_20,pointy,ConvNeXt Large,head_model,9,1.0,0.5,1.0
locate_person,12_20,pointy,ConvNeXt Large,head_model,10,1.0,0.5,1.0
locate_person,12_20,pointy,ConvNeXt Small,head_model,1,1.0,0.5,1.0
locate_person,12_20,pointy,ConvNeXt Small,head_model,2,1.0,0.5,1.0
locate_person,12_20,pointy,ConvNeXt Small,head_model,3,1.0,0.5,1.0
locate_person,12_20,pointy,ConvNeXt Small,head_model,4,1.0,0.5,1.0
locate_person,12_20,pointy,ConvNeXt Small,head_model,5,1.0,0.5,1.0
locate_person,12_20,pointy,ConvNeXt Small,head_model,6,1.0,0.5,1.0
locate_person,12_20,pointy,ConvNeXt Small,head_model,7,1.0,0.5,1.0
locate_person,12_20,pointy,ConvNeXt Small,head_model,8,1.0,0.5,1.0
locate_person,12_20,pointy,ConvNeXt Small,head_model,9,1.0,0.5,1.0
locate_person,12_20,pointy,ConvNeXt Small,head_model,10,1.0,0.5,1.0
locate_person,12_20,pointy,ConvNeXt Tiny,head_model,1,1.0,0.5,1.0
locate_person,12_20,pointy,ConvNeXt Tiny,head_model,2,1.0,0.5,1.0
locate_person,12_20,pointy,ConvNeXt Tiny,head_model,3,1.0,0.5,1.0
locate_person,12_20,pointy,ConvNeXt Tiny,head_model,4,1.0,0.5,1.0
locate_person,12_20,pointy,ConvNeXt Tiny,head_model,5,1.0,0.5,1.0
locate_person,12_20,pointy,ConvNeXt Tiny,head_model,6,1.0,0.5,1.0
locate_person,12_20,pointy,ConvNeXt Tiny,head_model,7,1.0,0.5,1.0
locate_person,12_20,pointy,ConvNeXt Tiny,head_model,8,1.0,0.5,1.0
locate_person,12_20,pointy,ConvNeXt Tiny,head_model,9,1.0,0.5,1.0
locate_person,12_20,pointy,ConvNeXt Tiny,head_model,10,1.0,0.5,1.0
locate_person,12_20,pointy,DINOv3 ViT Base,head_model,1,1.0,0.5,1.0
locate_person,12_20,pointy,DINOv3 ViT Base,head_model,2,1.0,0.5,1.0
locate_person,12_20,pointy,DINOv3 ViT Base,head_model,3,1.0,0.5,1.0
locate_person,12_20,pointy,DINOv3 ViT Base,head_model,4,1.0,0.5,1.0
locate_person,12_20,pointy,DINOv3 ViT Base,head_model,5,1.0,0.5,1.0
locate_person,12_20,pointy,DINOv3 ViT Base,head_model,6,1.0,0.5,1.0
locate_person,12_20,pointy,DINOv3 ViT Base,head_model,7,1.0,0.5,1.0
locate_person,12_20,pointy,DINOv3 ViT Base,head_model,8,1.0,0.5,1.0
locate_person,12_20,pointy,DINOv3 ViT Base,head_model,9,1.0,0.5,1.0
locate_person,12_20,pointy,DINOv3 ViT Base,head_model,10,1.0,0.5,1.0
locate_person,12_20,pointy,ResNet18,head_model,1,1.0,0.5,1.0
locate_person,12_20,pointy,ResNet18,head_model,2,1.0,0.5,1.0
locate_person,12_20,pointy,ResNet18,head_model,3,1.0,0.5,1.0
locate_person,12_20,pointy,ResNet18,head_model,4,1.0,0.5,1.0
locate_person,12_20,pointy,ResNet18,head_model,5,1.0,0.5,1.0
locate_person,12_20,pointy,ResNet18,head_model,6,1.0,0.5,1.0
locate_person,12_20,pointy,ResNet18,head_model,7,1.0,0.5,1.0
locate_person,12_20,pointy,ResNet18,head_model,8,1.0,0.5,1.0
locate_person,12_20,pointy,ResNet18,head_model,9,1.0,0.5,1.0
locate_person,12_20,pointy,ResNet18,head_model,10,1.0,0.5,1.0
locate_person,12_20,pointy,ResNet50,head_model,1,1.0,0.5,1.0
locate_person,12_20,pointy,ResNet50,head_model,2,1.0,0.5,1.0
locate_person,12_20,pointy,ResNet50,head_model,3,1.0,0.5,1.0
locate_person,12_20,pointy,ResNet50,head_model,4,1.0,0.5,1.0
locate_person,12_20,pointy,ResNet50,head_model,5,1.0,0.5,1.0
locate_person,12_20,pointy,ResNet50,head_model,6,1.0,0.5,1.0
locate_person,12_20,pointy,ResNet50,head_model,7,1.0,0.5,1.0
locate_person,12_20,pointy,ResNet50,head_model,8,1.0,0.5,1.0
locate_person,12_20,pointy,ResNet50,head_model,9,1.0,0.5,1.0
locate_person,12_20,pointy,ResNet50,head_model,10,1.0,0.5,1.0
locate_person,12_20,pointy,VGG11,head_model,1,1.0,0.5,1.0
locate_person,12_20,pointy,VGG11,head_model,2,1.0,0.5,1.0
locate_person,12_20,pointy,VGG11,head_model,3,1.0,0.5,1.0
locate_person,12_20,pointy,VGG11,head_model,4,1.0,0.5,1.0
locate_person,12_20,pointy,VGG11,head_model,5,1.0,0.5,1.0
locate_person,12_20,pointy,VGG11,head_model,6,1.0,0.5,1.0
locate_person,12_20,pointy,VGG11,head_model,7,1.0,0.5,1.0
locate_person,12_20,pointy,VGG11,head_model,8,1.0,0.5,1.0
locate_person,12_20,pointy,VGG11,head_model,9,1.0,0.5,1.0
locate_person,12_20,pointy,VGG11,head_model,10,1.0,0.5,1.0
locate_person,12_20,pointy,VGG13,head_model,1,0.9966666666666667,0.5,0.9933333333333334
locate_person,12_20,pointy,VGG13,head_model,2,0.9966666666666667,0.5,0.9933333333333334
locate_person,12_20,pointy,VGG13,head_model,3,0.9966666666666667,0.5,0.9933333333333334
locate_person,12_20,pointy,VGG13,head_model,4,1.0,0.5,1.0
locate_person,12_20,pointy,VGG13,head_model,5,1.0,0.5,1.0
locate_person,12_20,pointy,VGG13,head_model,6,0.9966666666666667,0.5,0.9933333333333334
locate_person,12_20,pointy,VGG13,head_model,7,0.9966666666666667,0.5,0.9933333333333334
locate_person,12_20,pointy,VGG13,head_model,8,0.9966666666666667,0.5,0.9933333333333334
locate_person,12_20,pointy,VGG13,head_model,9,0.9966666666666667,0.5,0.9933333333333334
locate_person,12_20,pointy,VGG13,head_model,10,0.9966666666666667,0.5,0.9933333333333334
locate_person,12_20,pointy,VGG16,head_model,1,1.0,0.5,1.0
locate_person,12_20,pointy,VGG16,head_model,2,1.0,0.5,1.0
locate_person,12_20,pointy,VGG16,head_model,3,1.0,0.5,1.0
locate_person,12_20,pointy,VGG16,head_model,4,1.0,0.5,1.0
locate_person,12_20,pointy,VGG16,head_model,5,1.0,0.5,1.0
locate_person,12_20,pointy,VGG16,head_model,6,1.0,0.5,1.0
locate_person,12_20,pointy,VGG16,head_model,7,1.0,0.5,1.0
locate_person,12_20,pointy,VGG16,head_model,8,1.0,0.5,1.0
locate_person,12_20,pointy,VGG16,head_model,9,1.0,0.5,1.0
locate_person,12_20,pointy,VGG16,head_model,10,1.0,0.5,1.0
locate_person,12_20,pointy,VGG19,head_model,1,1.0,0.5,1.0
locate_person,12_20,pointy,VGG19,head_model,2,1.0,0.5,1.0
locate_person,12_20,pointy,VGG19,head_model,3,1.0,0.5,1.0
locate_person,12_20,pointy,VGG19,head_model,4,1.0,0.5,1.0
locate_person,12_20,pointy,VGG19,head_model,5,1.0,0.5,1.0
locate_person,12_20,pointy,VGG19,head_model,6,1.0,0.5,1.0
locate_person,12_20,pointy,VGG19,head_model,7,1.0,0.5,1.0
locate_person,12_20,pointy,VGG19,head_model,8,1.0,0.5,1.0
locate_person,12_20,pointy,VGG19,head_model,9,1.0,0.5,1.0
locate_person,12_20,pointy,VGG19,head_model,10,1.0,0.5,1.0
locate_person,12_20,pointy,ViT Base,head_model,1,1.0,0.5,1.0
locate_person,12_20,pointy,ViT Base,head_model,2,1.0,0.5,1.0
locate_person,12_20,pointy,ViT Base,head_model,3,1.0,0.5,1.0
locate_person,12_20,pointy,ViT Base,head_model,4,1.0,0.5,1.0
locate_person,12_20,pointy,ViT Base,head_model,5,1.0,0.5,1.0
locate_person,12_20,pointy,ViT Base,head_model,6,1.0,0.5,1.0
locate_person,12_20,pointy,ViT Base,head_model,7,1.0,0.5,1.0
locate_person,12_20,pointy,ViT Base,head_model,8,1.0,0.5,1.0
locate_person,12_20,pointy,ViT Base,head_model,9,1.0,0.5,1.0
locate_person,12_20,pointy,ViT Base,head_model,10,1.0,0.5,1.0
locate_person,12_20,pointy,ViT Large,head_model,1,1.0,0.5,1.0
locate_person,12_20,pointy,ViT Large,head_model,2,1.0,0.5,1.0
locate_person,12_20,pointy,ViT Large,head_model,3,1.0,0.5,1.0
locate_person,12_20,pointy,ViT Large,head_model,4,1.0,0.5,1.0
locate_person,12_20,pointy,ViT Large,head_model,5,1.0,0.5,1.0
locate_person,12_20,pointy,ViT Large,head_model,6,1.0,0.5,1.0
locate_person,12_20,pointy,ViT Large,head_model,7,1.0,0.5,1.0
locate_person,12_20,pointy,ViT Large,head_model,8,1.0,0.5,1.0
locate_person,12_20,pointy,ViT Large,head_model,9,1.0,0.5,1.0
locate_person,12_20,pointy,ViT Large,head_model,10,1.0,0.5,1.0
locate_person,12_20,pointy,ViT Small,head_model,1,1.0,0.5,1.0
locate_person,12_20,pointy,ViT Small,head_model,2,1.0,0.5,1.0
locate_person,12_20,pointy,ViT Small,head_model,3,1.0,0.5,1.0
locate_person,12_20,pointy,ViT Small,head_model,4,1.0,0.5,1.0
locate_person,12_20,pointy,ViT Small,head_model,5,1.0,0.5,1.0
locate_person,12_20,pointy,ViT Small,head_model,6,1.0,0.5,1.0
locate_person,12_20,pointy,ViT Small,head_model,7,1.0,0.5,1.0
locate_person,12_20,pointy,ViT Small,head_model,8,1.0,0.5,1.0
locate_person,12_20,pointy,ViT Small,head_model,9,1.0,0.5,1.0
locate_person,12_20,pointy,ViT Small,head_model,10,1.0,0.5,1.0
locate_person,12_20,streaky,ConvNeXt Base,head_model,1,1.0,0.5,1.0
locate_person,12_20,streaky,ConvNeXt Base,head_model,2,1.0,0.5,1.0
locate_person,12_20,streaky,ConvNeXt Base,head_model,3,1.0,0.5,1.0
locate_person,12_20,streaky,ConvNeXt Base,head_model,4,1.0,0.5,1.0
locate_person,12_20,streaky,ConvNeXt Base,head_model,5,1.0,0.5,1.0
locate_person,12_20,streaky,ConvNeXt Base,head_model,6,1.0,0.5,1.0
locate_person,12_20,streaky,ConvNeXt Base,head_model,7,1.0,0.5,1.0
locate_person,12_20,streaky,ConvNeXt Base,head_model,8,1.0,0.5,1.0
locate_person,12_20,streaky,ConvNeXt Base,head_model,9,1.0,0.5,1.0
locate_person,12_20,streaky,ConvNeXt Base,head_model,10,1.0,0.5,1.0
locate_person,12_20,streaky,ConvNeXt Large,head_model,1,1.0,0.5,1.0
locate_person,12_20,streaky,ConvNeXt Large,head_model,2,1.0,0.5,1.0
locate_person,12_20,streaky,ConvNeXt Large,head_model,3,1.0,0.5,1.0
locate_person,12_20,streaky,ConvNeXt Large,head_model,4,1.0,0.5,1.0
locate_person,12_20,streaky,ConvNeXt Large,head_model,5,1.0,0.5,1.0
locate_person,12_20,streaky,ConvNeXt Large,head_model,6,1.0,0.5,1.0
locate_person,12_20,streaky,ConvNeXt Large,head_model,7,1.0,0.5,1.0
locate_person,12_20,streaky,ConvNeXt Large,head_model,8,1.0,0.5,1.0
locate_person,12_20,streaky,ConvNeXt Large,head_model,9,1.0,0.5,1.0
locate_person,12_20,streaky,ConvNeXt Large,head_model,10,1.0,0.5,1.0
locate_person,12_20,streaky,ConvNeXt Small,head_model,1,0.9966666666666667,0.5,0.9933333333333334
locate_person,12_20,streaky,ConvNeXt Small,head_model,2,0.9966666666666667,0.5,0.9933333333333334
locate_person,12_20,streaky,ConvNeXt Small,head_model,3,0.9966666666666667,0.5,0.9933333333333334
locate_person,12_20,streaky,ConvNeXt Small,head_model,4,0.9966666666666667,0.5,0.9933333333333334
locate_person,12_20,streaky,ConvNeXt Small,head_model,5,0.9966666666666667,0.5,0.9933333333333334
locate_person,12_20,streaky,ConvNeXt Small,head_model,6,1.0,0.5,1.0
locate_person,12_20,streaky,ConvNeXt Small,head_model,7,1.0,0.5,1.0
locate_person,12_20,streaky,ConvNeXt Small,head_model,8,1.0,0.5,1.0
locate_person,12_20,streaky,ConvNeXt Small,head_model,9,1.0,0.5,1.0
locate_person,12_20,streaky,ConvNeXt Small,head_model,10,1.0,0.5,1.0
locate_person,12_20,streaky,ConvNeXt Tiny,head_model,1,1.0,0.5,1.0
locate_person,12_20,streaky,ConvNeXt Tiny,head_model,2,1.0,0.5,1.0
locate_person,12_20,streaky,ConvNeXt Tiny,head_model,3,1.0,0.5,1.0
locate_person,12_20,streaky,ConvNeXt Tiny,head_model,4,1.0,0.5,1.0
locate_person,12_20,streaky,ConvNeXt Tiny,head_model,5,1.0,0.5,1.0
locate_person,12_20,streaky,ConvNeXt Tiny,head_model,6,1.0,0.5,1.0
locate_person,12_20,streaky,ConvNeXt Tiny,head_model,7,1.0,0.5,1.0
locate_person,12_20,streaky,ConvNeXt Tiny,head_model,8,1.0,0.5,1.0
locate_person,12_20,streaky,ConvNeXt Tiny,head_model,9,1.0,0.5,1.0
locate_person,12_20,streaky,ConvNeXt Tiny,head_model,10,1.0,0.5,1.0
locate_person,12_20,streaky,DINOv3 ViT Base,head_model,1,1.0,0.5,1.0
locate_person,12_20,streaky,DINOv3 ViT Base,head_model,2,1.0,0.5,1.0
locate_person,12_20,streaky,DINOv3 ViT Base,head_model,3,1.0,0.5,1.0
locate_person,12_20,streaky,DINOv3 ViT Base,head_model,4,1.0,0.5,1.0
locate_person,12_20,streaky,DINOv3 ViT Base,head_model,5,1.0,0.5,1.0
locate_person,12_20,streaky,DINOv3 ViT Base,head_model,6,1.0,0.5,1.0
locate_person,12_20,streaky,DINOv3 ViT Base,head_model,7,1.0,0.5,1.0
locate_person,12_20,streaky,DINOv3 ViT Base,head_model,8,1.0,0.5,1.0
locate_person,12_20,streaky,DINOv3 ViT Base,head_model,9,1.0,0.5,1.0
locate_person,12_20,streaky,DINOv3 ViT Base,head_model,10,1.0,0.5,1.0
locate_person,12_20,streaky,ResNet18,head_model,1,1.0,0.5,1.0
locate_person,12_20,streaky,ResNet18,head_model,2,1.0,0.5,1.0
locate_person,12_20,streaky,ResNet18,head_model,3,1.0,0.5,1.0
locate_person,12_20,streaky,ResNet18,head_model,4,0.9966666666666667,0.5,0.9933333333333334
locate_person,12_20,streaky,ResNet18,head_model,5,1.0,0.5,1.0
locate_person,12_20,streaky,ResNet18,head_model,6,0.9966666666666667,0.5,0.9933333333333334
locate_person,12_20,streaky,ResNet18,head_model,7,1.0,0.5,1.0
locate_person,12_20,streaky,ResNet18,head_model,8,1.0,0.5,1.0
locate_person,12_20,streaky,ResNet18,head_model,9,1.0,0.5,1.0
locate_person,12_20,streaky,ResNet18,head_model,10,0.9966666666666667,0.5,0.9933333333333334
locate_person,12_20,streaky,ResNet50,head_model,1,1.0,0.5,1.0
locate_person,12_20,streaky,ResNet50,head_model,2,1.0,0.5,1.0
locate_person,12_20,streaky,ResNet50,head_model,3,1.0,0.5,1.0
locate_person,12_20,streaky,ResNet50,head_model,4,1.0,0.5,1.0
locate_person,12_20,streaky,ResNet50,head_model,5,1.0,0.5,1.0
locate_person,12_20,streaky,ResNet50,head_model,6,1.0,0.5,1.0
locate_person,12_20,streaky,ResNet50,head_model,7,1.0,0.5,1.0
locate_person,12_20,streaky,ResNet50,head_model,8,1.0,0.5,1.0
locate_person,12_20,streaky,ResNet50,head_model,9,1.0,0.5,1.0
locate_person,12_20,streaky,ResNet50,head_model,10,1.0,0.5,1.0
locate_person,12_20,streaky,VGG11,head_model,1,1.0,0.5,1.0
locate_person,12_20,streaky,VGG11,head_model,2,1.0,0.5,1.0
locate_person,12_20,streaky,VGG11,head_model,3,1.0,0.5,1.0
locate_person,12_20,streaky,VGG11,head_model,4,1.0,0.5,1.0
locate_person,12_20,streaky,VGG11,head_model,5,1.0,0.5,1.0
locate_person,12_20,streaky,VGG11,head_model,6,1.0,0.5,1.0
locate_person,12_20,streaky,VGG11,head_model,7,1.0,0.5,1.0
locate_person,12_20,streaky,VGG11,head_model,8,1.0,0.5,1.0
locate_person,12_20,streaky,VGG11,head_model,9,1.0,0.5,1.0
locate_person,12_20,streaky,VGG11,head_model,10,1.0,0.5,1.0
locate_person,12_20,streaky,VGG13,head_model,1,1.0,0.5,1.0
locate_person,12_20,streaky,VGG13,head_model,2,1.0,0.5,1.0
locate_person,12_20,streaky,VGG13,head_model,3,1.0,0.5,1.0
locate_person,12_20,streaky,VGG13,head_model,4,1.0,0.5,1.0
locate_person,12_20,streaky,VGG13,head_model,5,1.0,0.5,1.0
locate_person,12_20,streaky,VGG13,head_model,6,1.0,0.5,1.0
locate_person,12_20,streaky,VGG13,head_model,7,1.0,0.5,1.0
locate_person,12_20,streaky,VGG13,head_model,8,1.0,0.5,1.0
locate_person,12_20,streaky,VGG13,head_model,9,1.0,0.5,1.0
locate_person,12_20,streaky,VGG13,head_model,10,1.0,0.5,1.0
locate_person,12_20,streaky,VGG16,head_model,1,1.0,0.5,1.0
locate_person,12_20,streaky,VGG16,head_model,2,1.0,0.5,1.0
locate_person,12_20,streaky,VGG16,head_model,3,1.0,0.5,1.0
locate_person,12_20,streaky,VGG16,head_model,4,1.0,0.5,1.0
locate_person,12_20,streaky,VGG16,head_model,5,1.0,0.5,1.0
locate_person,12_20,streaky,VGG16,head_model,6,1.0,0.5,1.0
locate_person,12_20,streaky,VGG16,head_model,7,1.0,0.5,1.0
locate_person,12_20,streaky,VGG16,head_model,8,1.0,0.5,1.0
locate_person,12_20,streaky,VGG16,head_model,9,1.0,0.5,1.0
locate_person,12_20,streaky,VGG16,head_model,10,1.0,0.5,1.0
locate_person,12_20,streaky,VGG19,head_model,1,1.0,0.5,1.0
locate_person,12_20,streaky,VGG19,head_model,2,1.0,0.5,1.0
locate_person,12_20,streaky,VGG19,head_model,3,1.0,0.5,1.0
locate_person,12_20,streaky,VGG19,head_model,4,1.0,0.5,1.0
locate_person,12_20,streaky,VGG19,head_model,5,1.0,0.5,1.0
locate_person,12_20,streaky,VGG19,head_model,6,1.0,0.5,1.0
locate_person,12_20,streaky,VGG19,head_model,7,1.0,0.5,1.0
locate_person,12_20,streaky,VGG19,head_model,8,1.0,0.5,1.0
locate_person,12_20,streaky,VGG19,head_model,9,1.0,0.5,1.0
locate_person,12_20,streaky,VGG19,head_model,10,1.0,0.5,1.0
locate_person,12_20,streaky,ViT Base,head_model,1,1.0,0.5,1.0
locate_person,12_20,streaky,ViT Base,head_model,2,1.0,0.5,1.0
locate_person,12_20,streaky,ViT Base,head_model,3,1.0,0.5,1.0
locate_person,12_20,streaky,ViT Base,head_model,4,1.0,0.5,1.0
locate_person,12_20,streaky,ViT Base,head_model,5,1.0,0.5,1.0
locate_person,12_20,streaky,ViT Base,head_model,6,1.0,0.5,1.0
locate_person,12_20,streaky,ViT Base,head_model,7,1.0,0.5,1.0
locate_person,12_20,streaky,ViT Base,head_model,8,1.0,0.5,1.0
locate_person,12_20,streaky,ViT Base,head_model,9,1.0,0.5,1.0
locate_person,12_20,streaky,ViT Base,head_model,10,1.0,0.5,1.0
locate_person,12_20,streaky,ViT Large,head_model,1,1.0,0.5,1.0
locate_person,12_20,streaky,ViT Large,head_model,2,1.0,0.5,1.0
locate_person,12_20,streaky,ViT Large,head_model,3,1.0,0.5,1.0
locate_person,12_20,streaky,ViT Large,head_model,4,1.0,0.5,1.0
locate_person,12_20,streaky,ViT Large,head_model,5,1.0,0.5,1.0
locate_person,12_20,streaky,ViT Large,head_model,6,1.0,0.5,1.0
locate_person,12_20,streaky,ViT Large,head_model,7,1.0,0.5,1.0
locate_person,12_20,streaky,ViT Large,head_model,8,1.0,0.5,1.0
locate_person,12_20,streaky,ViT Large,head_model,9,1.0,0.5,1.0
locate_person,12_20,streaky,ViT Large,head_model,10,1.0,0.5,1.0
locate_person,12_20,streaky,ViT Small,head_model,1,1.0,0.5,1.0
locate_person,12_20,streaky,ViT Small,head_model,2,1.0,0.5,1.0
locate_person,12_20,streaky,ViT Small,head_model,3,1.0,0.5,1.0
locate_person,12_20,streaky,ViT Small,head_model,4,1.0,0.5,1.0
locate_person,12_20,streaky,ViT Small,head_model,5,1.0,0.5,1.0
locate_person,12_20,streaky,ViT Small,head_model,6,1.0,0.5,1.0
locate_person,12_20,streaky,ViT Small,head_model,7,1.0,0.5,1.0
locate_person,12_20,streaky,ViT Small,head_model,8,1.0,0.5,1.0
locate_person,12_20,streaky,ViT Small,head_model,9,1.0,0.5,1.0
locate_person,12_20,streaky,ViT Small,head_model,10,1.0,0.5,1.0
locate_person,6_10,pointy,ConvNeXt Base,head_model,1,1.0,0.5,1.0
locate_person,6_10,pointy,ConvNeXt Base,head_model,2,1.0,0.5,1.0
locate_person,6_10,pointy,ConvNeXt Base,head_model,3,1.0,0.5,1.0
locate_person,6_10,pointy,ConvNeXt Base,head_model,4,1.0,0.5,1.0
locate_person,6_10,pointy,ConvNeXt Base,head_model,5,1.0,0.5,1.0
locate_person,6_10,pointy,ConvNeXt Base,head_model,6,1.0,0.5,1.0
locate_person,6_10,pointy,ConvNeXt Base,head_model,7,1.0,0.5,1.0
locate_person,6_10,pointy,ConvNeXt Base,head_model,8,1.0,0.5,1.0
locate_person,6_10,pointy,ConvNeXt Base,head_model,9,1.0,0.5,1.0
locate_person,6_10,pointy,ConvNeXt Base,head_model,10,1.0,0.5,1.0
locate_person,6_10,pointy,ConvNeXt Large,head_model,1,1.0,0.5,1.0
locate_person,6_10,pointy,ConvNeXt Large,head_model,2,1.0,0.5,1.0
locate_person,6_10,pointy,ConvNeXt Large,head_model,3,1.0,0.5,1.0
locate_person,6_10,pointy,ConvNeXt Large,head_model,4,1.0,0.5,1.0
locate_person,6_10,pointy,ConvNeXt Large,head_model,5,1.0,0.5,1.0
locate_person,6_10,pointy,ConvNeXt Large,head_model,6,1.0,0.5,1.0
locate_person,6_10,pointy,ConvNeXt Large,head_model,7,1.0,0.5,1.0
locate_person,6_10,pointy,ConvNeXt Large,head_model,8,1.0,0.5,1.0
locate_person,6_10,pointy,ConvNeXt Large,head_model,9,1.0,0.5,1.0
locate_person,6_10,pointy,ConvNeXt Large,head_model,10,1.0,0.5,1.0
locate_person,6_10,pointy,ConvNeXt Small,head_model,1,0.9966666666666667,0.5,0.9933333333333334
locate_person,6_10,pointy,ConvNeXt Small,head_model,2,0.9966666666666667,0.5,0.9933333333333334
locate_person,6_10,pointy,ConvNeXt Small,head_model,3,0.9966666666666667,0.5,0.9933333333333334
locate_person,6_10,pointy,ConvNeXt Small,head_model,4,0.9966666666666667,0.5,0.9933333333333334
locate_person,6_10,pointy,ConvNeXt Small,head_model,5,0.9933333333333333,0.5,0.9866666666666666
locate_person,6_10,pointy,ConvNeXt Small,head_model,6,0.9966666666666667,0.5,0.9933333333333334
locate_person,6_10,pointy,ConvNeXt Small,head_model,7,0.9966666666666667,0.5,0.9933333333333334
locate_person,6_10,pointy,ConvNeXt Small,head_model,8,0.9966666666666667,0.5,0.9933333333333334
locate_person,6_10,pointy,ConvNeXt Small,head_model,9,0.9933333333333333,0.5,0.9866666666666666
locate_person,6_10,pointy,ConvNeXt Small,head_model,10,0.9933333333333333,0.5,0.9866666666666666
locate_person,6_10,pointy,ConvNeXt Tiny,head_model,1,0.9833333333333333,0.5,0.9666666666666666
locate_person,6_10,pointy,ConvNeXt Tiny,head_model,2,0.9866666666666667,0.5,0.9733333333333334
locate_person,6_10,pointy,ConvNeXt Tiny,head_model,3,0.9833333333333333,0.5,0.9666666666666666
locate_person,6_10,pointy,ConvNeXt Tiny,head_model,4,0.9833333333333333,0.5,0.9666666666666666
locate_person,6_10,pointy,ConvNeXt Tiny,head_model,5,0.9866666666666667,0.5,0.9733333333333334
locate_person,6_10,pointy,ConvNeXt Tiny,head_model,6,0.98,0.5,0.96
locate_person,6_10,pointy,ConvNeXt Tiny,head_model,7,0.9833333333333333,0.5,0.9666666666666666
locate_person,6_10,pointy,ConvNeXt Tiny,head_model,8,0.9866666666666667,0.5,0.9733333333333334
locate_person,6_10,pointy,ConvNeXt Tiny,head_model,9,0.9733333333333334,0.5,0.9466666666666668
locate_person,6_10,pointy,ConvNeXt Tiny,head_model,10,0.9833333333333333,0.5,0.9666666666666666
locate_person,6_10,pointy,DINOv3 ViT Base,head_model,1,1.0,0.5,1.0
locate_person,6_10,pointy,DINOv3 ViT Base,head_model,2,1.0,0.5,1.0
locate_person,6_10,pointy,DINOv3 ViT Base,head_model,3,1.0,0.5,1.0
locate_person,6_10,pointy,DINOv3 ViT Base,head_model,4,1.0,0.5,1.0
locate_person,6_10,pointy,DINOv3 ViT Base,head_model,5,1.0,0.5,1.0
locate_person,6_10,pointy,DINOv3 ViT Base,head_model,6,1.0,0.5,1.0
locate_person,6_10,pointy,DINOv3 ViT Base,head_model,7,1.0,0.5,1.0
locate_person,6_10,pointy,DINOv3 ViT Base,head_model,8,1.0,0.5,1.0
locate_person,6_10,pointy,DINOv3 ViT Base,head_model,9,1.0,0.5,1.0
locate_person,6_10,pointy,DINOv3 ViT Base,head_model,10,1.0,0.5,1.0
locate_person,6_10,pointy,ResNet18,head_model,1,1.0,0.5,1.0
locate_person,6_10,pointy,ResNet18,head_model,2,1.0,0.5,1.0
locate_person,6_10,pointy,ResNet18,head_model,3,1.0,0.5,1.0
locate_person,6_10,pointy,ResNet18,head_model,4,1.0,0.5,1.0
locate_person,6_10,pointy,ResNet18,head_model,5,1.0,0.5,1.0
locate_person,6_10,pointy,ResNet18,head_model,6,1.0,0.5,1.0
locate_person,6_10,pointy,ResNet18,head_model,7,1.0,0.5,1.0
locate_person,6_10,pointy,ResNet18,head_model,8,1.0,0.5,1.0
locate_person,6_10,pointy,ResNet18,head_model,9,1.0,0.5,1.0
locate_person,6_10,pointy,ResNet18,head_model,10,1.0,0.5,1.0
locate_person,6_10,pointy,ResNet50,head_model,1,0.9966666666666667,0.5,0.9933333333333334
locate_person,6_10,pointy,ResNet50,head_model,2,0.9933333333333333,0.5,0.9866666666666666
locate_person,6_10,pointy,ResNet50,head_model,3,0.9966666666666667,0.5,0.9933333333333334
locate_person,6_10,pointy,ResNet50,head_model,4,0.9833333333333333,0.5,0.9666666666666666
locate_person,6_10,pointy,ResNet50,head_model,5,0.9966666666666667,0.5,0.9933333333333334
locate_person,6_10,pointy,ResNet50,head_model,6,0.9833333333333333,0.5,0.9666666666666666
locate_person,6_10,pointy,ResNet50,head_model,7,0.9866666666666667,0.5,0.9733333333333334
locate_person,6_10,pointy,ResNet50,head_model,8,0.9933333333333333,0.5,0.9866666666666666
locate_person,6_10,pointy,ResNet50,head_model,9,1.0,0.5,1.0
locate_person,6_10,pointy,ResNet50,head_model,10,1.0,0.5,1.0
locate_person,6_10,pointy,VGG11,head_model,1,1.0,0.5,1.0
locate_person,6_10,pointy,VGG11,head_model,2,1.0,0.5,1.0
locate_person,6_10,pointy,VGG11,head_model,3,1.0,0.5,1.0
locate_person,6_10,pointy,VGG11,head_model,4,1.0,0.5,1.0
locate_person,6_10,pointy,VGG11,head_model,5,1.0,0.5,1.0
locate_person,6_10,pointy,VGG11,head_model,6,1.0,0.5,1.0
locate_person,6_10,pointy,VGG11,head_model,7,1.0,0.5,1.0
locate_person,6_10,pointy,VGG11,head_model,8,1.0,0.5,1.0
locate_person,6_10,pointy,VGG11,head_model,9,1.0,0.5,1.0
locate_person,6_10,pointy,VGG11,head_model,10,1.0,0.5,1.0
locate_person,6_10,pointy,VGG13,head_model,1,0.9766666666666667,0.5,0.9533333333333334
locate_person,6_10,pointy,VGG13,head_model,2,0.9933333333333333,0.5,0.9866666666666666
locate_person,6_10,pointy,VGG13,head_model,3,0.9933333333333333,0.5,0.9866666666666666
locate_person,6_10,pointy,VGG13,head_model,4,0.9966666666666667,0.5,0.9933333333333334
locate_person,6_10,pointy,VGG13,head_model,5,1.0,0.5,1.0
locate_person,6_10,pointy,VGG13,head_model,6,0.9766666666666667,0.5,0.9533333333333334
locate_person,6_10,pointy,VGG13,head_model,7,0.99,0.5,0.98
locate_person,6_10,pointy,VGG13,head_model,8,1.0,0.5,1.0
locate_person,6_10,pointy,VGG13,head_model,9,0.9833333333333333,0.5,0.9666666666666666
locate_person,6_10,pointy,VGG13,head_model,10,1.0,0.5,1.0
locate_person,6_10,pointy,VGG16,head_model,1,0.9866666666666667,0.5,0.9733333333333334
locate_person,6_10,pointy,VGG16,head_model,2,0.94,0.5,0.8799999999999999
locate_person,6_10,pointy,VGG16,head_model,3,1.0,0.5,1.0
locate_person,6_10,pointy,VGG16,head_model,4,0.93,0.5,0.8600000000000001
locate_person,6_10,pointy,VGG16,head_model,5,1.0,0.5,1.0
locate_person,6_10,pointy,VGG16,head_model,6,0.9733333333333334,0.5,0.9466666666666668
locate_person,6_10,pointy,VGG16,head_model,7,0.93,0.5,0.8600000000000001
locate_person,6_10,pointy,VGG16,head_model,8,1.0,0.5,1.0
locate_person,6_10,pointy,VGG16,head_model,9,0.9866666666666667,0.5,0.9733333333333334
locate_person,6_10,pointy,VGG16,head_model,10,1.0,0.5,1.0
locate_person,6_10,pointy,VGG19,head_model,1,0.9366666666666666,0.5,0.8733333333333333
locate_person,6_10,pointy,VGG19,head_model,2,0.93,0.5,0.8600000000000001
locate_person,6_10,pointy,VGG19,head_model,3,0.93,0.5,0.8600000000000001
locate_person,6_10,pointy,VGG19,head_model,4,0.9366666666666666,0.5,0.8733333333333333
locate_person,6_10,pointy,VGG19,head_model,5,0.9266666666666666,0.5,0.8533333333333333
locate_person,6_10,pointy,VGG19,head_model,6,0.9233333333333333,0.5,0.8466666666666667
locate_person,6_10,pointy,VGG19,head_model,7,0.94,0.5,0.8799999999999999
locate_person,6_10,pointy,VGG19,head_model,8,0.9433333333333334,0.5,0.8866666666666667
locate_person,6_10,pointy,VGG19,head_model,9,0.9433333333333334,0.5,0.8866666666666667
locate_person,6_10,pointy,VGG19,head_model,10,0.94,0.5,0.8799999999999999
locate_person,6_10,pointy,ViT Base,head_model,1,1.0,0.5,1.0
locate_person,6_10,pointy,ViT Base,head_model,2,1.0,0.5,1.0
locate_person,6_10,pointy,ViT Base,head_model,3,1.0,0.5,1.0
locate_person,6_10,pointy,ViT Base,head_model,4,1.0,0.5,1.0
locate_person,6_10,pointy,ViT Base,head_model,5,1.0,0.5,1.0
locate_person,6_10,pointy,ViT Base,head_model,6,1.0,0.5,1.0
locate_person,6_10,pointy,ViT Base,head_model,7,1.0,0.5,1.0
locate_person,6_10,pointy,ViT Base,head_model,8,1.0,0.5,1.0
locate_person,6_10,pointy,ViT Base,head_model,9,1.0,0.5,1.0
locate_person,6_10,pointy,ViT Base,head_model,10,1.0,0.5,1.0
locate_person,6_10,pointy,ViT Large,head_model,1,1.0,0.5,1.0
locate_person,6_10,pointy,ViT Large,head_model,2,1.0,0.5,1.0
locate_person,6_10,pointy,ViT Large,head_model,3,1.0,0.5,1.0
locate_person,6_10,pointy,ViT Large,head_model,4,1.0,0.5,1.0
locate_person,6_10,pointy,ViT Large,head_model,5,1.0,0.5,1.0
locate_person,6_10,pointy,ViT Large,head_model,6,1.0,0.5,1.0
locate_person,6_10,pointy,ViT Large,head_model,7,1.0,0.5,1.0
locate_person,6_10,pointy,ViT Large,head_model,8,1.0,0.5,1.0
locate_person,6_10,pointy,ViT Large,head_model,9,1.0,0.5,1.0
locate_person,6_10,pointy,ViT Large,head_model,10,1.0,0.5,1.0
locate_person,6_10,pointy,ViT Small,head_model,1,1.0,0.5,1.0
locate_person,6_10,pointy,ViT Small,head_model,2,1.0,0.5,1.0
locate_person,6_10,pointy,ViT Small,head_model,3,1.0,0.5,1.0
locate_person,6_10,pointy,ViT Small,head_model,4,1.0,0.5,1.0
locate_person,6_10,pointy,ViT Small,head_model,5,1.0,0.5,1.0
locate_person,6_10,pointy,ViT Small,head_model,6,1.0,0.5,1.0
locate_person,6_10,pointy,ViT Small,head_model,7,1.0,0.5,1.0
locate_person,6_10,pointy,ViT Small,head_model,8,1.0,0.5,1.0
locate_person,6_10,pointy,ViT Small,head_model,9,1.0,0.5,1.0
locate_person,6_10,pointy,ViT Small,head_model,10,1.0,0.5,1.0
locate_person,6_10,streaky,ConvNeXt Base,head_model,1,1.0,0.5,1.0
locate_person,6_10,streaky,ConvNeXt Base,head_model,2,1.0,0.5,1.0
locate_person,6_10,streaky,ConvNeXt Base,head_model,3,1.0,0.5,1.0
locate_person,6_10,streaky,ConvNeXt Base,head_model,4,1.0,0.5,1.0
locate_person,6_10,streaky,ConvNeXt Base,head_model,5,1.0,0.5,1.0
locate_person,6_10,streaky,ConvNeXt Base,head_model,6,1.0,0.5,1.0
locate_person,6_10,streaky,ConvNeXt Base,head_model,7,1.0,0.5,1.0
locate_person,6_10,streaky,ConvNeXt Base,head_model,8,1.0,0.5,1.0
locate_person,6_10,streaky,ConvNeXt Base,head_model,9,1.0,0.5,1.0
locate_person,6_10,streaky,ConvNeXt Base,head_model,10,1.0,0.5,1.0
locate_person,6_10,streaky,ConvNeXt Large,head_model,1,1.0,0.5,1.0
locate_person,6_10,streaky,ConvNeXt Large,head_model,2,1.0,0.5,1.0
locate_person,6_10,streaky,ConvNeXt Large,head_model,3,0.9933333333333333,0.5,0.9866666666666666
locate_person,6_10,streaky,ConvNeXt Large,head_model,4,0.9933333333333333,0.5,0.9866666666666666
locate_person,6_10,streaky,ConvNeXt Large,head_model,5,0.9966666666666667,0.5,0.9933333333333334
locate_person,6_10,streaky,ConvNeXt Large,head_model,6,0.9933333333333333,0.5,0.9866666666666666
locate_person,6_10,streaky,ConvNeXt Large,head_model,7,0.9933333333333333,0.5,0.9866666666666666
locate_person,6_10,streaky,ConvNeXt Large,head_model,8,0.9933333333333333,0.5,0.9866666666666666
locate_person,6_10,streaky,ConvNeXt Large,head_model,9,0.9966666666666667,0.5,0.9933333333333334
locate_person,6_10,streaky,ConvNeXt Large,head_model,10,1.0,0.5,1.0
locate_person,6_10,streaky,ConvNeXt Small,head_model,1,1.0,0.5,1.0
locate_person,6_10,streaky,ConvNeXt Small,head_model,2,1.0,0.5,1.0
locate_person,6_10,streaky,ConvNeXt Small,head_model,3,1.0,0.5,1.0
locate_person,6_10,streaky,ConvNeXt Small,head_model,4,1.0,0.5,1.0
locate_person,6_10,streaky,ConvNeXt Small,head_model,5,1.0,0.5,1.0
locate_person,6_10,streaky,ConvNeXt Small,head_model,6,1.0,0.5,1.0
locate_person,6_10,streaky,ConvNeXt Small,head_model,7,1.0,0.5,1.0
locate_person,6_10,streaky,ConvNeXt Small,head_model,8,1.0,0.5,1.0
locate_person,6_10,streaky,ConvNeXt Small,head_model,9,1.0,0.5,1.0
locate_person,6_10,streaky,ConvNeXt Small,head_model,10,1.0,0.5,1.0
locate_person,6_10,streaky,ConvNeXt Tiny,head_model,1,1.0,0.5,1.0
locate_person,6_10,streaky,ConvNeXt Tiny,head_model,2,1.0,0.5,1.0
locate_person,6_10,streaky,ConvNeXt Tiny,head_model,3,1.0,0.5,1.0
locate_person,6_10,streaky,ConvNeXt Tiny,head_model,4,1.0,0.5,1.0
locate_person,6_10,streaky,ConvNeXt Tiny,head_model,5,1.0,0.5,1.0
locate_person,6_10,streaky,ConvNeXt Tiny,head_model,6,1.0,0.5,1.0
locate_person,6_10,streaky,ConvNeXt Tiny,head_model,7,1.0,0.5,1.0
locate_person,6_10,streaky,ConvNeXt Tiny,head_model,8,1.0,0.5,1.0
locate_person,6_10,streaky,ConvNeXt Tiny,head_model,9,1.0,0.5,1.0
locate_person,6_10,streaky,ConvNeXt Tiny,head_model,10,1.0,0.5,1.0
locate_person,6_10,streaky,DINOv3 ViT Base,head_model,1,1.0,0.5,1.0
locate_person,6_10,streaky,DINOv3 ViT Base,head_model,2,1.0,0.5,1.0
locate_person,6_10,streaky,DINOv3 ViT Base,head_model,3,1.0,0.5,1.0
locate_person,6_10,streaky,DINOv3 ViT Base,head_model,4,1.0,0.5,1.0
locate_person,6_10,streaky,DINOv3 ViT Base,head_model,5,1.0,0.5,1.0
locate_person,6_10,streaky,DINOv3 ViT Base,head_model,6,1.0,0.5,1.0
locate_person,6_10,streaky,DINOv3 ViT Base,head_model,7,1.0,0.5,1.0
locate_person,6_10,streaky,DINOv3 ViT Base,head_model,8,1.0,0.5,1.0
locate_person,6_10,streaky,DINOv3 ViT Base,head_model,9,1.0,0.5,1.0
locate_person,6_10,streaky,DINOv3 ViT Base,head_model,10,1.0,0.5,1.0
locate_person,6_10,streaky,ResNet18,head_model,1,0.9866666666666667,0.5,0.9733333333333334
locate_person,6_10,streaky,ResNet18,head_model,2,0.9966666666666667,0.5,0.9933333333333334
locate_person,6_10,streaky,ResNet18,head_model,3,0.99,0.5,0.98
locate_person,6_10,streaky,ResNet18,head_model,4,0.9866666666666667,0.5,0.9733333333333334
locate_person,6_10,streaky,ResNet18,head_model,5,0.9866666666666667,0.5,0.9733333333333334
locate_person,6_10,streaky,ResNet18,head_model,6,0.9866666666666667,0.5,0.9733333333333334
locate_person,6_10,streaky,ResNet18,head_model,7,0.9866666666666667,0.5,0.9733333333333334
locate_person,6_10,streaky,ResNet18,head_model,8,0.9866666666666667,0.5,0.9733333333333334
locate_person,6_10,streaky,ResNet18,head_model,9,0.9866666666666667,0.5,0.9733333333333334
locate_person,6_10,streaky,ResNet18,head_model,10,0.9866666666666667,0.5,0.9733333333333334
locate_person,6_10,streaky,ResNet50,head_model,1,0.99,0.5,0.98
locate_person,6_10,streaky,ResNet50,head_model,2,0.9933333333333333,0.5,0.9866666666666666
locate_person,6_10,streaky,ResNet50,head_model,3,0.9933333333333333,0.5,0.9866666666666666
locate_person,6_10,streaky,ResNet50,head_model,4,0.9933333333333333,0.5,0.9866666666666666
locate_person,6_10,streaky,ResNet50,head_model,5,0.9933333333333333,0.5,0.9866666666666666
locate_person,6_10,streaky,ResNet50,head_model,6,0.9933333333333333,0.5,0.9866666666666666
locate_person,6_10,streaky,ResNet50,head_model,7,0.99,0.5,0.98
locate_person,6_10,streaky,ResNet50,head_model,8,0.99,0.5,0.98
locate_person,6_10,streaky,ResNet50,head_model,9,0.9933333333333333,0.5,0.9866666666666666
locate_person,6_10,streaky,ResNet50,head_model,10,0.99,0.5,0.98
locate_person,6_10,streaky,VGG11,head_model,1,1.0,0.5,1.0
locate_person,6_10,streaky,VGG11,head_model,2,1.0,0.5,1.0
locate_person,6_10,streaky,VGG11,head_model,3,1.0,0.5,1.0
locate_person,6_10,streaky,VGG11,head_model,4,1.0,0.5,1.0
locate_person,6_10,streaky,VGG11,head_model,5,1.0,0.5,1.0
locate_person,6_10,streaky,VGG11,head_model,6,1.0,0.5,1.0
locate_person,6_10,streaky,VGG11,head_model,7,1.0,0.5,1.0
locate_person,6_10,streaky,VGG11,head_model,8,1.0,0.5,1.0
locate_person,6_10,streaky,VGG11,head_model,9,1.0,0.5,1.0
locate_person,6_10,streaky,VGG11,head_model,10,1.0,0.5,1.0
locate_person,6_10,streaky,VGG13,head_model,1,0.9933333333333333,0.5,0.9866666666666666
locate_person,6_10,streaky,VGG13,head_model,2,0.99,0.5,0.98
locate_person,6_10,streaky,VGG13,head_model,3,0.9933333333333333,0.5,0.9866666666666666
locate_person,6_10,streaky,VGG13,head_model,4,0.9933333333333333,0.5,0.9866666666666666
locate_person,6_10,streaky,VGG13,head_model,5,0.9933333333333333,0.5,0.9866666666666666
locate_person,6_10,streaky,VGG13,head_model,6,0.9933333333333333,0.5,0.9866666666666666
locate_person,6_10,streaky,VGG13,head_model,7,0.9866666666666667,0.5,0.9733333333333334
locate_person,6_10,streaky,VGG13,head_model,8,0.9933333333333333,0.5,0.9866666666666666
locate_person,6_10,streaky,VGG13,head_model,9,0.9866666666666667,0.5,0.9733333333333334
locate_person,6_10,streaky,VGG13,head_model,10,0.99,0.5,0.98
locate_person,6_10,streaky,VGG16,head_model,1,1.0,0.5,1.0
locate_person,6_10,streaky,VGG16,head_model,2,1.0,0.5,1.0
locate_person,6_10,streaky,VGG16,head_model,3,1.0,0.5,1.0
locate_person,6_10,streaky,VGG16,head_model,4,1.0,0.5,1.0
locate_person,6_10,streaky,VGG16,head_model,5,1.0,0.5,1.0
locate_person,6_10,streaky,VGG16,head_model,6,1.0,0.5,1.0
locate_person,6_10,streaky,VGG16,head_model,7,1.0,0.5,1.0
locate_person,6_10,streaky,VGG16,head_model,8,1.0,0.5,1.0
locate_person,6_10,streaky,VGG16,head_model,9,1.0,0.5,1.0
locate_person,6_10,streaky,VGG16,head_model,10,1.0,0.5,1.0
locate_person,6_10,streaky,VGG19,head_model,1,0.9966666666666667,0.5,0.9933333333333334
locate_person,6_10,streaky,VGG19,head_model,2,0.9966666666666667,0.5,0.9933333333333334
locate_person,6_10,streaky,VGG19,head_model,3,0.9933333333333333,0.5,0.9866666666666666
locate_person,6_10,streaky,VGG19,head_model,4,0.9933333333333333,0.5,0.9866666666666666
locate_person,6_10,streaky,VGG19,head_model,5,0.9933333333333333,0.5,0.9866666666666666
locate_person,6_10,streaky,VGG19,head_model,6,0.9933333333333333,0.5,0.9866666666666666
locate_person,6_10,streaky,VGG19,head_model,7,0.9933333333333333,0.5,0.9866666666666666
locate_person,6_10,streaky,VGG19,head_model,8,0.9933333333333333,0.5,0.9866666666666666
locate_person,6_10,streaky,VGG19,head_model,9,0.9966666666666667,0.5,0.9933333333333334
locate_person,6_10,streaky,VGG19,head_model,10,0.9966666666666667,0.5,0.9933333333333334
locate_person,6_10,streaky,ViT Base,head_model,1,1.0,0.5,1.0
locate_person,6_10,streaky,ViT Base,head_model,2,1.0,0.5,1.0
locate_person,6_10,streaky,ViT Base,head_model,3,1.0,0.5,1.0
locate_person,6_10,streaky,ViT Base,head_model,4,1.0,0.5,1.0
locate_person,6_10,streaky,ViT Base,head_model,5,1.0,0.5,1.0
locate_person,6_10,streaky,ViT Base,head_model,6,1.0,0.5,1.0
locate_person,6_10,streaky,ViT Base,head_model,7,1.0,0.5,1.0
locate_person,6_10,streaky,ViT Base,head_model,8,1.0,0.5,1.0
locate_person,6_10,streaky,ViT Base,head_model,9,1.0,0.5,1.0
locate_person,6_10,streaky,ViT Base,head_model,10,1.0,0.5,1.0
locate_person,6_10,streaky,ViT Large,head_model,1,1.0,0.5,1.0
locate_person,6_10,streaky,ViT Large,head_model,2,1.0,0.5,1.0
locate_person,6_10,streaky,ViT Large,head_model,3,1.0,0.5,1.0
locate_person,6_10,streaky,ViT Large,head_model,4,1.0,0.5,1.0
locate_person,6_10,streaky,ViT Large,head_model,5,1.0,0.5,1.0
locate_person,6_10,streaky,ViT Large,head_model,6,1.0,0.5,1.0
locate_person,6_10,streaky,ViT Large,head_model,7,1.0,0.5,1.0
locate_person,6_10,streaky,ViT Large,head_model,8,1.0,0.5,1.0
locate_person,6_10,streaky,ViT Large,head_model,9,1.0,0.5,1.0
locate_person,6_10,streaky,ViT Large,head_model,10,1.0,0.5,1.0
locate_person,6_10,streaky,ViT Small,head_model,1,1.0,0.5,1.0
locate_person,6_10,streaky,ViT Small,head_model,2,1.0,0.5,1.0
locate_person,6_10,streaky,ViT Small,head_model,3,1.0,0.5,1.0
locate_person,6_10,streaky,ViT Small,head_model,4,1.0,0.5,1.0
locate_person,6_10,streaky,ViT Small,head_model,5,1.0,0.5,1.0
locate_person,6_10,streaky,ViT Small,head_model,6,1.0,0.5,1.0
locate_person,6_10,streaky,ViT Small,head_model,7,1.0,0.5,1.0
locate_person,6_10,streaky,ViT Small,head_model,8,1.0,0.5,1.0
locate_person,6_10,streaky,ViT Small,head_model,9,1.0,0.5,1.0
locate_person,6_10,streaky,ViT Small,head_model,10,1.0,0.5,1.0
locate_person,6_15,pointy,ConvNeXt Base,head_model,1,0.9933333333333333,0.5,0.9866666666666666
locate_person,6_15,pointy,ConvNeXt Base,head_model,2,0.9966666666666667,0.5,0.9933333333333334
locate_person,6_15,pointy,ConvNeXt Base,head_model,3,0.9966666666666667,0.5,0.9933333333333334
locate_person,6_15,pointy,ConvNeXt Base,head_model,4,0.9933333333333333,0.5,0.9866666666666666
locate_person,6_15,pointy,ConvNeXt Base,head_model,5,0.9966666666666667,0.5,0.9933333333333334
locate_person,6_15,pointy,ConvNeXt Base,head_model,6,0.99,0.5,0.98
locate_person,6_15,pointy,ConvNeXt Base,head_model,7,0.9966666666666667,0.5,0.9933333333333334
locate_person,6_15,pointy,ConvNeXt Base,head_model,8,0.9966666666666667,0.5,0.9933333333333334
locate_person,6_15,pointy,ConvNeXt Base,head_model,9,0.99,0.5,0.98
locate_person,6_15,pointy,ConvNeXt Base,head_model,10,0.9933333333333333,0.5,0.9866666666666666
locate_person,6_15,pointy,ConvNeXt Large,head_model,1,1.0,0.5,1.0
locate_person,6_15,pointy,ConvNeXt Large,head_model,2,1.0,0.5,1.0
locate_person,6_15,pointy,ConvNeXt Large,head_model,3,1.0,0.5,1.0
locate_person,6_15,pointy,ConvNeXt Large,head_model,4,1.0,0.5,1.0
locate_person,6_15,pointy,ConvNeXt Large,head_model,5,1.0,0.5,1.0
locate_person,6_15,pointy,ConvNeXt Large,head_model,6,1.0,0.5,1.0
locate_person,6_15,pointy,ConvNeXt Large,head_model,7,1.0,0.5,1.0
locate_person,6_15,pointy,ConvNeXt Large,head_model,8,1.0,0.5,1.0
locate_person,6_15,pointy,ConvNeXt Large,head_model,9,1.0,0.5,1.0
locate_person,6_15,pointy,ConvNeXt Large,head_model,10,1.0,0.5,1.0
locate_person,6_15,pointy,ConvNeXt Small,head_model,1,0.99,0.5,0.98
locate_person,6_15,pointy,ConvNeXt Small,head_model,2,0.99,0.5,0.98
locate_person,6_15,pointy,ConvNeXt Small,head_model,3,0.99,0.5,0.98
locate_person,6_15,pointy,ConvNeXt Small,head_model,4,0.9933333333333333,0.5,0.9866666666666666
locate_person,6_15,pointy,ConvNeXt Small,head_model,5,0.99,0.5,0.98
locate_person,6_15,pointy,ConvNeXt Small,head_model,6,0.99,0.5,0.98
locate_person,6_15,pointy,ConvNeXt Small,head_model,7,0.9933333333333333,0.5,0.9866666666666666
locate_person,6_15,pointy,ConvNeXt Small,head_model,8,0.99,0.5,0.98
locate_person,6_15,pointy,ConvNeXt Small,head_model,9,0.99,0.5,0.98
locate_person,6_15,pointy,ConvNeXt Small,head_model,10,0.99,0.5,0.98
locate_person,6_15,pointy,ConvNeXt Tiny,head_model,1,1.0,0.5,1.0
locate_person,6_15,pointy,ConvNeXt Tiny,head_model,2,1.0,0.5,1.0
locate_person,6_15,pointy,ConvNeXt Tiny,head_model,3,1.0,0.5,1.0
locate_person,6_15,pointy,ConvNeXt Tiny,head_model,4,1.0,0.5,1.0
locate_person,6_15,pointy,ConvNeXt Tiny,head_model,5,1.0,0.5,1.0
locate_person,6_15,pointy,ConvNeXt Tiny,head_model,6,1.0,0.5,1.0
locate_person,6_15,pointy,ConvNeXt Tiny,head_model,7,1.0,0.5,1.0
locate_person,6_15,pointy,ConvNeXt Tiny,head_model,8,1.0,0.5,1.0
locate_person,6_15,pointy,ConvNeXt Tiny,head_model,9,1.0,0.5,1.0
locate_person,6_15,pointy,ConvNeXt Tiny,head_model,10,1.0,0.5,1.0
locate_person,6_15,pointy,DINOv3 ViT Base,head_model,1,1.0,0.5,1.0
locate_person,6_15,pointy,DINOv3 ViT Base,head_model,2,1.0,0.5,1.0
locate_person,6_15,pointy,DINOv3 ViT Base,head_model,3,1.0,0.5,1.0
locate_person,6_15,pointy,DINOv3 ViT Base,head_model,4,1.0,0.5,1.0
locate_person,6_15,pointy,DINOv3 ViT Base,head_model,5,1.0,0.5,1.0
locate_person,6_15,pointy,DINOv3 ViT Base,head_model,6,1.0,0.5,1.0
locate_person,6_15,pointy,DINOv3 ViT Base,head_model,7,1.0,0.5,1.0
locate_person,6_15,pointy,DINOv3 ViT Base,head_model,8,1.0,0.5,1.0
locate_person,6_15,pointy,DINOv3 ViT Base,head_model,9,1.0,0.5,1.0
locate_person,6_15,pointy,DINOv3 ViT Base,head_model,10,1.0,0.5,1.0
locate_person,6_15,pointy,ResNet18,head_model,1,0.9766666666666667,0.5,0.9533333333333334
locate_person,6_15,pointy,ResNet18,head_model,2,0.9766666666666667,0.5,0.9533333333333334
locate_person,6_15,pointy,ResNet18,head_model,3,0.9733333333333334,0.5,0.9466666666666668
locate_person,6_15,pointy,ResNet18,head_model,4,0.9766666666666667,0.5,0.9533333333333334
locate_person,6_15,pointy,ResNet18,head_model,5,0.9766666666666667,0.5,0.9533333333333334
locate_person,6_15,pointy,ResNet18,head_model,6,0.9766666666666667,0.5,0.9533333333333334
locate_person,6_15,pointy,ResNet18,head_model,7,0.9766666666666667,0.5,0.9533333333333334
locate_person,6_15,pointy,ResNet18,head_model,8,0.9766666666666667,0.5,0.9533333333333334
locate_person,6_15,pointy,ResNet18,head_model,9,0.9733333333333334,0.5,0.9466666666666668
locate_person,6_15,pointy,ResNet18,head_model,10,0.9666666666666667,0.5,0.9333333333333333
locate_person,6_15,pointy,ResNet50,head_model,1,1.0,0.5,1.0
locate_person,6_15,pointy,ResNet50,head_model,2,0.9933333333333333,0.5,0.9866666666666666
locate_person,6_15,pointy,ResNet50,head_model,3,0.9966666666666667,0.5,0.9933333333333334
locate_person,6_15,pointy,ResNet50,head_model,4,1.0,0.5,1.0
locate_person,6_15,pointy,ResNet50,head_model,5,0.9966666666666667,0.5,0.9933333333333334
locate_person,6_15,pointy,ResNet50,head_model,6,1.0,0.5,1.0
locate_person,6_15,pointy,ResNet50,head_model,7,0.9966666666666667,0.5,0.9933333333333334
locate_person,6_15,pointy,ResNet50,head_model,8,1.0,0.5,1.0
locate_person,6_15,pointy,ResNet50,head_model,9,1.0,0.5,1.0
locate_person,6_15,pointy,ResNet50,head_model,10,1.0,0.5,1.0
locate_person,6_15,pointy,VGG11,head_model,1,0.9833333333333333,0.5,0.9666666666666666
locate_person,6_15,pointy,VGG11,head_model,2,0.9833333333333333,0.5,0.9666666666666666
locate_person,6_15,pointy,VGG11,head_model,3,0.9833333333333333,0.5,0.9666666666666666
locate_person,6_15,pointy,VGG11,head_model,4,0.9833333333333333,0.5,0.9666666666666666
locate_person,6_15,pointy,VGG11,head_model,5,0.98,0.5,0.96
locate_person,6_15,pointy,VGG11,head_model,6,0.9833333333333333,0.5,0.9666666666666666
locate_person,6_15,pointy,VGG11,head_model,7,0.9833333333333333,0.5,0.9666666666666666
locate_person,6_15,pointy,VGG11,head_model,8,0.9833333333333333,0.5,0.9666666666666666
locate_person,6_15,pointy,VGG11,head_model,9,0.9833333333333333,0.5,0.9666666666666666
locate_person,6_15,pointy,VGG11,head_model,10,0.9833333333333333,0.5,0.9666666666666666
locate_person,6_15,pointy,VGG13,head_model,1,0.99,0.5,0.98
locate_person,6_15,pointy,VGG13,head_model,2,0.99,0.5,0.98
locate_person,6_15,pointy,VGG13,head_model,3,0.9866666666666667,0.5,0.9733333333333334
locate_person,6_15,pointy,VGG13,head_model,4,0.99,0.5,0.98
locate_person,6_15,pointy,VGG13,head_model,5,0.99,0.5,0.98
locate_person,6_15,pointy,VGG13,head_model,6,0.9966666666666667,0.5,0.9933333333333334
locate_person,6_15,pointy,VGG13,head_model,7,0.99,0.5,0.98
locate_person,6_15,pointy,VGG13,head_model,8,0.9833333333333333,0.5,0.9666666666666666
locate_person,6_15,pointy,VGG13,head_model,9,0.99,0.5,0.98
locate_person,6_15,pointy,VGG13,head_model,10,0.9966666666666667,0.5,0.9933333333333334
locate_person,6_15,pointy,VGG16,head_model,1,0.99,0.5,0.98
locate_person,6_15,pointy,VGG16,head_model,2,0.99,0.5,0.98
locate_person,6_15,pointy,VGG16,head_model,3,0.9933333333333333,0.5,0.9866666666666666
locate_person,6_15,pointy,VGG16,head_model,4,0.9933333333333333,0.5,0.9866666666666666
locate_person,6_15,pointy,VGG16,head_model,5,0.9933333333333333,0.5,0.9866666666666666
locate_person,6_15,pointy,VGG16,head_model,6,0.99,0.5,0.98
locate_person,6_15,pointy,VGG16,head_model,7,0.99,0.5,0.98
locate_person,6_15,pointy,VGG16,head_model,8,0.9933333333333333,0.5,0.9866666666666666
locate_person,6_15,pointy,VGG16,head_model,9,0.9933333333333333,0.5,0.9866666666666666
locate_person,6_15,pointy,VGG16,head_model,10,0.99,0.5,0.98
locate_person,6_15,pointy,VGG19,head_model,1,0.9733333333333334,0.5,0.9466666666666668
locate_person,6_15,pointy,VGG19,head_model,2,0.9833333333333333,0.5,0.9666666666666666
locate_person,6_15,pointy,VGG19,head_model,3,0.9866666666666667,0.5,0.9733333333333334
locate_person,6_15,pointy,VGG19,head_model,4,0.9766666666666667,0.5,0.9533333333333334
locate_person,6_15,pointy,VGG19,head_model,5,0.98,0.5,0.96
locate_person,6_15,pointy,VGG19,head_model,6,0.97,0.5,0.94
locate_person,6_15,pointy,VGG19,head_model,7,0.9833333333333333,0.5,0.9666666666666666
locate_person,6_15,pointy,VGG19,head_model,8,0.98,0.5,0.96
locate_person,6_15,pointy,VGG19,head_model,9,0.9766666666666667,0.5,0.9533333333333334
locate_person,6_15,pointy,VGG19,head_model,10,0.9833333333333333,0.5,0.9666666666666666
locate_person,6_15,pointy,ViT Base,head_model,1,1.0,0.5,1.0
locate_person,6_15,pointy,ViT Base,head_model,2,1.0,0.5,1.0
locate_person,6_15,pointy,ViT Base,head_model,3,1.0,0.5,1.0
locate_person,6_15,pointy,ViT Base,head_model,4,1.0,0.5,1.0
locate_person,6_15,pointy,ViT Base,head_model,5,1.0,0.5,1.0
locate_person,6_15,pointy,ViT Base,head_model,6,1.0,0.5,1.0
locate_person,6_15,pointy,ViT Base,head_model,7,1.0,0.5,1.0
locate_person,6_15,pointy,ViT Base,head_model,8,1.0,0.5,1.0
locate_person,6_15,pointy,ViT Base,head_model,9,1.0,0.5,1.0
locate_person,6_15,pointy,ViT Base,head_model,10,1.0,0.5,1.0
locate_person,6_15,pointy,ViT Large,head_model,1,1.0,0.5,1.0
locate_person,6_15,pointy,ViT Large,head_model,2,1.0,0.5,1.0
locate_person,6_15,pointy,ViT Large,head_model,3,1.0,0.5,1.0
locate_person,6_15,pointy,ViT Large,head_model,4,1.0,0.5,1.0
locate_person,6_15,pointy,ViT Large,head_model,5,1.0,0.5,1.0
locate_person,6_15,pointy,ViT Large,head_model,6,1.0,0.5,1.0
locate_person,6_15,pointy,ViT Large,head_model,7,1.0,0.5,1.0
locate_person,6_15,pointy,ViT Large,head_model,8,1.0,0.5,1.0
locate_person,6_15,pointy,ViT Large,head_model,9,1.0,0.5,1.0
locate_person,6_15,pointy,ViT Large,head_model,10,1.0,0.5,1.0
locate_person,6_15,pointy,ViT Small,head_model,1,1.0,0.5,1.0
locate_person,6_15,pointy,ViT Small,head_model,2,1.0,0.5,1.0
locate_person,6_15,pointy,ViT Small,head_model,3,1.0,0.5,1.0
locate_person,6_15,pointy,ViT Small,head_model,4,1.0,0.5,1.0
locate_person,6_15,pointy,ViT Small,head_model,5,1.0,0.5,1.0
locate_person,6_15,pointy,ViT Small,head_model,6,1.0,0.5,1.0
locate_person,6_15,pointy,ViT Small,head_model,7,1.0,0.5,1.0
locate_person,6_15,pointy,ViT Small,head_model,8,1.0,0.5,1.0
locate_person,6_15,pointy,ViT Small,head_model,9,1.0,0.5,1.0
locate_person,6_15,pointy,ViT Small,head_model,10,1.0,0.5,1.0
locate_person,6_15,streaky,ConvNeXt Base,head_model,1,1.0,0.5,1.0
locate_person,6_15,streaky,ConvNeXt Base,head_model,2,1.0,0.5,1.0
locate_person,6_15,streaky,ConvNeXt Base,head_model,3,1.0,0.5,1.0
locate_person,6_15,streaky,ConvNeXt Base,head_model,4,1.0,0.5,1.0
locate_person,6_15,streaky,ConvNeXt Base,head_model,5,1.0,0.5,1.0
locate_person,6_15,streaky,ConvNeXt Base,head_model,6,1.0,0.5,1.0
locate_person,6_15,streaky,ConvNeXt Base,head_model,7,1.0,0.5,1.0
locate_person,6_15,streaky,ConvNeXt Base,head_model,8,1.0,0.5,1.0
locate_person,6_15,streaky,ConvNeXt Base,head_model,9,1.0,0.5,1.0
locate_person,6_15,streaky,ConvNeXt Base,head_model,10,1.0,0.5,1.0
locate_person,6_15,streaky,ConvNeXt Large,head_model,1,1.0,0.5,1.0
locate_person,6_15,streaky,ConvNeXt Large,head_model,2,1.0,0.5,1.0
locate_person,6_15,streaky,ConvNeXt Large,head_model,3,1.0,0.5,1.0
locate_person,6_15,streaky,ConvNeXt Large,head_model,4,1.0,0.5,1.0
locate_person,6_15,streaky,ConvNeXt Large,head_model,5,1.0,0.5,1.0
locate_person,6_15,streaky,ConvNeXt Large,head_model,6,1.0,0.5,1.0
locate_person,6_15,streaky,ConvNeXt Large,head_model,7,1.0,0.5,1.0
locate_person,6_15,streaky,ConvNeXt Large,head_model,8,1.0,0.5,1.0
locate_person,6_15,streaky,ConvNeXt Large,head_model,9,1.0,0.5,1.0
locate_person,6_15,streaky,ConvNeXt Large,head_model,10,1.0,0.5,1.0
locate_person,6_15,streaky,ConvNeXt Small,head_model,1,1.0,0.5,1.0
locate_person,6_15,streaky,ConvNeXt Small,head_model,2,1.0,0.5,1.0
locate_person,6_15,streaky,ConvNeXt Small,head_model,3,1.0,0.5,1.0
locate_person,6_15,streaky,ConvNeXt Small,head_model,4,1.0,0.5,1.0
locate_person,6_15,streaky,ConvNeXt Small,head_model,5,1.0,0.5,1.0
locate_person,6_15,streaky,ConvNeXt Small,head_model,6,1.0,0.5,1.0
locate_person,6_15,streaky,ConvNeXt Small,head_model,7,1.0,0.5,1.0
locate_person,6_15,streaky,ConvNeXt Small,head_model,8,1.0,0.5,1.0
locate_person,6_15,streaky,ConvNeXt Small,head_model,9,1.0,0.5,1.0
locate_person,6_15,streaky,ConvNeXt Small,head_model,10,1.0,0.5,1.0
locate_person,6_15,streaky,ConvNeXt Tiny,head_model,1,1.0,0.5,1.0
locate_person,6_15,streaky,ConvNeXt Tiny,head_model,2,1.0,0.5,1.0
locate_person,6_15,streaky,ConvNeXt Tiny,head_model,3,1.0,0.5,1.0
locate_person,6_15,streaky,ConvNeXt Tiny,head_model,4,1.0,0.5,1.0
locate_person,6_15,streaky,ConvNeXt Tiny,head_model,5,1.0,0.5,1.0
locate_person,6_15,streaky,ConvNeXt Tiny,head_model,6,1.0,0.5,1.0
locate_person,6_15,streaky,ConvNeXt Tiny,head_model,7,1.0,0.5,1.0
locate_person,6_15,streaky,ConvNeXt Tiny,head_model,8,1.0,0.5,1.0
locate_person,6_15,streaky,ConvNeXt Tiny,head_model,9,1.0,0.5,1.0
locate_person,6_15,streaky,ConvNeXt Tiny,head_model,10,1.0,0.5,1.0
locate_person,6_15,streaky,DINOv3 ViT Base,head_model,1,1.0,0.5,1.0
locate_person,6_15,streaky,DINOv3 ViT Base,head_model,2,1.0,0.5,1.0
locate_person,6_15,streaky,DINOv3 ViT Base,head_model,3,1.0,0.5,1.0
locate_person,6_15,streaky,DINOv3 ViT Base,head_model,4,1.0,0.5,1.0
locate_person,6_15,streaky,DINOv3 ViT Base,head_model,5,1.0,0.5,1.0
locate_person,6_15,streaky,DINOv3 ViT Base,head_model,6,1.0,0.5,1.0
locate_person,6_15,streaky,DINOv3 ViT Base,head_model,7,1.0,0.5,1.0
locate_person,6_15,streaky,DINOv3 ViT Base,head_model,8,1.0,0.5,1.0
locate_person,6_15,streaky,DINOv3 ViT Base,head_model,9,1.0,0.5,1.0
locate_person,6_15,streaky,DINOv3 ViT Base,head_model,10,1.0,0.5,1.0
locate_person,6_15,streaky,ResNet18,head_model,1,0.99,0.5,0.98
locate_person,6_15,streaky,ResNet18,head_model,2,0.99,0.5,0.98
locate_person,6_15,streaky,ResNet18,head_model,3,0.99,0.5,0.98
locate_person,6_15,streaky,ResNet18,head_model,4,0.99,0.5,0.98
locate_person,6_15,streaky,ResNet18,head_model,5,0.99,0.5,0.98
locate_person,6_15,streaky,ResNet18,head_model,6,0.99,0.5,0.98
locate_person,6_15,streaky,ResNet18,head_model,7,0.99,0.5,0.98
locate_person,6_15,streaky,ResNet18,head_model,8,0.99,0.5,0.98
locate_person,6_15,streaky,ResNet18,head_model,9,0.99,0.5,0.98
locate_person,6_15,streaky,ResNet18,head_model,10,0.9933333333333333,0.5,0.9866666666666666
locate_person,6_15,streaky,ResNet50,head_model,1,0.9866666666666667,0.5,0.9733333333333334
locate_person,6_15,streaky,ResNet50,head_model,2,0.9866666666666667,0.5,0.9733333333333334
locate_person,6_15,streaky,ResNet50,head_model,3,0.9866666666666667,0.5,0.9733333333333334
locate_person,6_15,streaky,ResNet50,head_model,4,0.9866666666666667,0.5,0.9733333333333334
locate_person,6_15,streaky,ResNet50,head_model,5,0.9866666666666667,0.5,0.9733333333333334
locate_person,6_15,streaky,ResNet50,head_model,6,0.9866666666666667,0.5,0.9733333333333334
locate_person,6_15,streaky,ResNet50,head_model,7,0.9866666666666667,0.5,0.9733333333333334
locate_person,6_15,streaky,ResNet50,head_model,8,0.9866666666666667,0.5,0.9733333333333334
locate_person,6_15,streaky,ResNet50,head_model,9,0.9866666666666667,0.5,0.9733333333333334
locate_person,6_15,streaky,ResNet50,head_model,10,0.9866666666666667,0.5,0.9733333333333334
locate_person,6_15,streaky,VGG11,head_model,1,0.9966666666666667,0.5,0.9933333333333334
locate_person,6_15,streaky,VGG11,head_model,2,0.9966666666666667,0.5,0.9933333333333334
locate_person,6_15,streaky,VGG11,head_model,3,0.9966666666666667,0.5,0.9933333333333334
locate_person,6_15,streaky,VGG11,head_model,4,0.9966666666666667,0.5,0.9933333333333334
locate_person,6_15,streaky,VGG11,head_model,5,0.9966666666666667,0.5,0.9933333333333334
locate_person,6_15,streaky,VGG11,head_model,6,1.0,0.5,1.0
locate_person,6_15,streaky,VGG11,head_model,7,1.0,0.5,1.0
locate_person,6_15,streaky,VGG11,head_model,8,0.9966666666666667,0.5,0.9933333333333334
locate_person,6_15,streaky,VGG11,head_model,9,0.9966666666666667,0.5,0.9933333333333334
locate_person,6_15,streaky,VGG11,head_model,10,0.9966666666666667,0.5,0.9933333333333334
locate_person,6_15,streaky,VGG13,head_model,1,1.0,0.5,1.0
locate_person,6_15,streaky,VGG13,head_model,2,1.0,0.5,1.0
locate_person,6_15,streaky,VGG13,head_model,3,1.0,0.5,1.0
locate_person,6_15,streaky,VGG13,head_model,4,1.0,0.5,1.0
locate_person,6_15,streaky,VGG13,head_model,5,1.0,0.5,1.0
locate_person,6_15,streaky,VGG13,head_model,6,1.0,0.5,1.0
locate_person,6_15,streaky,VGG13,head_model,7,1.0,0.5,1.0
locate_person,6_15,streaky,VGG13,head_model,8,1.0,0.5,1.0
locate_person,6_15,streaky,VGG13,head_model,9,1.0,0.5,1.0
locate_person,6_15,streaky,VGG13,head_model,10,1.0,0.5,1.0
locate_person,6_15,streaky,VGG16,head_model,1,1.0,0.5,1.0
locate_person,6_15,streaky,VGG16,head_model,2,1.0,0.5,1.0
locate_person,6_15,streaky,VGG16,head_model,3,1.0,0.5,1.0
locate_person,6_15,streaky,VGG16,head_model,4,1.0,0.5,1.0
locate_person,6_15,streaky,VGG16,head_model,5,1.0,0.5,1.0
locate_person,6_15,streaky,VGG16,head_model,6,1.0,0.5,1.0
locate_person,6_15,streaky,VGG16,head_model,7,1.0,0.5,1.0
locate_person,6_15,streaky,VGG16,head_model,8,1.0,0.5,1.0
locate_person,6_15,streaky,VGG16,head_model,9,1.0,0.5,1.0
locate_person,6_15,streaky,VGG16,head_model,10,1.0,0.5,1.0
locate_person,6_15,streaky,VGG19,head_model,1,1.0,0.5,1.0
locate_person,6_15,streaky,VGG19,head_model,2,1.0,0.5,1.0
locate_person,6_15,streaky,VGG19,head_model,3,1.0,0.5,1.0
locate_person,6_15,streaky,VGG19,head_model,4,1.0,0.5,1.0
locate_person,6_15,streaky,VGG19,head_model,5,1.0,0.5,1.0
locate_person,6_15,streaky,VGG19,head_model,6,1.0,0.5,1.0
locate_person,6_15,streaky,VGG19,head_model,7,1.0,0.5,1.0
locate_person,6_15,streaky,VGG19,head_model,8,1.0,0.5,1.0
locate_person,6_15,streaky,VGG19,head_model,9,1.0,0.5,1.0
locate_person,6_15,streaky,VGG19,head_model,10,1.0,0.5,1.0
locate_person,6_15,streaky,ViT Base,head_model,1,1.0,0.5,1.0
locate_person,6_15,streaky,ViT Base,head_model,2,1.0,0.5,1.0
locate_person,6_15,streaky,ViT Base,head_model,3,1.0,0.5,1.0
locate_person,6_15,streaky,ViT Base,head_model,4,1.0,0.5,1.0
locate_person,6_15,streaky,ViT Base,head_model,5,1.0,0.5,1.0
locate_person,6_15,streaky,ViT Base,head_model,6,1.0,0.5,1.0
locate_person,6_15,streaky,ViT Base,head_model,7,1.0,0.5,1.0
locate_person,6_15,streaky,ViT Base,head_model,8,1.0,0.5,1.0
locate_person,6_15,streaky,ViT Base,head_model,9,1.0,0.5,1.0
locate_person,6_15,streaky,ViT Base,head_model,10,1.0,0.5,1.0
locate_person,6_15,streaky,ViT Large,head_model,1,1.0,0.5,1.0
locate_person,6_15,streaky,ViT Large,head_model,2,1.0,0.5,1.0
locate_person,6_15,streaky,ViT Large,head_model,3,1.0,0.5,1.0
locate_person,6_15,streaky,ViT Large,head_model,4,1.0,0.5,1.0
locate_person,6_15,streaky,ViT Large,head_model,5,1.0,0.5,1.0
locate_person,6_15,streaky,ViT Large,head_model,6,1.0,0.5,1.0
locate_person,6_15,streaky,ViT Large,head_model,7,1.0,0.5,1.0
locate_person,6_15,streaky,ViT Large,head_model,8,1.0,0.5,1.0
locate_person,6_15,streaky,ViT Large,head_model,9,1.0,0.5,1.0
locate_person,6_15,streaky,ViT Large,head_model,10,1.0,0.5,1.0
locate_person,6_15,streaky,ViT Small,head_model,1,1.0,0.5,1.0
locate_person,6_15,streaky,ViT Small,head_model,2,1.0,0.5,1.0
locate_person,6_15,streaky,ViT Small,head_model,3,1.0,0.5,1.0
locate_person,6_15,streaky,ViT Small,head_model,4,1.0,0.5,1.0
locate_person,6_15,streaky,ViT Small,head_model,5,1.0,0.5,1.0
locate_person,6_15,streaky,ViT Small,head_model,6,1.0,0.5,1.0
locate_person,6_15,streaky,ViT Small,head_model,7,1.0,0.5,1.0
locate_person,6_15,streaky,ViT Small,head_model,8,1.0,0.5,1.0
locate_person,6_15,streaky,ViT Small,head_model,9,1.0,0.5,1.0
locate_person,6_15,streaky,ViT Small,head_model,10,1.0,0.5,1.0
locate_person,6_20,pointy,ConvNeXt Base,head_model,1,1.0,0.5,1.0
locate_person,6_20,pointy,ConvNeXt Base,head_model,2,0.9933333333333333,0.5,0.9866666666666666
locate_person,6_20,pointy,ConvNeXt Base,head_model,3,1.0,0.5,1.0
locate_person,6_20,pointy,ConvNeXt Base,head_model,4,0.9933333333333333,0.5,0.9866666666666666
locate_person,6_20,pointy,ConvNeXt Base,head_model,5,0.9933333333333333,0.5,0.9866666666666666
locate_person,6_20,pointy,ConvNeXt Base,head_model,6,1.0,0.5,1.0
locate_person,6_20,pointy,ConvNeXt Base,head_model,7,0.9933333333333333,0.5,0.9866666666666666
locate_person,6_20,pointy,ConvNeXt Base,head_model,8,0.9933333333333333,0.5,0.9866666666666666
locate_person,6_20,pointy,ConvNeXt Base,head_model,9,0.9933333333333333,0.5,0.9866666666666666
locate_person,6_20,pointy,ConvNeXt Base,head_model,10,1.0,0.5,1.0
locate_person,6_20,pointy,ConvNeXt Large,head_model,1,1.0,0.5,1.0
locate_person,6_20,pointy,ConvNeXt Large,head_model,2,1.0,0.5,1.0
locate_person,6_20,pointy,ConvNeXt Large,head_model,3,1.0,0.5,1.0
locate_person,6_20,pointy,ConvNeXt Large,head_model,4,1.0,0.5,1.0
locate_person,6_20,pointy,ConvNeXt Large,head_model,5,1.0,0.5,1.0
locate_person,6_20,pointy,ConvNeXt Large,head_model,6,1.0,0.5,1.0
locate_person,6_20,pointy,ConvNeXt Large,head_model,7,1.0,0.5,1.0
locate_person,6_20,pointy,ConvNeXt Large,head_model,8,1.0,0.5,1.0
locate_person,6_20,pointy,ConvNeXt Large,head_model,9,1.0,0.5,1.0
locate_person,6_20,pointy,ConvNeXt Large,head_model,10,1.0,0.5,1.0
locate_person,6_20,pointy,ConvNeXt Small,head_model,1,1.0,0.5,1.0
locate_person,6_20,pointy,ConvNeXt Small,head_model,2,1.0,0.5,1.0
locate_person,6_20,pointy,ConvNeXt Small,head_model,3,1.0,0.5,1.0
locate_person,6_20,pointy,ConvNeXt Small,head_model,4,1.0,0.5,1.0
locate_person,6_20,pointy,ConvNeXt Small,head_model,5,1.0,0.5,1.0
locate_person,6_20,pointy,ConvNeXt Small,head_model,6,1.0,0.5,1.0
locate_person,6_20,pointy,ConvNeXt Small,head_model,7,1.0,0.5,1.0
locate_person,6_20,pointy,ConvNeXt Small,head_model,8,1.0,0.5,1.0
locate_person,6_20,pointy,ConvNeXt Small,head_model,9,1.0,0.5,1.0
locate_person,6_20,pointy,ConvNeXt Small,head_model,10,1.0,0.5,1.0
locate_person,6_20,pointy,ConvNeXt Tiny,head_model,1,1.0,0.5,1.0
locate_person,6_20,pointy,ConvNeXt Tiny,head_model,2,1.0,0.5,1.0
locate_person,6_20,pointy,ConvNeXt Tiny,head_model,3,1.0,0.5,1.0
locate_person,6_20,pointy,ConvNeXt Tiny,head_model,4,0.9966666666666667,0.5,0.9933333333333334
locate_person,6_20,pointy,ConvNeXt Tiny,head_model,5,1.0,0.5,1.0
locate_person,6_20,pointy,ConvNeXt Tiny,head_model,6,1.0,0.5,1.0
locate_person,6_20,pointy,ConvNeXt Tiny,head_model,7,1.0,0.5,1.0
locate_person,6_20,pointy,ConvNeXt Tiny,head_model,8,0.9966666666666667,0.5,0.9933333333333334
locate_person,6_20,pointy,ConvNeXt Tiny,head_model,9,0.9966666666666667,0.5,0.9933333333333334
locate_person,6_20,pointy,ConvNeXt Tiny,head_model,10,1.0,0.5,1.0
locate_person,6_20,pointy,DINOv3 ViT Base,head_model,1,1.0,0.5,1.0
locate_person,6_20,pointy,DINOv3 ViT Base,head_model,2,1.0,0.5,1.0
locate_person,6_20,pointy,DINOv3 ViT Base,head_model,3,1.0,0.5,1.0
locate_person,6_20,pointy,DINOv3 ViT Base,head_model,4,1.0,0.5,1.0
locate_person,6_20,pointy,DINOv3 ViT Base,head_model,5,1.0,0.5,1.0
locate_person,6_20,pointy,DINOv3 ViT Base,head_model,6,1.0,0.5,1.0
locate_person,6_20,pointy,DINOv3 ViT Base,head_model,7,1.0,0.5,1.0
locate_person,6_20,pointy,DINOv3 ViT Base,head_model,8,1.0,0.5,1.0
locate_person,6_20,pointy,DINOv3 ViT Base,head_model,9,1.0,0.5,1.0
locate_person,6_20,pointy,DINOv3 ViT Base,head_model,10,1.0,0.5,1.0
locate_person,6_20,pointy,ResNet18,head_model,1,0.97,0.5,0.94
locate_person,6_20,pointy,ResNet18,head_model,2,0.9666666666666667,0.5,0.9333333333333333
locate_person,6_20,pointy,ResNet18,head_model,3,0.9766666666666667,0.5,0.9533333333333334
locate_person,6_20,pointy,ResNet18,head_model,4,0.9666666666666667,0.5,0.9333333333333333
locate_person,6_20,pointy,ResNet18,head_model,5,0.9666666666666667,0.5,0.9333333333333333
locate_person,6_20,pointy,ResNet18,head_model,6,0.97,0.5,0.94
locate_person,6_20,pointy,ResNet18,head_model,7,0.9666666666666667,0.5,0.9333333333333333
locate_person,6_20,pointy,ResNet18,head_model,8,0.9666666666666667,0.5,0.9333333333333333
locate_person,6_20,pointy,ResNet18,head_model,9,0.9666666666666667,0.5,0.9333333333333333
locate_person,6_20,pointy,ResNet18,head_model,10,0.9666666666666667,0.5,0.9333333333333333
locate_person,6_20,pointy,ResNet50,head_model,1,1.0,0.5,1.0
locate_person,6_20,pointy,ResNet50,head_model,2,0.9933333333333333,0.5,0.9866666666666666
locate_person,6_20,pointy,ResNet50,head_model,3,1.0,0.5,1.0
locate_person,6_20,pointy,ResNet50,head_model,4,0.9933333333333333,0.5,0.9866666666666666
locate_person,6_20,pointy,ResNet50,head_model,5,1.0,0.5,1.0
locate_person,6_20,pointy,ResNet50,head_model,6,1.0,0.5,1.0
locate_person,6_20,pointy,ResNet50,head_model,7,1.0,0.5,1.0
locate_person,6_20,pointy,ResNet50,head_model,8,0.9933333333333333,0.5,0.9866666666666666
locate_person,6_20,pointy,ResNet50,head_model,9,1.0,0.5,1.0
locate_person,6_20,pointy,ResNet50,head_model,10,1.0,0.5,1.0
locate_person,6_20,pointy,VGG11,head_model,1,0.9833333333333333,0.5,0.9666666666666666
locate_person,6_20,pointy,VGG11,head_model,2,0.9833333333333333,0.5,0.9666666666666666
locate_person,6_20,pointy,VGG11,head_model,3,0.99,0.5,0.98
locate_person,6_20,pointy,VGG11,head_model,4,0.98,0.5,0.96
locate_person,6_20,pointy,VGG11,head_model,5,0.9866666666666667,0.5,0.9733333333333334
locate_person,6_20,pointy,VGG11,head_model,6,0.99,0.5,0.98
locate_person,6_20,pointy,VGG11,head_model,7,0.9833333333333333,0.5,0.9666666666666666
locate_person,6_20,pointy,VGG11,head_model,8,0.9866666666666667,0.5,0.9733333333333334
locate_person,6_20,pointy,VGG11,head_model,9,0.9866666666666667,0.5,0.9733333333333334
locate_person,6_20,pointy,VGG11,head_model,10,0.98,0.5,0.96
locate_person,6_20,pointy,VGG13,head_model,1,0.9766666666666667,0.5,0.9533333333333334
locate_person,6_20,pointy,VGG13,head_model,2,0.9766666666666667,0.5,0.9533333333333334
locate_person,6_20,pointy,VGG13,head_model,3,0.98,0.5,0.96
locate_person,6_20,pointy,VGG13,head_model,4,0.98,0.5,0.96
locate_person,6_20,pointy,VGG13,head_model,5,0.9733333333333334,0.5,0.9466666666666668
locate_person,6_20,pointy,VGG13,head_model,6,0.98,0.5,0.96
locate_person,6_20,pointy,VGG13,head_model,7,0.9733333333333334,0.5,0.9466666666666668
locate_person,6_20,pointy,VGG13,head_model,8,0.9766666666666667,0.5,0.9533333333333334
locate_person,6_20,pointy,VGG13,head_model,9,0.98,0.5,0.96
locate_person,6_20,pointy,VGG13,head_model,10,0.9633333333333334,0.5,0.9266666666666667
locate_person,6_20,pointy,VGG16,head_model,1,1.0,0.5,1.0
locate_person,6_20,pointy,VGG16,head_model,2,0.9933333333333333,0.5,0.9866666666666666
locate_person,6_20,pointy,VGG16,head_model,3,1.0,0.5,1.0
locate_person,6_20,pointy,VGG16,head_model,4,0.9933333333333333,0.5,0.9866666666666666
locate_person,6_20,pointy,VGG16,head_model,5,0.9933333333333333,0.5,0.9866666666666666
locate_person,6_20,pointy,VGG16,head_model,6,0.9966666666666667,0.5,0.9933333333333334
locate_person,6_20,pointy,VGG16,head_model,7,0.9933333333333333,0.5,0.9866666666666666
locate_person,6_20,pointy,VGG16,head_model,8,0.9933333333333333,0.5,0.9866666666666666
locate_person,6_20,pointy,VGG16,head_model,9,0.9933333333333333,0.5,0.9866666666666666
locate_person,6_20,pointy,VGG16,head_model,10,0.9933333333333333,0.5,0.9866666666666666
locate_person,6_20,pointy,VGG19,head_model,1,0.9833333333333333,0.5,0.9666666666666666
locate_person,6_20,pointy,VGG19,head_model,2,0.9933333333333333,0.5,0.9866666666666666
locate_person,6_20,pointy,VGG19,head_model,3,0.9866666666666667,0.5,0.9733333333333334
locate_person,6_20,pointy,VGG19,head_model,4,0.9866666666666667,0.5,0.9733333333333334
locate_person,6_20,pointy,VGG19,head_model,5,0.98,0.5,0.96
locate_person,6_20,pointy,VGG19,head_model,6,0.9566666666666667,0.5,0.9133333333333333
locate_person,6_20,pointy,VGG19,head_model,7,0.9833333333333333,0.5,0.9666666666666666
locate_person,6_20,pointy,VGG19,head_model,8,0.9866666666666667,0.5,0.9733333333333334
locate_person,6_20,pointy,VGG19,head_model,9,0.9866666666666667,0.5,0.9733333333333334
locate_person,6_20,pointy,VGG19,head_model,10,0.9633333333333334,0.5,0.9266666666666667
locate_person,6_20,pointy,ViT Base,head_model,1,1.0,0.5,1.0
locate_person,6_20,pointy,ViT Base,head_model,2,1.0,0.5,1.0
locate_person,6_20,pointy,ViT Base,head_model,3,1.0,0.5,1.0
locate_person,6_20,pointy,ViT Base,head_model,4,1.0,0.5,1.0
locate_person,6_20,pointy,ViT Base,head_model,5,1.0,0.5,1.0
locate_person,6_20,pointy,ViT Base,head_model,6,1.0,0.5,1.0
locate_person,6_20,pointy,ViT Base,head_model,7,1.0,0.5,1.0
locate_person,6_20,pointy,ViT Base,head_model,8,1.0,0.5,1.0
locate_person,6_20,pointy,ViT Base,head_model,9,1.0,0.5,1.0
locate_person,6_20,pointy,ViT Base,head_model,10,1.0,0.5,1.0
locate_person,6_20,pointy,ViT Large,head_model,1,1.0,0.5,1.0
locate_person,6_20,pointy,ViT Large,head_model,2,1.0,0.5,1.0
locate_person,6_20,pointy,ViT Large,head_model,3,1.0,0.5,1.0
locate_person,6_20,pointy,ViT Large,head_model,4,1.0,0.5,1.0
locate_person,6_20,pointy,ViT Large,head_model,5,1.0,0.5,1.0
locate_person,6_20,pointy,ViT Large,head_model,6,1.0,0.5,1.0
locate_person,6_20,pointy,ViT Large,head_model,7,1.0,0.5,1.0
locate_person,6_20,pointy,ViT Large,head_model,8,1.0,0.5,1.0
locate_person,6_20,pointy,ViT Large,head_model,9,1.0,0.5,1.0
locate_person,6_20,pointy,ViT Large,head_model,10,1.0,0.5,1.0
locate_person,6_20,pointy,ViT Small,head_model,1,1.0,0.5,1.0
locate_person,6_20,pointy,ViT Small,head_model,2,1.0,0.5,1.0
locate_person,6_20,pointy,ViT Small,head_model,3,1.0,0.5,1.0
locate_person,6_20,pointy,ViT Small,head_model,4,1.0,0.5,1.0
locate_person,6_20,pointy,ViT Small,head_model,5,1.0,0.5,1.0
locate_person,6_20,pointy,ViT Small,head_model,6,1.0,0.5,1.0
locate_person,6_20,pointy,ViT Small,head_model,7,1.0,0.5,1.0
locate_person,6_20,pointy,ViT Small,head_model,8,1.0,0.5,1.0
locate_person,6_20,pointy,ViT Small,head_model,9,1.0,0.5,1.0
locate_person,6_20,pointy,ViT Small,head_model,10,1.0,0.5,1.0
locate_person,6_20,streaky,ConvNeXt Base,head_model,1,1.0,0.5,1.0
locate_person,6_20,streaky,ConvNeXt Base,head_model,2,1.0,0.5,1.0
locate_person,6_20,streaky,ConvNeXt Base,head_model,3,1.0,0.5,1.0
locate_person,6_20,streaky,ConvNeXt Base,head_model,4,1.0,0.5,1.0
locate_person,6_20,streaky,ConvNeXt Base,head_model,5,1.0,0.5,1.0
locate_person,6_20,streaky,ConvNeXt Base,head_model,6,1.0,0.5,1.0
locate_person,6_20,streaky,ConvNeXt Base,head_model,7,1.0,0.5,1.0
locate_person,6_20,streaky,ConvNeXt Base,head_model,8,1.0,0.5,1.0
locate_person,6_20,streaky,ConvNeXt Base,head_model,9,1.0,0.5,1.0
locate_person,6_20,streaky,ConvNeXt Base,head_model,10,1.0,0.5,1.0
locate_person,6_20,streaky,ConvNeXt Large,head_model,1,1.0,0.5,1.0
locate_person,6_20,streaky,ConvNeXt Large,head_model,2,1.0,0.5,1.0
locate_person,6_20,streaky,ConvNeXt Large,head_model,3,1.0,0.5,1.0
locate_person,6_20,streaky,ConvNeXt Large,head_model,4,1.0,0.5,1.0
locate_person,6_20,streaky,ConvNeXt Large,head_model,5,1.0,0.5,1.0
locate_person,6_20,streaky,ConvNeXt Large,head_model,6,1.0,0.5,1.0
locate_person,6_20,streaky,ConvNeXt Large,head_model,7,1.0,0.5,1.0
locate_person,6_20,streaky,ConvNeXt Large,head_model,8,1.0,0.5,1.0
locate_person,6_20,streaky,ConvNeXt Large,head_model,9,1.0,0.5,1.0
locate_person,6_20,streaky,ConvNeXt Large,head_model,10,1.0,0.5,1.0
locate_person,6_20,streaky,ConvNeXt Small,head_model,1,1.0,0.5,1.0
locate_person,6_20,streaky,ConvNeXt Small,head_model,2,1.0,0.5,1.0
locate_person,6_20,streaky,ConvNeXt Small,head_model,3,1.0,0.5,1.0
locate_person,6_20,streaky,ConvNeXt Small,head_model,4,1.0,0.5,1.0
locate_person,6_20,streaky,ConvNeXt Small,head_model,5,1.0,0.5,1.0
locate_person,6_20,streaky,ConvNeXt Small,head_model,6,1.0,0.5,1.0
locate_person,6_20,streaky,ConvNeXt Small,head_model,7,1.0,0.5,1.0
locate_person,6_20,streaky,ConvNeXt Small,head_model,8,1.0,0.5,1.0
locate_person,6_20,streaky,ConvNeXt Small,head_model,9,1.0,0.5,1.0
locate_person,6_20,streaky,ConvNeXt Small,head_model,10,1.0,0.5,1.0
locate_person,6_20,streaky,ConvNeXt Tiny,head_model,1,1.0,0.5,1.0
locate_person,6_20,streaky,ConvNeXt Tiny,head_model,2,1.0,0.5,1.0
locate_person,6_20,streaky,ConvNeXt Tiny,head_model,3,1.0,0.5,1.0
locate_person,6_20,streaky,ConvNeXt Tiny,head_model,4,1.0,0.5,1.0
locate_person,6_20,streaky,ConvNeXt Tiny,head_model,5,1.0,0.5,1.0
locate_person,6_20,streaky,ConvNeXt Tiny,head_model,6,1.0,0.5,1.0
locate_person,6_20,streaky,ConvNeXt Tiny,head_model,7,1.0,0.5,1.0
locate_person,6_20,streaky,ConvNeXt Tiny,head_model,8,1.0,0.5,1.0
locate_person,6_20,streaky,ConvNeXt Tiny,head_model,9,1.0,0.5,1.0
locate_person,6_20,streaky,ConvNeXt Tiny,head_model,10,1.0,0.5,1.0
locate_person,6_20,streaky,DINOv3 ViT Base,head_model,1,1.0,0.5,1.0
locate_person,6_20,streaky,DINOv3 ViT Base,head_model,2,1.0,0.5,1.0
locate_person,6_20,streaky,DINOv3 ViT Base,head_model,3,1.0,0.5,1.0
locate_person,6_20,streaky,DINOv3 ViT Base,head_model,4,1.0,0.5,1.0
locate_person,6_20,streaky,DINOv3 ViT Base,head_model,5,1.0,0.5,1.0
locate_person,6_20,streaky,DINOv3 ViT Base,head_model,6,1.0,0.5,1.0
locate_person,6_20,streaky,DINOv3 ViT Base,head_model,7,1.0,0.5,1.0
locate_person,6_20,streaky,DINOv3 ViT Base,head_model,8,1.0,0.5,1.0
locate_person,6_20,streaky,DINOv3 ViT Base,head_model,9,1.0,0.5,1.0
locate_person,6_20,streaky,DINOv3 ViT Base,head_model,10,1.0,0.5,1.0
locate_person,6_20,streaky,ResNet18,head_model,1,1.0,0.5,1.0
locate_person,6_20,streaky,ResNet18,head_model,2,1.0,0.5,1.0
locate_person,6_20,streaky,ResNet18,head_model,3,1.0,0.5,1.0
locate_person,6_20,streaky,ResNet18,head_model,4,1.0,0.5,1.0
locate_person,6_20,streaky,ResNet18,head_model,5,1.0,0.5,1.0
locate_person,6_20,streaky,ResNet18,head_model,6,1.0,0.5,1.0
locate_person,6_20,streaky,ResNet18,head_model,7,1.0,0.5,1.0
locate_person,6_20,streaky,ResNet18,head_model,8,1.0,0.5,1.0
locate_person,6_20,streaky,ResNet18,head_model,9,1.0,0.5,1.0
locate_person,6_20,streaky,ResNet18,head_model,10,1.0,0.5,1.0
locate_person,6_20,streaky,ResNet50,head_model,1,1.0,0.5,1.0
locate_person,6_20,streaky,ResNet50,head_model,2,1.0,0.5,1.0
locate_person,6_20,streaky,ResNet50,head_model,3,1.0,0.5,1.0
locate_person,6_20,streaky,ResNet50,head_model,4,1.0,0.5,1.0
locate_person,6_20,streaky,ResNet50,head_model,5,1.0,0.5,1.0
locate_person,6_20,streaky,ResNet50,head_model,6,1.0,0.5,1.0
locate_person,6_20,streaky,ResNet50,head_model,7,1.0,0.5,1.0
locate_person,6_20,streaky,ResNet50,head_model,8,1.0,0.5,1.0
locate_person,6_20,streaky,ResNet50,head_model,9,1.0,0.5,1.0
locate_person,6_20,streaky,ResNet50,head_model,10,1.0,0.5,1.0
locate_person,6_20,streaky,VGG11,head_model,1,1.0,0.5,1.0
locate_person,6_20,streaky,VGG11,head_model,2,1.0,0.5,1.0
locate_person,6_20,streaky,VGG11,head_model,3,1.0,0.5,1.0
locate_person,6_20,streaky,VGG11,head_model,4,1.0,0.5,1.0
locate_person,6_20,streaky,VGG11,head_model,5,1.0,0.5,1.0
locate_person,6_20,streaky,VGG11,head_model,6,1.0,0.5,1.0
locate_person,6_20,streaky,VGG11,head_model,7,1.0,0.5,1.0
locate_person,6_20,streaky,VGG11,head_model,8,1.0,0.5,1.0
locate_person,6_20,streaky,VGG11,head_model,9,1.0,0.5,1.0
locate_person,6_20,streaky,VGG11,head_model,10,1.0,0.5,1.0
locate_person,6_20,streaky,VGG13,head_model,1,1.0,0.5,1.0
locate_person,6_20,streaky,VGG13,head_model,2,1.0,0.5,1.0
locate_person,6_20,streaky,VGG13,head_model,3,1.0,0.5,1.0
locate_person,6_20,streaky,VGG13,head_model,4,1.0,0.5,1.0
locate_person,6_20,streaky,VGG13,head_model,5,1.0,0.5,1.0
locate_person,6_20,streaky,VGG13,head_model,6,1.0,0.5,1.0
locate_person,6_20,streaky,VGG13,head_model,7,1.0,0.5,1.0
locate_person,6_20,streaky,VGG13,head_model,8,1.0,0.5,1.0
locate_person,6_20,streaky,VGG13,head_model,9,1.0,0.5,1.0
locate_person,6_20,streaky,VGG13,head_model,10,1.0,0.5,1.0
locate_person,6_20,streaky,VGG16,head_model,1,1.0,0.5,1.0
locate_person,6_20,streaky,VGG16,head_model,2,1.0,0.5,1.0
locate_person,6_20,streaky,VGG16,head_model,3,1.0,0.5,1.0
locate_person,6_20,streaky,VGG16,head_model,4,1.0,0.5,1.0
locate_person,6_20,streaky,VGG16,head_model,5,1.0,0.5,1.0
locate_person,6_20,streaky,VGG16,head_model,6,1.0,0.5,1.0
locate_person,6_20,streaky,VGG16,head_model,7,1.0,0.5,1.0
locate_person,6_20,streaky,VGG16,head_model,8,1.0,0.5,1.0
locate_person,6_20,streaky,VGG16,head_model,9,1.0,0.5,1.0
locate_person,6_20,streaky,VGG16,head_model,10,1.0,0.5,1.0
locate_person,6_20,streaky,VGG19,head_model,1,0.9966666666666667,0.5,0.9933333333333334
locate_person,6_20,streaky,VGG19,head_model,2,0.9966666666666667,0.5,0.9933333333333334
locate_person,6_20,streaky,VGG19,head_model,3,0.9933333333333333,0.5,0.9866666666666666
locate_person,6_20,streaky,VGG19,head_model,4,0.9966666666666667,0.5,0.9933333333333334
locate_person,6_20,streaky,VGG19,head_model,5,0.9966666666666667,0.5,0.9933333333333334
locate_person,6_20,streaky,VGG19,head_model,6,0.9966666666666667,0.5,0.9933333333333334
locate_person,6_20,streaky,VGG19,head_model,7,0.9966666666666667,0.5,0.9933333333333334
locate_person,6_20,streaky,VGG19,head_model,8,0.9966666666666667,0.5,0.9933333333333334
locate_person,6_20,streaky,VGG19,head_model,9,0.9966666666666667,0.5,0.9933333333333334
locate_person,6_20,streaky,VGG19,head_model,10,0.9966666666666667,0.5,0.9933333333333334
locate_person,6_20,streaky,ViT Base,head_model,1,1.0,0.5,1.0
locate_person,6_20,streaky,ViT Base,head_model,2,1.0,0.5,1.0
locate_person,6_20,streaky,ViT Base,head_model,3,1.0,0.5,1.0
locate_person,6_20,streaky,ViT Base,head_model,4,1.0,0.5,1.0
locate_person,6_20,streaky,ViT Base,head_model,5,1.0,0.5,1.0
locate_person,6_20,streaky,ViT Base,head_model,6,1.0,0.5,1.0
locate_person,6_20,streaky,ViT Base,head_model,7,1.0,0.5,1.0
locate_person,6_20,streaky,ViT Base,head_model,8,1.0,0.5,1.0
locate_person,6_20,streaky,ViT Base,head_model,9,1.0,0.5,1.0
locate_person,6_20,streaky,ViT Base,head_model,10,1.0,0.5,1.0
locate_person,6_20,streaky,ViT Large,head_model,1,1.0,0.5,1.0
locate_person,6_20,streaky,ViT Large,head_model,2,1.0,0.5,1.0
locate_person,6_20,streaky,ViT Large,head_model,3,1.0,0.5,1.0
locate_person,6_20,streaky,ViT Large,head_model,4,1.0,0.5,1.0
locate_person,6_20,streaky,ViT Large,head_model,5,1.0,0.5,1.0
locate_person,6_20,streaky,ViT Large,head_model,6,1.0,0.5,1.0
locate_person,6_20,streaky,ViT Large,head_model,7,1.0,0.5,1.0
locate_person,6_20,streaky,ViT Large,head_model,8,1.0,0.5,1.0
locate_person,6_20,streaky,ViT Large,head_model,9,1.0,0.5,1.0
locate_person,6_20,streaky,ViT Large,head_model,10,1.0,0.5,1.0
locate_person,6_20,streaky,ViT Small,head_model,1,1.0,0.5,1.0
locate_person,6_20,streaky,ViT Small,head_model,2,1.0,0.5,1.0
locate_person,6_20,streaky,ViT Small,head_model,3,1.0,0.5,1.0
locate_person,6_20,streaky,ViT Small,head_model,4,1.0,0.5,1.0
locate_person,6_20,streaky,ViT Small,head_model,5,1.0,0.5,1.0
locate_person,6_20,streaky,ViT Small,head_model,6,1.0,0.5,1.0
locate_person,6_20,streaky,ViT Small,head_model,7,1.0,0.5,1.0
locate_person,6_20,streaky,ViT Small,head_model,8,1.0,0.5,1.0
locate_person,6_20,streaky,ViT Small,head_model,9,1.0,0.5,1.0
locate_person,6_20,streaky,ViT Small,head_model,10,1.0,0.5,1.0
locate_person,9_10,pointy,ConvNeXt Base,head_model,1,1.0,0.5,1.0
locate_person,9_10,pointy,ConvNeXt Base,head_model,2,1.0,0.5,1.0
locate_person,9_10,pointy,ConvNeXt Base,head_model,3,1.0,0.5,1.0
locate_person,9_10,pointy,ConvNeXt Base,head_model,4,1.0,0.5,1.0
locate_person,9_10,pointy,ConvNeXt Base,head_model,5,1.0,0.5,1.0
locate_person,9_10,pointy,ConvNeXt Base,head_model,6,1.0,0.5,1.0
locate_person,9_10,pointy,ConvNeXt Base,head_model,7,1.0,0.5,1.0
locate_person,9_10,pointy,ConvNeXt Base,head_model,8,1.0,0.5,1.0
locate_person,9_10,pointy,ConvNeXt Base,head_model,9,1.0,0.5,1.0
locate_person,9_10,pointy,ConvNeXt Base,head_model,10,1.0,0.5,1.0
locate_person,9_10,pointy,ConvNeXt Large,head_model,1,1.0,0.5,1.0
locate_person,9_10,pointy,ConvNeXt Large,head_model,2,1.0,0.5,1.0
locate_person,9_10,pointy,ConvNeXt Large,head_model,3,1.0,0.5,1.0
locate_person,9_10,pointy,ConvNeXt Large,head_model,4,1.0,0.5,1.0
locate_person,9_10,pointy,ConvNeXt Large,head_model,5,1.0,0.5,1.0
locate_person,9_10,pointy,ConvNeXt Large,head_model,6,1.0,0.5,1.0
locate_person,9_10,pointy,ConvNeXt Large,head_model,7,1.0,0.5,1.0
locate_person,9_10,pointy,ConvNeXt Large,head_model,8,1.0,0.5,1.0
locate_person,9_10,pointy,ConvNeXt Large,head_model,9,1.0,0.5,1.0
locate_person,9_10,pointy,ConvNeXt Large,head_model,10,1.0,0.5,1.0
locate_person,9_10,pointy,ConvNeXt Small,head_model,1,0.9866666666666667,0.5,0.9733333333333334
locate_person,9_10,pointy,ConvNeXt Small,head_model,2,0.9833333333333333,0.5,0.9666666666666666
locate_person,9_10,pointy,ConvNeXt Small,head_model,3,0.9833333333333333,0.5,0.9666666666666666
locate_person,9_10,pointy,ConvNeXt Small,head_model,4,0.9833333333333333,0.5,0.9666666666666666
locate_person,9_10,pointy,ConvNeXt Small,head_model,5,0.9766666666666667,0.5,0.9533333333333334
locate_person,9_10,pointy,ConvNeXt Small,head_model,6,0.9866666666666667,0.5,0.9733333333333334
locate_person,9_10,pointy,ConvNeXt Small,head_model,7,0.9866666666666667,0.5,0.9733333333333334
locate_person,9_10,pointy,ConvNeXt Small,head_model,8,0.9766666666666667,0.5,0.9533333333333334
locate_person,9_10,pointy,ConvNeXt Small,head_model,9,0.9833333333333333,0.5,0.9666666666666666
locate_person,9_10,pointy,ConvNeXt Small,head_model,10,0.9833333333333333,0.5,0.9666666666666666
locate_person,9_10,pointy,ConvNeXt Tiny,head_model,1,0.9966666666666667,0.5,0.9933333333333334
locate_person,9_10,pointy,ConvNeXt Tiny,head_model,2,0.9966666666666667,0.5,0.9933333333333334
locate_person,9_10,pointy,ConvNeXt Tiny,head_model,3,0.9966666666666667,0.5,0.9933333333333334
locate_person,9_10,pointy,ConvNeXt Tiny,head_model,4,0.9933333333333333,0.5,0.9866666666666666
locate_person,9_10,pointy,ConvNeXt Tiny,head_model,5,0.9966666666666667,0.5,0.9933333333333334
locate_person,9_10,pointy,ConvNeXt Tiny,head_model,6,0.9966666666666667,0.5,0.9933333333333334
locate_person,9_10,pointy,ConvNeXt Tiny,head_model,7,0.9766666666666667,0.5,0.9533333333333334
locate_person,9_10,pointy,ConvNeXt Tiny,head_model,8,0.9966666666666667,0.5,0.9933333333333334
locate_person,9_10,pointy,ConvNeXt Tiny,head_model,9,0.9866666666666667,0.5,0.9733333333333334
locate_person,9_10,pointy,ConvNeXt Tiny,head_model,10,0.9933333333333333,0.5,0.9866666666666666
locate_person,9_10,pointy,DINOv3 ViT Base,head_model,1,1.0,0.5,1.0
locate_person,9_10,pointy,DINOv3 ViT Base,head_model,2,0.9966666666666667,0.5,0.9933333333333334
locate_person,9_10,pointy,DINOv3 ViT Base,head_model,3,1.0,0.5,1.0
locate_person,9_10,pointy,DINOv3 ViT Base,head_model,4,1.0,0.5,1.0
locate_person,9_10,pointy,DINOv3 ViT Base,head_model,5,0.9966666666666667,0.5,0.9933333333333334
locate_person,9_10,pointy,DINOv3 ViT Base,head_model,6,1.0,0.5,1.0
locate_person,9_10,pointy,DINOv3 ViT Base,head_model,7,1.0,0.5,1.0
locate_person,9_10,pointy,DINOv3 ViT Base,head_model,8,1.0,0.5,1.0
locate_person,9_10,pointy,DINOv3 ViT Base,head_model,9,1.0,0.5,1.0
locate_person,9_10,pointy,DINOv3 ViT Base,head_model,10,0.9966666666666667,0.5,0.9933333333333334
locate_person,9_10,pointy,ResNet18,head_model,1,1.0,0.5,1.0
locate_person,9_10,pointy,ResNet18,head_model,2,0.9966666666666667,0.5,0.9933333333333334
locate_person,9_10,pointy,ResNet18,head_model,3,1.0,0.5,1.0
locate_person,9_10,pointy,ResNet18,head_model,4,1.0,0.5,1.0
locate_person,9_10,pointy,ResNet18,head_model,5,1.0,0.5,1.0
locate_person,9_10,pointy,ResNet18,head_model,6,1.0,0.5,1.0
locate_person,9_10,pointy,ResNet18,head_model,7,1.0,0.5,1.0
locate_person,9_10,pointy,ResNet18,head_model,8,0.9966666666666667,0.5,0.9933333333333334
locate_person,9_10,pointy,ResNet18,head_model,9,0.9966666666666667,0.5,0.9933333333333334
locate_person,9_10,pointy,ResNet18,head_model,10,1.0,0.5,1.0
locate_person,9_10,pointy,ResNet50,head_model,1,0.9966666666666667,0.5,0.9933333333333334
locate_person,9_10,pointy,ResNet50,head_model,2,0.9966666666666667,0.5,0.9933333333333334
locate_person,9_10,pointy,ResNet50,head_model,3,0.9966666666666667,0.5,0.9933333333333334
locate_person,9_10,pointy,ResNet50,head_model,4,0.9966666666666667,0.5,0.9933333333333334
locate_person,9_10,pointy,ResNet50,head_model,5,0.9966666666666667,0.5,0.9933333333333334
locate_person,9_10,pointy,ResNet50,head_model,6,0.9966666666666667,0.5,0.9933333333333334
locate_person,9_10,pointy,ResNet50,head_model,7,0.9966666666666667,0.5,0.9933333333333334
locate_person,9_10,pointy,ResNet50,head_model,8,0.9966666666666667,0.5,0.9933333333333334
locate_person,9_10,pointy,ResNet50,head_model,9,0.9966666666666667,0.5,0.9933333333333334
locate_person,9_10,pointy,ResNet50,head_model,10,0.9966666666666667,0.5,0.9933333333333334
locate_person,9_10,pointy,VGG11,head_model,1,1.0,0.5,1.0
locate_person,9_10,pointy,VGG11,head_model,2,1.0,0.5,1.0
locate_person,9_10,pointy,VGG11,head_model,3,1.0,0.5,1.0
locate_person,9_10,pointy,VGG11,head_model,4,0.9966666666666667,0.5,0.9933333333333334
locate_person,9_10,pointy,VGG11,head_model,5,1.0,0.5,1.0
locate_person,9_10,pointy,VGG11,head_model,6,1.0,0.5,1.0
locate_person,9_10,pointy,VGG11,head_model,7,1.0,0.5,1.0
locate_person,9_10,pointy,VGG11,head_model,8,1.0,0.5,1.0
locate_person,9_10,pointy,VGG11,head_model,9,0.9966666666666667,0.5,0.9933333333333334
locate_person,9_10,pointy,VGG11,head_model,10,1.0,0.5,1.0
locate_person,9_10,pointy,VGG13,head_model,1,1.0,0.5,1.0
locate_person,9_10,pointy,VGG13,head_model,2,1.0,0.5,1.0
locate_person,9_10,pointy,VGG13,head_model,3,1.0,0.5,1.0
locate_person,9_10,pointy,VGG13,head_model,4,1.0,0.5,1.0
locate_person,9_10,pointy,VGG13,head_model,5,1.0,0.5,1.0
locate_person,9_10,pointy,VGG13,head_model,6,1.0,0.5,1.0
locate_person,9_10,pointy,VGG13,head_model,7,1.0,0.5,1.0
locate_person,9_10,pointy,VGG13,head_model,8,1.0,0.5,1.0
locate_person,9_10,pointy,VGG13,head_model,9,1.0,0.5,1.0
locate_person,9_10,pointy,VGG13,head_model,10,1.0,0.5,1.0
locate_person,9_10,pointy,VGG16,head_model,1,0.99,0.5,0.98
locate_person,9_10,pointy,VGG16,head_model,2,0.9933333333333333,0.5,0.9866666666666666
locate_person,9_10,pointy,VGG16,head_model,3,0.9933333333333333,0.5,0.9866666666666666
locate_person,9_10,pointy,VGG16,head_model,4,0.9833333333333333,0.5,0.9666666666666666
locate_person,9_10,pointy,VGG16,head_model,5,0.9933333333333333,0.5,0.9866666666666666
locate_person,9_10,pointy,VGG16,head_model,6,0.9866666666666667,0.5,0.9733333333333334
locate_person,9_10,pointy,VGG16,head_model,7,0.9866666666666667,0.5,0.9733333333333334
locate_person,9_10,pointy,VGG16,head_model,8,0.9933333333333333,0.5,0.9866666666666666
locate_person,9_10,pointy,VGG16,head_model,9,0.99,0.5,0.98
locate_person,9_10,pointy,VGG16,head_model,10,0.99,0.5,0.98
locate_person,9_10,pointy,VGG19,head_model,1,0.9933333333333333,0.5,0.9866666666666666
locate_person,9_10,pointy,VGG19,head_model,2,0.98,0.5,0.96
locate_person,9_10,pointy,VGG19,head_model,3,0.9766666666666667,0.5,0.9533333333333334
locate_person,9_10,pointy,VGG19,head_model,4,0.98,0.5,0.96
locate_person,9_10,pointy,VGG19,head_model,5,0.9833333333333333,0.5,0.9666666666666666
locate_person,9_10,pointy,VGG19,head_model,6,0.9833333333333333,0.5,0.9666666666666666
locate_person,9_10,pointy,VGG19,head_model,7,0.97,0.5,0.94
locate_person,9_10,pointy,VGG19,head_model,8,0.9833333333333333,0.5,0.9666666666666666
locate_person,9_10,pointy,VGG19,head_model,9,0.99,0.5,0.98
locate_person,9_10,pointy,VGG19,head_model,10,0.97,0.5,0.94
locate_person,9_10,pointy,ViT Base,head_model,1,1.0,0.5,1.0
locate_person,9_10,pointy,ViT Base,head_model,2,1.0,0.5,1.0
locate_person,9_10,pointy,ViT Base,head_model,3,1.0,0.5,1.0
locate_person,9_10,pointy,ViT Base,head_model,4,1.0,0.5,1.0
locate_person,9_10,pointy,ViT Base,head_model,5,1.0,0.5,1.0
locate_person,9_10,pointy,ViT Base,head_model,6,1.0,0.5,1.0
locate_person,9_10,pointy,ViT Base,head_model,7,1.0,0.5,1.0
locate_person,9_10,pointy,ViT Base,head_model,8,1.0,0.5,1.0
locate_person,9_10,pointy,ViT Base,head_model,9,1.0,0.5,1.0
locate_person,9_10,pointy,ViT Base,head_model,10,1.0,0.5,1.0
locate_person,9_10,pointy,ViT Large,head_model,1,1.0,0.5,1.0
locate_person,9_10,pointy,ViT Large,head_model,2,1.0,0.5,1.0
locate_person,9_10,pointy,ViT Large,head_model,3,1.0,0.5,1.0
locate_person,9_10,pointy,ViT Large,head_model,4,1.0,0.5,1.0
locate_person,9_10,pointy,ViT Large,head_model,5,1.0,0.5,1.0
locate_person,9_10,pointy,ViT Large,head_model,6,1.0,0.5,1.0
locate_person,9_10,pointy,ViT Large,head_model,7,1.0,0.5,1.0
locate_person,9_10,pointy,ViT Large,head_model,8,1.0,0.5,1.0
locate_person,9_10,pointy,ViT Large,head_model,9,1.0,0.5,1.0
locate_person,9_10,pointy,ViT Large,head_model,10,0.9966666666666667,0.5,0.9933333333333334
locate_person,9_10,pointy,ViT Small,head_model,1,1.0,0.5,1.0
locate_person,9_10,pointy,ViT Small,head_model,2,1.0,0.5,1.0
locate_person,9_10,pointy,ViT Small,head_model,3,1.0,0.5,1.0
locate_person,9_10,pointy,ViT Small,head_model,4,1.0,0.5,1.0
locate_person,9_10,pointy,ViT Small,head_model,5,1.0,0.5,1.0
locate_person,9_10,pointy,ViT Small,head_model,6,1.0,0.5,1.0
locate_person,9_10,pointy,ViT Small,head_model,7,1.0,0.5,1.0
locate_person,9_10,pointy,ViT Small,head_model,8,1.0,0.5,1.0
locate_person,9_10,pointy,ViT Small,head_model,9,1.0,0.5,1.0
locate_person,9_10,pointy,ViT Small,head_model,10,1.0,0.5,1.0
locate_person,9_10,streaky,ConvNeXt Base,head_model,1,0.9966666666666667,0.5,0.9933333333333334
locate_person,9_10,streaky,ConvNeXt Base,head_model,2,0.9966666666666667,0.5,0.9933333333333334
locate_person,9_10,streaky,ConvNeXt Base,head_model,3,1.0,0.5,1.0
locate_person,9_10,streaky,ConvNeXt Base,head_model,4,0.9966666666666667,0.5,0.9933333333333334
locate_person,9_10,streaky,ConvNeXt Base,head_model,5,0.9966666666666667,0.5,0.9933333333333334
locate_person,9_10,streaky,ConvNeXt Base,head_model,6,0.9966666666666667,0.5,0.9933333333333334
locate_person,9_10,streaky,ConvNeXt Base,head_model,7,0.9966666666666667,0.5,0.9933333333333334
locate_person,9_10,streaky,ConvNeXt Base,head_model,8,0.9966666666666667,0.5,0.9933333333333334
locate_person,9_10,streaky,ConvNeXt Base,head_model,9,0.9966666666666667,0.5,0.9933333333333334
locate_person,9_10,streaky,ConvNeXt Base,head_model,10,0.9966666666666667,0.5,0.9933333333333334
locate_person,9_10,streaky,ConvNeXt Large,head_model,1,1.0,0.5,1.0
locate_person,9_10,streaky,ConvNeXt Large,head_model,2,1.0,0.5,1.0
locate_person,9_10,streaky,ConvNeXt Large,head_model,3,1.0,0.5,1.0
locate_person,9_10,streaky,ConvNeXt Large,head_model,4,1.0,0.5,1.0
locate_person,9_10,streaky,ConvNeXt Large,head_model,5,1.0,0.5,1.0
locate_person,9_10,streaky,ConvNeXt Large,head_model,6,1.0,0.5,1.0
locate_person,9_10,streaky,ConvNeXt Large,head_model,7,1.0,0.5,1.0
locate_person,9_10,streaky,ConvNeXt Large,head_model,8,1.0,0.5,1.0
locate_person,9_10,streaky,ConvNeXt Large,head_model,9,1.0,0.5,1.0
locate_person,9_10,streaky,ConvNeXt Large,head_model,10,1.0,0.5,1.0
locate_person,9_10,streaky,ConvNeXt Small,head_model,1,1.0,0.5,1.0
locate_person,9_10,streaky,ConvNeXt Small,head_model,2,1.0,0.5,1.0
locate_person,9_10,streaky,ConvNeXt Small,head_model,3,1.0,0.5,1.0
locate_person,9_10,streaky,ConvNeXt Small,head_model,4,1.0,0.5,1.0
locate_person,9_10,streaky,ConvNeXt Small,head_model,5,1.0,0.5,1.0
locate_person,9_10,streaky,ConvNeXt Small,head_model,6,1.0,0.5,1.0
locate_person,9_10,streaky,ConvNeXt Small,head_model,7,1.0,0.5,1.0
locate_person,9_10,streaky,ConvNeXt Small,head_model,8,1.0,0.5,1.0
locate_person,9_10,streaky,ConvNeXt Small,head_model,9,1.0,0.5,1.0
locate_person,9_10,streaky,ConvNeXt Small,head_model,10,1.0,0.5,1.0
locate_person,9_10,streaky,ConvNeXt Tiny,head_model,1,0.9966666666666667,0.5,0.9933333333333334
locate_person,9_10,streaky,ConvNeXt Tiny,head_model,2,1.0,0.5,1.0
locate_person,9_10,streaky,ConvNeXt Tiny,head_model,3,1.0,0.5,1.0
locate_person,9_10,streaky,ConvNeXt Tiny,head_model,4,1.0,0.5,1.0
locate_person,9_10,streaky,ConvNeXt Tiny,head_model,5,1.0,0.5,1.0
locate_person,9_10,streaky,ConvNeXt Tiny,head_model,6,0.9966666666666667,0.5,0.9933333333333334
locate_person,9_10,streaky,ConvNeXt Tiny,head_model,7,1.0,0.5,1.0
locate_person,9_10,streaky,ConvNeXt Tiny,head_model,8,0.9966666666666667,0.5,0.9933333333333334
locate_person,9_10,streaky,ConvNeXt Tiny,head_model,9,1.0,0.5,1.0
locate_person,9_10,streaky,ConvNeXt Tiny,head_model,10,0.9966666666666667,0.5,0.9933333333333334
locate_person,9_10,streaky,DINOv3 ViT Base,head_model,1,1.0,0.5,1.0
locate_person,9_10,streaky,DINOv3 ViT Base,head_model,2,1.0,0.5,1.0
locate_person,9_10,streaky,DINOv3 ViT Base,head_model,3,1.0,0.5,1.0
locate_person,9_10,streaky,DINOv3 ViT Base,head_model,4,1.0,0.5,1.0
locate_person,9_10,streaky,DINOv3 ViT Base,head_model,5,1.0,0.5,1.0
locate_person,9_10,streaky,DINOv3 ViT Base,head_model,6,1.0,0.5,1.0
locate_person,9_10,streaky,DINOv3 ViT Base,head_model,7,1.0,0.5,1.0
locate_person,9_10,streaky,DINOv3 ViT Base,head_model,8,1.0,0.5,1.0
locate_person,9_10,streaky,DINOv3 ViT Base,head_model,9,1.0,0.5,1.0
locate_person,9_10,streaky,DINOv3 ViT Base,head_model,10,1.0,0.5,1.0
locate_person,9_10,streaky,ResNet18,head_model,1,0.99,0.5,0.98
locate_person,9_10,streaky,ResNet18,head_model,2,0.99,0.5,0.98
locate_person,9_10,streaky,ResNet18,head_model,3,0.99,0.5,0.98
locate_person,9_10,streaky,ResNet18,head_model,4,0.99,0.5,0.98
locate_person,9_10,streaky,ResNet18,head_model,5,0.99,0.5,0.98
locate_person,9_10,streaky,ResNet18,head_model,6,0.9866666666666667,0.5,0.9733333333333334
locate_person,9_10,streaky,ResNet18,head_model,7,0.99,0.5,0.98
locate_person,9_10,streaky,ResNet18,head_model,8,0.9866666666666667,0.5,0.9733333333333334
locate_person,9_10,streaky,ResNet18,head_model,9,0.99,0.5,0.98
locate_person,9_10,streaky,ResNet18,head_model,10,0.99,0.5,0.98
locate_person,9_10,streaky,ResNet50,head_model,1,0.99,0.5,0.98
locate_person,9_10,streaky,ResNet50,head_model,2,0.99,0.5,0.98
locate_person,9_10,streaky,ResNet50,head_model,3,0.9933333333333333,0.5,0.9866666666666666
locate_person,9_10,streaky,ResNet50,head_model,4,0.99,0.5,0.98
locate_person,9_10,streaky,ResNet50,head_model,5,0.99,0.5,0.98
locate_person,9_10,streaky,ResNet50,head_model,6,0.99,0.5,0.98
locate_person,9_10,streaky,ResNet50,head_model,7,0.9933333333333333,0.5,0.9866666666666666
locate_person,9_10,streaky,ResNet50,head_model,8,0.99,0.5,0.98
locate_person,9_10,streaky,ResNet50,head_model,9,0.9933333333333333,0.5,0.9866666666666666
locate_person,9_10,streaky,ResNet50,head_model,10,0.99,0.5,0.98
locate_person,9_10,streaky,VGG11,head_model,1,1.0,0.5,1.0
locate_person,9_10,streaky,VGG11,head_model,2,0.9966666666666667,0.5,0.9933333333333334
locate_person,9_10,streaky,VGG11,head_model,3,1.0,0.5,1.0
locate_person,9_10,streaky,VGG11,head_model,4,1.0,0.5,1.0
locate_person,9_10,streaky,VGG11,head_model,5,0.9966666666666667,0.5,0.9933333333333334
locate_person,9_10,streaky,VGG11,head_model,6,0.9966666666666667,0.5,0.9933333333333334
locate_person,9_10,streaky,VGG11,head_model,7,0.9966666666666667,0.5,0.9933333333333334
locate_person,9_10,streaky,VGG11,head_model,8,0.9966666666666667,0.5,0.9933333333333334
locate_person,9_10,streaky,VGG11,head_model,9,0.9966666666666667,0.5,0.9933333333333334
locate_person,9_10,streaky,VGG11,head_model,10,0.9966666666666667,0.5,0.9933333333333334
locate_person,9_10,streaky,VGG13,head_model,1,1.0,0.5,1.0
locate_person,9_10,streaky,VGG13,head_model,2,1.0,0.5,1.0
locate_person,9_10,streaky,VGG13,head_model,3,1.0,0.5,1.0
locate_person,9_10,streaky,VGG13,head_model,4,1.0,0.5,1.0
locate_person,9_10,streaky,VGG13,head_model,5,1.0,0.5,1.0
locate_person,9_10,streaky,VGG13,head_model,6,1.0,0.5,1.0
locate_person,9_10,streaky,VGG13,head_model,7,1.0,0.5,1.0
locate_person,9_10,streaky,VGG13,head_model,8,1.0,0.5,1.0
locate_person,9_10,streaky,VGG13,head_model,9,1.0,0.5,1.0
locate_person,9_10,streaky,VGG13,head_model,10,1.0,0.5,1.0
locate_person,9_10,streaky,VGG16,head_model,1,1.0,0.5,1.0
locate_person,9_10,streaky,VGG16,head_model,2,1.0,0.5,1.0
locate_person,9_10,streaky,VGG16,head_model,3,1.0,0.5,1.0
locate_person,9_10,streaky,VGG16,head_model,4,1.0,0.5,1.0
locate_person,9_10,streaky,VGG16,head_model,5,1.0,0.5,1.0
locate_person,9_10,streaky,VGG16,head_model,6,1.0,0.5,1.0
locate_person,9_10,streaky,VGG16,head_model,7,1.0,0.5,1.0
locate_person,9_10,streaky,VGG16,head_model,8,1.0,0.5,1.0
locate_person,9_10,streaky,VGG16,head_model,9,1.0,0.5,1.0
locate_person,9_10,streaky,VGG16,head_model,10,1.0,0.5,1.0
locate_person,9_10,streaky,VGG19,head_model,1,1.0,0.5,1.0
locate_person,9_10,streaky,VGG19,head_model,2,1.0,0.5,1.0
locate_person,9_10,streaky,VGG19,head_model,3,1.0,0.5,1.0
locate_person,9_10,streaky,VGG19,head_model,4,1.0,0.5,1.0
locate_person,9_10,streaky,VGG19,head_model,5,1.0,0.5,1.0
locate_person,9_10,streaky,VGG19,head_model,6,1.0,0.5,1.0
locate_person,9_10,streaky,VGG19,head_model,7,1.0,0.5,1.0
locate_person,9_10,streaky,VGG19,head_model,8,1.0,0.5,1.0
locate_person,9_10,streaky,VGG19,head_model,9,1.0,0.5,1.0
locate_person,9_10,streaky,VGG19,head_model,10,1.0,0.5,1.0
locate_person,9_10,streaky,ViT Base,head_model,1,1.0,0.5,1.0
locate_person,9_10,streaky,ViT Base,head_model,2,1.0,0.5,1.0
locate_person,9_10,streaky,ViT Base,head_model,3,1.0,0.5,1.0
locate_person,9_10,streaky,ViT Base,head_model,4,1.0,0.5,1.0
locate_person,9_10,streaky,ViT Base,head_model,5,1.0,0.5,1.0
locate_person,9_10,streaky,ViT Base,head_model,6,1.0,0.5,1.0
locate_person,9_10,streaky,ViT Base,head_model,7,1.0,0.5,1.0
locate_person,9_10,streaky,ViT Base,head_model,8,1.0,0.5,1.0
locate_person,9_10,streaky,ViT Base,head_model,9,1.0,0.5,1.0
locate_person,9_10,streaky,ViT Base,head_model,10,1.0,0.5,1.0
locate_person,9_10,streaky,ViT Large,head_model,1,1.0,0.5,1.0
locate_person,9_10,streaky,ViT Large,head_model,2,1.0,0.5,1.0
locate_person,9_10,streaky,ViT Large,head_model,3,1.0,0.5,1.0
locate_person,9_10,streaky,ViT Large,head_model,4,1.0,0.5,1.0
locate_person,9_10,streaky,ViT Large,head_model,5,1.0,0.5,1.0
locate_person,9_10,streaky,ViT Large,head_model,6,1.0,0.5,1.0
locate_person,9_10,streaky,ViT Large,head_model,7,1.0,0.5,1.0
locate_person,9_10,streaky,ViT Large,head_model,8,1.0,0.5,1.0
locate_person,9_10,streaky,ViT Large,head_model,9,1.0,0.5,1.0
locate_person,9_10,streaky,ViT Large,head_model,10,1.0,0.5,1.0
locate_person,9_10,streaky,ViT Small,head_model,1,1.0,0.5,1.0
locate_person,9_10,streaky,ViT Small,head_model,2,1.0,0.5,1.0
locate_person,9_10,streaky,ViT Small,head_model,3,1.0,0.5,1.0
locate_person,9_10,streaky,ViT Small,head_model,4,1.0,0.5,1.0
locate_person,9_10,streaky,ViT Small,head_model,5,1.0,0.5,1.0
locate_person,9_10,streaky,ViT Small,head_model,6,1.0,0.5,1.0
locate_person,9_10,streaky,ViT Small,head_model,7,1.0,0.5,1.0
locate_person,9_10,streaky,ViT Small,head_model,8,1.0,0.5,1.0
locate_person,9_10,streaky,ViT Small,head_model,9,1.0,0.5,1.0
locate_person,9_10,streaky,ViT Small,head_model,10,1.0,0.5,1.0
person_facing_direction,12_10,pointy,ConvNeXt Base,head_model,1,0.9066666666666666,0.5,0.8133333333333332
person_facing_direction,12_10,pointy,ConvNeXt Base,head_model,2,0.81,0.5,0.6200000000000001
person_facing_direction,12_10,pointy,ConvNeXt Base,head_model,3,0.84,0.5,0.6799999999999999
person_facing_direction,12_10,pointy,ConvNeXt Base,head_model,4,0.8966666666666666,0.5,0.7933333333333332
person_facing_direction,12_10,pointy,ConvNeXt Base,head_model,5,0.84,0.5,0.6799999999999999
person_facing_direction,12_10,pointy,ConvNeXt Base,head_model,6,0.84,0.5,0.6799999999999999
person_facing_direction,12_10,pointy,ConvNeXt Base,head_model,7,0.9,0.5,0.8
person_facing_direction,12_10,pointy,ConvNeXt Base,head_model,8,0.86,0.5,0.72
person_facing_direction,12_10,pointy,ConvNeXt Base,head_model,9,0.9066666666666666,0.5,0.8133333333333332
person_facing_direction,12_10,pointy,ConvNeXt Base,head_model,10,0.8166666666666667,0.5,0.6333333333333333
person_facing_direction,12_10,pointy,ConvNeXt Large,head_model,1,0.9466666666666667,0.5,0.8933333333333333
person_facing_direction,12_10,pointy,ConvNeXt Large,head_model,2,0.94,0.5,0.8799999999999999
person_facing_direction,12_10,pointy,ConvNeXt Large,head_model,3,0.94,0.5,0.8799999999999999
person_facing_direction,12_10,pointy,ConvNeXt Large,head_model,4,0.9466666666666667,0.5,0.8933333333333333
person_facing_direction,12_10,pointy,ConvNeXt Large,head_model,5,0.92,0.5,0.8400000000000001
person_facing_direction,12_10,pointy,ConvNeXt Large,head_model,6,0.94,0.5,0.8799999999999999
person_facing_direction,12_10,pointy,ConvNeXt Large,head_model,7,0.9466666666666667,0.5,0.8933333333333333
person_facing_direction,12_10,pointy,ConvNeXt Large,head_model,8,0.9366666666666666,0.5,0.8733333333333333
person_facing_direction,12_10,pointy,ConvNeXt Large,head_model,9,0.9433333333333334,0.5,0.8866666666666667
person_facing_direction,12_10,pointy,ConvNeXt Large,head_model,10,0.94,0.5,0.8799999999999999
person_facing_direction,12_10,pointy,ConvNeXt Small,head_model,1,0.89,0.5,0.78
person_facing_direction,12_10,pointy,ConvNeXt Small,head_model,2,0.8933333333333333,0.5,0.7866666666666666
person_facing_direction,12_10,pointy,ConvNeXt Small,head_model,3,0.8933333333333333,0.5,0.7866666666666666
person_facing_direction,12_10,pointy,ConvNeXt Small,head_model,4,0.9066666666666666,0.5,0.8133333333333332
person_facing_direction,12_10,pointy,ConvNeXt Small,head_model,5,0.92,0.5,0.8400000000000001
person_facing_direction,12_10,pointy,ConvNeXt Small,head_model,6,0.8966666666666666,0.5,0.7933333333333332
person_facing_direction,12_10,pointy,ConvNeXt Small,head_model,7,0.9033333333333333,0.5,0.8066666666666666
person_facing_direction,12_10,pointy,ConvNeXt Small,head_model,8,0.91,0.5,0.8200000000000001
person_facing_direction,12_10,pointy,ConvNeXt Small,head_model,9,0.9066666666666666,0.5,0.8133333333333332
person_facing_direction,12_10,pointy,ConvNeXt Small,head_model,10,0.8733333333333333,0.5,0.7466666666666666
person_facing_direction,12_10,pointy,ConvNeXt Tiny,head_model,1,0.91,0.5,0.8200000000000001
person_facing_direction,12_10,pointy,ConvNeXt Tiny,head_model,2,0.9033333333333333,0.5,0.8066666666666666
person_facing_direction,12_10,pointy,ConvNeXt Tiny,head_model,3,0.8666666666666667,0.5,0.7333333333333334
person_facing_direction,12_10,pointy,ConvNeXt Tiny,head_model,4,0.9166666666666666,0.5,0.8333333333333333
person_facing_direction,12_10,pointy,ConvNeXt Tiny,head_model,5,0.9066666666666666,0.5,0.8133333333333332
person_facing_direction,12_10,pointy,ConvNeXt Tiny,head_model,6,0.9033333333333333,0.5,0.8066666666666666
person_facing_direction,12_10,pointy,ConvNeXt Tiny,head_model,7,0.91,0.5,0.8200000000000001
person_facing_direction,12_10,pointy,ConvNeXt Tiny,head_model,8,0.92,0.5,0.8400000000000001
person_facing_direction,12_10,pointy,ConvNeXt Tiny,head_model,9,0.9166666666666666,0.5,0.8333333333333333
person_facing_direction,12_10,pointy,ConvNeXt Tiny,head_model,10,0.89,0.5,0.78
person_facing_direction,12_10,pointy,DINOv3 ViT Base,head_model,1,0.9933333333333333,0.5,0.9866666666666666
person_facing_direction,12_10,pointy,DINOv3 ViT Base,head_model,2,0.98,0.5,0.96
person_facing_direction,12_10,pointy,DINOv3 ViT Base,head_model,3,0.98,0.5,0.96
person_facing_direction,12_10,pointy,DINOv3 ViT Base,head_model,4,0.9933333333333333,0.5,0.9866666666666666
person_facing_direction,12_10,pointy,DINOv3 ViT Base,head_model,5,0.9933333333333333,0.5,0.9866666666666666
person_facing_direction,12_10,pointy,DINOv3 ViT Base,head_model,6,1.0,0.5,1.0
person_facing_direction,12_10,pointy,DINOv3 ViT Base,head_model,7,0.9866666666666667,0.5,0.9733333333333334
person_facing_direction,12_10,pointy,DINOv3 ViT Base,head_model,8,0.9966666666666667,0.5,0.9933333333333334
person_facing_direction,12_10,pointy,DINOv3 ViT Base,head_model,9,0.9433333333333334,0.5,0.8866666666666667
person_facing_direction,12_10,pointy,DINOv3 ViT Base,head_model,10,0.99,0.5,0.98
person_facing_direction,12_10,pointy,ResNet18,head_model,1,0.88,0.5,0.76
person_facing_direction,12_10,pointy,ResNet18,head_model,2,0.8933333333333333,0.5,0.7866666666666666
person_facing_direction,12_10,pointy,ResNet18,head_model,3,0.8866666666666667,0.5,0.7733333333333334
person_facing_direction,12_10,pointy,ResNet18,head_model,4,0.8666666666666667,0.5,0.7333333333333334
person_facing_direction,12_10,pointy,ResNet18,head_model,5,0.8966666666666666,0.5,0.7933333333333332
person_facing_direction,12_10,pointy,ResNet18,head_model,6,0.8766666666666667,0.5,0.7533333333333334
person_facing_direction,12_10,pointy,ResNet18,head_model,7,0.8966666666666666,0.5,0.7933333333333332
person_facing_direction,12_10,pointy,ResNet18,head_model,8,0.8933333333333333,0.5,0.7866666666666666
person_facing_direction,12_10,pointy,ResNet18,head_model,9,0.86,0.5,0.72
person_facing_direction,12_10,pointy,ResNet18,head_model,10,0.8633333333333333,0.5,0.7266666666666666
person_facing_direction,12_10,pointy,ResNet50,head_model,1,0.81,0.5,0.6200000000000001
person_facing_direction,12_10,pointy,ResNet50,head_model,2,0.8533333333333334,0.5,0.7066666666666668
person_facing_direction,12_10,pointy,ResNet50,head_model,3,0.8533333333333334,0.5,0.7066666666666668
person_facing_direction,12_10,pointy,ResNet50,head_model,4,0.83,0.5,0.6599999999999999
person_facing_direction,12_10,pointy,ResNet50,head_model,5,0.8533333333333334,0.5,0.7066666666666668
person_facing_direction,12_10,pointy,ResNet50,head_model,6,0.8266666666666667,0.5,0.6533333333333333
person_facing_direction,12_10,pointy,ResNet50,head_model,7,0.8566666666666667,0.5,0.7133333333333334
person_facing_direction,12_10,pointy,ResNet50,head_model,8,0.8333333333333334,0.5,0.6666666666666667
person_facing_direction,12_10,pointy,ResNet50,head_model,9,0.8333333333333334,0.5,0.6666666666666667
person_facing_direction,12_10,pointy,ResNet50,head_model,10,0.8066666666666666,0.5,0.6133333333333333
person_facing_direction,12_10,pointy,VGG11,head_model,1,0.8766666666666667,0.5,0.7533333333333334
person_facing_direction,12_10,pointy,VGG11,head_model,2,0.7766666666666666,0.5,0.5533333333333332
person_facing_direction,12_10,pointy,VGG11,head_model,3,0.88,0.5,0.76
person_facing_direction,12_10,pointy,VGG11,head_model,4,0.88,0.5,0.76
person_facing_direction,12_10,pointy,VGG11,head_model,5,0.84,0.5,0.6799999999999999
person_facing_direction,12_10,pointy,VGG11,head_model,6,0.84,0.5,0.6799999999999999
person_facing_direction,12_10,pointy,VGG11,head_model,7,0.8766666666666667,0.5,0.7533333333333334
person_facing_direction,12_10,pointy,VGG11,head_model,8,0.87,0.5,0.74
person_facing_direction,12_10,pointy,VGG11,head_model,9,0.8766666666666667,0.5,0.7533333333333334
person_facing_direction,12_10,pointy,VGG11,head_model,10,0.88,0.5,0.76
person_facing_direction,12_10,pointy,VGG13,head_model,1,0.8866666666666667,0.5,0.7733333333333334
person_facing_direction,12_10,pointy,VGG13,head_model,2,0.8566666666666667,0.5,0.7133333333333334
person_facing_direction,12_10,pointy,VGG13,head_model,3,0.8866666666666667,0.5,0.7733333333333334
person_facing_direction,12_10,pointy,VGG13,head_model,4,0.8933333333333333,0.5,0.7866666666666666
person_facing_direction,12_10,pointy,VGG13,head_model,5,0.88,0.5,0.76
person_facing_direction,12_10,pointy,VGG13,head_model,6,0.85,0.5,0.7
person_facing_direction,12_10,pointy,VGG13,head_model,7,0.89,0.5,0.78
person_facing_direction,12_10,pointy,VGG13,head_model,8,0.8766666666666667,0.5,0.7533333333333334
person_facing_direction,12_10,pointy,VGG13,head_model,9,0.8533333333333334,0.5,0.7066666666666668
person_facing_direction,12_10,pointy,VGG13,head_model,10,0.8466666666666667,0.5,0.6933333333333334
person_facing_direction,12_10,pointy,VGG16,head_model,1,0.8833333333333333,0.5,0.7666666666666666
person_facing_direction,12_10,pointy,VGG16,head_model,2,0.81,0.5,0.6200000000000001
person_facing_direction,12_10,pointy,VGG16,head_model,3,0.8866666666666667,0.5,0.7733333333333334
person_facing_direction,12_10,pointy,VGG16,head_model,4,0.88,0.5,0.76
person_facing_direction,12_10,pointy,VGG16,head_model,5,0.8666666666666667,0.5,0.7333333333333334
person_facing_direction,12_10,pointy,VGG16,head_model,6,0.86,0.5,0.72
person_facing_direction,12_10,pointy,VGG16,head_model,7,0.8833333333333333,0.5,0.7666666666666666
person_facing_direction,12_10,pointy,VGG16,head_model,8,0.86,0.5,0.72
person_facing_direction,12_10,pointy,VGG16,head_model,9,0.8866666666666667,0.5,0.7733333333333334
person_facing_direction,12_10,pointy,VGG16,head_model,10,0.8666666666666667,0.5,0.7333333333333334
person_facing_direction,12_10,pointy,VGG19,head_model,1,0.9166666666666666,0.5,0.8333333333333333
person_facing_direction,12_10,pointy,VGG19,head_model,2,0.8733333333333333,0.5,0.7466666666666666
person_facing_direction,12_10,pointy,VGG19,head_model,3,0.9,0.5,0.8
person_facing_direction,12_10,pointy,VGG19,head_model,4,0.9166666666666666,0.5,0.8333333333333333
person_facing_direction,12_10,pointy,VGG19,head_model,5,0.9033333333333333,0.5,0.8066666666666666
person_facing_direction,12_10,pointy,VGG19,head_model,6,0.8933333333333333,0.5,0.7866666666666666
person_facing_direction,12_10,pointy,VGG19,head_model,7,0.9166666666666666,0.5,0.8333333333333333
person_facing_direction,12_10,pointy,VGG19,head_model,8,0.89,0.5,0.78
person_facing_direction,12_10,pointy,VGG19,head_model,9,0.9166666666666666,0.5,0.8333333333333333
person_facing_direction,12_10,pointy,VGG19,head_model,10,0.91,0.5,0.8200000000000001
person_facing_direction,12_10,pointy,ViT Base,head_model,1,0.98,0.5,0.96
person_facing_direction,12_10,pointy,ViT Base,head_model,2,0.9866666666666667,0.5,0.9733333333333334
person_facing_direction,12_10,pointy,ViT Base,head_model,3,0.9733333333333334,0.5,0.9466666666666668
person_facing_direction,12_10,pointy,ViT Base,head_model,4,0.9966666666666667,0.5,0.9933333333333334
person_facing_direction,12_10,pointy,ViT Base,head_model,5,0.9966666666666667,0.5,0.9933333333333334
person_facing_direction,12_10,pointy,ViT Base,head_model,6,0.9833333333333333,0.5,0.9666666666666666
person_facing_direction,12_10,pointy,ViT Base,head_model,7,0.9633333333333334,0.5,0.9266666666666667
person_facing_direction,12_10,pointy,ViT Base,head_model,8,0.9933333333333333,0.5,0.9866666666666666
person_facing_direction,12_10,pointy,ViT Base,head_model,9,0.9866666666666667,0.5,0.9733333333333334
person_facing_direction,12_10,pointy,ViT Base,head_model,10,0.9866666666666667,0.5,0.9733333333333334
person_facing_direction,12_10,pointy,ViT Large,head_model,1,1.0,0.5,1.0
person_facing_direction,12_10,pointy,ViT Large,head_model,2,1.0,0.5,1.0
person_facing_direction,12_10,pointy,ViT Large,head_model,3,0.9933333333333333,0.5,0.9866666666666666
person_facing_direction,12_10,pointy,ViT Large,head_model,4,1.0,0.5,1.0
person_facing_direction,12_10,pointy,ViT Large,head_model,5,1.0,0.5,1.0
person_facing_direction,12_10,pointy,ViT Large,head_model,6,0.9966666666666667,0.5,0.9933333333333334
person_facing_direction,12_10,pointy,ViT Large,head_model,7,0.9966666666666667,0.5,0.9933333333333334
person_facing_direction,12_10,pointy,ViT Large,head_model,8,1.0,0.5,1.0
person_facing_direction,12_10,pointy,ViT Large,head_model,9,1.0,0.5,1.0
person_facing_direction,12_10,pointy,ViT Large,head_model,10,0.9966666666666667,0.5,0.9933333333333334
person_facing_direction,12_10,pointy,ViT Small,head_model,1,0.9933333333333333,0.5,0.9866666666666666
person_facing_direction,12_10,pointy,ViT Small,head_model,2,0.9966666666666667,0.5,0.9933333333333334
person_facing_direction,12_10,pointy,ViT Small,head_model,3,0.9933333333333333,0.5,0.9866666666666666
person_facing_direction,12_10,pointy,ViT Small,head_model,4,0.9933333333333333,0.5,0.9866666666666666
person_facing_direction,12_10,pointy,ViT Small,head_model,5,0.99,0.5,0.98
person_facing_direction,12_10,pointy,ViT Small,head_model,6,0.9933333333333333,0.5,0.9866666666666666
person_facing_direction,12_10,pointy,ViT Small,head_model,7,0.9933333333333333,0.5,0.9866666666666666
person_facing_direction,12_10,pointy,ViT Small,head_model,8,0.9933333333333333,0.5,0.9866666666666666
person_facing_direction,12_10,pointy,ViT Small,head_model,9,0.9933333333333333,0.5,0.9866666666666666
person_facing_direction,12_10,pointy,ViT Small,head_model,10,0.9866666666666667,0.5,0.9733333333333334
person_facing_direction,12_10,streaky,ConvNeXt Base,head_model,1,0.9433333333333334,0.5,0.8866666666666667
person_facing_direction,12_10,streaky,ConvNeXt Base,head_model,2,0.9333333333333333,0.5,0.8666666666666667
person_facing_direction,12_10,streaky,ConvNeXt Base,head_model,3,0.9366666666666666,0.5,0.8733333333333333
person_facing_direction,12_10,streaky,ConvNeXt Base,head_model,4,0.94,0.5,0.8799999999999999
person_facing_direction,12_10,streaky,ConvNeXt Base,head_model,5,0.94,0.5,0.8799999999999999
person_facing_direction,12_10,streaky,ConvNeXt Base,head_model,6,0.9566666666666667,0.5,0.9133333333333333
person_facing_direction,12_10,streaky,ConvNeXt Base,head_model,7,0.9,0.5,0.8
person_facing_direction,12_10,streaky,ConvNeXt Base,head_model,8,0.9133333333333333,0.5,0.8266666666666667
person_facing_direction,12_10,streaky,ConvNeXt Base,head_model,9,0.9533333333333334,0.5,0.9066666666666667
person_facing_direction,12_10,streaky,ConvNeXt Base,head_model,10,0.94,0.5,0.8799999999999999
person_facing_direction,12_10,streaky,ConvNeXt Large,head_model,1,0.9466666666666667,0.5,0.8933333333333333
person_facing_direction,12_10,streaky,ConvNeXt Large,head_model,2,0.96,0.5,0.9199999999999999
person_facing_direction,12_10,streaky,ConvNeXt Large,head_model,3,0.9566666666666667,0.5,0.9133333333333333
person_facing_direction,12_10,streaky,ConvNeXt Large,head_model,4,0.97,0.5,0.94
person_facing_direction,12_10,streaky,ConvNeXt Large,head_model,5,0.97,0.5,0.94
person_facing_direction,12_10,streaky,ConvNeXt Large,head_model,6,0.9733333333333334,0.5,0.9466666666666668
person_facing_direction,12_10,streaky,ConvNeXt Large,head_model,7,0.9466666666666667,0.5,0.8933333333333333
person_facing_direction,12_10,streaky,ConvNeXt Large,head_model,8,0.96,0.5,0.9199999999999999
person_facing_direction,12_10,streaky,ConvNeXt Large,head_model,9,0.97,0.5,0.94
person_facing_direction,12_10,streaky,ConvNeXt Large,head_model,10,0.9733333333333334,0.5,0.9466666666666668
person_facing_direction,12_10,streaky,ConvNeXt Small,head_model,1,0.89,0.5,0.78
person_facing_direction,12_10,streaky,ConvNeXt Small,head_model,2,0.8966666666666666,0.5,0.7933333333333332
person_facing_direction,12_10,streaky,ConvNeXt Small,head_model,3,0.89,0.5,0.78
person_facing_direction,12_10,streaky,ConvNeXt Small,head_model,4,0.89,0.5,0.78
person_facing_direction,12_10,streaky,ConvNeXt Small,head_model,5,0.91,0.5,0.8200000000000001
person_facing_direction,12_10,streaky,ConvNeXt Small,head_model,6,0.8933333333333333,0.5,0.7866666666666666
person_facing_direction,12_10,streaky,ConvNeXt Small,head_model,7,0.89,0.5,0.78
person_facing_direction,12_10,streaky,ConvNeXt Small,head_model,8,0.91,0.5,0.8200000000000001
person_facing_direction,12_10,streaky,ConvNeXt Small,head_model,9,0.8933333333333333,0.5,0.7866666666666666
person_facing_direction,12_10,streaky,ConvNeXt Small,head_model,10,0.8966666666666666,0.5,0.7933333333333332
person_facing_direction,12_10,streaky,ConvNeXt Tiny,head_model,1,0.9133333333333333,0.5,0.8266666666666667
person_facing_direction,12_10,streaky,ConvNeXt Tiny,head_model,2,0.9,0.5,0.8
person_facing_direction,12_10,streaky,ConvNeXt Tiny,head_model,3,0.9,0.5,0.8
person_facing_direction,12_10,streaky,ConvNeXt Tiny,head_model,4,0.9066666666666666,0.5,0.8133333333333332
person_facing_direction,12_10,streaky,ConvNeXt Tiny,head_model,5,0.9,0.5,0.8
person_facing_direction,12_10,streaky,ConvNeXt Tiny,head_model,6,0.9,0.5,0.8
person_facing_direction,12_10,streaky,ConvNeXt Tiny,head_model,7,0.91,0.5,0.8200000000000001
person_facing_direction,12_10,streaky,ConvNeXt Tiny,head_model,8,0.91,0.5,0.8200000000000001
person_facing_direction,12_10,streaky,ConvNeXt Tiny,head_model,9,0.9,0.5,0.8
person_facing_direction,12_10,streaky,ConvNeXt Tiny,head_model,10,0.9,0.5,0.8
person_facing_direction,12_10,streaky,DINOv3 ViT Base,head_model,1,0.9733333333333334,0.5,0.9466666666666668
person_facing_direction,12_10,streaky,DINOv3 ViT Base,head_model,2,0.9966666666666667,0.5,0.9933333333333334
person_facing_direction,12_10,streaky,DINOv3 ViT Base,head_model,3,0.9966666666666667,0.5,0.9933333333333334
person_facing_direction,12_10,streaky,DINOv3 ViT Base,head_model,4,0.9866666666666667,0.5,0.9733333333333334
person_facing_direction,12_10,streaky,DINOv3 ViT Base,head_model,5,0.9966666666666667,0.5,0.9933333333333334
person_facing_direction,12_10,streaky,DINOv3 ViT Base,head_model,6,1.0,0.5,1.0
person_facing_direction,12_10,streaky,DINOv3 ViT Base,head_model,7,0.9966666666666667,0.5,0.9933333333333334
person_facing_direction,12_10,streaky,DINOv3 ViT Base,head_model,8,0.98,0.5,0.96
person_facing_direction,12_10,streaky,DINOv3 ViT Base,head_model,9,0.9866666666666667,0.5,0.9733333333333334
person_facing_direction,12_10,streaky,DINOv3 ViT Base,head_model,10,0.81,0.5,0.6200000000000001
person_facing_direction,12_10,streaky,ResNet18,head_model,1,0.8533333333333334,0.5,0.7066666666666668
person_facing_direction,12_10,streaky,ResNet18,head_model,2,0.8866666666666667,0.5,0.7733333333333334
person_facing_direction,12_10,streaky,ResNet18,head_model,3,0.8466666666666667,0.5,0.6933333333333334
person_facing_direction,12_10,streaky,ResNet18,head_model,4,0.8533333333333334,0.5,0.7066666666666668
person_facing_direction,12_10,streaky,ResNet18,head_model,5,0.8933333333333333,0.5,0.7866666666666666
person_facing_direction,12_10,streaky,ResNet18,head_model,6,0.8633333333333333,0.5,0.7266666666666666
person_facing_direction,12_10,streaky,ResNet18,head_model,7,0.83,0.5,0.6599999999999999
person_facing_direction,12_10,streaky,ResNet18,head_model,8,0.8633333333333333,0.5,0.7266666666666666
person_facing_direction,12_10,streaky,ResNet18,head_model,9,0.8766666666666667,0.5,0.7533333333333334
person_facing_direction,12_10,streaky,ResNet18,head_model,10,0.8333333333333334,0.5,0.6666666666666667
person_facing_direction,12_10,streaky,ResNet50,head_model,1,0.9133333333333333,0.5,0.8266666666666667
person_facing_direction,12_10,streaky,ResNet50,head_model,2,0.8966666666666666,0.5,0.7933333333333332
person_facing_direction,12_10,streaky,ResNet50,head_model,3,0.9166666666666666,0.5,0.8333333333333333
person_facing_direction,12_10,streaky,ResNet50,head_model,4,0.9133333333333333,0.5,0.8266666666666667
person_facing_direction,12_10,streaky,ResNet50,head_model,5,0.9,0.5,0.8
person_facing_direction,12_10,streaky,ResNet50,head_model,6,0.9133333333333333,0.5,0.8266666666666667
person_facing_direction,12_10,streaky,ResNet50,head_model,7,0.91,0.5,0.8200000000000001
person_facing_direction,12_10,streaky,ResNet50,head_model,8,0.91,0.5,0.8200000000000001
person_facing_direction,12_10,streaky,ResNet50,head_model,9,0.8933333333333333,0.5,0.7866666666666666
person_facing_direction,12_10,streaky,ResNet50,head_model,10,0.9133333333333333,0.5,0.8266666666666667
person_facing_direction,12_10,streaky,VGG11,head_model,1,0.92,0.5,0.8400000000000001
person_facing_direction,12_10,streaky,VGG11,head_model,2,0.9266666666666666,0.5,0.8533333333333333
person_facing_direction,12_10,streaky,VGG11,head_model,3,0.9233333333333333,0.5,0.8466666666666667
person_facing_direction,12_10,streaky,VGG11,head_model,4,0.92,0.5,0.8400000000000001
person_facing_direction,12_10,streaky,VGG11,head_model,5,0.9233333333333333,0.5,0.8466666666666667
person_facing_direction,12_10,streaky,VGG11,head_model,6,0.9233333333333333,0.5,0.8466666666666667
person_facing_direction,12_10,streaky,VGG11,head_model,7,0.8866666666666667,0.5,0.7733333333333334
person_facing_direction,12_10,streaky,VGG11,head_model,8,0.9233333333333333,0.5,0.8466666666666667
person_facing_direction,12_10,streaky,VGG11,head_model,9,0.9233333333333333,0.5,0.8466666666666667
person_facing_direction,12_10,streaky,VGG11,head_model,10,0.9233333333333333,0.5,0.8466666666666667
person_facing_direction,12_10,streaky,VGG13,head_model,1,0.9266666666666666,0.5,0.8533333333333333
person_facing_direction,12_10,streaky,VGG13,head_model,2,0.9066666666666666,0.5,0.8133333333333332
person_facing_direction,12_10,streaky,VGG13,head_model,3,0.93,0.5,0.8600000000000001
person_facing_direction,12_10,streaky,VGG13,head_model,4,0.9133333333333333,0.5,0.8266666666666667
person_facing_direction,12_10,streaky,VGG13,head_model,5,0.93,0.5,0.8600000000000001
person_facing_direction,12_10,streaky,VGG13,head_model,6,0.9066666666666666,0.5,0.8133333333333332
person_facing_direction,12_10,streaky,VGG13,head_model,7,0.8433333333333334,0.5,0.6866666666666668
person_facing_direction,12_10,streaky,VGG13,head_model,8,0.8866666666666667,0.5,0.7733333333333334
person_facing_direction,12_10,streaky,VGG13,head_model,9,0.9333333333333333,0.5,0.8666666666666667
person_facing_direction,12_10,streaky,VGG13,head_model,10,0.9133333333333333,0.5,0.8266666666666667
person_facing_direction,12_10,streaky,VGG16,head_model,1,0.9533333333333334,0.5,0.9066666666666667
person_facing_direction,12_10,streaky,VGG16,head_model,2,0.9566666666666667,0.5,0.9133333333333333
person_facing_direction,12_10,streaky,VGG16,head_model,3,0.9533333333333334,0.5,0.9066666666666667
person_facing_direction,12_10,streaky,VGG16,head_model,4,0.95,0.5,0.8999999999999999
person_facing_direction,12_10,streaky,VGG16,head_model,5,0.9533333333333334,0.5,0.9066666666666667
person_facing_direction,12_10,streaky,VGG16,head_model,6,0.9533333333333334,0.5,0.9066666666666667
person_facing_direction,12_10,streaky,VGG16,head_model,7,0.9,0.5,0.8
person_facing_direction,12_10,streaky,VGG16,head_model,8,0.88,0.5,0.76
person_facing_direction,12_10,streaky,VGG16,head_model,9,0.9533333333333334,0.5,0.9066666666666667
person_facing_direction,12_10,streaky,VGG16,head_model,10,0.9533333333333334,0.5,0.9066666666666667
person_facing_direction,12_10,streaky,VGG19,head_model,1,0.93,0.5,0.8600000000000001
person_facing_direction,12_10,streaky,VGG19,head_model,2,0.9533333333333334,0.5,0.9066666666666667
person_facing_direction,12_10,streaky,VGG19,head_model,3,0.9433333333333334,0.5,0.8866666666666667
person_facing_direction,12_10,streaky,VGG19,head_model,4,0.9433333333333334,0.5,0.8866666666666667
person_facing_direction,12_10,streaky,VGG19,head_model,5,0.9566666666666667,0.5,0.9133333333333333
person_facing_direction,12_10,streaky,VGG19,head_model,6,0.9366666666666666,0.5,0.8733333333333333
person_facing_direction,12_10,streaky,VGG19,head_model,7,0.8366666666666667,0.5,0.6733333333333333
person_facing_direction,12_10,streaky,VGG19,head_model,8,0.9,0.5,0.8
person_facing_direction,12_10,streaky,VGG19,head_model,9,0.94,0.5,0.8799999999999999
person_facing_direction,12_10,streaky,VGG19,head_model,10,0.9433333333333334,0.5,0.8866666666666667
person_facing_direction,12_10,streaky,ViT Base,head_model,1,0.9966666666666667,0.5,0.9933333333333334
person_facing_direction,12_10,streaky,ViT Base,head_model,2,1.0,0.5,1.0
person_facing_direction,12_10,streaky,ViT Base,head_model,3,1.0,0.5,1.0
person_facing_direction,12_10,streaky,ViT Base,head_model,4,1.0,0.5,1.0
person_facing_direction,12_10,streaky,ViT Base,head_model,5,1.0,0.5,1.0
person_facing_direction,12_10,streaky,ViT Base,head_model,6,1.0,0.5,1.0
person_facing_direction,12_10,streaky,ViT Base,head_model,7,1.0,0.5,1.0
person_facing_direction,12_10,streaky,ViT Base,head_model,8,0.9966666666666667,0.5,0.9933333333333334
person_facing_direction,12_10,streaky,ViT Base,head_model,9,1.0,0.5,1.0
person_facing_direction,12_10,streaky,ViT Base,head_model,10,1.0,0.5,1.0
person_facing_direction,12_10,streaky,ViT Large,head_model,1,0.9966666666666667,0.5,0.9933333333333334
person_facing_direction,12_10,streaky,ViT Large,head_model,2,1.0,0.5,1.0
person_facing_direction,12_10,streaky,ViT Large,head_model,3,1.0,0.5,1.0
person_facing_direction,12_10,streaky,ViT Large,head_model,4,1.0,0.5,1.0
person_facing_direction,12_10,streaky,ViT Large,head_model,5,0.9966666666666667,0.5,0.9933333333333334
person_facing_direction,12_10,streaky,ViT Large,head_model,6,0.9966666666666667,0.5,0.9933333333333334
person_facing_direction,12_10,streaky,ViT Large,head_model,7,1.0,0.5,1.0
person_facing_direction,12_10,streaky,ViT Large,head_model,8,0.9933333333333333,0.5,0.9866666666666666
person_facing_direction,12_10,streaky,ViT Large,head_model,9,1.0,0.5,1.0
person_facing_direction,12_10,streaky,ViT Large,head_model,10,1.0,0.5,1.0
person_facing_direction,12_10,streaky,ViT Small,head_model,1,1.0,0.5,1.0
person_facing_direction,12_10,streaky,ViT Small,head_model,2,1.0,0.5,1.0
person_facing_direction,12_10,streaky,ViT Small,head_model,3,1.0,0.5,1.0
person_facing_direction,12_10,streaky,ViT Small,head_model,4,0.9966666666666667,0.5,0.9933333333333334
person_facing_direction,12_10,streaky,ViT Small,head_model,5,1.0,0.5,1.0
person_facing_direction,12_10,streaky,ViT Small,head_model,6,0.9966666666666667,0.5,0.9933333333333334
person_facing_direction,12_10,streaky,ViT Small,head_model,7,1.0,0.5,1.0
person_facing_direction,12_10,streaky,ViT Small,head_model,8,1.0,0.5,1.0
person_facing_direction,12_10,streaky,ViT Small,head_model,9,1.0,0.5,1.0
person_facing_direction,12_10,streaky,ViT Small,head_model,10,1.0,0.5,1.0
person_facing_direction,12_20,pointy,ConvNeXt Base,head_model,1,0.9866666666666667,0.5,0.9733333333333334
person_facing_direction,12_20,pointy,ConvNeXt Base,head_model,2,0.98,0.5,0.96
person_facing_direction,12_20,pointy,ConvNeXt Base,head_model,3,0.9833333333333333,0.5,0.9666666666666666
person_facing_direction,12_20,pointy,ConvNeXt Base,head_model,4,0.9866666666666667,0.5,0.9733333333333334
person_facing_direction,12_20,pointy,ConvNeXt Base,head_model,5,0.9833333333333333,0.5,0.9666666666666666
person_facing_direction,12_20,pointy,ConvNeXt Base,head_model,6,0.9866666666666667,0.5,0.9733333333333334
person_facing_direction,12_20,pointy,ConvNeXt Base,head_model,7,0.9766666666666667,0.5,0.9533333333333334
person_facing_direction,12_20,pointy,ConvNeXt Base,head_model,8,0.9866666666666667,0.5,0.9733333333333334
person_facing_direction,12_20,pointy,ConvNeXt Base,head_model,9,0.98,0.5,0.96
person_facing_direction,12_20,pointy,ConvNeXt Base,head_model,10,0.9833333333333333,0.5,0.9666666666666666
person_facing_direction,12_20,pointy,ConvNeXt Large,head_model,1,1.0,0.5,1.0
person_facing_direction,12_20,pointy,ConvNeXt Large,head_model,2,1.0,0.5,1.0
person_facing_direction,12_20,pointy,ConvNeXt Large,head_model,3,0.9966666666666667,0.5,0.9933333333333334
person_facing_direction,12_20,pointy,ConvNeXt Large,head_model,4,1.0,0.5,1.0
person_facing_direction,12_20,pointy,ConvNeXt Large,head_model,5,1.0,0.5,1.0
person_facing_direction,12_20,pointy,ConvNeXt Large,head_model,6,0.9966666666666667,0.5,0.9933333333333334
person_facing_direction,12_20,pointy,ConvNeXt Large,head_model,7,1.0,0.5,1.0
person_facing_direction,12_20,pointy,ConvNeXt Large,head_model,8,1.0,0.5,1.0
person_facing_direction,12_20,pointy,ConvNeXt Large,head_model,9,1.0,0.5,1.0
person_facing_direction,12_20,pointy,ConvNeXt Large,head_model,10,1.0,0.5,1.0
person_facing_direction,12_20,pointy,ConvNeXt Small,head_model,1,0.99,0.5,0.98
person_facing_direction,12_20,pointy,ConvNeXt Small,head_model,2,0.9966666666666667,0.5,0.9933333333333334
person_facing_direction,12_20,pointy,ConvNeXt Small,head_model,3,0.99,0.5,0.98
person_facing_direction,12_20,pointy,ConvNeXt Small,head_model,4,0.99,0.5,0.98
person_facing_direction,12_20,pointy,ConvNeXt Small,head_model,5,0.99,0.5,0.98
person_facing_direction,12_20,pointy,ConvNeXt Small,head_model,6,0.9866666666666667,0.5,0.9733333333333334
person_facing_direction,12_20,pointy,ConvNeXt Small,head_model,7,0.9966666666666667,0.5,0.9933333333333334
person_facing_direction,12_20,pointy,ConvNeXt Small,head_model,8,0.9866666666666667,0.5,0.9733333333333334
person_facing_direction,12_20,pointy,ConvNeXt Small,head_model,9,0.9933333333333333,0.5,0.9866666666666666
person_facing_direction,12_20,pointy,ConvNeXt Small,head_model,10,0.99,0.5,0.98
person_facing_direction,12_20,pointy,ConvNeXt Tiny,head_model,1,1.0,0.5,1.0
person_facing_direction,12_20,pointy,ConvNeXt Tiny,head_model,2,0.9866666666666667,0.5,0.9733333333333334
person_facing_direction,12_20,pointy,ConvNeXt Tiny,head_model,3,0.9966666666666667,0.5,0.9933333333333334
person_facing_direction,12_20,pointy,ConvNeXt Tiny,head_model,4,0.9933333333333333,0.5,0.9866666666666666
person_facing_direction,12_20,pointy,ConvNeXt Tiny,head_model,5,0.9866666666666667,0.5,0.9733333333333334
person_facing_direction,12_20,pointy,ConvNeXt Tiny,head_model,6,0.9966666666666667,0.5,0.9933333333333334
person_facing_direction,12_20,pointy,ConvNeXt Tiny,head_model,7,0.9833333333333333,0.5,0.9666666666666666
person_facing_direction,12_20,pointy,ConvNeXt Tiny,head_model,8,0.9866666666666667,0.5,0.9733333333333334
person_facing_direction,12_20,pointy,ConvNeXt Tiny,head_model,9,0.9966666666666667,0.5,0.9933333333333334
person_facing_direction,12_20,pointy,ConvNeXt Tiny,head_model,10,0.9966666666666667,0.5,0.9933333333333334
person_facing_direction,12_20,pointy,DINOv3 ViT Base,head_model,1,1.0,0.5,1.0
person_facing_direction,12_20,pointy,DINOv3 ViT Base,head_model,2,1.0,0.5,1.0
person_facing_direction,12_20,pointy,DINOv3 ViT Base,head_model,3,1.0,0.5,1.0
person_facing_direction,12_20,pointy,DINOv3 ViT Base,head_model,4,1.0,0.5,1.0
person_facing_direction,12_20,pointy,DINOv3 ViT Base,head_model,5,1.0,0.5,1.0
person_facing_direction,12_20,pointy,DINOv3 ViT Base,head_model,6,1.0,0.5,1.0
person_facing_direction,12_20,pointy,DINOv3 ViT Base,head_model,7,1.0,0.5,1.0
person_facing_direction,12_20,pointy,DINOv3 ViT Base,head_model,8,1.0,0.5,1.0
person_facing_direction,12_20,pointy,DINOv3 ViT Base,head_model,9,1.0,0.5,1.0
person_facing_direction,12_20,pointy,DINOv3 ViT Base,head_model,10,1.0,0.5,1.0
person_facing_direction,12_20,pointy,ResNet18,head_model,1,0.93,0.5,0.8600000000000001
person_facing_direction,12_20,pointy,ResNet18,head_model,2,0.9033333333333333,0.5,0.8066666666666666
person_facing_direction,12_20,pointy,ResNet18,head_model,3,0.9366666666666666,0.5,0.8733333333333333
person_facing_direction,12_20,pointy,ResNet18,head_model,4,0.9333333333333333,0.5,0.8666666666666667
person_facing_direction,12_20,pointy,ResNet18,head_model,5,0.9266666666666666,0.5,0.8533333333333333
person_facing_direction,12_20,pointy,ResNet18,head_model,6,0.9266666666666666,0.5,0.8533333333333333
person_facing_direction,12_20,pointy,ResNet18,head_model,7,0.9066666666666666,0.5,0.8133333333333332
person_facing_direction,12_20,pointy,ResNet18,head_model,8,0.93,0.5,0.8600000000000001
person_facing_direction,12_20,pointy,ResNet18,head_model,9,0.9033333333333333,0.5,0.8066666666666666
person_facing_direction,12_20,pointy,ResNet18,head_model,10,0.9333333333333333,0.5,0.8666666666666667
person_facing_direction,12_20,pointy,ResNet50,head_model,1,0.9666666666666667,0.5,0.9333333333333333
person_facing_direction,12_20,pointy,ResNet50,head_model,2,0.9666666666666667,0.5,0.9333333333333333
person_facing_direction,12_20,pointy,ResNet50,head_model,3,0.97,0.5,0.94
person_facing_direction,12_20,pointy,ResNet50,head_model,4,0.9666666666666667,0.5,0.9333333333333333
person_facing_direction,12_20,pointy,ResNet50,head_model,5,0.9733333333333334,0.5,0.9466666666666668
person_facing_direction,12_20,pointy,ResNet50,head_model,6,0.9733333333333334,0.5,0.9466666666666668
person_facing_direction,12_20,pointy,ResNet50,head_model,7,0.9666666666666667,0.5,0.9333333333333333
person_facing_direction,12_20,pointy,ResNet50,head_model,8,0.9666666666666667,0.5,0.9333333333333333
person_facing_direction,12_20,pointy,ResNet50,head_model,9,0.9733333333333334,0.5,0.9466666666666668
person_facing_direction,12_20,pointy,ResNet50,head_model,10,0.97,0.5,0.94
person_facing_direction,12_20,pointy,VGG11,head_model,1,0.9966666666666667,0.5,0.9933333333333334
person_facing_direction,12_20,pointy,VGG11,head_model,2,0.9933333333333333,0.5,0.9866666666666666
person_facing_direction,12_20,pointy,VGG11,head_model,3,0.9966666666666667,0.5,0.9933333333333334
person_facing_direction,12_20,pointy,VGG11,head_model,4,0.9766666666666667,0.5,0.9533333333333334
person_facing_direction,12_20,pointy,VGG11,head_model,5,0.9733333333333334,0.5,0.9466666666666668
person_facing_direction,12_20,pointy,VGG11,head_model,6,0.9833333333333333,0.5,0.9666666666666666
person_facing_direction,12_20,pointy,VGG11,head_model,7,0.97,0.5,0.94
person_facing_direction,12_20,pointy,VGG11,head_model,8,0.9866666666666667,0.5,0.9733333333333334
person_facing_direction,12_20,pointy,VGG11,head_model,9,0.9866666666666667,0.5,0.9733333333333334
person_facing_direction,12_20,pointy,VGG11,head_model,10,0.9933333333333333,0.5,0.9866666666666666
person_facing_direction,12_20,pointy,VGG13,head_model,1,0.9766666666666667,0.5,0.9533333333333334
person_facing_direction,12_20,pointy,VGG13,head_model,2,0.9766666666666667,0.5,0.9533333333333334
person_facing_direction,12_20,pointy,VGG13,head_model,3,0.9766666666666667,0.5,0.9533333333333334
person_facing_direction,12_20,pointy,VGG13,head_model,4,0.9733333333333334,0.5,0.9466666666666668
person_facing_direction,12_20,pointy,VGG13,head_model,5,0.9733333333333334,0.5,0.9466666666666668
person_facing_direction,12_20,pointy,VGG13,head_model,6,0.9766666666666667,0.5,0.9533333333333334
person_facing_direction,12_20,pointy,VGG13,head_model,7,0.9633333333333334,0.5,0.9266666666666667
person_facing_direction,12_20,pointy,VGG13,head_model,8,0.9766666666666667,0.5,0.9533333333333334
person_facing_direction,12_20,pointy,VGG13,head_model,9,0.9733333333333334,0.5,0.9466666666666668
person_facing_direction,12_20,pointy,VGG13,head_model,10,0.98,0.5,0.96
person_facing_direction,12_20,pointy,VGG16,head_model,1,0.9466666666666667,0.5,0.8933333333333333
person_facing_direction,12_20,pointy,VGG16,head_model,2,0.95,0.5,0.8999999999999999
person_facing_direction,12_20,pointy,VGG16,head_model,3,0.9566666666666667,0.5,0.9133333333333333
person_facing_direction,12_20,pointy,VGG16,head_model,4,0.9466666666666667,0.5,0.8933333333333333
person_facing_direction,12_20,pointy,VGG16,head_model,5,0.95,0.5,0.8999999999999999
person_facing_direction,12_20,pointy,VGG16,head_model,6,0.9433333333333334,0.5,0.8866666666666667
person_facing_direction,12_20,pointy,VGG16,head_model,7,0.9533333333333334,0.5,0.9066666666666667
person_facing_direction,12_20,pointy,VGG16,head_model,8,0.9566666666666667,0.5,0.9133333333333333
person_facing_direction,12_20,pointy,VGG16,head_model,9,0.9366666666666666,0.5,0.8733333333333333
person_facing_direction,12_20,pointy,VGG16,head_model,10,0.95,0.5,0.8999999999999999
person_facing_direction,12_20,pointy,VGG19,head_model,1,0.9633333333333334,0.5,0.9266666666666667
person_facing_direction,12_20,pointy,VGG19,head_model,2,0.9633333333333334,0.5,0.9266666666666667
person_facing_direction,12_20,pointy,VGG19,head_model,3,0.9566666666666667,0.5,0.9133333333333333
person_facing_direction,12_20,pointy,VGG19,head_model,4,0.9633333333333334,0.5,0.9266666666666667
person_facing_direction,12_20,pointy,VGG19,head_model,5,0.9566666666666667,0.5,0.9133333333333333
person_facing_direction,12_20,pointy,VGG19,head_model,6,0.9633333333333334,0.5,0.9266666666666667
person_facing_direction,12_20,pointy,VGG19,head_model,7,0.96,0.5,0.9199999999999999
person_facing_direction,12_20,pointy,VGG19,head_model,8,0.9533333333333334,0.5,0.9066666666666667
person_facing_direction,12_20,pointy,VGG19,head_model,9,0.9566666666666667,0.5,0.9133333333333333
person_facing_direction,12_20,pointy,VGG19,head_model,10,0.96,0.5,0.9199999999999999
person_facing_direction,12_20,pointy,ViT Base,head_model,1,0.9966666666666667,0.5,0.9933333333333334
person_facing_direction,12_20,pointy,ViT Base,head_model,2,0.9966666666666667,0.5,0.9933333333333334
person_facing_direction,12_20,pointy,ViT Base,head_model,3,0.9966666666666667,0.5,0.9933333333333334
person_facing_direction,12_20,pointy,ViT Base,head_model,4,0.9933333333333333,0.5,0.9866666666666666
person_facing_direction,12_20,pointy,ViT Base,head_model,5,1.0,0.5,1.0
person_facing_direction,12_20,pointy,ViT Base,head_model,6,0.9933333333333333,0.5,0.9866666666666666
person_facing_direction,12_20,pointy,ViT Base,head_model,7,0.9866666666666667,0.5,0.9733333333333334
person_facing_direction,12_20,pointy,ViT Base,head_model,8,0.9966666666666667,0.5,0.9933333333333334
person_facing_direction,12_20,pointy,ViT Base,head_model,9,0.9933333333333333,0.5,0.9866666666666666
person_facing_direction,12_20,pointy,ViT Base,head_model,10,1.0,0.5,1.0
person_facing_direction,12_20,pointy,ViT Large,head_model,1,1.0,0.5,1.0
person_facing_direction,12_20,pointy,ViT Large,head_model,2,1.0,0.5,1.0
person_facing_direction,12_20,pointy,ViT Large,head_model,3,1.0,0.5,1.0
person_facing_direction,12_20,pointy,ViT Large,head_model,4,1.0,0.5,1.0
person_facing_direction,12_20,pointy,ViT Large,head_model,5,1.0,0.5,1.0
person_facing_direction,12_20,pointy,ViT Large,head_model,6,1.0,0.5,1.0
person_facing_direction,12_20,pointy,ViT Large,head_model,7,1.0,0.5,1.0
person_facing_direction,12_20,pointy,ViT Large,head_model,8,0.9966666666666667,0.5,0.9933333333333334
person_facing_direction,12_20,pointy,ViT Large,head_model,9,1.0,0.5,1.0
person_facing_direction,12_20,pointy,ViT Large,head_model,10,1.0,0.5,1.0
person_facing_direction,12_20,pointy,ViT Small,head_model,1,1.0,0.5,1.0
person_facing_direction,12_20,pointy,ViT Small,head_model,2,1.0,0.5,1.0
person_facing_direction,12_20,pointy,ViT Small,head_model,3,1.0,0.5,1.0
person_facing_direction,12_20,pointy,ViT Small,head_model,4,1.0,0.5,1.0
person_facing_direction,12_20,pointy,ViT Small,head_model,5,1.0,0.5,1.0
person_facing_direction,12_20,pointy,ViT Small,head_model,6,1.0,0.5,1.0
person_facing_direction,12_20,pointy,ViT Small,head_model,7,1.0,0.5,1.0
person_facing_direction,12_20,pointy,ViT Small,head_model,8,1.0,0.5,1.0
person_facing_direction,12_20,pointy,ViT Small,head_model,9,1.0,0.5,1.0
person_facing_direction,12_20,pointy,ViT Small,head_model,10,1.0,0.5,1.0
person_facing_direction,12_20,streaky,ConvNeXt Base,head_model,1,0.99,0.5,0.98
person_facing_direction,12_20,streaky,ConvNeXt Base,head_model,2,0.9866666666666667,0.5,0.9733333333333334
person_facing_direction,12_20,streaky,ConvNeXt Base,head_model,3,0.9966666666666667,0.5,0.9933333333333334
person_facing_direction,12_20,streaky,ConvNeXt Base,head_model,4,0.9866666666666667,0.5,0.9733333333333334
person_facing_direction,12_20,streaky,ConvNeXt Base,head_model,5,0.9966666666666667,0.5,0.9933333333333334
person_facing_direction,12_20,streaky,ConvNeXt Base,head_model,6,0.9866666666666667,0.5,0.9733333333333334
person_facing_direction,12_20,streaky,ConvNeXt Base,head_model,7,0.9933333333333333,0.5,0.9866666666666666
person_facing_direction,12_20,streaky,ConvNeXt Base,head_model,8,0.9966666666666667,0.5,0.9933333333333334
person_facing_direction,12_20,streaky,ConvNeXt Base,head_model,9,0.99,0.5,0.98
person_facing_direction,12_20,streaky,ConvNeXt Base,head_model,10,0.9966666666666667,0.5,0.9933333333333334
person_facing_direction,12_20,streaky,ConvNeXt Large,head_model,1,1.0,0.5,1.0
person_facing_direction,12_20,streaky,ConvNeXt Large,head_model,2,0.9933333333333333,0.5,0.9866666666666666
person_facing_direction,12_20,streaky,ConvNeXt Large,head_model,3,1.0,0.5,1.0
person_facing_direction,12_20,streaky,ConvNeXt Large,head_model,4,0.9966666666666667,0.5,0.9933333333333334
person_facing_direction,12_20,streaky,ConvNeXt Large,head_model,5,0.9933333333333333,0.5,0.9866666666666666
person_facing_direction,12_20,streaky,ConvNeXt Large,head_model,6,0.9933333333333333,0.5,0.9866666666666666
person_facing_direction,12_20,streaky,ConvNeXt Large,head_model,7,1.0,0.5,1.0
person_facing_direction,12_20,streaky,ConvNeXt Large,head_model,8,1.0,0.5,1.0
person_facing_direction,12_20,streaky,ConvNeXt Large,head_model,9,1.0,0.5,1.0
person_facing_direction,12_20,streaky,ConvNeXt Large,head_model,10,0.9933333333333333,0.5,0.9866666666666666
person_facing_direction,12_20,streaky,ConvNeXt Small,head_model,1,0.9866666666666667,0.5,0.9733333333333334
person_facing_direction,12_20,streaky,ConvNeXt Small,head_model,2,0.98,0.5,0.96
person_facing_direction,12_20,streaky,ConvNeXt Small,head_model,3,0.9866666666666667,0.5,0.9733333333333334
person_facing_direction,12_20,streaky,ConvNeXt Small,head_model,4,0.9833333333333333,0.5,0.9666666666666666
person_facing_direction,12_20,streaky,ConvNeXt Small,head_model,5,0.9866666666666667,0.5,0.9733333333333334
person_facing_direction,12_20,streaky,ConvNeXt Small,head_model,6,0.9833333333333333,0.5,0.9666666666666666
person_facing_direction,12_20,streaky,ConvNeXt Small,head_model,7,0.98,0.5,0.96
person_facing_direction,12_20,streaky,ConvNeXt Small,head_model,8,0.9866666666666667,0.5,0.9733333333333334
person_facing_direction,12_20,streaky,ConvNeXt Small,head_model,9,0.9866666666666667,0.5,0.9733333333333334
person_facing_direction,12_20,streaky,ConvNeXt Small,head_model,10,0.98,0.5,0.96
person_facing_direction,12_20,streaky,ConvNeXt Tiny,head_model,1,0.9833333333333333,0.5,0.9666666666666666
person_facing_direction,12_20,streaky,ConvNeXt Tiny,head_model,2,0.99,0.5,0.98
person_facing_direction,12_20,streaky,ConvNeXt Tiny,head_model,3,0.9833333333333333,0.5,0.9666666666666666
person_facing_direction,12_20,streaky,ConvNeXt Tiny,head_model,4,0.9733333333333334,0.5,0.9466666666666668
person_facing_direction,12_20,streaky,ConvNeXt Tiny,head_model,5,0.9866666666666667,0.5,0.9733333333333334
person_facing_direction,12_20,streaky,ConvNeXt Tiny,head_model,6,0.98,0.5,0.96
person_facing_direction,12_20,streaky,ConvNeXt Tiny,head_model,7,0.9833333333333333,0.5,0.9666666666666666
person_facing_direction,12_20,streaky,ConvNeXt Tiny,head_model,8,0.99,0.5,0.98
person_facing_direction,12_20,streaky,ConvNeXt Tiny,head_model,9,0.9933333333333333,0.5,0.9866666666666666
person_facing_direction,12_20,streaky,ConvNeXt Tiny,head_model,10,0.99,0.5,0.98
person_facing_direction,12_20,streaky,DINOv3 ViT Base,head_model,1,1.0,0.5,1.0
person_facing_direction,12_20,streaky,DINOv3 ViT Base,head_model,2,1.0,0.5,1.0
person_facing_direction,12_20,streaky,DINOv3 ViT Base,head_model,3,1.0,0.5,1.0
person_facing_direction,12_20,streaky,DINOv3 ViT Base,head_model,4,1.0,0.5,1.0
person_facing_direction,12_20,streaky,DINOv3 ViT Base,head_model,5,1.0,0.5,1.0
person_facing_direction,12_20,streaky,DINOv3 ViT Base,head_model,6,1.0,0.5,1.0
person_facing_direction,12_20,streaky,DINOv3 ViT Base,head_model,7,1.0,0.5,1.0
person_facing_direction,12_20,streaky,DINOv3 ViT Base,head_model,8,1.0,0.5,1.0
person_facing_direction,12_20,streaky,DINOv3 ViT Base,head_model,9,1.0,0.5,1.0
person_facing_direction,12_20,streaky,DINOv3 ViT Base,head_model,10,1.0,0.5,1.0
person_facing_direction,12_20,streaky,ResNet18,head_model,1,0.9233333333333333,0.5,0.8466666666666667
person_facing_direction,12_20,streaky,ResNet18,head_model,2,0.91,0.5,0.8200000000000001
person_facing_direction,12_20,streaky,ResNet18,head_model,3,0.9233333333333333,0.5,0.8466666666666667
person_facing_direction,12_20,streaky,ResNet18,head_model,4,0.9233333333333333,0.5,0.8466666666666667
person_facing_direction,12_20,streaky,ResNet18,head_model,5,0.9233333333333333,0.5,0.8466666666666667
person_facing_direction,12_20,streaky,ResNet18,head_model,6,0.92,0.5,0.8400000000000001
person_facing_direction,12_20,streaky,ResNet18,head_model,7,0.9233333333333333,0.5,0.8466666666666667
person_facing_direction,12_20,streaky,ResNet18,head_model,8,0.9233333333333333,0.5,0.8466666666666667
person_facing_direction,12_20,streaky,ResNet18,head_model,9,0.92,0.5,0.8400000000000001
person_facing_direction,12_20,streaky,ResNet18,head_model,10,0.9166666666666666,0.5,0.8333333333333333
person_facing_direction,12_20,streaky,ResNet50,head_model,1,0.9533333333333334,0.5,0.9066666666666667
person_facing_direction,12_20,streaky,ResNet50,head_model,2,0.9566666666666667,0.5,0.9133333333333333
person_facing_direction,12_20,streaky,ResNet50,head_model,3,0.9533333333333334,0.5,0.9066666666666667
person_facing_direction,12_20,streaky,ResNet50,head_model,4,0.9533333333333334,0.5,0.9066666666666667
person_facing_direction,12_20,streaky,ResNet50,head_model,5,0.9566666666666667,0.5,0.9133333333333333
person_facing_direction,12_20,streaky,ResNet50,head_model,6,0.9533333333333334,0.5,0.9066666666666667
person_facing_direction,12_20,streaky,ResNet50,head_model,7,0.9566666666666667,0.5,0.9133333333333333
person_facing_direction,12_20,streaky,ResNet50,head_model,8,0.96,0.5,0.9199999999999999
person_facing_direction,12_20,streaky,ResNet50,head_model,9,0.9566666666666667,0.5,0.9133333333333333
person_facing_direction,12_20,streaky,ResNet50,head_model,10,0.9566666666666667,0.5,0.9133333333333333
person_facing_direction,12_20,streaky,VGG11,head_model,1,0.98,0.5,0.96
person_facing_direction,12_20,streaky,VGG11,head_model,2,0.98,0.5,0.96
person_facing_direction,12_20,streaky,VGG11,head_model,3,0.9766666666666667,0.5,0.9533333333333334
person_facing_direction,12_20,streaky,VGG11,head_model,4,0.97,0.5,0.94
person_facing_direction,12_20,streaky,VGG11,head_model,5,0.9733333333333334,0.5,0.9466666666666668
person_facing_direction,12_20,streaky,VGG11,head_model,6,0.9766666666666667,0.5,0.9533333333333334
person_facing_direction,12_20,streaky,VGG11,head_model,7,0.97,0.5,0.94
person_facing_direction,12_20,streaky,VGG11,head_model,8,0.98,0.5,0.96
person_facing_direction,12_20,streaky,VGG11,head_model,9,0.9733333333333334,0.5,0.9466666666666668
person_facing_direction,12_20,streaky,VGG11,head_model,10,0.98,0.5,0.96
person_facing_direction,12_20,streaky,VGG13,head_model,1,0.98,0.5,0.96
person_facing_direction,12_20,streaky,VGG13,head_model,2,0.9766666666666667,0.5,0.9533333333333334
person_facing_direction,12_20,streaky,VGG13,head_model,3,0.97,0.5,0.94
person_facing_direction,12_20,streaky,VGG13,head_model,4,0.9666666666666667,0.5,0.9333333333333333
person_facing_direction,12_20,streaky,VGG13,head_model,5,0.96,0.5,0.9199999999999999
person_facing_direction,12_20,streaky,VGG13,head_model,6,0.98,0.5,0.96
person_facing_direction,12_20,streaky,VGG13,head_model,7,0.9633333333333334,0.5,0.9266666666666667
person_facing_direction,12_20,streaky,VGG13,head_model,8,0.9766666666666667,0.5,0.9533333333333334
person_facing_direction,12_20,streaky,VGG13,head_model,9,0.9733333333333334,0.5,0.9466666666666668
person_facing_direction,12_20,streaky,VGG13,head_model,10,0.98,0.5,0.96
person_facing_direction,12_20,streaky,VGG16,head_model,1,0.9733333333333334,0.5,0.9466666666666668
person_facing_direction,12_20,streaky,VGG16,head_model,2,0.9733333333333334,0.5,0.9466666666666668
person_facing_direction,12_20,streaky,VGG16,head_model,3,0.9766666666666667,0.5,0.9533333333333334
person_facing_direction,12_20,streaky,VGG16,head_model,4,0.9566666666666667,0.5,0.9133333333333333
person_facing_direction,12_20,streaky,VGG16,head_model,5,0.9733333333333334,0.5,0.9466666666666668
person_facing_direction,12_20,streaky,VGG16,head_model,6,0.9833333333333333,0.5,0.9666666666666666
person_facing_direction,12_20,streaky,VGG16,head_model,7,0.98,0.5,0.96
person_facing_direction,12_20,streaky,VGG16,head_model,8,0.98,0.5,0.96
person_facing_direction,12_20,streaky,VGG16,head_model,9,0.98,0.5,0.96
person_facing_direction,12_20,streaky,VGG16,head_model,10,0.9733333333333334,0.5,0.9466666666666668
person_facing_direction,12_20,streaky,VGG19,head_model,1,0.97,0.5,0.94
person_facing_direction,12_20,streaky,VGG19,head_model,2,0.9733333333333334,0.5,0.9466666666666668
person_facing_direction,12_20,streaky,VGG19,head_model,3,0.97,0.5,0.94
person_facing_direction,12_20,streaky,VGG19,head_model,4,0.9733333333333334,0.5,0.9466666666666668
person_facing_direction,12_20,streaky,VGG19,head_model,5,0.97,0.5,0.94
person_facing_direction,12_20,streaky,VGG19,head_model,6,0.9666666666666667,0.5,0.9333333333333333
person_facing_direction,12_20,streaky,VGG19,head_model,7,0.9633333333333334,0.5,0.9266666666666667
person_facing_direction,12_20,streaky,VGG19,head_model,8,0.95,0.5,0.8999999999999999
person_facing_direction,12_20,streaky,VGG19,head_model,9,0.96,0.5,0.9199999999999999
person_facing_direction,12_20,streaky,VGG19,head_model,10,0.97,0.5,0.94
person_facing_direction,12_20,streaky,ViT Base,head_model,1,1.0,0.5,1.0
person_facing_direction,12_20,streaky,ViT Base,head_model,2,1.0,0.5,1.0
person_facing_direction,12_20,streaky,ViT Base,head_model,3,1.0,0.5,1.0
person_facing_direction,12_20,streaky,ViT Base,head_model,4,0.9966666666666667,0.5,0.9933333333333334
person_facing_direction,12_20,streaky,ViT Base,head_model,5,1.0,0.5,1.0
person_facing_direction,12_20,streaky,ViT Base,head_model,6,0.9966666666666667,0.5,0.9933333333333334
person_facing_direction,12_20,streaky,ViT Base,head_model,7,0.9966666666666667,0.5,0.9933333333333334
person_facing_direction,12_20,streaky,ViT Base,head_model,8,1.0,0.5,1.0
person_facing_direction,12_20,streaky,ViT Base,head_model,9,1.0,0.5,1.0
person_facing_direction,12_20,streaky,ViT Base,head_model,10,1.0,0.5,1.0
person_facing_direction,12_20,streaky,ViT Large,head_model,1,1.0,0.5,1.0
person_facing_direction,12_20,streaky,ViT Large,head_model,2,1.0,0.5,1.0
person_facing_direction,12_20,streaky,ViT Large,head_model,3,0.9966666666666667,0.5,0.9933333333333334
person_facing_direction,12_20,streaky,ViT Large,head_model,4,1.0,0.5,1.0
person_facing_direction,12_20,streaky,ViT Large,head_model,5,1.0,0.5,1.0
person_facing_direction,12_20,streaky,ViT Large,head_model,6,1.0,0.5,1.0
person_facing_direction,12_20,streaky,ViT Large,head_model,7,1.0,0.5,1.0
person_facing_direction,12_20,streaky,ViT Large,head_model,8,0.9933333333333333,0.5,0.9866666666666666
person_facing_direction,12_20,streaky,ViT Large,head_model,9,1.0,0.5,1.0
person_facing_direction,12_20,streaky,ViT Large,head_model,10,1.0,0.5,1.0
person_facing_direction,12_20,streaky,ViT Small,head_model,1,1.0,0.5,1.0
person_facing_direction,12_20,streaky,ViT Small,head_model,2,0.9966666666666667,0.5,0.9933333333333334
person_facing_direction,12_20,streaky,ViT Small,head_model,3,1.0,0.5,1.0
person_facing_direction,12_20,streaky,ViT Small,head_model,4,1.0,0.5,1.0
person_facing_direction,12_20,streaky,ViT Small,head_model,5,1.0,0.5,1.0
person_facing_direction,12_20,streaky,ViT Small,head_model,6,1.0,0.5,1.0
person_facing_direction,12_20,streaky,ViT Small,head_model,7,1.0,0.5,1.0
person_facing_direction,12_20,streaky,ViT Small,head_model,8,1.0,0.5,1.0
person_facing_direction,12_20,streaky,ViT Small,head_model,9,1.0,0.5,1.0
person_facing_direction,12_20,streaky,ViT Small,head_model,10,1.0,0.5,1.0
person_facing_direction,6_10,pointy,ConvNeXt Base,head_model,1,0.89,0.5,0.78
person_facing_direction,6_10,pointy,ConvNeXt Base,head_model,2,0.9,0.5,0.8
person_facing_direction,6_10,pointy,ConvNeXt Base,head_model,3,0.9,0.5,0.8
person_facing_direction,6_10,pointy,ConvNeXt Base,head_model,4,0.9066666666666666,0.5,0.8133333333333332
person_facing_direction,6_10,pointy,ConvNeXt Base,head_model,5,0.9066666666666666,0.5,0.8133333333333332
person_facing_direction,6_10,pointy,ConvNeXt Base,head_model,6,0.89,0.5,0.78
person_facing_direction,6_10,pointy,ConvNeXt Base,head_model,7,0.9,0.5,0.8
person_facing_direction,6_10,pointy,ConvNeXt Base,head_model,8,0.9066666666666666,0.5,0.8133333333333332
person_facing_direction,6_10,pointy,ConvNeXt Base,head_model,9,0.9033333333333333,0.5,0.8066666666666666
person_facing_direction,6_10,pointy,ConvNeXt Base,head_model,10,0.9066666666666666,0.5,0.8133333333333332
person_facing_direction,6_10,pointy,ConvNeXt Large,head_model,1,0.9266666666666666,0.5,0.8533333333333333
person_facing_direction,6_10,pointy,ConvNeXt Large,head_model,2,0.9266666666666666,0.5,0.8533333333333333
person_facing_direction,6_10,pointy,ConvNeXt Large,head_model,3,0.9266666666666666,0.5,0.8533333333333333
person_facing_direction,6_10,pointy,ConvNeXt Large,head_model,4,0.92,0.5,0.8400000000000001
person_facing_direction,6_10,pointy,ConvNeXt Large,head_model,5,0.9233333333333333,0.5,0.8466666666666667
person_facing_direction,6_10,pointy,ConvNeXt Large,head_model,6,0.9266666666666666,0.5,0.8533333333333333
person_facing_direction,6_10,pointy,ConvNeXt Large,head_model,7,0.93,0.5,0.8600000000000001
person_facing_direction,6_10,pointy,ConvNeXt Large,head_model,8,0.9266666666666666,0.5,0.8533333333333333
person_facing_direction,6_10,pointy,ConvNeXt Large,head_model,9,0.93,0.5,0.8600000000000001
person_facing_direction,6_10,pointy,ConvNeXt Large,head_model,10,0.9266666666666666,0.5,0.8533333333333333
person_facing_direction,6_10,pointy,ConvNeXt Small,head_model,1,0.8766666666666667,0.5,0.7533333333333334
person_facing_direction,6_10,pointy,ConvNeXt Small,head_model,2,0.87,0.5,0.74
person_facing_direction,6_10,pointy,ConvNeXt Small,head_model,3,0.8533333333333334,0.5,0.7066666666666668
person_facing_direction,6_10,pointy,ConvNeXt Small,head_model,4,0.86,0.5,0.72
person_facing_direction,6_10,pointy,ConvNeXt Small,head_model,5,0.83,0.5,0.6599999999999999
person_facing_direction,6_10,pointy,ConvNeXt Small,head_model,6,0.83,0.5,0.6599999999999999
person_facing_direction,6_10,pointy,ConvNeXt Small,head_model,7,0.8033333333333333,0.5,0.6066666666666667
person_facing_direction,6_10,pointy,ConvNeXt Small,head_model,8,0.8666666666666667,0.5,0.7333333333333334
person_facing_direction,6_10,pointy,ConvNeXt Small,head_model,9,0.8733333333333333,0.5,0.7466666666666666
person_facing_direction,6_10,pointy,ConvNeXt Small,head_model,10,0.87,0.5,0.74
person_facing_direction,6_10,pointy,ConvNeXt Tiny,head_model,1,0.86,0.5,0.72
person_facing_direction,6_10,pointy,ConvNeXt Tiny,head_model,2,0.8733333333333333,0.5,0.7466666666666666
person_facing_direction,6_10,pointy,ConvNeXt Tiny,head_model,3,0.84,0.5,0.6799999999999999
person_facing_direction,6_10,pointy,ConvNeXt Tiny,head_model,4,0.87,0.5,0.74
person_facing_direction,6_10,pointy,ConvNeXt Tiny,head_model,5,0.86,0.5,0.72
person_facing_direction,6_10,pointy,ConvNeXt Tiny,head_model,6,0.8266666666666667,0.5,0.6533333333333333
person_facing_direction,6_10,pointy,ConvNeXt Tiny,head_model,7,0.8633333333333333,0.5,0.7266666666666666
person_facing_direction,6_10,pointy,ConvNeXt Tiny,head_model,8,0.8566666666666667,0.5,0.7133333333333334
person_facing_direction,6_10,pointy,ConvNeXt Tiny,head_model,9,0.87,0.5,0.74
person_facing_direction,6_10,pointy,ConvNeXt Tiny,head_model,10,0.8733333333333333,0.5,0.7466666666666666
person_facing_direction,6_10,pointy,DINOv3 ViT Base,head_model,1,0.6433333333333333,0.5,0.2866666666666666
person_facing_direction,6_10,pointy,DINOv3 ViT Base,head_model,2,0.9433333333333334,0.5,0.8866666666666667
person_facing_direction,6_10,pointy,DINOv3 ViT Base,head_model,3,0.89,0.5,0.78
person_facing_direction,6_10,pointy,DINOv3 ViT Base,head_model,4,0.8633333333333333,0.5,0.7266666666666666
person_facing_direction,6_10,pointy,DINOv3 ViT Base,head_model,5,0.9233333333333333,0.5,0.8466666666666667
person_facing_direction,6_10,pointy,DINOv3 ViT Base,head_model,6,0.9066666666666666,0.5,0.8133333333333332
person_facing_direction,6_10,pointy,DINOv3 ViT Base,head_model,7,0.86,0.5,0.72
person_facing_direction,6_10,pointy,DINOv3 ViT Base,head_model,8,0.9566666666666667,0.5,0.9133333333333333
person_facing_direction,6_10,pointy,DINOv3 ViT Base,head_model,9,0.95,0.5,0.8999999999999999
person_facing_direction,6_10,pointy,DINOv3 ViT Base,head_model,10,0.77,0.5,0.54
person_facing_direction,6_10,pointy,ResNet18,head_model,1,0.8333333333333334,0.5,0.6666666666666667
person_facing_direction,6_10,pointy,ResNet18,head_model,2,0.83,0.5,0.6599999999999999
person_facing_direction,6_10,pointy,ResNet18,head_model,3,0.8466666666666667,0.5,0.6933333333333334
person_facing_direction,6_10,pointy,ResNet18,head_model,4,0.83,0.5,0.6599999999999999
person_facing_direction,6_10,pointy,ResNet18,head_model,5,0.8233333333333334,0.5,0.6466666666666667
person_facing_direction,6_10,pointy,ResNet18,head_model,6,0.8433333333333334,0.5,0.6866666666666668
person_facing_direction,6_10,pointy,ResNet18,head_model,7,0.73,0.5,0.45999999999999996
person_facing_direction,6_10,pointy,ResNet18,head_model,8,0.84,0.5,0.6799999999999999
person_facing_direction,6_10,pointy,ResNet18,head_model,9,0.8233333333333334,0.5,0.6466666666666667
person_facing_direction,6_10,pointy,ResNet18,head_model,10,0.83,0.5,0.6599999999999999
person_facing_direction,6_10,pointy,ResNet50,head_model,1,0.7766666666666666,0.5,0.5533333333333332
person_facing_direction,6_10,pointy,ResNet50,head_model,2,0.7666666666666667,0.5,0.5333333333333334
person_facing_direction,6_10,pointy,ResNet50,head_model,3,0.77,0.5,0.54
person_facing_direction,6_10,pointy,ResNet50,head_model,4,0.7433333333333333,0.5,0.4866666666666666
person_facing_direction,6_10,pointy,ResNet50,head_model,5,0.72,0.5,0.43999999999999995
person_facing_direction,6_10,pointy,ResNet50,head_model,6,0.7366666666666667,0.5,0.4733333333333334
person_facing_direction,6_10,pointy,ResNet50,head_model,7,0.7166666666666667,0.5,0.43333333333333335
person_facing_direction,6_10,pointy,ResNet50,head_model,8,0.7366666666666667,0.5,0.4733333333333334
person_facing_direction,6_10,pointy,ResNet50,head_model,9,0.7666666666666667,0.5,0.5333333333333334
person_facing_direction,6_10,pointy,ResNet50,head_model,10,0.77,0.5,0.54
person_facing_direction,6_10,pointy,VGG11,head_model,1,0.86,0.5,0.72
person_facing_direction,6_10,pointy,VGG11,head_model,2,0.86,0.5,0.72
person_facing_direction,6_10,pointy,VGG11,head_model,3,0.8566666666666667,0.5,0.7133333333333334
person_facing_direction,6_10,pointy,VGG11,head_model,4,0.86,0.5,0.72
person_facing_direction,6_10,pointy,VGG11,head_model,5,0.86,0.5,0.72
person_facing_direction,6_10,pointy,VGG11,head_model,6,0.81,0.5,0.6200000000000001
person_facing_direction,6_10,pointy,VGG11,head_model,7,0.8666666666666667,0.5,0.7333333333333334
person_facing_direction,6_10,pointy,VGG11,head_model,8,0.86,0.5,0.72
person_facing_direction,6_10,pointy,VGG11,head_model,9,0.86,0.5,0.72
person_facing_direction,6_10,pointy,VGG11,head_model,10,0.8633333333333333,0.5,0.7266666666666666
person_facing_direction,6_10,pointy,VGG13,head_model,1,0.8566666666666667,0.5,0.7133333333333334
person_facing_direction,6_10,pointy,VGG13,head_model,2,0.8533333333333334,0.5,0.7066666666666668
person_facing_direction,6_10,pointy,VGG13,head_model,3,0.89,0.5,0.78
person_facing_direction,6_10,pointy,VGG13,head_model,4,0.8866666666666667,0.5,0.7733333333333334
person_facing_direction,6_10,pointy,VGG13,head_model,5,0.8633333333333333,0.5,0.7266666666666666
person_facing_direction,6_10,pointy,VGG13,head_model,6,0.8833333333333333,0.5,0.7666666666666666
person_facing_direction,6_10,pointy,VGG13,head_model,7,0.8766666666666667,0.5,0.7533333333333334
person_facing_direction,6_10,pointy,VGG13,head_model,8,0.8866666666666667,0.5,0.7733333333333334
person_facing_direction,6_10,pointy,VGG13,head_model,9,0.83,0.5,0.6599999999999999
person_facing_direction,6_10,pointy,VGG13,head_model,10,0.8566666666666667,0.5,0.7133333333333334
person_facing_direction,6_10,pointy,VGG16,head_model,1,0.8133333333333334,0.5,0.6266666666666667
person_facing_direction,6_10,pointy,VGG16,head_model,2,0.82,0.5,0.6399999999999999
person_facing_direction,6_10,pointy,VGG16,head_model,3,0.8466666666666667,0.5,0.6933333333333334
person_facing_direction,6_10,pointy,VGG16,head_model,4,0.8466666666666667,0.5,0.6933333333333334
person_facing_direction,6_10,pointy,VGG16,head_model,5,0.8433333333333334,0.5,0.6866666666666668
person_facing_direction,6_10,pointy,VGG16,head_model,6,0.84,0.5,0.6799999999999999
person_facing_direction,6_10,pointy,VGG16,head_model,7,0.8466666666666667,0.5,0.6933333333333334
person_facing_direction,6_10,pointy,VGG16,head_model,8,0.8433333333333334,0.5,0.6866666666666668
person_facing_direction,6_10,pointy,VGG16,head_model,9,0.78,0.5,0.56
person_facing_direction,6_10,pointy,VGG16,head_model,10,0.8433333333333334,0.5,0.6866666666666668
person_facing_direction,6_10,pointy,VGG19,head_model,1,0.8533333333333334,0.5,0.7066666666666668
person_facing_direction,6_10,pointy,VGG19,head_model,2,0.86,0.5,0.72
person_facing_direction,6_10,pointy,VGG19,head_model,3,0.79,0.5,0.5800000000000001
person_facing_direction,6_10,pointy,VGG19,head_model,4,0.86,0.5,0.72
person_facing_direction,6_10,pointy,VGG19,head_model,5,0.8566666666666667,0.5,0.7133333333333334
person_facing_direction,6_10,pointy,VGG19,head_model,6,0.77,0.5,0.54
person_facing_direction,6_10,pointy,VGG19,head_model,7,0.86,0.5,0.72
person_facing_direction,6_10,pointy,VGG19,head_model,8,0.82,0.5,0.6399999999999999
person_facing_direction,6_10,pointy,VGG19,head_model,9,0.83,0.5,0.6599999999999999
person_facing_direction,6_10,pointy,VGG19,head_model,10,0.85,0.5,0.7
person_facing_direction,6_10,pointy,ViT Base,head_model,1,0.9566666666666667,0.5,0.9133333333333333
person_facing_direction,6_10,pointy,ViT Base,head_model,2,0.9433333333333334,0.5,0.8866666666666667
person_facing_direction,6_10,pointy,ViT Base,head_model,3,0.87,0.5,0.74
person_facing_direction,6_10,pointy,ViT Base,head_model,4,0.94,0.5,0.8799999999999999
person_facing_direction,6_10,pointy,ViT Base,head_model,5,0.99,0.5,0.98
person_facing_direction,6_10,pointy,ViT Base,head_model,6,0.97,0.5,0.94
person_facing_direction,6_10,pointy,ViT Base,head_model,7,0.97,0.5,0.94
person_facing_direction,6_10,pointy,ViT Base,head_model,8,0.6466666666666666,0.5,0.2933333333333332
person_facing_direction,6_10,pointy,ViT Base,head_model,9,0.9733333333333334,0.5,0.9466666666666668
person_facing_direction,6_10,pointy,ViT Base,head_model,10,0.9333333333333333,0.5,0.8666666666666667
person_facing_direction,6_10,pointy,ViT Large,head_model,1,0.9866666666666667,0.5,0.9733333333333334
person_facing_direction,6_10,pointy,ViT Large,head_model,2,0.9666666666666667,0.5,0.9333333333333333
person_facing_direction,6_10,pointy,ViT Large,head_model,3,0.9566666666666667,0.5,0.9133333333333333
person_facing_direction,6_10,pointy,ViT Large,head_model,4,1.0,0.5,1.0
person_facing_direction,6_10,pointy,ViT Large,head_model,5,0.9966666666666667,0.5,0.9933333333333334
person_facing_direction,6_10,pointy,ViT Large,head_model,6,0.9966666666666667,0.5,0.9933333333333334
person_facing_direction,6_10,pointy,ViT Large,head_model,7,0.9966666666666667,0.5,0.9933333333333334
person_facing_direction,6_10,pointy,ViT Large,head_model,8,0.9666666666666667,0.5,0.9333333333333333
person_facing_direction,6_10,pointy,ViT Large,head_model,9,0.9866666666666667,0.5,0.9733333333333334
person_facing_direction,6_10,pointy,ViT Large,head_model,10,0.91,0.5,0.8200000000000001
person_facing_direction,6_10,pointy,ViT Small,head_model,1,0.99,0.5,0.98
person_facing_direction,6_10,pointy,ViT Small,head_model,2,0.9266666666666666,0.5,0.8533333333333333
person_facing_direction,6_10,pointy,ViT Small,head_model,3,0.96,0.5,0.9199999999999999
person_facing_direction,6_10,pointy,ViT Small,head_model,4,0.9966666666666667,0.5,0.9933333333333334
person_facing_direction,6_10,pointy,ViT Small,head_model,5,0.99,0.5,0.98
person_facing_direction,6_10,pointy,ViT Small,head_model,6,0.9866666666666667,0.5,0.9733333333333334
person_facing_direction,6_10,pointy,ViT Small,head_model,7,0.98,0.5,0.96
person_facing_direction,6_10,pointy,ViT Small,head_model,8,0.98,0.5,0.96
person_facing_direction,6_10,pointy,ViT Small,head_model,9,0.97,0.5,0.94
person_facing_direction,6_10,pointy,ViT Small,head_model,10,0.9133333333333333,0.5,0.8266666666666667
person_facing_direction,6_10,streaky,ConvNeXt Base,head_model,1,0.88,0.5,0.76
person_facing_direction,6_10,streaky,ConvNeXt Base,head_model,2,0.8833333333333333,0.5,0.7666666666666666
person_facing_direction,6_10,streaky,ConvNeXt Base,head_model,3,0.8733333333333333,0.5,0.7466666666666666
person_facing_direction,6_10,streaky,ConvNeXt Base,head_model,4,0.89,0.5,0.78
person_facing_direction,6_10,streaky,ConvNeXt Base,head_model,5,0.8833333333333333,0.5,0.7666666666666666
person_facing_direction,6_10,streaky,ConvNeXt Base,head_model,6,0.8733333333333333,0.5,0.7466666666666666
person_facing_direction,6_10,streaky,ConvNeXt Base,head_model,7,0.8866666666666667,0.5,0.7733333333333334
person_facing_direction,6_10,streaky,ConvNeXt Base,head_model,8,0.8866666666666667,0.5,0.7733333333333334
person_facing_direction,6_10,streaky,ConvNeXt Base,head_model,9,0.8766666666666667,0.5,0.7533333333333334
person_facing_direction,6_10,streaky,ConvNeXt Base,head_model,10,0.8933333333333333,0.5,0.7866666666666666
person_facing_direction,6_10,streaky,ConvNeXt Large,head_model,1,0.9433333333333334,0.5,0.8866666666666667
person_facing_direction,6_10,streaky,ConvNeXt Large,head_model,2,0.94,0.5,0.8799999999999999
person_facing_direction,6_10,streaky,ConvNeXt Large,head_model,3,0.94,0.5,0.8799999999999999
person_facing_direction,6_10,streaky,ConvNeXt Large,head_model,4,0.94,0.5,0.8799999999999999
person_facing_direction,6_10,streaky,ConvNeXt Large,head_model,5,0.96,0.5,0.9199999999999999
person_facing_direction,6_10,streaky,ConvNeXt Large,head_model,6,0.9366666666666666,0.5,0.8733333333333333
person_facing_direction,6_10,streaky,ConvNeXt Large,head_model,7,0.95,0.5,0.8999999999999999
person_facing_direction,6_10,streaky,ConvNeXt Large,head_model,8,0.9433333333333334,0.5,0.8866666666666667
person_facing_direction,6_10,streaky,ConvNeXt Large,head_model,9,0.95,0.5,0.8999999999999999
person_facing_direction,6_10,streaky,ConvNeXt Large,head_model,10,0.9533333333333334,0.5,0.9066666666666667
person_facing_direction,6_10,streaky,ConvNeXt Small,head_model,1,0.9366666666666666,0.5,0.8733333333333333
person_facing_direction,6_10,streaky,ConvNeXt Small,head_model,2,0.9433333333333334,0.5,0.8866666666666667
person_facing_direction,6_10,streaky,ConvNeXt Small,head_model,3,0.9466666666666667,0.5,0.8933333333333333
person_facing_direction,6_10,streaky,ConvNeXt Small,head_model,4,0.9366666666666666,0.5,0.8733333333333333
person_facing_direction,6_10,streaky,ConvNeXt Small,head_model,5,0.9366666666666666,0.5,0.8733333333333333
person_facing_direction,6_10,streaky,ConvNeXt Small,head_model,6,0.9066666666666666,0.5,0.8133333333333332
person_facing_direction,6_10,streaky,ConvNeXt Small,head_model,7,0.95,0.5,0.8999999999999999
person_facing_direction,6_10,streaky,ConvNeXt Small,head_model,8,0.9466666666666667,0.5,0.8933333333333333
person_facing_direction,6_10,streaky,ConvNeXt Small,head_model,9,0.93,0.5,0.8600000000000001
person_facing_direction,6_10,streaky,ConvNeXt Small,head_model,10,0.9433333333333334,0.5,0.8866666666666667
person_facing_direction,6_10,streaky,ConvNeXt Tiny,head_model,1,0.8966666666666666,0.5,0.7933333333333332
person_facing_direction,6_10,streaky,ConvNeXt Tiny,head_model,2,0.8966666666666666,0.5,0.7933333333333332
person_facing_direction,6_10,streaky,ConvNeXt Tiny,head_model,3,0.8966666666666666,0.5,0.7933333333333332
person_facing_direction,6_10,streaky,ConvNeXt Tiny,head_model,4,0.9,0.5,0.8
person_facing_direction,6_10,streaky,ConvNeXt Tiny,head_model,5,0.89,0.5,0.78
person_facing_direction,6_10,streaky,ConvNeXt Tiny,head_model,6,0.89,0.5,0.78
person_facing_direction,6_10,streaky,ConvNeXt Tiny,head_model,7,0.89,0.5,0.78
person_facing_direction,6_10,streaky,ConvNeXt Tiny,head_model,8,0.89,0.5,0.78
person_facing_direction,6_10,streaky,ConvNeXt Tiny,head_model,9,0.87,0.5,0.74
person_facing_direction,6_10,streaky,ConvNeXt Tiny,head_model,10,0.8933333333333333,0.5,0.7866666666666666
person_facing_direction,6_10,streaky,DINOv3 ViT Base,head_model,1,0.9866666666666667,0.5,0.9733333333333334
person_facing_direction,6_10,streaky,DINOv3 ViT Base,head_model,2,0.94,0.5,0.8799999999999999
person_facing_direction,6_10,streaky,DINOv3 ViT Base,head_model,3,0.86,0.5,0.72
person_facing_direction,6_10,streaky,DINOv3 ViT Base,head_model,4,0.99,0.5,0.98
person_facing_direction,6_10,streaky,DINOv3 ViT Base,head_model,5,0.9033333333333333,0.5,0.8066666666666666
person_facing_direction,6_10,streaky,DINOv3 ViT Base,head_model,6,0.98,0.5,0.96
person_facing_direction,6_10,streaky,DINOv3 ViT Base,head_model,7,0.96,0.5,0.9199999999999999
person_facing_direction,6_10,streaky,DINOv3 ViT Base,head_model,8,0.8233333333333334,0.5,0.6466666666666667
person_facing_direction,6_10,streaky,DINOv3 ViT Base,head_model,9,0.98,0.5,0.96
person_facing_direction,6_10,streaky,DINOv3 ViT Base,head_model,10,0.85,0.5,0.7
person_facing_direction,6_10,streaky,ResNet18,head_model,1,0.8,0.5,0.6000000000000001
person_facing_direction,6_10,streaky,ResNet18,head_model,2,0.7633333333333333,0.5,0.5266666666666666
person_facing_direction,6_10,streaky,ResNet18,head_model,3,0.7866666666666666,0.5,0.5733333333333333
person_facing_direction,6_10,streaky,ResNet18,head_model,4,0.79,0.5,0.5800000000000001
person_facing_direction,6_10,streaky,ResNet18,head_model,5,0.7833333333333333,0.5,0.5666666666666667
person_facing_direction,6_10,streaky,ResNet18,head_model,6,0.78,0.5,0.56
person_facing_direction,6_10,streaky,ResNet18,head_model,7,0.79,0.5,0.5800000000000001
person_facing_direction,6_10,streaky,ResNet18,head_model,8,0.79,0.5,0.5800000000000001
person_facing_direction,6_10,streaky,ResNet18,head_model,9,0.7866666666666666,0.5,0.5733333333333333
person_facing_direction,6_10,streaky,ResNet18,head_model,10,0.78,0.5,0.56
person_facing_direction,6_10,streaky,ResNet50,head_model,1,0.8533333333333334,0.5,0.7066666666666668
person_facing_direction,6_10,streaky,ResNet50,head_model,2,0.8333333333333334,0.5,0.6666666666666667
person_facing_direction,6_10,streaky,ResNet50,head_model,3,0.8566666666666667,0.5,0.7133333333333334
person_facing_direction,6_10,streaky,ResNet50,head_model,4,0.8466666666666667,0.5,0.6933333333333334
person_facing_direction,6_10,streaky,ResNet50,head_model,5,0.8566666666666667,0.5,0.7133333333333334
person_facing_direction,6_10,streaky,ResNet50,head_model,6,0.8333333333333334,0.5,0.6666666666666667
person_facing_direction,6_10,streaky,ResNet50,head_model,7,0.8566666666666667,0.5,0.7133333333333334
person_facing_direction,6_10,streaky,ResNet50,head_model,8,0.86,0.5,0.72
person_facing_direction,6_10,streaky,ResNet50,head_model,9,0.8466666666666667,0.5,0.6933333333333334
person_facing_direction,6_10,streaky,ResNet50,head_model,10,0.86,0.5,0.72
person_facing_direction,6_10,streaky,VGG11,head_model,1,0.9433333333333334,0.5,0.8866666666666667
person_facing_direction,6_10,streaky,VGG11,head_model,2,0.9533333333333334,0.5,0.9066666666666667
person_facing_direction,6_10,streaky,VGG11,head_model,3,0.9566666666666667,0.5,0.9133333333333333
person_facing_direction,6_10,streaky,VGG11,head_model,4,0.9233333333333333,0.5,0.8466666666666667
person_facing_direction,6_10,streaky,VGG11,head_model,5,0.95,0.5,0.8999999999999999
person_facing_direction,6_10,streaky,VGG11,head_model,6,0.9433333333333334,0.5,0.8866666666666667
person_facing_direction,6_10,streaky,VGG11,head_model,7,0.9533333333333334,0.5,0.9066666666666667
person_facing_direction,6_10,streaky,VGG11,head_model,8,0.9433333333333334,0.5,0.8866666666666667
person_facing_direction,6_10,streaky,VGG11,head_model,9,0.95,0.5,0.8999999999999999
person_facing_direction,6_10,streaky,VGG11,head_model,10,0.9533333333333334,0.5,0.9066666666666667
person_facing_direction,6_10,streaky,VGG13,head_model,1,0.87,0.5,0.74
person_facing_direction,6_10,streaky,VGG13,head_model,2,0.88,0.5,0.76
person_facing_direction,6_10,streaky,VGG13,head_model,3,0.88,0.5,0.76
person_facing_direction,6_10,streaky,VGG13,head_model,4,0.85,0.5,0.7
person_facing_direction,6_10,streaky,VGG13,head_model,5,0.87,0.5,0.74
person_facing_direction,6_10,streaky,VGG13,head_model,6,0.8466666666666667,0.5,0.6933333333333334
person_facing_direction,6_10,streaky,VGG13,head_model,7,0.88,0.5,0.76
person_facing_direction,6_10,streaky,VGG13,head_model,8,0.88,0.5,0.76
person_facing_direction,6_10,streaky,VGG13,head_model,9,0.88,0.5,0.76
person_facing_direction,6_10,streaky,VGG13,head_model,10,0.87,0.5,0.74
person_facing_direction,6_10,streaky,VGG16,head_model,1,0.9,0.5,0.8
person_facing_direction,6_10,streaky,VGG16,head_model,2,0.89,0.5,0.78
person_facing_direction,6_10,streaky,VGG16,head_model,3,0.9033333333333333,0.5,0.8066666666666666
person_facing_direction,6_10,streaky,VGG16,head_model,4,0.8766666666666667,0.5,0.7533333333333334
person_facing_direction,6_10,streaky,VGG16,head_model,5,0.8966666666666666,0.5,0.7933333333333332
person_facing_direction,6_10,streaky,VGG16,head_model,6,0.8833333333333333,0.5,0.7666666666666666
person_facing_direction,6_10,streaky,VGG16,head_model,7,0.8966666666666666,0.5,0.7933333333333332
person_facing_direction,6_10,streaky,VGG16,head_model,8,0.8833333333333333,0.5,0.7666666666666666
person_facing_direction,6_10,streaky,VGG16,head_model,9,0.89,0.5,0.78
person_facing_direction,6_10,streaky,VGG16,head_model,10,0.89,0.5,0.78
person_facing_direction,6_10,streaky,VGG19,head_model,1,0.8866666666666667,0.5,0.7733333333333334
person_facing_direction,6_10,streaky,VGG19,head_model,2,0.8966666666666666,0.5,0.7933333333333332
person_facing_direction,6_10,streaky,VGG19,head_model,3,0.89,0.5,0.78
person_facing_direction,6_10,streaky,VGG19,head_model,4,0.89,0.5,0.78
person_facing_direction,6_10,streaky,VGG19,head_model,5,0.8766666666666667,0.5,0.7533333333333334
person_facing_direction,6_10,streaky,VGG19,head_model,6,0.85,0.5,0.7
person_facing_direction,6_10,streaky,VGG19,head_model,7,0.8933333333333333,0.5,0.7866666666666666
person_facing_direction,6_10,streaky,VGG19,head_model,8,0.9066666666666666,0.5,0.8133333333333332
person_facing_direction,6_10,streaky,VGG19,head_model,9,0.9066666666666666,0.5,0.8133333333333332
person_facing_direction,6_10,streaky,VGG19,head_model,10,0.8766666666666667,0.5,0.7533333333333334
person_facing_direction,6_10,streaky,ViT Base,head_model,1,0.9233333333333333,0.5,0.8466666666666667
person_facing_direction,6_10,streaky,ViT Base,head_model,2,1.0,0.5,1.0
person_facing_direction,6_10,streaky,ViT Base,head_model,3,0.99,0.5,0.98
person_facing_direction,6_10,streaky,ViT Base,head_model,4,0.9966666666666667,0.5,0.9933333333333334
person_facing_direction,6_10,streaky,ViT Base,head_model,5,0.9966666666666667,0.5,0.9933333333333334
person_facing_direction,6_10,streaky,ViT Base,head_model,6,0.9966666666666667,0.5,0.9933333333333334
person_facing_direction,6_10,streaky,ViT Base,head_model,7,0.9966666666666667,0.5,0.9933333333333334
person_facing_direction,6_10,streaky,ViT Base,head_model,8,1.0,0.5,1.0
person_facing_direction,6_10,streaky,ViT Base,head_model,9,1.0,0.5,1.0
person_facing_direction,6_10,streaky,ViT Base,head_model,10,1.0,0.5,1.0
person_facing_direction,6_10,streaky,ViT Large,head_model,1,1.0,0.5,1.0
person_facing_direction,6_10,streaky,ViT Large,head_model,2,1.0,0.5,1.0
person_facing_direction,6_10,streaky,ViT Large,head_model,3,0.9966666666666667,0.5,0.9933333333333334
person_facing_direction,6_10,streaky,ViT Large,head_model,4,1.0,0.5,1.0
person_facing_direction,6_10,streaky,ViT Large,head_model,5,0.9933333333333333,0.5,0.9866666666666666
person_facing_direction,6_10,streaky,ViT Large,head_model,6,0.9966666666666667,0.5,0.9933333333333334
person_facing_direction,6_10,streaky,ViT Large,head_model,7,0.99,0.5,0.98
person_facing_direction,6_10,streaky,ViT Large,head_model,8,1.0,0.5,1.0
person_facing_direction,6_10,streaky,ViT Large,head_model,9,0.98,0.5,0.96
person_facing_direction,6_10,streaky,ViT Large,head_model,10,0.9966666666666667,0.5,0.9933333333333334
person_facing_direction,6_10,streaky,ViT Small,head_model,1,0.9966666666666667,0.5,0.9933333333333334
person_facing_direction,6_10,streaky,ViT Small,head_model,2,0.9966666666666667,0.5,0.9933333333333334
person_facing_direction,6_10,streaky,ViT Small,head_model,3,0.96,0.5,0.9199999999999999
person_facing_direction,6_10,streaky,ViT Small,head_model,4,1.0,0.5,1.0
person_facing_direction,6_10,streaky,ViT Small,head_model,5,1.0,0.5,1.0
person_facing_direction,6_10,streaky,ViT Small,head_model,6,1.0,0.5,1.0
person_facing_direction,6_10,streaky,ViT Small,head_model,7,1.0,0.5,1.0
person_facing_direction,6_10,streaky,ViT Small,head_model,8,0.9966666666666667,0.5,0.9933333333333334
person_facing_direction,6_10,streaky,ViT Small,head_model,9,1.0,0.5,1.0
person_facing_direction,6_10,streaky,ViT Small,head_model,10,0.9966666666666667,0.5,0.9933333333333334
person_facing_direction,6_15,pointy,ConvNeXt Base,head_model,1,0.9033333333333333,0.5,0.8066666666666666
person_facing_direction,6_15,pointy,ConvNeXt Base,head_model,2,0.8966666666666666,0.5,0.7933333333333332
person_facing_direction,6_15,pointy,ConvNeXt Base,head_model,3,0.9266666666666666,0.5,0.8533333333333333
person_facing_direction,6_15,pointy,ConvNeXt Base,head_model,4,0.9033333333333333,0.5,0.8066666666666666
person_facing_direction,6_15,pointy,ConvNeXt Base,head_model,5,0.9233333333333333,0.5,0.8466666666666667
person_facing_direction,6_15,pointy,ConvNeXt Base,head_model,6,0.9033333333333333,0.5,0.8066666666666666
person_facing_direction,6_15,pointy,ConvNeXt Base,head_model,7,0.92,0.5,0.8400000000000001
person_facing_direction,6_15,pointy,ConvNeXt Base,head_model,8,0.88,0.5,0.76
person_facing_direction,6_15,pointy,ConvNeXt Base,head_model,9,0.9,0.5,0.8
person_facing_direction,6_15,pointy,ConvNeXt Base,head_model,10,0.92,0.5,0.8400000000000001
person_facing_direction,6_15,pointy,ConvNeXt Large,head_model,1,0.9466666666666667,0.5,0.8933333333333333
person_facing_direction,6_15,pointy,ConvNeXt Large,head_model,2,0.9333333333333333,0.5,0.8666666666666667
person_facing_direction,6_15,pointy,ConvNeXt Large,head_model,3,0.95,0.5,0.8999999999999999
person_facing_direction,6_15,pointy,ConvNeXt Large,head_model,4,0.94,0.5,0.8799999999999999
person_facing_direction,6_15,pointy,ConvNeXt Large,head_model,5,0.95,0.5,0.8999999999999999
person_facing_direction,6_15,pointy,ConvNeXt Large,head_model,6,0.94,0.5,0.8799999999999999
person_facing_direction,6_15,pointy,ConvNeXt Large,head_model,7,0.9433333333333334,0.5,0.8866666666666667
person_facing_direction,6_15,pointy,ConvNeXt Large,head_model,8,0.93,0.5,0.8600000000000001
person_facing_direction,6_15,pointy,ConvNeXt Large,head_model,9,0.9466666666666667,0.5,0.8933333333333333
person_facing_direction,6_15,pointy,ConvNeXt Large,head_model,10,0.9433333333333334,0.5,0.8866666666666667
person_facing_direction,6_15,pointy,ConvNeXt Small,head_model,1,0.9066666666666666,0.5,0.8133333333333332
person_facing_direction,6_15,pointy,ConvNeXt Small,head_model,2,0.9,0.5,0.8
person_facing_direction,6_15,pointy,ConvNeXt Small,head_model,3,0.8966666666666666,0.5,0.7933333333333332
person_facing_direction,6_15,pointy,ConvNeXt Small,head_model,4,0.9133333333333333,0.5,0.8266666666666667
person_facing_direction,6_15,pointy,ConvNeXt Small,head_model,5,0.9133333333333333,0.5,0.8266666666666667
person_facing_direction,6_15,pointy,ConvNeXt Small,head_model,6,0.9033333333333333,0.5,0.8066666666666666
person_facing_direction,6_15,pointy,ConvNeXt Small,head_model,7,0.9,0.5,0.8
person_facing_direction,6_15,pointy,ConvNeXt Small,head_model,8,0.9066666666666666,0.5,0.8133333333333332
person_facing_direction,6_15,pointy,ConvNeXt Small,head_model,9,0.9066666666666666,0.5,0.8133333333333332
person_facing_direction,6_15,pointy,ConvNeXt Small,head_model,10,0.9133333333333333,0.5,0.8266666666666667
person_facing_direction,6_15,pointy,ConvNeXt Tiny,head_model,1,0.9066666666666666,0.5,0.8133333333333332
person_facing_direction,6_15,pointy,ConvNeXt Tiny,head_model,2,0.9066666666666666,0.5,0.8133333333333332
person_facing_direction,6_15,pointy,ConvNeXt Tiny,head_model,3,0.9066666666666666,0.5,0.8133333333333332
person_facing_direction,6_15,pointy,ConvNeXt Tiny,head_model,4,0.9166666666666666,0.5,0.8333333333333333
person_facing_direction,6_15,pointy,ConvNeXt Tiny,head_model,5,0.91,0.5,0.8200000000000001
person_facing_direction,6_15,pointy,ConvNeXt Tiny,head_model,6,0.9066666666666666,0.5,0.8133333333333332
person_facing_direction,6_15,pointy,ConvNeXt Tiny,head_model,7,0.9266666666666666,0.5,0.8533333333333333
person_facing_direction,6_15,pointy,ConvNeXt Tiny,head_model,8,0.88,0.5,0.76
person_facing_direction,6_15,pointy,ConvNeXt Tiny,head_model,9,0.9066666666666666,0.5,0.8133333333333332
person_facing_direction,6_15,pointy,ConvNeXt Tiny,head_model,10,0.9066666666666666,0.5,0.8133333333333332
person_facing_direction,6_15,pointy,DINOv3 ViT Base,head_model,1,0.98,0.5,0.96
person_facing_direction,6_15,pointy,DINOv3 ViT Base,head_model,2,0.9866666666666667,0.5,0.9733333333333334
person_facing_direction,6_15,pointy,DINOv3 ViT Base,head_model,3,0.83,0.5,0.6599999999999999
person_facing_direction,6_15,pointy,DINOv3 ViT Base,head_model,4,0.8933333333333333,0.5,0.7866666666666666
person_facing_direction,6_15,pointy,DINOv3 ViT Base,head_model,5,0.9966666666666667,0.5,0.9933333333333334
person_facing_direction,6_15,pointy,DINOv3 ViT Base,head_model,6,0.9266666666666666,0.5,0.8533333333333333
person_facing_direction,6_15,pointy,DINOv3 ViT Base,head_model,7,0.9633333333333334,0.5,0.9266666666666667
person_facing_direction,6_15,pointy,DINOv3 ViT Base,head_model,8,0.9833333333333333,0.5,0.9666666666666666
person_facing_direction,6_15,pointy,DINOv3 ViT Base,head_model,9,0.9633333333333334,0.5,0.9266666666666667
person_facing_direction,6_15,pointy,DINOv3 ViT Base,head_model,10,0.9933333333333333,0.5,0.9866666666666666
person_facing_direction,6_15,pointy,ResNet18,head_model,1,0.7733333333333333,0.5,0.5466666666666666
person_facing_direction,6_15,pointy,ResNet18,head_model,2,0.7866666666666666,0.5,0.5733333333333333
person_facing_direction,6_15,pointy,ResNet18,head_model,3,0.79,0.5,0.5800000000000001
person_facing_direction,6_15,pointy,ResNet18,head_model,4,0.7433333333333333,0.5,0.4866666666666666
person_facing_direction,6_15,pointy,ResNet18,head_model,5,0.7933333333333333,0.5,0.5866666666666667
person_facing_direction,6_15,pointy,ResNet18,head_model,6,0.7633333333333333,0.5,0.5266666666666666
person_facing_direction,6_15,pointy,ResNet18,head_model,7,0.7933333333333333,0.5,0.5866666666666667
person_facing_direction,6_15,pointy,ResNet18,head_model,8,0.7733333333333333,0.5,0.5466666666666666
person_facing_direction,6_15,pointy,ResNet18,head_model,9,0.78,0.5,0.56
person_facing_direction,6_15,pointy,ResNet18,head_model,10,0.78,0.5,0.56
person_facing_direction,6_15,pointy,ResNet50,head_model,1,0.84,0.5,0.6799999999999999
person_facing_direction,6_15,pointy,ResNet50,head_model,2,0.8366666666666667,0.5,0.6733333333333333
person_facing_direction,6_15,pointy,ResNet50,head_model,3,0.8533333333333334,0.5,0.7066666666666668
person_facing_direction,6_15,pointy,ResNet50,head_model,4,0.8533333333333334,0.5,0.7066666666666668
person_facing_direction,6_15,pointy,ResNet50,head_model,5,0.8466666666666667,0.5,0.6933333333333334
person_facing_direction,6_15,pointy,ResNet50,head_model,6,0.8433333333333334,0.5,0.6866666666666668
person_facing_direction,6_15,pointy,ResNet50,head_model,7,0.86,0.5,0.72
person_facing_direction,6_15,pointy,ResNet50,head_model,8,0.8466666666666667,0.5,0.6933333333333334
person_facing_direction,6_15,pointy,ResNet50,head_model,9,0.85,0.5,0.7
person_facing_direction,6_15,pointy,ResNet50,head_model,10,0.8533333333333334,0.5,0.7066666666666668
person_facing_direction,6_15,pointy,VGG11,head_model,1,0.8866666666666667,0.5,0.7733333333333334
person_facing_direction,6_15,pointy,VGG11,head_model,2,0.88,0.5,0.76
person_facing_direction,6_15,pointy,VGG11,head_model,3,0.88,0.5,0.76
person_facing_direction,6_15,pointy,VGG11,head_model,4,0.8866666666666667,0.5,0.7733333333333334
person_facing_direction,6_15,pointy,VGG11,head_model,5,0.8833333333333333,0.5,0.7666666666666666
person_facing_direction,6_15,pointy,VGG11,head_model,6,0.86,0.5,0.72
person_facing_direction,6_15,pointy,VGG11,head_model,7,0.8833333333333333,0.5,0.7666666666666666
person_facing_direction,6_15,pointy,VGG11,head_model,8,0.87,0.5,0.74
person_facing_direction,6_15,pointy,VGG11,head_model,9,0.8866666666666667,0.5,0.7733333333333334
person_facing_direction,6_15,pointy,VGG11,head_model,10,0.8566666666666667,0.5,0.7133333333333334
person_facing_direction,6_15,pointy,VGG13,head_model,1,0.8666666666666667,0.5,0.7333333333333334
person_facing_direction,6_15,pointy,VGG13,head_model,2,0.8666666666666667,0.5,0.7333333333333334
person_facing_direction,6_15,pointy,VGG13,head_model,3,0.8666666666666667,0.5,0.7333333333333334
person_facing_direction,6_15,pointy,VGG13,head_model,4,0.8666666666666667,0.5,0.7333333333333334
person_facing_direction,6_15,pointy,VGG13,head_model,5,0.8766666666666667,0.5,0.7533333333333334
person_facing_direction,6_15,pointy,VGG13,head_model,6,0.8633333333333333,0.5,0.7266666666666666
person_facing_direction,6_15,pointy,VGG13,head_model,7,0.87,0.5,0.74
person_facing_direction,6_15,pointy,VGG13,head_model,8,0.8733333333333333,0.5,0.7466666666666666
person_facing_direction,6_15,pointy,VGG13,head_model,9,0.8666666666666667,0.5,0.7333333333333334
person_facing_direction,6_15,pointy,VGG13,head_model,10,0.8666666666666667,0.5,0.7333333333333334
person_facing_direction,6_15,pointy,VGG16,head_model,1,0.89,0.5,0.78
person_facing_direction,6_15,pointy,VGG16,head_model,2,0.8866666666666667,0.5,0.7733333333333334
person_facing_direction,6_15,pointy,VGG16,head_model,3,0.8933333333333333,0.5,0.7866666666666666
person_facing_direction,6_15,pointy,VGG16,head_model,4,0.8933333333333333,0.5,0.7866666666666666
person_facing_direction,6_15,pointy,VGG16,head_model,5,0.8833333333333333,0.5,0.7666666666666666
person_facing_direction,6_15,pointy,VGG16,head_model,6,0.8933333333333333,0.5,0.7866666666666666
person_facing_direction,6_15,pointy,VGG16,head_model,7,0.8866666666666667,0.5,0.7733333333333334
person_facing_direction,6_15,pointy,VGG16,head_model,8,0.9,0.5,0.8
person_facing_direction,6_15,pointy,VGG16,head_model,9,0.8766666666666667,0.5,0.7533333333333334
person_facing_direction,6_15,pointy,VGG16,head_model,10,0.8866666666666667,0.5,0.7733333333333334
person_facing_direction,6_15,pointy,VGG19,head_model,1,0.8866666666666667,0.5,0.7733333333333334
person_facing_direction,6_15,pointy,VGG19,head_model,2,0.89,0.5,0.78
person_facing_direction,6_15,pointy,VGG19,head_model,3,0.8866666666666667,0.5,0.7733333333333334
person_facing_direction,6_15,pointy,VGG19,head_model,4,0.89,0.5,0.78
person_facing_direction,6_15,pointy,VGG19,head_model,5,0.8866666666666667,0.5,0.7733333333333334
person_facing_direction,6_15,pointy,VGG19,head_model,6,0.8533333333333334,0.5,0.7066666666666668
person_facing_direction,6_15,pointy,VGG19,head_model,7,0.88,0.5,0.76
person_facing_direction,6_15,pointy,VGG19,head_model,8,0.85,0.5,0.7
person_facing_direction,6_15,pointy,VGG19,head_model,9,0.89,0.5,0.78
person_facing_direction,6_15,pointy,VGG19,head_model,10,0.88,0.5,0.76
person_facing_direction,6_15,pointy,ViT Base,head_model,1,0.9833333333333333,0.5,0.9666666666666666
person_facing_direction,6_15,pointy,ViT Base,head_model,2,0.9666666666666667,0.5,0.9333333333333333
person_facing_direction,6_15,pointy,ViT Base,head_model,3,0.9966666666666667,0.5,0.9933333333333334
person_facing_direction,6_15,pointy,ViT Base,head_model,4,0.9966666666666667,0.5,0.9933333333333334
person_facing_direction,6_15,pointy,ViT Base,head_model,5,1.0,0.5,1.0
person_facing_direction,6_15,pointy,ViT Base,head_model,6,0.9866666666666667,0.5,0.9733333333333334
person_facing_direction,6_15,pointy,ViT Base,head_model,7,0.9566666666666667,0.5,0.9133333333333333
person_facing_direction,6_15,pointy,ViT Base,head_model,8,0.9933333333333333,0.5,0.9866666666666666
person_facing_direction,6_15,pointy,ViT Base,head_model,9,0.9833333333333333,0.5,0.9666666666666666
person_facing_direction,6_15,pointy,ViT Base,head_model,10,0.9966666666666667,0.5,0.9933333333333334
person_facing_direction,6_15,pointy,ViT Large,head_model,1,1.0,0.5,1.0
person_facing_direction,6_15,pointy,ViT Large,head_model,2,0.9933333333333333,0.5,0.9866666666666666
person_facing_direction,6_15,pointy,ViT Large,head_model,3,1.0,0.5,1.0
person_facing_direction,6_15,pointy,ViT Large,head_model,4,1.0,0.5,1.0
person_facing_direction,6_15,pointy,ViT Large,head_model,5,1.0,0.5,1.0
person_facing_direction,6_15,pointy,ViT Large,head_model,6,0.9966666666666667,0.5,0.9933333333333334
person_facing_direction,6_15,pointy,ViT Large,head_model,7,1.0,0.5,1.0
person_facing_direction,6_15,pointy,ViT Large,head_model,8,1.0,0.5,1.0
person_facing_direction,6_15,pointy,ViT Large,head_model,9,1.0,0.5,1.0
person_facing_direction,6_15,pointy,ViT Large,head_model,10,1.0,0.5,1.0
person_facing_direction,6_15,pointy,ViT Small,head_model,1,1.0,0.5,1.0
person_facing_direction,6_15,pointy,ViT Small,head_model,2,0.9966666666666667,0.5,0.9933333333333334
person_facing_direction,6_15,pointy,ViT Small,head_model,3,1.0,0.5,1.0
person_facing_direction,6_15,pointy,ViT Small,head_model,4,1.0,0.5,1.0
person_facing_direction,6_15,pointy,ViT Small,head_model,5,1.0,0.5,1.0
person_facing_direction,6_15,pointy,ViT Small,head_model,6,0.99,0.5,0.98
person_facing_direction,6_15,pointy,ViT Small,head_model,7,0.9966666666666667,0.5,0.9933333333333334
person_facing_direction,6_15,pointy,ViT Small,head_model,8,1.0,0.5,1.0
person_facing_direction,6_15,pointy,ViT Small,head_model,9,1.0,0.5,1.0
person_facing_direction,6_15,pointy,ViT Small,head_model,10,1.0,0.5,1.0
person_facing_direction,6_15,streaky,ConvNeXt Base,head_model,1,0.9633333333333334,0.5,0.9266666666666667
person_facing_direction,6_15,streaky,ConvNeXt Base,head_model,2,0.9666666666666667,0.5,0.9333333333333333
person_facing_direction,6_15,streaky,ConvNeXt Base,head_model,3,0.9566666666666667,0.5,0.9133333333333333
person_facing_direction,6_15,streaky,ConvNeXt Base,head_model,4,0.9666666666666667,0.5,0.9333333333333333
person_facing_direction,6_15,streaky,ConvNeXt Base,head_model,5,0.9633333333333334,0.5,0.9266666666666667
person_facing_direction,6_15,streaky,ConvNeXt Base,head_model,6,0.9633333333333334,0.5,0.9266666666666667
person_facing_direction,6_15,streaky,ConvNeXt Base,head_model,7,0.9633333333333334,0.5,0.9266666666666667
person_facing_direction,6_15,streaky,ConvNeXt Base,head_model,8,0.9633333333333334,0.5,0.9266666666666667
person_facing_direction,6_15,streaky,ConvNeXt Base,head_model,9,0.9633333333333334,0.5,0.9266666666666667
person_facing_direction,6_15,streaky,ConvNeXt Base,head_model,10,0.9566666666666667,0.5,0.9133333333333333
person_facing_direction,6_15,streaky,ConvNeXt Large,head_model,1,0.96,0.5,0.9199999999999999
person_facing_direction,6_15,streaky,ConvNeXt Large,head_model,2,0.9666666666666667,0.5,0.9333333333333333
person_facing_direction,6_15,streaky,ConvNeXt Large,head_model,3,0.96,0.5,0.9199999999999999
person_facing_direction,6_15,streaky,ConvNeXt Large,head_model,4,0.9633333333333334,0.5,0.9266666666666667
person_facing_direction,6_15,streaky,ConvNeXt Large,head_model,5,0.96,0.5,0.9199999999999999
person_facing_direction,6_15,streaky,ConvNeXt Large,head_model,6,0.97,0.5,0.94
person_facing_direction,6_15,streaky,ConvNeXt Large,head_model,7,0.9533333333333334,0.5,0.9066666666666667
person_facing_direction,6_15,streaky,ConvNeXt Large,head_model,8,0.9466666666666667,0.5,0.8933333333333333
person_facing_direction,6_15,streaky,ConvNeXt Large,head_model,9,0.96,0.5,0.9199999999999999
person_facing_direction,6_15,streaky,ConvNeXt Large,head_model,10,0.96,0.5,0.9199999999999999
person_facing_direction,6_15,streaky,ConvNeXt Small,head_model,1,0.9433333333333334,0.5,0.8866666666666667
person_facing_direction,6_15,streaky,ConvNeXt Small,head_model,2,0.95,0.5,0.8999999999999999
person_facing_direction,6_15,streaky,ConvNeXt Small,head_model,3,0.9466666666666667,0.5,0.8933333333333333
person_facing_direction,6_15,streaky,ConvNeXt Small,head_model,4,0.9433333333333334,0.5,0.8866666666666667
person_facing_direction,6_15,streaky,ConvNeXt Small,head_model,5,0.9433333333333334,0.5,0.8866666666666667
person_facing_direction,6_15,streaky,ConvNeXt Small,head_model,6,0.9466666666666667,0.5,0.8933333333333333
person_facing_direction,6_15,streaky,ConvNeXt Small,head_model,7,0.9466666666666667,0.5,0.8933333333333333
person_facing_direction,6_15,streaky,ConvNeXt Small,head_model,8,0.9466666666666667,0.5,0.8933333333333333
person_facing_direction,6_15,streaky,ConvNeXt Small,head_model,9,0.9466666666666667,0.5,0.8933333333333333
person_facing_direction,6_15,streaky,ConvNeXt Small,head_model,10,0.9333333333333333,0.5,0.8666666666666667
person_facing_direction,6_15,streaky,ConvNeXt Tiny,head_model,1,0.9633333333333334,0.5,0.9266666666666667
person_facing_direction,6_15,streaky,ConvNeXt Tiny,head_model,2,0.9533333333333334,0.5,0.9066666666666667
person_facing_direction,6_15,streaky,ConvNeXt Tiny,head_model,3,0.96,0.5,0.9199999999999999
person_facing_direction,6_15,streaky,ConvNeXt Tiny,head_model,4,0.9666666666666667,0.5,0.9333333333333333
person_facing_direction,6_15,streaky,ConvNeXt Tiny,head_model,5,0.9633333333333334,0.5,0.9266666666666667
person_facing_direction,6_15,streaky,ConvNeXt Tiny,head_model,6,0.96,0.5,0.9199999999999999
person_facing_direction,6_15,streaky,ConvNeXt Tiny,head_model,7,0.9566666666666667,0.5,0.9133333333333333
person_facing_direction,6_15,streaky,ConvNeXt Tiny,head_model,8,0.9566666666666667,0.5,0.9133333333333333
person_facing_direction,6_15,streaky,ConvNeXt Tiny,head_model,9,0.97,0.5,0.94
person_facing_direction,6_15,streaky,ConvNeXt Tiny,head_model,10,0.9566666666666667,0.5,0.9133333333333333
person_facing_direction,6_15,streaky,DINOv3 ViT Base,head_model,1,0.9966666666666667,0.5,0.9933333333333334
person_facing_direction,6_15,streaky,DINOv3 ViT Base,head_model,2,0.9966666666666667,0.5,0.9933333333333334
person_facing_direction,6_15,streaky,DINOv3 ViT Base,head_model,3,1.0,0.5,1.0
person_facing_direction,6_15,streaky,DINOv3 ViT Base,head_model,4,0.9766666666666667,0.5,0.9533333333333334
person_facing_direction,6_15,streaky,DINOv3 ViT Base,head_model,5,0.9866666666666667,0.5,0.9733333333333334
person_facing_direction,6_15,streaky,DINOv3 ViT Base,head_model,6,1.0,0.5,1.0
person_facing_direction,6_15,streaky,DINOv3 ViT Base,head_model,7,0.9966666666666667,0.5,0.9933333333333334
person_facing_direction,6_15,streaky,DINOv3 ViT Base,head_model,8,0.6966666666666667,0.5,0.3933333333333333
person_facing_direction,6_15,streaky,DINOv3 ViT Base,head_model,9,0.9633333333333334,0.5,0.9266666666666667
person_facing_direction,6_15,streaky,DINOv3 ViT Base,head_model,10,0.9966666666666667,0.5,0.9933333333333334
person_facing_direction,6_15,streaky,ResNet18,head_model,1,0.88,0.5,0.76
person_facing_direction,6_15,streaky,ResNet18,head_model,2,0.8633333333333333,0.5,0.7266666666666666
person_facing_direction,6_15,streaky,ResNet18,head_model,3,0.8733333333333333,0.5,0.7466666666666666
person_facing_direction,6_15,streaky,ResNet18,head_model,4,0.8533333333333334,0.5,0.7066666666666668
person_facing_direction,6_15,streaky,ResNet18,head_model,5,0.8733333333333333,0.5,0.7466666666666666
person_facing_direction,6_15,streaky,ResNet18,head_model,6,0.87,0.5,0.74
person_facing_direction,6_15,streaky,ResNet18,head_model,7,0.8766666666666667,0.5,0.7533333333333334
person_facing_direction,6_15,streaky,ResNet18,head_model,8,0.87,0.5,0.74
person_facing_direction,6_15,streaky,ResNet18,head_model,9,0.8833333333333333,0.5,0.7666666666666666
person_facing_direction,6_15,streaky,ResNet18,head_model,10,0.8566666666666667,0.5,0.7133333333333334
person_facing_direction,6_15,streaky,ResNet50,head_model,1,0.9266666666666666,0.5,0.8533333333333333
person_facing_direction,6_15,streaky,ResNet50,head_model,2,0.92,0.5,0.8400000000000001
person_facing_direction,6_15,streaky,ResNet50,head_model,3,0.92,0.5,0.8400000000000001
person_facing_direction,6_15,streaky,ResNet50,head_model,4,0.9266666666666666,0.5,0.8533333333333333
person_facing_direction,6_15,streaky,ResNet50,head_model,5,0.9266666666666666,0.5,0.8533333333333333
person_facing_direction,6_15,streaky,ResNet50,head_model,6,0.92,0.5,0.8400000000000001
person_facing_direction,6_15,streaky,ResNet50,head_model,7,0.93,0.5,0.8600000000000001
person_facing_direction,6_15,streaky,ResNet50,head_model,8,0.9233333333333333,0.5,0.8466666666666667
person_facing_direction,6_15,streaky,ResNet50,head_model,9,0.92,0.5,0.8400000000000001
person_facing_direction,6_15,streaky,ResNet50,head_model,10,0.9266666666666666,0.5,0.8533333333333333
person_facing_direction,6_15,streaky,VGG11,head_model,1,0.9266666666666666,0.5,0.8533333333333333
person_facing_direction,6_15,streaky,VGG11,head_model,2,0.9133333333333333,0.5,0.8266666666666667
person_facing_direction,6_15,streaky,VGG11,head_model,3,0.93,0.5,0.8600000000000001
person_facing_direction,6_15,streaky,VGG11,head_model,4,0.93,0.5,0.8600000000000001
person_facing_direction,6_15,streaky,VGG11,head_model,5,0.9266666666666666,0.5,0.8533333333333333
person_facing_direction,6_15,streaky,VGG11,head_model,6,0.9233333333333333,0.5,0.8466666666666667
person_facing_direction,6_15,streaky,VGG11,head_model,7,0.9433333333333334,0.5,0.8866666666666667
person_facing_direction,6_15,streaky,VGG11,head_model,8,0.9266666666666666,0.5,0.8533333333333333
person_facing_direction,6_15,streaky,VGG11,head_model,9,0.93,0.5,0.8600000000000001
person_facing_direction,6_15,streaky,VGG11,head_model,10,0.8866666666666667,0.5,0.7733333333333334
person_facing_direction,6_15,streaky,VGG13,head_model,1,0.9366666666666666,0.5,0.8733333333333333
person_facing_direction,6_15,streaky,VGG13,head_model,2,0.93,0.5,0.8600000000000001
person_facing_direction,6_15,streaky,VGG13,head_model,3,0.9266666666666666,0.5,0.8533333333333333
person_facing_direction,6_15,streaky,VGG13,head_model,4,0.9266666666666666,0.5,0.8533333333333333
person_facing_direction,6_15,streaky,VGG13,head_model,5,0.93,0.5,0.8600000000000001
person_facing_direction,6_15,streaky,VGG13,head_model,6,0.9233333333333333,0.5,0.8466666666666667
person_facing_direction,6_15,streaky,VGG13,head_model,7,0.9266666666666666,0.5,0.8533333333333333
person_facing_direction,6_15,streaky,VGG13,head_model,8,0.9266666666666666,0.5,0.8533333333333333
person_facing_direction,6_15,streaky,VGG13,head_model,9,0.92,0.5,0.8400000000000001
person_facing_direction,6_15,streaky,VGG13,head_model,10,0.9233333333333333,0.5,0.8466666666666667
person_facing_direction,6_15,streaky,VGG16,head_model,1,0.93,0.5,0.8600000000000001
person_facing_direction,6_15,streaky,VGG16,head_model,2,0.9066666666666666,0.5,0.8133333333333332
person_facing_direction,6_15,streaky,VGG16,head_model,3,0.9233333333333333,0.5,0.8466666666666667
person_facing_direction,6_15,streaky,VGG16,head_model,4,0.93,0.5,0.8600000000000001
person_facing_direction,6_15,streaky,VGG16,head_model,5,0.9166666666666666,0.5,0.8333333333333333
person_facing_direction,6_15,streaky,VGG16,head_model,6,0.93,0.5,0.8600000000000001
person_facing_direction,6_15,streaky,VGG16,head_model,7,0.92,0.5,0.8400000000000001
person_facing_direction,6_15,streaky,VGG16,head_model,8,0.92,0.5,0.8400000000000001
person_facing_direction,6_15,streaky,VGG16,head_model,9,0.9166666666666666,0.5,0.8333333333333333
person_facing_direction,6_15,streaky,VGG16,head_model,10,0.9033333333333333,0.5,0.8066666666666666
person_facing_direction,6_15,streaky,VGG19,head_model,1,0.88,0.5,0.76
person_facing_direction,6_15,streaky,VGG19,head_model,2,0.8833333333333333,0.5,0.7666666666666666
person_facing_direction,6_15,streaky,VGG19,head_model,3,0.8833333333333333,0.5,0.7666666666666666
person_facing_direction,6_15,streaky,VGG19,head_model,4,0.8866666666666667,0.5,0.7733333333333334
person_facing_direction,6_15,streaky,VGG19,head_model,5,0.89,0.5,0.78
person_facing_direction,6_15,streaky,VGG19,head_model,6,0.8966666666666666,0.5,0.7933333333333332
person_facing_direction,6_15,streaky,VGG19,head_model,7,0.9033333333333333,0.5,0.8066666666666666
person_facing_direction,6_15,streaky,VGG19,head_model,8,0.8733333333333333,0.5,0.7466666666666666
person_facing_direction,6_15,streaky,VGG19,head_model,9,0.85,0.5,0.7
person_facing_direction,6_15,streaky,VGG19,head_model,10,0.81,0.5,0.6200000000000001
person_facing_direction,6_15,streaky,ViT Base,head_model,1,1.0,0.5,1.0
person_facing_direction,6_15,streaky,ViT Base,head_model,2,0.9933333333333333,0.5,0.9866666666666666
person_facing_direction,6_15,streaky,ViT Base,head_model,3,0.9966666666666667,0.5,0.9933333333333334
person_facing_direction,6_15,streaky,ViT Base,head_model,4,1.0,0.5,1.0
person_facing_direction,6_15,streaky,ViT Base,head_model,5,1.0,0.5,1.0
person_facing_direction,6_15,streaky,ViT Base,head_model,6,1.0,0.5,1.0
person_facing_direction,6_15,streaky,ViT Base,head_model,7,1.0,0.5,1.0
person_facing_direction,6_15,streaky,ViT Base,head_model,8,1.0,0.5,1.0
person_facing_direction,6_15,streaky,ViT Base,head_model,9,0.9966666666666667,0.5,0.9933333333333334
person_facing_direction,6_15,streaky,ViT Base,head_model,10,1.0,0.5,1.0
person_facing_direction,6_15,streaky,ViT Large,head_model,1,1.0,0.5,1.0
person_facing_direction,6_15,streaky,ViT Large,head_model,2,0.9966666666666667,0.5,0.9933333333333334
person_facing_direction,6_15,streaky,ViT Large,head_model,3,0.9966666666666667,0.5,0.9933333333333334
person_facing_direction,6_15,streaky,ViT Large,head_model,4,0.9966666666666667,0.5,0.9933333333333334
person_facing_direction,6_15,streaky,ViT Large,head_model,5,1.0,0.5,1.0
person_facing_direction,6_15,streaky,ViT Large,head_model,6,0.9966666666666667,0.5,0.9933333333333334
person_facing_direction,6_15,streaky,ViT Large,head_model,7,0.9966666666666667,0.5,0.9933333333333334
person_facing_direction,6_15,streaky,ViT Large,head_model,8,1.0,0.5,1.0
person_facing_direction,6_15,streaky,ViT Large,head_model,9,1.0,0.5,1.0
person_facing_direction,6_15,streaky,ViT Large,head_model,10,0.9966666666666667,0.5,0.9933333333333334
person_facing_direction,6_15,streaky,ViT Small,head_model,1,1.0,0.5,1.0
person_facing_direction,6_15,streaky,ViT Small,head_model,2,0.9966666666666667,0.5,0.9933333333333334
person_facing_direction,6_15,streaky,ViT Small,head_model,3,1.0,0.5,1.0
person_facing_direction,6_15,streaky,ViT Small,head_model,4,1.0,0.5,1.0
person_facing_direction,6_15,streaky,ViT Small,head_model,5,1.0,0.5,1.0
person_facing_direction,6_15,streaky,ViT Small,head_model,6,0.9966666666666667,0.5,0.9933333333333334
person_facing_direction,6_15,streaky,ViT Small,head_model,7,1.0,0.5,1.0
person_facing_direction,6_15,streaky,ViT Small,head_model,8,1.0,0.5,1.0
person_facing_direction,6_15,streaky,ViT Small,head_model,9,1.0,0.5,1.0
person_facing_direction,6_15,streaky,ViT Small,head_model,10,1.0,0.5,1.0
person_facing_direction,6_20,pointy,ConvNeXt Base,head_model,1,0.9,0.5,0.8
person_facing_direction,6_20,pointy,ConvNeXt Base,head_model,2,0.9233333333333333,0.5,0.8466666666666667
person_facing_direction,6_20,pointy,ConvNeXt Base,head_model,3,0.9,0.5,0.8
person_facing_direction,6_20,pointy,ConvNeXt Base,head_model,4,0.9066666666666666,0.5,0.8133333333333332
person_facing_direction,6_20,pointy,ConvNeXt Base,head_model,5,0.9033333333333333,0.5,0.8066666666666666
person_facing_direction,6_20,pointy,ConvNeXt Base,head_model,6,0.9133333333333333,0.5,0.8266666666666667
person_facing_direction,6_20,pointy,ConvNeXt Base,head_model,7,0.9033333333333333,0.5,0.8066666666666666
person_facing_direction,6_20,pointy,ConvNeXt Base,head_model,8,0.9133333333333333,0.5,0.8266666666666667
person_facing_direction,6_20,pointy,ConvNeXt Base,head_model,9,0.9166666666666666,0.5,0.8333333333333333
person_facing_direction,6_20,pointy,ConvNeXt Base,head_model,10,0.9266666666666666,0.5,0.8533333333333333
person_facing_direction,6_20,pointy,ConvNeXt Large,head_model,1,0.9433333333333334,0.5,0.8866666666666667
person_facing_direction,6_20,pointy,ConvNeXt Large,head_model,2,0.94,0.5,0.8799999999999999
person_facing_direction,6_20,pointy,ConvNeXt Large,head_model,3,0.95,0.5,0.8999999999999999
person_facing_direction,6_20,pointy,ConvNeXt Large,head_model,4,0.95,0.5,0.8999999999999999
person_facing_direction,6_20,pointy,ConvNeXt Large,head_model,5,0.9433333333333334,0.5,0.8866666666666667
person_facing_direction,6_20,pointy,ConvNeXt Large,head_model,6,0.9433333333333334,0.5,0.8866666666666667
person_facing_direction,6_20,pointy,ConvNeXt Large,head_model,7,0.9366666666666666,0.5,0.8733333333333333
person_facing_direction,6_20,pointy,ConvNeXt Large,head_model,8,0.95,0.5,0.8999999999999999
person_facing_direction,6_20,pointy,ConvNeXt Large,head_model,9,0.94,0.5,0.8799999999999999
person_facing_direction,6_20,pointy,ConvNeXt Large,head_model,10,0.9466666666666667,0.5,0.8933333333333333
person_facing_direction,6_20,pointy,ConvNeXt Small,head_model,1,0.9166666666666666,0.5,0.8333333333333333
person_facing_direction,6_20,pointy,ConvNeXt Small,head_model,2,0.9266666666666666,0.5,0.8533333333333333
person_facing_direction,6_20,pointy,ConvNeXt Small,head_model,3,0.9233333333333333,0.5,0.8466666666666667
person_facing_direction,6_20,pointy,ConvNeXt Small,head_model,4,0.9233333333333333,0.5,0.8466666666666667
person_facing_direction,6_20,pointy,ConvNeXt Small,head_model,5,0.92,0.5,0.8400000000000001
person_facing_direction,6_20,pointy,ConvNeXt Small,head_model,6,0.92,0.5,0.8400000000000001
person_facing_direction,6_20,pointy,ConvNeXt Small,head_model,7,0.86,0.5,0.72
person_facing_direction,6_20,pointy,ConvNeXt Small,head_model,8,0.9166666666666666,0.5,0.8333333333333333
person_facing_direction,6_20,pointy,ConvNeXt Small,head_model,9,0.92,0.5,0.8400000000000001
person_facing_direction,6_20,pointy,ConvNeXt Small,head_model,10,0.91,0.5,0.8200000000000001
person_facing_direction,6_20,pointy,ConvNeXt Tiny,head_model,1,0.92,0.5,0.8400000000000001
person_facing_direction,6_20,pointy,ConvNeXt Tiny,head_model,2,0.9333333333333333,0.5,0.8666666666666667
person_facing_direction,6_20,pointy,ConvNeXt Tiny,head_model,3,0.9333333333333333,0.5,0.8666666666666667
person_facing_direction,6_20,pointy,ConvNeXt Tiny,head_model,4,0.9133333333333333,0.5,0.8266666666666667
person_facing_direction,6_20,pointy,ConvNeXt Tiny,head_model,5,0.93,0.5,0.8600000000000001
person_facing_direction,6_20,pointy,ConvNeXt Tiny,head_model,6,0.9133333333333333,0.5,0.8266666666666667
person_facing_direction,6_20,pointy,ConvNeXt Tiny,head_model,7,0.9066666666666666,0.5,0.8133333333333332
person_facing_direction,6_20,pointy,ConvNeXt Tiny,head_model,8,0.9166666666666666,0.5,0.8333333333333333
person_facing_direction,6_20,pointy,ConvNeXt Tiny,head_model,9,0.9133333333333333,0.5,0.8266666666666667
person_facing_direction,6_20,pointy,ConvNeXt Tiny,head_model,10,0.9166666666666666,0.5,0.8333333333333333
person_facing_direction,6_20,pointy,DINOv3 ViT Base,head_model,1,0.9933333333333333,0.5,0.9866666666666666
person_facing_direction,6_20,pointy,DINOv3 ViT Base,head_model,2,0.9966666666666667,0.5,0.9933333333333334
person_facing_direction,6_20,pointy,DINOv3 ViT Base,head_model,3,0.9333333333333333,0.5,0.8666666666666667
person_facing_direction,6_20,pointy,DINOv3 ViT Base,head_model,4,0.9966666666666667,0.5,0.9933333333333334
person_facing_direction,6_20,pointy,DINOv3 ViT Base,head_model,5,0.8833333333333333,0.5,0.7666666666666666
person_facing_direction,6_20,pointy,DINOv3 ViT Base,head_model,6,0.7133333333333334,0.5,0.42666666666666675
person_facing_direction,6_20,pointy,DINOv3 ViT Base,head_model,7,0.99,0.5,0.98
person_facing_direction,6_20,pointy,DINOv3 ViT Base,head_model,8,0.9733333333333334,0.5,0.9466666666666668
person_facing_direction,6_20,pointy,DINOv3 ViT Base,head_model,9,0.9833333333333333,0.5,0.9666666666666666
person_facing_direction,6_20,pointy,DINOv3 ViT Base,head_model,10,0.9933333333333333,0.5,0.9866666666666666
person_facing_direction,6_20,pointy,ResNet18,head_model,1,0.8233333333333334,0.5,0.6466666666666667
person_facing_direction,6_20,pointy,ResNet18,head_model,2,0.8233333333333334,0.5,0.6466666666666667
person_facing_direction,6_20,pointy,ResNet18,head_model,3,0.82,0.5,0.6399999999999999
person_facing_direction,6_20,pointy,ResNet18,head_model,4,0.8233333333333334,0.5,0.6466666666666667
person_facing_direction,6_20,pointy,ResNet18,head_model,5,0.8233333333333334,0.5,0.6466666666666667
person_facing_direction,6_20,pointy,ResNet18,head_model,6,0.8266666666666667,0.5,0.6533333333333333
person_facing_direction,6_20,pointy,ResNet18,head_model,7,0.8233333333333334,0.5,0.6466666666666667
person_facing_direction,6_20,pointy,ResNet18,head_model,8,0.82,0.5,0.6399999999999999
person_facing_direction,6_20,pointy,ResNet18,head_model,9,0.8233333333333334,0.5,0.6466666666666667
person_facing_direction,6_20,pointy,ResNet18,head_model,10,0.8266666666666667,0.5,0.6533333333333333
person_facing_direction,6_20,pointy,ResNet50,head_model,1,0.8633333333333333,0.5,0.7266666666666666
person_facing_direction,6_20,pointy,ResNet50,head_model,2,0.8633333333333333,0.5,0.7266666666666666
person_facing_direction,6_20,pointy,ResNet50,head_model,3,0.8666666666666667,0.5,0.7333333333333334
person_facing_direction,6_20,pointy,ResNet50,head_model,4,0.86,0.5,0.72
person_facing_direction,6_20,pointy,ResNet50,head_model,5,0.86,0.5,0.72
person_facing_direction,6_20,pointy,ResNet50,head_model,6,0.8566666666666667,0.5,0.7133333333333334
person_facing_direction,6_20,pointy,ResNet50,head_model,7,0.85,0.5,0.7
person_facing_direction,6_20,pointy,ResNet50,head_model,8,0.8633333333333333,0.5,0.7266666666666666
person_facing_direction,6_20,pointy,ResNet50,head_model,9,0.86,0.5,0.72
person_facing_direction,6_20,pointy,ResNet50,head_model,10,0.8533333333333334,0.5,0.7066666666666668
person_facing_direction,6_20,pointy,VGG11,head_model,1,0.8733333333333333,0.5,0.7466666666666666
person_facing_direction,6_20,pointy,VGG11,head_model,2,0.8766666666666667,0.5,0.7533333333333334
person_facing_direction,6_20,pointy,VGG11,head_model,3,0.87,0.5,0.74
person_facing_direction,6_20,pointy,VGG11,head_model,4,0.8666666666666667,0.5,0.7333333333333334
person_facing_direction,6_20,pointy,VGG11,head_model,5,0.88,0.5,0.76
person_facing_direction,6_20,pointy,VGG11,head_model,6,0.87,0.5,0.74
person_facing_direction,6_20,pointy,VGG11,head_model,7,0.87,0.5,0.74
person_facing_direction,6_20,pointy,VGG11,head_model,8,0.88,0.5,0.76
person_facing_direction,6_20,pointy,VGG11,head_model,9,0.8666666666666667,0.5,0.7333333333333334
person_facing_direction,6_20,pointy,VGG11,head_model,10,0.88,0.5,0.76
person_facing_direction,6_20,pointy,VGG13,head_model,1,0.9033333333333333,0.5,0.8066666666666666
person_facing_direction,6_20,pointy,VGG13,head_model,2,0.9033333333333333,0.5,0.8066666666666666
person_facing_direction,6_20,pointy,VGG13,head_model,3,0.9033333333333333,0.5,0.8066666666666666
person_facing_direction,6_20,pointy,VGG13,head_model,4,0.9,0.5,0.8
person_facing_direction,6_20,pointy,VGG13,head_model,5,0.8966666666666666,0.5,0.7933333333333332
person_facing_direction,6_20,pointy,VGG13,head_model,6,0.9,0.5,0.8
person_facing_direction,6_20,pointy,VGG13,head_model,7,0.9066666666666666,0.5,0.8133333333333332
person_facing_direction,6_20,pointy,VGG13,head_model,8,0.9033333333333333,0.5,0.8066666666666666
person_facing_direction,6_20,pointy,VGG13,head_model,9,0.9066666666666666,0.5,0.8133333333333332
person_facing_direction,6_20,pointy,VGG13,head_model,10,0.8966666666666666,0.5,0.7933333333333332
person_facing_direction,6_20,pointy,VGG16,head_model,1,0.89,0.5,0.78
person_facing_direction,6_20,pointy,VGG16,head_model,2,0.8866666666666667,0.5,0.7733333333333334
person_facing_direction,6_20,pointy,VGG16,head_model,3,0.8933333333333333,0.5,0.7866666666666666
person_facing_direction,6_20,pointy,VGG16,head_model,4,0.88,0.5,0.76
person_facing_direction,6_20,pointy,VGG16,head_model,5,0.89,0.5,0.78
person_facing_direction,6_20,pointy,VGG16,head_model,6,0.8933333333333333,0.5,0.7866666666666666
person_facing_direction,6_20,pointy,VGG16,head_model,7,0.8866666666666667,0.5,0.7733333333333334
person_facing_direction,6_20,pointy,VGG16,head_model,8,0.8866666666666667,0.5,0.7733333333333334
person_facing_direction,6_20,pointy,VGG16,head_model,9,0.8833333333333333,0.5,0.7666666666666666
person_facing_direction,6_20,pointy,VGG16,head_model,10,0.8866666666666667,0.5,0.7733333333333334
person_facing_direction,6_20,pointy,VGG19,head_model,1,0.8866666666666667,0.5,0.7733333333333334
person_facing_direction,6_20,pointy,VGG19,head_model,2,0.8633333333333333,0.5,0.7266666666666666
person_facing_direction,6_20,pointy,VGG19,head_model,3,0.8933333333333333,0.5,0.7866666666666666
person_facing_direction,6_20,pointy,VGG19,head_model,4,0.89,0.5,0.78
person_facing_direction,6_20,pointy,VGG19,head_model,5,0.87,0.5,0.74
person_facing_direction,6_20,pointy,VGG19,head_model,6,0.8833333333333333,0.5,0.7666666666666666
person_facing_direction,6_20,pointy,VGG19,head_model,7,0.88,0.5,0.76
person_facing_direction,6_20,pointy,VGG19,head_model,8,0.8866666666666667,0.5,0.7733333333333334
person_facing_direction,6_20,pointy,VGG19,head_model,9,0.8833333333333333,0.5,0.7666666666666666
person_facing_direction,6_20,pointy,VGG19,head_model,10,0.8766666666666667,0.5,0.7533333333333334
person_facing_direction,6_20,pointy,ViT Base,head_model,1,1.0,0.5,1.0
person_facing_direction,6_20,pointy,ViT Base,head_model,2,0.9966666666666667,0.5,0.9933333333333334
person_facing_direction,6_20,pointy,ViT Base,head_model,3,1.0,0.5,1.0
person_facing_direction,6_20,pointy,ViT Base,head_model,4,0.9933333333333333,0.5,0.9866666666666666
person_facing_direction,6_20,pointy,ViT Base,head_model,5,0.9966666666666667,0.5,0.9933333333333334
person_facing_direction,6_20,pointy,ViT Base,head_model,6,1.0,0.5,1.0
person_facing_direction,6_20,pointy,ViT Base,head_model,7,1.0,0.5,1.0
person_facing_direction,6_20,pointy,ViT Base,head_model,8,1.0,0.5,1.0
person_facing_direction,6_20,pointy,ViT Base,head_model,9,0.9966666666666667,0.5,0.9933333333333334
person_facing_direction,6_20,pointy,ViT Base,head_model,10,0.9966666666666667,0.5,0.9933333333333334
person_facing_direction,6_20,pointy,ViT Large,head_model,1,1.0,0.5,1.0
person_facing_direction,6_20,pointy,ViT Large,head_model,2,1.0,0.5,1.0
person_facing_direction,6_20,pointy,ViT Large,head_model,3,1.0,0.5,1.0
person_facing_direction,6_20,pointy,ViT Large,head_model,4,1.0,0.5,1.0
person_facing_direction,6_20,pointy,ViT Large,head_model,5,1.0,0.5,1.0
person_facing_direction,6_20,pointy,ViT Large,head_model,6,1.0,0.5,1.0
person_facing_direction,6_20,pointy,ViT Large,head_model,7,1.0,0.5,1.0
person_facing_direction,6_20,pointy,ViT Large,head_model,8,1.0,0.5,1.0
person_facing_direction,6_20,pointy,ViT Large,head_model,9,1.0,0.5,1.0
person_facing_direction,6_20,pointy,ViT Large,head_model,10,1.0,0.5,1.0
person_facing_direction,6_20,pointy,ViT Small,head_model,1,0.9966666666666667,0.5,0.9933333333333334
person_facing_direction,6_20,pointy,ViT Small,head_model,2,0.9866666666666667,0.5,0.9733333333333334
person_facing_direction,6_20,pointy,ViT Small,head_model,3,0.9933333333333333,0.5,0.9866666666666666
person_facing_direction,6_20,pointy,ViT Small,head_model,4,1.0,0.5,1.0
person_facing_direction,6_20,pointy,ViT Small,head_model,5,0.9966666666666667,0.5,0.9933333333333334
person_facing_direction,6_20,pointy,ViT Small,head_model,6,1.0,0.5,1.0
person_facing_direction,6_20,pointy,ViT Small,head_model,7,0.9966666666666667,0.5,0.9933333333333334
person_facing_direction,6_20,pointy,ViT Small,head_model,8,1.0,0.5,1.0
person_facing_direction,6_20,pointy,ViT Small,head_model,9,0.9933333333333333,0.5,0.9866666666666666
person_facing_direction,6_20,pointy,ViT Small,head_model,10,1.0,0.5,1.0
person_facing_direction,6_20,streaky,ConvNeXt Base,head_model,1,0.9766666666666667,0.5,0.9533333333333334
person_facing_direction,6_20,streaky,ConvNeXt Base,head_model,2,0.9566666666666667,0.5,0.9133333333333333
person_facing_direction,6_20,streaky,ConvNeXt Base,head_model,3,0.9566666666666667,0.5,0.9133333333333333
person_facing_direction,6_20,streaky,ConvNeXt Base,head_model,4,0.9566666666666667,0.5,0.9133333333333333
person_facing_direction,6_20,streaky,ConvNeXt Base,head_model,5,0.98,0.5,0.96
person_facing_direction,6_20,streaky,ConvNeXt Base,head_model,6,0.9766666666666667,0.5,0.9533333333333334
person_facing_direction,6_20,streaky,ConvNeXt Base,head_model,7,0.9533333333333334,0.5,0.9066666666666667
person_facing_direction,6_20,streaky,ConvNeXt Base,head_model,8,0.9566666666666667,0.5,0.9133333333333333
person_facing_direction,6_20,streaky,ConvNeXt Base,head_model,9,0.9566666666666667,0.5,0.9133333333333333
person_facing_direction,6_20,streaky,ConvNeXt Base,head_model,10,0.9833333333333333,0.5,0.9666666666666666
person_facing_direction,6_20,streaky,ConvNeXt Large,head_model,1,0.96,0.5,0.9199999999999999
person_facing_direction,6_20,streaky,ConvNeXt Large,head_model,2,0.97,0.5,0.94
person_facing_direction,6_20,streaky,ConvNeXt Large,head_model,3,0.9666666666666667,0.5,0.9333333333333333
person_facing_direction,6_20,streaky,ConvNeXt Large,head_model,4,0.9733333333333334,0.5,0.9466666666666668
person_facing_direction,6_20,streaky,ConvNeXt Large,head_model,5,0.9733333333333334,0.5,0.9466666666666668
person_facing_direction,6_20,streaky,ConvNeXt Large,head_model,6,0.96,0.5,0.9199999999999999
person_facing_direction,6_20,streaky,ConvNeXt Large,head_model,7,0.9666666666666667,0.5,0.9333333333333333
person_facing_direction,6_20,streaky,ConvNeXt Large,head_model,8,0.9733333333333334,0.5,0.9466666666666668
person_facing_direction,6_20,streaky,ConvNeXt Large,head_model,9,0.96,0.5,0.9199999999999999
person_facing_direction,6_20,streaky,ConvNeXt Large,head_model,10,0.9633333333333334,0.5,0.9266666666666667
person_facing_direction,6_20,streaky,ConvNeXt Small,head_model,1,0.9433333333333334,0.5,0.8866666666666667
person_facing_direction,6_20,streaky,ConvNeXt Small,head_model,2,0.9533333333333334,0.5,0.9066666666666667
person_facing_direction,6_20,streaky,ConvNeXt Small,head_model,3,0.9433333333333334,0.5,0.8866666666666667
person_facing_direction,6_20,streaky,ConvNeXt Small,head_model,4,0.94,0.5,0.8799999999999999
person_facing_direction,6_20,streaky,ConvNeXt Small,head_model,5,0.9533333333333334,0.5,0.9066666666666667
person_facing_direction,6_20,streaky,ConvNeXt Small,head_model,6,0.9533333333333334,0.5,0.9066666666666667
person_facing_direction,6_20,streaky,ConvNeXt Small,head_model,7,0.9366666666666666,0.5,0.8733333333333333
person_facing_direction,6_20,streaky,ConvNeXt Small,head_model,8,0.9433333333333334,0.5,0.8866666666666667
person_facing_direction,6_20,streaky,ConvNeXt Small,head_model,9,0.9433333333333334,0.5,0.8866666666666667
person_facing_direction,6_20,streaky,ConvNeXt Small,head_model,10,0.9433333333333334,0.5,0.8866666666666667
person_facing_direction,6_20,streaky,ConvNeXt Tiny,head_model,1,0.9533333333333334,0.5,0.9066666666666667
person_facing_direction,6_20,streaky,ConvNeXt Tiny,head_model,2,0.9533333333333334,0.5,0.9066666666666667
person_facing_direction,6_20,streaky,ConvNeXt Tiny,head_model,3,0.96,0.5,0.9199999999999999
person_facing_direction,6_20,streaky,ConvNeXt Tiny,head_model,4,0.9633333333333334,0.5,0.9266666666666667
person_facing_direction,6_20,streaky,ConvNeXt Tiny,head_model,5,0.9666666666666667,0.5,0.9333333333333333
person_facing_direction,6_20,streaky,ConvNeXt Tiny,head_model,6,0.96,0.5,0.9199999999999999
person_facing_direction,6_20,streaky,ConvNeXt Tiny,head_model,7,0.9633333333333334,0.5,0.9266666666666667
person_facing_direction,6_20,streaky,ConvNeXt Tiny,head_model,8,0.96,0.5,0.9199999999999999
person_facing_direction,6_20,streaky,ConvNeXt Tiny,head_model,9,0.9566666666666667,0.5,0.9133333333333333
person_facing_direction,6_20,streaky,ConvNeXt Tiny,head_model,10,0.9666666666666667,0.5,0.9333333333333333
person_facing_direction,6_20,streaky,DINOv3 ViT Base,head_model,1,0.9933333333333333,0.5,0.9866666666666666
person_facing_direction,6_20,streaky,DINOv3 ViT Base,head_model,2,0.99,0.5,0.98
person_facing_direction,6_20,streaky,DINOv3 ViT Base,head_model,3,0.9933333333333333,0.5,0.9866666666666666
person_facing_direction,6_20,streaky,DINOv3 ViT Base,head_model,4,0.94,0.5,0.8799999999999999
person_facing_direction,6_20,streaky,DINOv3 ViT Base,head_model,5,0.99,0.5,0.98
person_facing_direction,6_20,streaky,DINOv3 ViT Base,head_model,6,0.98,0.5,0.96
person_facing_direction,6_20,streaky,DINOv3 ViT Base,head_model,7,0.9866666666666667,0.5,0.9733333333333334
person_facing_direction,6_20,streaky,DINOv3 ViT Base,head_model,8,0.9866666666666667,0.5,0.9733333333333334
person_facing_direction,6_20,streaky,DINOv3 ViT Base,head_model,9,0.99,0.5,0.98
person_facing_direction,6_20,streaky,DINOv3 ViT Base,head_model,10,0.9466666666666667,0.5,0.8933333333333333
person_facing_direction,6_20,streaky,ResNet18,head_model,1,0.8533333333333334,0.5,0.7066666666666668
person_facing_direction,6_20,streaky,ResNet18,head_model,2,0.88,0.5,0.76
person_facing_direction,6_20,streaky,ResNet18,head_model,3,0.8766666666666667,0.5,0.7533333333333334
person_facing_direction,6_20,streaky,ResNet18,head_model,4,0.8466666666666667,0.5,0.6933333333333334
person_facing_direction,6_20,streaky,ResNet18,head_model,5,0.8733333333333333,0.5,0.7466666666666666
person_facing_direction,6_20,streaky,ResNet18,head_model,6,0.8733333333333333,0.5,0.7466666666666666
person_facing_direction,6_20,streaky,ResNet18,head_model,7,0.86,0.5,0.72
person_facing_direction,6_20,streaky,ResNet18,head_model,8,0.88,0.5,0.76
person_facing_direction,6_20,streaky,ResNet18,head_model,9,0.8733333333333333,0.5,0.7466666666666666
person_facing_direction,6_20,streaky,ResNet18,head_model,10,0.87,0.5,0.74
person_facing_direction,6_20,streaky,ResNet50,head_model,1,0.94,0.5,0.8799999999999999
person_facing_direction,6_20,streaky,ResNet50,head_model,2,0.9366666666666666,0.5,0.8733333333333333
person_facing_direction,6_20,streaky,ResNet50,head_model,3,0.9333333333333333,0.5,0.8666666666666667
person_facing_direction,6_20,streaky,ResNet50,head_model,4,0.9366666666666666,0.5,0.8733333333333333
person_facing_direction,6_20,streaky,ResNet50,head_model,5,0.9366666666666666,0.5,0.8733333333333333
person_facing_direction,6_20,streaky,ResNet50,head_model,6,0.9466666666666667,0.5,0.8933333333333333
person_facing_direction,6_20,streaky,ResNet50,head_model,7,0.94,0.5,0.8799999999999999
person_facing_direction,6_20,streaky,ResNet50,head_model,8,0.94,0.5,0.8799999999999999
person_facing_direction,6_20,streaky,ResNet50,head_model,9,0.94,0.5,0.8799999999999999
person_facing_direction,6_20,streaky,ResNet50,head_model,10,0.9366666666666666,0.5,0.8733333333333333
person_facing_direction,6_20,streaky,VGG11,head_model,1,0.9166666666666666,0.5,0.8333333333333333
person_facing_direction,6_20,streaky,VGG11,head_model,2,0.9166666666666666,0.5,0.8333333333333333
person_facing_direction,6_20,streaky,VGG11,head_model,3,0.9033333333333333,0.5,0.8066666666666666
person_facing_direction,6_20,streaky,VGG11,head_model,4,0.9033333333333333,0.5,0.8066666666666666
person_facing_direction,6_20,streaky,VGG11,head_model,5,0.9066666666666666,0.5,0.8133333333333332
person_facing_direction,6_20,streaky,VGG11,head_model,6,0.9233333333333333,0.5,0.8466666666666667
person_facing_direction,6_20,streaky,VGG11,head_model,7,0.9033333333333333,0.5,0.8066666666666666
person_facing_direction,6_20,streaky,VGG11,head_model,8,0.9066666666666666,0.5,0.8133333333333332
person_facing_direction,6_20,streaky,VGG11,head_model,9,0.9233333333333333,0.5,0.8466666666666667
person_facing_direction,6_20,streaky,VGG11,head_model,10,0.91,0.5,0.8200000000000001
person_facing_direction,6_20,streaky,VGG13,head_model,1,0.94,0.5,0.8799999999999999
person_facing_direction,6_20,streaky,VGG13,head_model,2,0.9433333333333334,0.5,0.8866666666666667
person_facing_direction,6_20,streaky,VGG13,head_model,3,0.96,0.5,0.9199999999999999
person_facing_direction,6_20,streaky,VGG13,head_model,4,0.9633333333333334,0.5,0.9266666666666667
person_facing_direction,6_20,streaky,VGG13,head_model,5,0.9466666666666667,0.5,0.8933333333333333
person_facing_direction,6_20,streaky,VGG13,head_model,6,0.94,0.5,0.8799999999999999
person_facing_direction,6_20,streaky,VGG13,head_model,7,0.9633333333333334,0.5,0.9266666666666667
person_facing_direction,6_20,streaky,VGG13,head_model,8,0.9466666666666667,0.5,0.8933333333333333
person_facing_direction,6_20,streaky,VGG13,head_model,9,0.9333333333333333,0.5,0.8666666666666667
person_facing_direction,6_20,streaky,VGG13,head_model,10,0.9566666666666667,0.5,0.9133333333333333
person_facing_direction,6_20,streaky,VGG16,head_model,1,0.9633333333333334,0.5,0.9266666666666667
person_facing_direction,6_20,streaky,VGG16,head_model,2,0.9633333333333334,0.5,0.9266666666666667
person_facing_direction,6_20,streaky,VGG16,head_model,3,0.97,0.5,0.94
person_facing_direction,6_20,streaky,VGG16,head_model,4,0.9666666666666667,0.5,0.9333333333333333
person_facing_direction,6_20,streaky,VGG16,head_model,5,0.9666666666666667,0.5,0.9333333333333333
person_facing_direction,6_20,streaky,VGG16,head_model,6,0.9566666666666667,0.5,0.9133333333333333
person_facing_direction,6_20,streaky,VGG16,head_model,7,0.9733333333333334,0.5,0.9466666666666668
person_facing_direction,6_20,streaky,VGG16,head_model,8,0.97,0.5,0.94
person_facing_direction,6_20,streaky,VGG16,head_model,9,0.9766666666666667,0.5,0.9533333333333334
person_facing_direction,6_20,streaky,VGG16,head_model,10,0.9766666666666667,0.5,0.9533333333333334
person_facing_direction,6_20,streaky,VGG19,head_model,1,0.9133333333333333,0.5,0.8266666666666667
person_facing_direction,6_20,streaky,VGG19,head_model,2,0.9133333333333333,0.5,0.8266666666666667
person_facing_direction,6_20,streaky,VGG19,head_model,3,0.9166666666666666,0.5,0.8333333333333333
person_facing_direction,6_20,streaky,VGG19,head_model,4,0.9033333333333333,0.5,0.8066666666666666
person_facing_direction,6_20,streaky,VGG19,head_model,5,0.9366666666666666,0.5,0.8733333333333333
person_facing_direction,6_20,streaky,VGG19,head_model,6,0.9166666666666666,0.5,0.8333333333333333
person_facing_direction,6_20,streaky,VGG19,head_model,7,0.91,0.5,0.8200000000000001
person_facing_direction,6_20,streaky,VGG19,head_model,8,0.9233333333333333,0.5,0.8466666666666667
person_facing_direction,6_20,streaky,VGG19,head_model,9,0.9166666666666666,0.5,0.8333333333333333
person_facing_direction,6_20,streaky,VGG19,head_model,10,0.92,0.5,0.8400000000000001
person_facing_direction,6_20,streaky,ViT Base,head_model,1,0.9966666666666667,0.5,0.9933333333333334
person_facing_direction,6_20,streaky,ViT Base,head_model,2,1.0,0.5,1.0
person_facing_direction,6_20,streaky,ViT Base,head_model,3,0.9966666666666667,0.5,0.9933333333333334
person_facing_direction,6_20,streaky,ViT Base,head_model,4,0.9966666666666667,0.5,0.9933333333333334
person_facing_direction,6_20,streaky,ViT Base,head_model,5,0.9966666666666667,0.5,0.9933333333333334
person_facing_direction,6_20,streaky,ViT Base,head_model,6,0.9966666666666667,0.5,0.9933333333333334
person_facing_direction,6_20,streaky,ViT Base,head_model,7,1.0,0.5,1.0
person_facing_direction,6_20,streaky,ViT Base,head_model,8,1.0,0.5,1.0
person_facing_direction,6_20,streaky,ViT Base,head_model,9,0.9966666666666667,0.5,0.9933333333333334
person_facing_direction,6_20,streaky,ViT Base,head_model,10,0.9933333333333333,0.5,0.9866666666666666
person_facing_direction,6_20,streaky,ViT Large,head_model,1,1.0,0.5,1.0
person_facing_direction,6_20,streaky,ViT Large,head_model,2,1.0,0.5,1.0
person_facing_direction,6_20,streaky,ViT Large,head_model,3,1.0,0.5,1.0
person_facing_direction,6_20,streaky,ViT Large,head_model,4,0.9966666666666667,0.5,0.9933333333333334
person_facing_direction,6_20,streaky,ViT Large,head_model,5,1.0,0.5,1.0
person_facing_direction,6_20,streaky,ViT Large,head_model,6,1.0,0.5,1.0
person_facing_direction,6_20,streaky,ViT Large,head_model,7,1.0,0.5,1.0
person_facing_direction,6_20,streaky,ViT Large,head_model,8,1.0,0.5,1.0
person_facing_direction,6_20,streaky,ViT Large,head_model,9,1.0,0.5,1.0
person_facing_direction,6_20,streaky,ViT Large,head_model,10,1.0,0.5,1.0
person_facing_direction,6_20,streaky,ViT Small,head_model,1,0.9933333333333333,0.5,0.9866666666666666
person_facing_direction,6_20,streaky,ViT Small,head_model,2,1.0,0.5,1.0
person_facing_direction,6_20,streaky,ViT Small,head_model,3,1.0,0.5,1.0
person_facing_direction,6_20,streaky,ViT Small,head_model,4,0.9933333333333333,0.5,0.9866666666666666
person_facing_direction,6_20,streaky,ViT Small,head_model,5,1.0,0.5,1.0
person_facing_direction,6_20,streaky,ViT Small,head_model,6,0.9966666666666667,0.5,0.9933333333333334
person_facing_direction,6_20,streaky,ViT Small,head_model,7,1.0,0.5,1.0
person_facing_direction,6_20,streaky,ViT Small,head_model,8,1.0,0.5,1.0
person_facing_direction,6_20,streaky,ViT Small,head_model,9,1.0,0.5,1.0
person_facing_direction,6_20,streaky,ViT Small,head_model,10,1.0,0.5,1.0
person_facing_direction,9_10,pointy,ConvNeXt Base,head_model,1,0.9166666666666666,0.5,0.8333333333333333
person_facing_direction,9_10,pointy,ConvNeXt Base,head_model,2,0.9333333333333333,0.5,0.8666666666666667
person_facing_direction,9_10,pointy,ConvNeXt Base,head_model,3,0.93,0.5,0.8600000000000001
person_facing_direction,9_10,pointy,ConvNeXt Base,head_model,4,0.9266666666666666,0.5,0.8533333333333333
person_facing_direction,9_10,pointy,ConvNeXt Base,head_model,5,0.89,0.5,0.78
person_facing_direction,9_10,pointy,ConvNeXt Base,head_model,6,0.9066666666666666,0.5,0.8133333333333332
person_facing_direction,9_10,pointy,ConvNeXt Base,head_model,7,0.88,0.5,0.76
person_facing_direction,9_10,pointy,ConvNeXt Base,head_model,8,0.8966666666666666,0.5,0.7933333333333332
person_facing_direction,9_10,pointy,ConvNeXt Base,head_model,9,0.9066666666666666,0.5,0.8133333333333332
person_facing_direction,9_10,pointy,ConvNeXt Base,head_model,10,0.9266666666666666,0.5,0.8533333333333333
person_facing_direction,9_10,pointy,ConvNeXt Large,head_model,1,0.9233333333333333,0.5,0.8466666666666667
person_facing_direction,9_10,pointy,ConvNeXt Large,head_model,2,0.9233333333333333,0.5,0.8466666666666667
person_facing_direction,9_10,pointy,ConvNeXt Large,head_model,3,0.9166666666666666,0.5,0.8333333333333333
person_facing_direction,9_10,pointy,ConvNeXt Large,head_model,4,0.9233333333333333,0.5,0.8466666666666667
person_facing_direction,9_10,pointy,ConvNeXt Large,head_model,5,0.9233333333333333,0.5,0.8466666666666667
person_facing_direction,9_10,pointy,ConvNeXt Large,head_model,6,0.9166666666666666,0.5,0.8333333333333333
person_facing_direction,9_10,pointy,ConvNeXt Large,head_model,7,0.9266666666666666,0.5,0.8533333333333333
person_facing_direction,9_10,pointy,ConvNeXt Large,head_model,8,0.9233333333333333,0.5,0.8466666666666667
person_facing_direction,9_10,pointy,ConvNeXt Large,head_model,9,0.9166666666666666,0.5,0.8333333333333333
person_facing_direction,9_10,pointy,ConvNeXt Large,head_model,10,0.9233333333333333,0.5,0.8466666666666667
person_facing_direction,9_10,pointy,ConvNeXt Small,head_model,1,0.8866666666666667,0.5,0.7733333333333334
person_facing_direction,9_10,pointy,ConvNeXt Small,head_model,2,0.8833333333333333,0.5,0.7666666666666666
person_facing_direction,9_10,pointy,ConvNeXt Small,head_model,3,0.8833333333333333,0.5,0.7666666666666666
person_facing_direction,9_10,pointy,ConvNeXt Small,head_model,4,0.8766666666666667,0.5,0.7533333333333334
person_facing_direction,9_10,pointy,ConvNeXt Small,head_model,5,0.8733333333333333,0.5,0.7466666666666666
person_facing_direction,9_10,pointy,ConvNeXt Small,head_model,6,0.8833333333333333,0.5,0.7666666666666666
person_facing_direction,9_10,pointy,ConvNeXt Small,head_model,7,0.8766666666666667,0.5,0.7533333333333334
person_facing_direction,9_10,pointy,ConvNeXt Small,head_model,8,0.8633333333333333,0.5,0.7266666666666666
person_facing_direction,9_10,pointy,ConvNeXt Small,head_model,9,0.88,0.5,0.76
person_facing_direction,9_10,pointy,ConvNeXt Small,head_model,10,0.8733333333333333,0.5,0.7466666666666666
person_facing_direction,9_10,pointy,ConvNeXt Tiny,head_model,1,0.8566666666666667,0.5,0.7133333333333334
person_facing_direction,9_10,pointy,ConvNeXt Tiny,head_model,2,0.86,0.5,0.72
person_facing_direction,9_10,pointy,ConvNeXt Tiny,head_model,3,0.8566666666666667,0.5,0.7133333333333334
person_facing_direction,9_10,pointy,ConvNeXt Tiny,head_model,4,0.8766666666666667,0.5,0.7533333333333334
person_facing_direction,9_10,pointy,ConvNeXt Tiny,head_model,5,0.8433333333333334,0.5,0.6866666666666668
person_facing_direction,9_10,pointy,ConvNeXt Tiny,head_model,6,0.8633333333333333,0.5,0.7266666666666666
person_facing_direction,9_10,pointy,ConvNeXt Tiny,head_model,7,0.82,0.5,0.6399999999999999
person_facing_direction,9_10,pointy,ConvNeXt Tiny,head_model,8,0.8466666666666667,0.5,0.6933333333333334
person_facing_direction,9_10,pointy,ConvNeXt Tiny,head_model,9,0.8566666666666667,0.5,0.7133333333333334
person_facing_direction,9_10,pointy,ConvNeXt Tiny,head_model,10,0.87,0.5,0.74
person_facing_direction,9_10,pointy,DINOv3 ViT Base,head_model,1,0.99,0.5,0.98
person_facing_direction,9_10,pointy,DINOv3 ViT Base,head_model,2,0.9833333333333333,0.5,0.9666666666666666
person_facing_direction,9_10,pointy,DINOv3 ViT Base,head_model,3,0.9133333333333333,0.5,0.8266666666666667
person_facing_direction,9_10,pointy,DINOv3 ViT Base,head_model,4,0.9533333333333334,0.5,0.9066666666666667
person_facing_direction,9_10,pointy,DINOv3 ViT Base,head_model,5,0.9866666666666667,0.5,0.9733333333333334
person_facing_direction,9_10,pointy,DINOv3 ViT Base,head_model,6,0.9933333333333333,0.5,0.9866666666666666
person_facing_direction,9_10,pointy,DINOv3 ViT Base,head_model,7,0.89,0.5,0.78
person_facing_direction,9_10,pointy,DINOv3 ViT Base,head_model,8,0.8733333333333333,0.5,0.7466666666666666
person_facing_direction,9_10,pointy,DINOv3 ViT Base,head_model,9,0.96,0.5,0.9199999999999999
person_facing_direction,9_10,pointy,DINOv3 ViT Base,head_model,10,0.8566666666666667,0.5,0.7133333333333334
person_facing_direction,9_10,pointy,ResNet18,head_model,1,0.8233333333333334,0.5,0.6466666666666667
person_facing_direction,9_10,pointy,ResNet18,head_model,2,0.82,0.5,0.6399999999999999
person_facing_direction,9_10,pointy,ResNet18,head_model,3,0.7966666666666666,0.5,0.5933333333333333
person_facing_direction,9_10,pointy,ResNet18,head_model,4,0.76,0.5,0.52
person_facing_direction,9_10,pointy,ResNet18,head_model,5,0.8133333333333334,0.5,0.6266666666666667
person_facing_direction,9_10,pointy,ResNet18,head_model,6,0.78,0.5,0.56
person_facing_direction,9_10,pointy,ResNet18,head_model,7,0.7633333333333333,0.5,0.5266666666666666
person_facing_direction,9_10,pointy,ResNet18,head_model,8,0.8133333333333334,0.5,0.6266666666666667
person_facing_direction,9_10,pointy,ResNet18,head_model,9,0.8233333333333334,0.5,0.6466666666666667
person_facing_direction,9_10,pointy,ResNet18,head_model,10,0.7766666666666666,0.5,0.5533333333333332
person_facing_direction,9_10,pointy,ResNet50,head_model,1,0.85,0.5,0.7
person_facing_direction,9_10,pointy,ResNet50,head_model,2,0.8466666666666667,0.5,0.6933333333333334
person_facing_direction,9_10,pointy,ResNet50,head_model,3,0.8433333333333334,0.5,0.6866666666666668
person_facing_direction,9_10,pointy,ResNet50,head_model,4,0.8133333333333334,0.5,0.6266666666666667
person_facing_direction,9_10,pointy,ResNet50,head_model,5,0.85,0.5,0.7
person_facing_direction,9_10,pointy,ResNet50,head_model,6,0.84,0.5,0.6799999999999999
person_facing_direction,9_10,pointy,ResNet50,head_model,7,0.8266666666666667,0.5,0.6533333333333333
person_facing_direction,9_10,pointy,ResNet50,head_model,8,0.84,0.5,0.6799999999999999
person_facing_direction,9_10,pointy,ResNet50,head_model,9,0.8433333333333334,0.5,0.6866666666666668
person_facing_direction,9_10,pointy,ResNet50,head_model,10,0.8433333333333334,0.5,0.6866666666666668
person_facing_direction,9_10,pointy,VGG11,head_model,1,0.87,0.5,0.74
person_facing_direction,9_10,pointy,VGG11,head_model,2,0.8666666666666667,0.5,0.7333333333333334
person_facing_direction,9_10,pointy,VGG11,head_model,3,0.8666666666666667,0.5,0.7333333333333334
person_facing_direction,9_10,pointy,VGG11,head_model,4,0.8666666666666667,0.5,0.7333333333333334
person_facing_direction,9_10,pointy,VGG11,head_model,5,0.8666666666666667,0.5,0.7333333333333334
person_facing_direction,9_10,pointy,VGG11,head_model,6,0.8666666666666667,0.5,0.7333333333333334
person_facing_direction,9_10,pointy,VGG11,head_model,7,0.8566666666666667,0.5,0.7133333333333334
person_facing_direction,9_10,pointy,VGG11,head_model,8,0.87,0.5,0.74
person_facing_direction,9_10,pointy,VGG11,head_model,9,0.8633333333333333,0.5,0.7266666666666666
person_facing_direction,9_10,pointy,VGG11,head_model,10,0.87,0.5,0.74
person_facing_direction,9_10,pointy,VGG13,head_model,1,0.8633333333333333,0.5,0.7266666666666666
person_facing_direction,9_10,pointy,VGG13,head_model,2,0.8666666666666667,0.5,0.7333333333333334
person_facing_direction,9_10,pointy,VGG13,head_model,3,0.8366666666666667,0.5,0.6733333333333333
person_facing_direction,9_10,pointy,VGG13,head_model,4,0.85,0.5,0.7
person_facing_direction,9_10,pointy,VGG13,head_model,5,0.7966666666666666,0.5,0.5933333333333333
person_facing_direction,9_10,pointy,VGG13,head_model,6,0.8366666666666667,0.5,0.6733333333333333
person_facing_direction,9_10,pointy,VGG13,head_model,7,0.8266666666666667,0.5,0.6533333333333333
person_facing_direction,9_10,pointy,VGG13,head_model,8,0.8333333333333334,0.5,0.6666666666666667
person_facing_direction,9_10,pointy,VGG13,head_model,9,0.84,0.5,0.6799999999999999
person_facing_direction,9_10,pointy,VGG13,head_model,10,0.82,0.5,0.6399999999999999
person_facing_direction,9_10,pointy,VGG16,head_model,1,0.8633333333333333,0.5,0.7266666666666666
person_facing_direction,9_10,pointy,VGG16,head_model,2,0.86,0.5,0.72
person_facing_direction,9_10,pointy,VGG16,head_model,3,0.8466666666666667,0.5,0.6933333333333334
person_facing_direction,9_10,pointy,VGG16,head_model,4,0.8466666666666667,0.5,0.6933333333333334
person_facing_direction,9_10,pointy,VGG16,head_model,5,0.81,0.5,0.6200000000000001
person_facing_direction,9_10,pointy,VGG16,head_model,6,0.8333333333333334,0.5,0.6666666666666667
person_facing_direction,9_10,pointy,VGG16,head_model,7,0.8433333333333334,0.5,0.6866666666666668
person_facing_direction,9_10,pointy,VGG16,head_model,8,0.83,0.5,0.6599999999999999
person_facing_direction,9_10,pointy,VGG16,head_model,9,0.85,0.5,0.7
person_facing_direction,9_10,pointy,VGG16,head_model,10,0.8433333333333334,0.5,0.6866666666666668
person_facing_direction,9_10,pointy,VGG19,head_model,1,0.8766666666666667,0.5,0.7533333333333334
person_facing_direction,9_10,pointy,VGG19,head_model,2,0.8833333333333333,0.5,0.7666666666666666
person_facing_direction,9_10,pointy,VGG19,head_model,3,0.8766666666666667,0.5,0.7533333333333334
person_facing_direction,9_10,pointy,VGG19,head_model,4,0.8833333333333333,0.5,0.7666666666666666
person_facing_direction,9_10,pointy,VGG19,head_model,5,0.8366666666666667,0.5,0.6733333333333333
person_facing_direction,9_10,pointy,VGG19,head_model,6,0.8766666666666667,0.5,0.7533333333333334
person_facing_direction,9_10,pointy,VGG19,head_model,7,0.8666666666666667,0.5,0.7333333333333334
person_facing_direction,9_10,pointy,VGG19,head_model,8,0.8666666666666667,0.5,0.7333333333333334
person_facing_direction,9_10,pointy,VGG19,head_model,9,0.8533333333333334,0.5,0.7066666666666668
person_facing_direction,9_10,pointy,VGG19,head_model,10,0.8833333333333333,0.5,0.7666666666666666
person_facing_direction,9_10,pointy,ViT Base,head_model,1,0.9933333333333333,0.5,0.9866666666666666
person_facing_direction,9_10,pointy,ViT Base,head_model,2,0.9666666666666667,0.5,0.9333333333333333
person_facing_direction,9_10,pointy,ViT Base,head_model,3,0.8766666666666667,0.5,0.7533333333333334
person_facing_direction,9_10,pointy,ViT Base,head_model,4,0.9766666666666667,0.5,0.9533333333333334
person_facing_direction,9_10,pointy,ViT Base,head_model,5,0.9833333333333333,0.5,0.9666666666666666
person_facing_direction,9_10,pointy,ViT Base,head_model,6,0.9833333333333333,0.5,0.9666666666666666
person_facing_direction,9_10,pointy,ViT Base,head_model,7,0.9966666666666667,0.5,0.9933333333333334
person_facing_direction,9_10,pointy,ViT Base,head_model,8,0.9766666666666667,0.5,0.9533333333333334
person_facing_direction,9_10,pointy,ViT Base,head_model,9,0.9066666666666666,0.5,0.8133333333333332
person_facing_direction,9_10,pointy,ViT Base,head_model,10,0.9566666666666667,0.5,0.9133333333333333
person_facing_direction,9_10,pointy,ViT Large,head_model,1,0.9966666666666667,0.5,0.9933333333333334
person_facing_direction,9_10,pointy,ViT Large,head_model,2,1.0,0.5,1.0
person_facing_direction,9_10,pointy,ViT Large,head_model,3,0.9966666666666667,0.5,0.9933333333333334
person_facing_direction,9_10,pointy,ViT Large,head_model,4,1.0,0.5,1.0
person_facing_direction,9_10,pointy,ViT Large,head_model,5,0.9966666666666667,0.5,0.9933333333333334
person_facing_direction,9_10,pointy,ViT Large,head_model,6,1.0,0.5,1.0
person_facing_direction,9_10,pointy,ViT Large,head_model,7,1.0,0.5,1.0
person_facing_direction,9_10,pointy,ViT Large,head_model,8,1.0,0.5,1.0
person_facing_direction,9_10,pointy,ViT Large,head_model,9,1.0,0.5,1.0
person_facing_direction,9_10,pointy,ViT Large,head_model,10,1.0,0.5,1.0
person_facing_direction,9_10,pointy,ViT Small,head_model,1,0.9933333333333333,0.5,0.9866666666666666
person_facing_direction,9_10,pointy,ViT Small,head_model,2,1.0,0.5,1.0
person_facing_direction,9_10,pointy,ViT Small,head_model,3,0.9833333333333333,0.5,0.9666666666666666
person_facing_direction,9_10,pointy,ViT Small,head_model,4,1.0,0.5,1.0
person_facing_direction,9_10,pointy,ViT Small,head_model,5,0.9933333333333333,0.5,0.9866666666666666
person_facing_direction,9_10,pointy,ViT Small,head_model,6,0.9966666666666667,0.5,0.9933333333333334
person_facing_direction,9_10,pointy,ViT Small,head_model,7,0.9966666666666667,0.5,0.9933333333333334
person_facing_direction,9_10,pointy,ViT Small,head_model,8,0.9933333333333333,0.5,0.9866666666666666
person_facing_direction,9_10,pointy,ViT Small,head_model,9,0.99,0.5,0.98
person_facing_direction,9_10,pointy,ViT Small,head_model,10,0.93,0.5,0.8600000000000001
person_facing_direction,9_10,streaky,ConvNeXt Base,head_model,1,0.95,0.5,0.8999999999999999
person_facing_direction,9_10,streaky,ConvNeXt Base,head_model,2,0.92,0.5,0.8400000000000001
person_facing_direction,9_10,streaky,ConvNeXt Base,head_model,3,0.9166666666666666,0.5,0.8333333333333333
person_facing_direction,9_10,streaky,ConvNeXt Base,head_model,4,0.9266666666666666,0.5,0.8533333333333333
person_facing_direction,9_10,streaky,ConvNeXt Base,head_model,5,0.93,0.5,0.8600000000000001
person_facing_direction,9_10,streaky,ConvNeXt Base,head_model,6,0.93,0.5,0.8600000000000001
person_facing_direction,9_10,streaky,ConvNeXt Base,head_model,7,0.92,0.5,0.8400000000000001
person_facing_direction,9_10,streaky,ConvNeXt Base,head_model,8,0.93,0.5,0.8600000000000001
person_facing_direction,9_10,streaky,ConvNeXt Base,head_model,9,0.9466666666666667,0.5,0.8933333333333333
person_facing_direction,9_10,streaky,ConvNeXt Base,head_model,10,0.92,0.5,0.8400000000000001
person_facing_direction,9_10,streaky,ConvNeXt Large,head_model,1,0.9633333333333334,0.5,0.9266666666666667
person_facing_direction,9_10,streaky,ConvNeXt Large,head_model,2,0.9666666666666667,0.5,0.9333333333333333
person_facing_direction,9_10,streaky,ConvNeXt Large,head_model,3,0.9733333333333334,0.5,0.9466666666666668
person_facing_direction,9_10,streaky,ConvNeXt Large,head_model,4,0.9633333333333334,0.5,0.9266666666666667
person_facing_direction,9_10,streaky,ConvNeXt Large,head_model,5,0.9633333333333334,0.5,0.9266666666666667
person_facing_direction,9_10,streaky,ConvNeXt Large,head_model,6,0.97,0.5,0.94
person_facing_direction,9_10,streaky,ConvNeXt Large,head_model,7,0.97,0.5,0.94
person_facing_direction,9_10,streaky,ConvNeXt Large,head_model,8,0.9733333333333334,0.5,0.9466666666666668
person_facing_direction,9_10,streaky,ConvNeXt Large,head_model,9,0.9566666666666667,0.5,0.9133333333333333
person_facing_direction,9_10,streaky,ConvNeXt Large,head_model,10,0.9666666666666667,0.5,0.9333333333333333
person_facing_direction,9_10,streaky,ConvNeXt Small,head_model,1,0.9,0.5,0.8
person_facing_direction,9_10,streaky,ConvNeXt Small,head_model,2,0.8966666666666666,0.5,0.7933333333333332
person_facing_direction,9_10,streaky,ConvNeXt Small,head_model,3,0.8966666666666666,0.5,0.7933333333333332
person_facing_direction,9_10,streaky,ConvNeXt Small,head_model,4,0.9,0.5,0.8
person_facing_direction,9_10,streaky,ConvNeXt Small,head_model,5,0.8966666666666666,0.5,0.7933333333333332
person_facing_direction,9_10,streaky,ConvNeXt Small,head_model,6,0.9,0.5,0.8
person_facing_direction,9_10,streaky,ConvNeXt Small,head_model,7,0.8966666666666666,0.5,0.7933333333333332
person_facing_direction,9_10,streaky,ConvNeXt Small,head_model,8,0.9,0.5,0.8
person_facing_direction,9_10,streaky,ConvNeXt Small,head_model,9,0.89,0.5,0.78
person_facing_direction,9_10,streaky,ConvNeXt Small,head_model,10,0.8966666666666666,0.5,0.7933333333333332
person_facing_direction,9_10,streaky,ConvNeXt Tiny,head_model,1,0.9033333333333333,0.5,0.8066666666666666
person_facing_direction,9_10,streaky,ConvNeXt Tiny,head_model,2,0.92,0.5,0.8400000000000001
person_facing_direction,9_10,streaky,ConvNeXt Tiny,head_model,3,0.9133333333333333,0.5,0.8266666666666667
person_facing_direction,9_10,streaky,ConvNeXt Tiny,head_model,4,0.9266666666666666,0.5,0.8533333333333333
person_facing_direction,9_10,streaky,ConvNeXt Tiny,head_model,5,0.9066666666666666,0.5,0.8133333333333332
person_facing_direction,9_10,streaky,ConvNeXt Tiny,head_model,6,0.93,0.5,0.8600000000000001
person_facing_direction,9_10,streaky,ConvNeXt Tiny,head_model,7,0.9066666666666666,0.5,0.8133333333333332
person_facing_direction,9_10,streaky,ConvNeXt Tiny,head_model,8,0.91,0.5,0.8200000000000001
person_facing_direction,9_10,streaky,ConvNeXt Tiny,head_model,9,0.9066666666666666,0.5,0.8133333333333332
person_facing_direction,9_10,streaky,ConvNeXt Tiny,head_model,10,0.9166666666666666,0.5,0.8333333333333333
person_facing_direction,9_10,streaky,DINOv3 ViT Base,head_model,1,1.0,0.5,1.0
person_facing_direction,9_10,streaky,DINOv3 ViT Base,head_model,2,0.8366666666666667,0.5,0.6733333333333333
person_facing_direction,9_10,streaky,DINOv3 ViT Base,head_model,3,1.0,0.5,1.0
person_facing_direction,9_10,streaky,DINOv3 ViT Base,head_model,4,0.94,0.5,0.8799999999999999
person_facing_direction,9_10,streaky,DINOv3 ViT Base,head_model,5,1.0,0.5,1.0
person_facing_direction,9_10,streaky,DINOv3 ViT Base,head_model,6,1.0,0.5,1.0
person_facing_direction,9_10,streaky,DINOv3 ViT Base,head_model,7,0.99,0.5,0.98
person_facing_direction,9_10,streaky,DINOv3 ViT Base,head_model,8,1.0,0.5,1.0
person_facing_direction,9_10,streaky,DINOv3 ViT Base,head_model,9,1.0,0.5,1.0
person_facing_direction,9_10,streaky,DINOv3 ViT Base,head_model,10,1.0,0.5,1.0
person_facing_direction,9_10,streaky,ResNet18,head_model,1,0.8866666666666667,0.5,0.7733333333333334
person_facing_direction,9_10,streaky,ResNet18,head_model,2,0.9033333333333333,0.5,0.8066666666666666
person_facing_direction,9_10,streaky,ResNet18,head_model,3,0.8966666666666666,0.5,0.7933333333333332
person_facing_direction,9_10,streaky,ResNet18,head_model,4,0.85,0.5,0.7
person_facing_direction,9_10,streaky,ResNet18,head_model,5,0.88,0.5,0.76
person_facing_direction,9_10,streaky,ResNet18,head_model,6,0.9,0.5,0.8
person_facing_direction,9_10,streaky,ResNet18,head_model,7,0.88,0.5,0.76
person_facing_direction,9_10,streaky,ResNet18,head_model,8,0.8833333333333333,0.5,0.7666666666666666
person_facing_direction,9_10,streaky,ResNet18,head_model,9,0.8966666666666666,0.5,0.7933333333333332
person_facing_direction,9_10,streaky,ResNet18,head_model,10,0.8766666666666667,0.5,0.7533333333333334
person_facing_direction,9_10,streaky,ResNet50,head_model,1,0.9,0.5,0.8
person_facing_direction,9_10,streaky,ResNet50,head_model,2,0.9133333333333333,0.5,0.8266666666666667
person_facing_direction,9_10,streaky,ResNet50,head_model,3,0.91,0.5,0.8200000000000001
person_facing_direction,9_10,streaky,ResNet50,head_model,4,0.89,0.5,0.78
person_facing_direction,9_10,streaky,ResNet50,head_model,5,0.8966666666666666,0.5,0.7933333333333332
person_facing_direction,9_10,streaky,ResNet50,head_model,6,0.8966666666666666,0.5,0.7933333333333332
person_facing_direction,9_10,streaky,ResNet50,head_model,7,0.91,0.5,0.8200000000000001
person_facing_direction,9_10,streaky,ResNet50,head_model,8,0.8966666666666666,0.5,0.7933333333333332
person_facing_direction,9_10,streaky,ResNet50,head_model,9,0.91,0.5,0.8200000000000001
person_facing_direction,9_10,streaky,ResNet50,head_model,10,0.9,0.5,0.8
person_facing_direction,9_10,streaky,VGG11,head_model,1,0.9233333333333333,0.5,0.8466666666666667
person_facing_direction,9_10,streaky,VGG11,head_model,2,0.8966666666666666,0.5,0.7933333333333332
person_facing_direction,9_10,streaky,VGG11,head_model,3,0.9033333333333333,0.5,0.8066666666666666
person_facing_direction,9_10,streaky,VGG11,head_model,4,0.9033333333333333,0.5,0.8066666666666666
person_facing_direction,9_10,streaky,VGG11,head_model,5,0.91,0.5,0.8200000000000001
person_facing_direction,9_10,streaky,VGG11,head_model,6,0.9,0.5,0.8
person_facing_direction,9_10,streaky,VGG11,head_model,7,0.9166666666666666,0.5,0.8333333333333333
person_facing_direction,9_10,streaky,VGG11,head_model,8,0.9,0.5,0.8
person_facing_direction,9_10,streaky,VGG11,head_model,9,0.92,0.5,0.8400000000000001
person_facing_direction,9_10,streaky,VGG11,head_model,10,0.9033333333333333,0.5,0.8066666666666666
person_facing_direction,9_10,streaky,VGG13,head_model,1,0.9233333333333333,0.5,0.8466666666666667
person_facing_direction,9_10,streaky,VGG13,head_model,2,0.91,0.5,0.8200000000000001
person_facing_direction,9_10,streaky,VGG13,head_model,3,0.9133333333333333,0.5,0.8266666666666667
person_facing_direction,9_10,streaky,VGG13,head_model,4,0.91,0.5,0.8200000000000001
person_facing_direction,9_10,streaky,VGG13,head_model,5,0.9066666666666666,0.5,0.8133333333333332
person_facing_direction,9_10,streaky,VGG13,head_model,6,0.9066666666666666,0.5,0.8133333333333332
person_facing_direction,9_10,streaky,VGG13,head_model,7,0.9133333333333333,0.5,0.8266666666666667
person_facing_direction,9_10,streaky,VGG13,head_model,8,0.9066666666666666,0.5,0.8133333333333332
person_facing_direction,9_10,streaky,VGG13,head_model,9,0.9166666666666666,0.5,0.8333333333333333
person_facing_direction,9_10,streaky,VGG13,head_model,10,0.9166666666666666,0.5,0.8333333333333333
person_facing_direction,9_10,streaky,VGG16,head_model,1,0.8866666666666667,0.5,0.7733333333333334
person_facing_direction,9_10,streaky,VGG16,head_model,2,0.9066666666666666,0.5,0.8133333333333332
person_facing_direction,9_10,streaky,VGG16,head_model,3,0.9133333333333333,0.5,0.8266666666666667
person_facing_direction,9_10,streaky,VGG16,head_model,4,0.9,0.5,0.8
person_facing_direction,9_10,streaky,VGG16,head_model,5,0.9133333333333333,0.5,0.8266666666666667
person_facing_direction,9_10,streaky,VGG16,head_model,6,0.9133333333333333,0.5,0.8266666666666667
person_facing_direction,9_10,streaky,VGG16,head_model,7,0.8966666666666666,0.5,0.7933333333333332
person_facing_direction,9_10,streaky,VGG16,head_model,8,0.9166666666666666,0.5,0.8333333333333333
person_facing_direction,9_10,streaky,VGG16,head_model,9,0.9133333333333333,0.5,0.8266666666666667
person_facing_direction,9_10,streaky,VGG16,head_model,10,0.91,0.5,0.8200000000000001
person_facing_direction,9_10,streaky,VGG19,head_model,1,0.92,0.5,0.8400000000000001
person_facing_direction,9_10,streaky,VGG19,head_model,2,0.9133333333333333,0.5,0.8266666666666667
person_facing_direction,9_10,streaky,VGG19,head_model,3,0.9233333333333333,0.5,0.8466666666666667
person_facing_direction,9_10,streaky,VGG19,head_model,4,0.92,0.5,0.8400000000000001
person_facing_direction,9_10,streaky,VGG19,head_model,5,0.9266666666666666,0.5,0.8533333333333333
person_facing_direction,9_10,streaky,VGG19,head_model,6,0.8933333333333333,0.5,0.7866666666666666
person_facing_direction,9_10,streaky,VGG19,head_model,7,0.91,0.5,0.8200000000000001
person_facing_direction,9_10,streaky,VGG19,head_model,8,0.92,0.5,0.8400000000000001
person_facing_direction,9_10,streaky,VGG19,head_model,9,0.9066666666666666,0.5,0.8133333333333332
person_facing_direction,9_10,streaky,VGG19,head_model,10,0.9133333333333333,0.5,0.8266666666666667
person_facing_direction,9_10,streaky,ViT Base,head_model,1,0.99,0.5,0.98
person_facing_direction,9_10,streaky,ViT Base,head_model,2,1.0,0.5,1.0
person_facing_direction,9_10,streaky,ViT Base,head_model,3,1.0,0.5,1.0
person_facing_direction,9_10,streaky,ViT Base,head_model,4,1.0,0.5,1.0
person_facing_direction,9_10,streaky,ViT Base,head_model,5,1.0,0.5,1.0
person_facing_direction,9_10,streaky,ViT Base,head_model,6,1.0,0.5,1.0
person_facing_direction,9_10,streaky,ViT Base,head_model,7,1.0,0.5,1.0
person_facing_direction,9_10,streaky,ViT Base,head_model,8,1.0,0.5,1.0
person_facing_direction,9_10,streaky,ViT Base,head_model,9,1.0,0.5,1.0
person_facing_direction,9_10,streaky,ViT Base,head_model,10,1.0,0.5,1.0
person_facing_direction,9_10,streaky,ViT Large,head_model,1,0.9966666666666667,0.5,0.9933333333333334
person_facing_direction,9_10,streaky,ViT Large,head_model,2,1.0,0.5,1.0
person_facing_direction,9_10,streaky,ViT Large,head_model,3,1.0,0.5,1.0
person_facing_direction,9_10,streaky,ViT Large,head_model,4,1.0,0.5,1.0
person_facing_direction,9_10,streaky,ViT Large,head_model,5,1.0,0.5,1.0
person_facing_direction,9_10,streaky,ViT Large,head_model,6,1.0,0.5,1.0
person_facing_direction,9_10,streaky,ViT Large,head_model,7,1.0,0.5,1.0
person_facing_direction,9_10,streaky,ViT Large,head_model,8,1.0,0.5,1.0
person_facing_direction,9_10,streaky,ViT Large,head_model,9,1.0,0.5,1.0
person_facing_direction,9_10,streaky,ViT Large,head_model,10,1.0,0.5,1.0
person_facing_direction,9_10,streaky,ViT Small,head_model,1,1.0,0.5,1.0
person_facing_direction,9_10,streaky,ViT Small,head_model,2,1.0,0.5,1.0
person_facing_direction,9_10,streaky,ViT Small,head_model,3,1.0,0.5,1.0
person_facing_direction,9_10,streaky,ViT Small,head_model,4,1.0,0.5,1.0
person_facing_direction,9_10,streaky,ViT Small,head_model,5,0.9966666666666667,0.5,0.9933333333333334
person_facing_direction,9_10,streaky,ViT Small,head_model,6,0.9966666666666667,0.5,0.9933333333333334
person_facing_direction,9_10,streaky,ViT Small,head_model,7,1.0,0.5,1.0
person_facing_direction,9_10,streaky,ViT Small,head_model,8,1.0,0.5,1.0
person_facing_direction,9_10,streaky,ViT Small,head_model,9,0.9966666666666667,0.5,0.9933333333333334
person_facing_direction,9_10,streaky,ViT Small,head_model,10,1.0,0.5,1.0
shape,12_10,pointy,ConvNeXt Base,head_model,1,0.9592391304347826,0.3333333333333333,0.9388586956521737
shape,12_10,pointy,ConvNeXt Base,head_model,2,0.9320652173913043,0.3333333333333333,0.8980978260869563
shape,12_10,pointy,ConvNeXt Base,head_model,3,0.9497282608695652,0.3333333333333333,0.9245923913043478
shape,12_10,pointy,ConvNeXt Base,head_model,4,0.967391304347826,0.3333333333333333,0.9510869565217389
shape,12_10,pointy,ConvNeXt Base,head_model,5,0.9347826086956522,0.3333333333333333,0.9021739130434782
shape,12_10,pointy,ConvNeXt Base,head_model,6,0.9538043478260869,0.3333333333333333,0.9307065217391304
shape,12_10,pointy,ConvNeXt Base,head_model,7,0.9646739130434783,0.3333333333333333,0.9470108695652174
shape,12_10,pointy,ConvNeXt Base,head_model,8,0.9592391304347826,0.3333333333333333,0.9388586956521737
shape,12_10,pointy,ConvNeXt Base,head_model,9,0.9279891304347826,0.3333333333333333,0.8919836956521737
shape,12_10,pointy,ConvNeXt Base,head_model,10,0.9415760869565217,0.3333333333333333,0.9123641304347826
shape,12_10,pointy,ConvNeXt Large,head_model,1,0.9864130434782609,0.3333333333333333,0.9796195652173911
shape,12_10,pointy,ConvNeXt Large,head_model,2,0.9633152173913043,0.3333333333333333,0.9449728260869563
shape,12_10,pointy,ConvNeXt Large,head_model,3,0.970108695652174,0.3333333333333333,0.9551630434782608
shape,12_10,pointy,ConvNeXt Large,head_model,4,0.970108695652174,0.3333333333333333,0.9551630434782608
shape,12_10,pointy,ConvNeXt Large,head_model,5,0.9728260869565217,0.3333333333333333,0.9592391304347826
shape,12_10,pointy,ConvNeXt Large,head_model,6,0.9619565217391305,0.3333333333333333,0.9429347826086956
shape,12_10,pointy,ConvNeXt Large,head_model,7,0.9877717391304348,0.3333333333333333,0.9816576086956522
shape,12_10,pointy,ConvNeXt Large,head_model,8,0.9769021739130435,0.3333333333333333,0.9653532608695652
shape,12_10,pointy,ConvNeXt Large,head_model,9,0.9714673913043478,0.3333333333333333,0.9572010869565215
shape,12_10,pointy,ConvNeXt Large,head_model,10,0.96875,0.3333333333333333,0.953125
shape,12_10,pointy,ConvNeXt Small,head_model,1,0.9646739130434783,0.3333333333333333,0.9470108695652174
shape,12_10,pointy,ConvNeXt Small,head_model,2,0.967391304347826,0.3333333333333333,0.9510869565217389
shape,12_10,pointy,ConvNeXt Small,head_model,3,0.9605978260869565,0.3333333333333333,0.9408967391304348
shape,12_10,pointy,ConvNeXt Small,head_model,4,0.9660326086956522,0.3333333333333333,0.9490489130434782
shape,12_10,pointy,ConvNeXt Small,head_model,5,0.9592391304347826,0.3333333333333333,0.9388586956521737
shape,12_10,pointy,ConvNeXt Small,head_model,6,0.967391304347826,0.3333333333333333,0.9510869565217389
shape,12_10,pointy,ConvNeXt Small,head_model,7,0.96875,0.3333333333333333,0.953125
shape,12_10,pointy,ConvNeXt Small,head_model,8,0.9538043478260869,0.3333333333333333,0.9307065217391304
shape,12_10,pointy,ConvNeXt Small,head_model,9,0.9565217391304348,0.3333333333333333,0.9347826086956522
shape,12_10,pointy,ConvNeXt Small,head_model,10,0.9605978260869565,0.3333333333333333,0.9408967391304348
shape,12_10,pointy,ConvNeXt Tiny,head_model,1,0.9307065217391305,0.3333333333333333,0.8960597826086956
shape,12_10,pointy,ConvNeXt Tiny,head_model,2,0.9320652173913043,0.3333333333333333,0.8980978260869563
shape,12_10,pointy,ConvNeXt Tiny,head_model,3,0.9429347826086957,0.3333333333333333,0.9144021739130433
shape,12_10,pointy,ConvNeXt Tiny,head_model,4,0.938858695652174,0.3333333333333333,0.9082880434782608
shape,12_10,pointy,ConvNeXt Tiny,head_model,5,0.9320652173913043,0.3333333333333333,0.8980978260869563
shape,12_10,pointy,ConvNeXt Tiny,head_model,6,0.9375,0.3333333333333333,0.90625
shape,12_10,pointy,ConvNeXt Tiny,head_model,7,0.9334239130434783,0.3333333333333333,0.9001358695652174
shape,12_10,pointy,ConvNeXt Tiny,head_model,8,0.9008152173913043,0.3333333333333333,0.8512228260869563
shape,12_10,pointy,ConvNeXt Tiny,head_model,9,0.9279891304347826,0.3333333333333333,0.8919836956521737
shape,12_10,pointy,ConvNeXt Tiny,head_model,10,0.9497282608695652,0.3333333333333333,0.9245923913043478
shape,12_10,pointy,DINOv3 ViT Base,head_model,1,0.9171195652173914,0.3333333333333333,0.875679347826087
shape,12_10,pointy,DINOv3 ViT Base,head_model,2,0.9864130434782609,0.3333333333333333,0.9796195652173911
shape,12_10,pointy,DINOv3 ViT Base,head_model,3,0.936141304347826,0.3333333333333333,0.9042119565217389
shape,12_10,pointy,DINOv3 ViT Base,head_model,4,0.9646739130434783,0.3333333333333333,0.9470108695652174
shape,12_10,pointy,DINOv3 ViT Base,head_model,5,0.9809782608695652,0.3333333333333333,0.9714673913043478
shape,12_10,pointy,DINOv3 ViT Base,head_model,6,0.970108695652174,0.3333333333333333,0.9551630434782608
shape,12_10,pointy,DINOv3 ViT Base,head_model,7,0.7894021739130435,0.3333333333333333,0.6841032608695652
shape,12_10,pointy,DINOv3 ViT Base,head_model,8,0.9415760869565217,0.3333333333333333,0.9123641304347826
shape,12_10,pointy,DINOv3 ViT Base,head_model,9,0.967391304347826,0.3333333333333333,0.9510869565217389
shape,12_10,pointy,DINOv3 ViT Base,head_model,10,0.876358695652174,0.3333333333333333,0.8145380434782608
shape,12_10,pointy,ResNet18,head_model,1,0.842391304347826,0.3333333333333333,0.7635869565217389
shape,12_10,pointy,ResNet18,head_model,2,0.8328804347826086,0.3333333333333333,0.749320652173913
shape,12_10,pointy,ResNet18,head_model,3,0.8328804347826086,0.3333333333333333,0.749320652173913
shape,12_10,pointy,ResNet18,head_model,4,0.8328804347826086,0.3333333333333333,0.749320652173913
shape,12_10,pointy,ResNet18,head_model,5,0.8315217391304348,0.3333333333333333,0.7472826086956522
shape,12_10,pointy,ResNet18,head_model,6,0.8328804347826086,0.3333333333333333,0.749320652173913
shape,12_10,pointy,ResNet18,head_model,7,0.8342391304347826,0.3333333333333333,0.7513586956521737
shape,12_10,pointy,ResNet18,head_model,8,0.8383152173913043,0.3333333333333333,0.7574728260869563
shape,12_10,pointy,ResNet18,head_model,9,0.8369565217391305,0.3333333333333333,0.7554347826086956
shape,12_10,pointy,ResNet18,head_model,10,0.84375,0.3333333333333333,0.765625
shape,12_10,pointy,ResNet50,head_model,1,0.8355978260869565,0.3333333333333333,0.7533967391304348
shape,12_10,pointy,ResNet50,head_model,2,0.8410326086956522,0.3333333333333333,0.7615489130434782
shape,12_10,pointy,ResNet50,head_model,3,0.8410326086956522,0.3333333333333333,0.7615489130434782
shape,12_10,pointy,ResNet50,head_model,4,0.8301630434782609,0.3333333333333333,0.7452445652173912
shape,12_10,pointy,ResNet50,head_model,5,0.8288043478260869,0.3333333333333333,0.7432065217391304
shape,12_10,pointy,ResNet50,head_model,6,0.8328804347826086,0.3333333333333333,0.749320652173913
shape,12_10,pointy,ResNet50,head_model,7,0.8328804347826086,0.3333333333333333,0.749320652173913
shape,12_10,pointy,ResNet50,head_model,8,0.8464673913043478,0.3333333333333333,0.7697010869565215
shape,12_10,pointy,ResNet50,head_model,9,0.8315217391304348,0.3333333333333333,0.7472826086956522
shape,12_10,pointy,ResNet50,head_model,10,0.8383152173913043,0.3333333333333333,0.7574728260869563
shape,12_10,pointy,VGG11,head_model,1,0.8913043478260869,0.3333333333333333,0.8369565217391304
shape,12_10,pointy,VGG11,head_model,2,0.8845108695652174,0.3333333333333333,0.8267663043478259
shape,12_10,pointy,VGG11,head_model,3,0.8980978260869565,0.3333333333333333,0.8471467391304348
shape,12_10,pointy,VGG11,head_model,4,0.8899456521739131,0.3333333333333333,0.8349184782608696
shape,12_10,pointy,VGG11,head_model,5,0.875,0.3333333333333333,0.8125
shape,12_10,pointy,VGG11,head_model,6,0.8953804347826086,0.3333333333333333,0.843070652173913
shape,12_10,pointy,VGG11,head_model,7,0.8831521739130435,0.3333333333333333,0.8247282608695652
shape,12_10,pointy,VGG11,head_model,8,0.8913043478260869,0.3333333333333333,0.8369565217391304
shape,12_10,pointy,VGG11,head_model,9,0.8546195652173914,0.3333333333333333,0.781929347826087
shape,12_10,pointy,VGG11,head_model,10,0.8967391304347826,0.3333333333333333,0.8451086956521737
shape,12_10,pointy,VGG13,head_model,1,0.8872282608695652,0.3333333333333333,0.8308423913043478
shape,12_10,pointy,VGG13,head_model,2,0.8410326086956522,0.3333333333333333,0.7615489130434782
shape,12_10,pointy,VGG13,head_model,3,0.8804347826086957,0.3333333333333333,0.8206521739130433
shape,12_10,pointy,VGG13,head_model,4,0.8532608695652174,0.3333333333333333,0.7798913043478259
shape,12_10,pointy,VGG13,head_model,5,0.875,0.3333333333333333,0.8125
shape,12_10,pointy,VGG13,head_model,6,0.8328804347826086,0.3333333333333333,0.749320652173913
shape,12_10,pointy,VGG13,head_model,7,0.8519021739130435,0.3333333333333333,0.7778532608695652
shape,12_10,pointy,VGG13,head_model,8,0.875,0.3333333333333333,0.8125
shape,12_10,pointy,VGG13,head_model,9,0.8247282608695652,0.3333333333333333,0.7370923913043478
shape,12_10,pointy,VGG13,head_model,10,0.8586956521739131,0.3333333333333333,0.7880434782608696
shape,12_10,pointy,VGG16,head_model,1,0.9008152173913043,0.3333333333333333,0.8512228260869563
shape,12_10,pointy,VGG16,head_model,2,0.8967391304347826,0.3333333333333333,0.8451086956521737
shape,12_10,pointy,VGG16,head_model,3,0.8885869565217391,0.3333333333333333,0.8328804347826085
shape,12_10,pointy,VGG16,head_model,4,0.8953804347826086,0.3333333333333333,0.843070652173913
shape,12_10,pointy,VGG16,head_model,5,0.876358695652174,0.3333333333333333,0.8145380434782608
shape,12_10,pointy,VGG16,head_model,6,0.9021739130434783,0.3333333333333333,0.8532608695652174
shape,12_10,pointy,VGG16,head_model,7,0.8980978260869565,0.3333333333333333,0.8471467391304348
shape,12_10,pointy,VGG16,head_model,8,0.907608695652174,0.3333333333333333,0.8614130434782608
shape,12_10,pointy,VGG16,head_model,9,0.8777173913043478,0.3333333333333333,0.8165760869565215
shape,12_10,pointy,VGG16,head_model,10,0.8872282608695652,0.3333333333333333,0.8308423913043478
shape,12_10,pointy,VGG19,head_model,1,0.842391304347826,0.3333333333333333,0.7635869565217389
shape,12_10,pointy,VGG19,head_model,2,0.8464673913043478,0.3333333333333333,0.7697010869565215
shape,12_10,pointy,VGG19,head_model,3,0.8410326086956522,0.3333333333333333,0.7615489130434782
shape,12_10,pointy,VGG19,head_model,4,0.8315217391304348,0.3333333333333333,0.7472826086956522
shape,12_10,pointy,VGG19,head_model,5,0.8220108695652174,0.3333333333333333,0.733016304347826
shape,12_10,pointy,VGG19,head_model,6,0.8546195652173914,0.3333333333333333,0.781929347826087
shape,12_10,pointy,VGG19,head_model,7,0.8682065217391305,0.3333333333333333,0.8023097826086956
shape,12_10,pointy,VGG19,head_model,8,0.8654891304347826,0.3333333333333333,0.7982336956521737
shape,12_10,pointy,VGG19,head_model,9,0.8342391304347826,0.3333333333333333,0.7513586956521737
shape,12_10,pointy,VGG19,head_model,10,0.8505434782608695,0.3333333333333333,0.7758152173913041
shape,12_10,pointy,ViT Base,head_model,1,0.9266304347826086,0.3333333333333333,0.889945652173913
shape,12_10,pointy,ViT Base,head_model,2,0.811141304347826,0.3333333333333333,0.716711956521739
shape,12_10,pointy,ViT Base,head_model,3,0.8505434782608695,0.3333333333333333,0.7758152173913041
shape,12_10,pointy,ViT Base,head_model,4,0.90625,0.3333333333333333,0.859375
shape,12_10,pointy,ViT Base,head_model,5,0.9130434782608695,0.3333333333333333,0.8695652173913041
shape,12_10,pointy,ViT Base,head_model,6,0.9035326086956522,0.3333333333333333,0.8552989130434782
shape,12_10,pointy,ViT Base,head_model,7,0.7948369565217391,0.3333333333333333,0.6922554347826086
shape,12_10,pointy,ViT Base,head_model,8,0.842391304347826,0.3333333333333333,0.7635869565217389
shape,12_10,pointy,ViT Base,head_model,9,0.9266304347826086,0.3333333333333333,0.889945652173913
shape,12_10,pointy,ViT Base,head_model,10,0.8953804347826086,0.3333333333333333,0.843070652173913
shape,12_10,pointy,ViT Large,head_model,1,0.9442934782608695,0.3333333333333333,0.9164402173913041
shape,12_10,pointy,ViT Large,head_model,2,0.9293478260869565,0.3333333333333333,0.8940217391304348
shape,12_10,pointy,ViT Large,head_model,3,0.9510869565217391,0.3333333333333333,0.9266304347826085
shape,12_10,pointy,ViT Large,head_model,4,0.9144021739130435,0.3333333333333333,0.8716032608695652
shape,12_10,pointy,ViT Large,head_model,5,0.936141304347826,0.3333333333333333,0.9042119565217389
shape,12_10,pointy,ViT Large,head_model,6,0.9320652173913043,0.3333333333333333,0.8980978260869563
shape,12_10,pointy,ViT Large,head_model,7,0.9442934782608695,0.3333333333333333,0.9164402173913041
shape,12_10,pointy,ViT Large,head_model,8,0.9225543478260869,0.3333333333333333,0.8838315217391304
shape,12_10,pointy,ViT Large,head_model,9,0.9184782608695652,0.3333333333333333,0.8777173913043478
shape,12_10,pointy,ViT Large,head_model,10,0.9483695652173914,0.3333333333333333,0.922554347826087
shape,12_10,pointy,ViT Small,head_model,1,0.9483695652173914,0.3333333333333333,0.922554347826087
shape,12_10,pointy,ViT Small,head_model,2,0.8682065217391305,0.3333333333333333,0.8023097826086956
shape,12_10,pointy,ViT Small,head_model,3,0.8491847826086957,0.3333333333333333,0.7737771739130433
shape,12_10,pointy,ViT Small,head_model,4,0.904891304347826,0.3333333333333333,0.8573369565217389
shape,12_10,pointy,ViT Small,head_model,5,0.9415760869565217,0.3333333333333333,0.9123641304347826
shape,12_10,pointy,ViT Small,head_model,6,0.9456521739130435,0.3333333333333333,0.9184782608695652
shape,12_10,pointy,ViT Small,head_model,7,0.9334239130434783,0.3333333333333333,0.9001358695652174
shape,12_10,pointy,ViT Small,head_model,8,0.9483695652173914,0.3333333333333333,0.922554347826087
shape,12_10,pointy,ViT Small,head_model,9,0.9483695652173914,0.3333333333333333,0.922554347826087
shape,12_10,pointy,ViT Small,head_model,10,0.8709239130434783,0.3333333333333333,0.8063858695652174
shape,12_10,streaky,ConvNeXt Base,head_model,1,0.8262068965517242,0.3333333333333333,0.7393103448275863
shape,12_10,streaky,ConvNeXt Base,head_model,2,0.8413793103448276,0.3333333333333333,0.7620689655172412
shape,12_10,streaky,ConvNeXt Base,head_model,3,0.8455172413793104,0.3333333333333333,0.7682758620689656
shape,12_10,streaky,ConvNeXt Base,head_model,4,0.8344827586206897,0.3333333333333333,0.7517241379310343
shape,12_10,streaky,ConvNeXt Base,head_model,5,0.8468965517241379,0.3333333333333333,0.7703448275862067
shape,12_10,streaky,ConvNeXt Base,head_model,6,0.8620689655172413,0.3333333333333333,0.793103448275862
shape,12_10,streaky,ConvNeXt Base,head_model,7,0.856551724137931,0.3333333333333333,0.7848275862068965
shape,12_10,streaky,ConvNeXt Base,head_model,8,0.8662068965517241,0.3333333333333333,0.799310344827586
shape,12_10,streaky,ConvNeXt Base,head_model,9,0.84,0.3333333333333333,0.7599999999999998
shape,12_10,streaky,ConvNeXt Base,head_model,10,0.8275862068965517,0.3333333333333333,0.7413793103448275
shape,12_10,streaky,ConvNeXt Large,head_model,1,0.903448275862069,0.3333333333333333,0.8551724137931035
shape,12_10,streaky,ConvNeXt Large,head_model,2,0.9255172413793104,0.3333333333333333,0.8882758620689654
shape,12_10,streaky,ConvNeXt Large,head_model,3,0.9213793103448276,0.3333333333333333,0.8820689655172413
shape,12_10,streaky,ConvNeXt Large,head_model,4,0.8744827586206897,0.3333333333333333,0.8117241379310344
shape,12_10,streaky,ConvNeXt Large,head_model,5,0.9227586206896552,0.3333333333333333,0.8841379310344828
shape,12_10,streaky,ConvNeXt Large,head_model,6,0.9393103448275862,0.3333333333333333,0.9089655172413792
shape,12_10,streaky,ConvNeXt Large,head_model,7,0.9089655172413793,0.3333333333333333,0.863448275862069
shape,12_10,streaky,ConvNeXt Large,head_model,8,0.8813793103448276,0.3333333333333333,0.8220689655172413
shape,12_10,streaky,ConvNeXt Large,head_model,9,0.8744827586206897,0.3333333333333333,0.8117241379310344
shape,12_10,streaky,ConvNeXt Large,head_model,10,0.8620689655172413,0.3333333333333333,0.793103448275862
shape,12_10,streaky,ConvNeXt Small,head_model,1,0.9048275862068965,0.3333333333333333,0.8572413793103446
shape,12_10,streaky,ConvNeXt Small,head_model,2,0.8924137931034483,0.3333333333333333,0.8386206896551722
shape,12_10,streaky,ConvNeXt Small,head_model,3,0.9062068965517242,0.3333333333333333,0.8593103448275861
shape,12_10,streaky,ConvNeXt Small,head_model,4,0.8993103448275862,0.3333333333333333,0.8489655172413791
shape,12_10,streaky,ConvNeXt Small,head_model,5,0.9020689655172414,0.3333333333333333,0.853103448275862
shape,12_10,streaky,ConvNeXt Small,head_model,6,0.9020689655172414,0.3333333333333333,0.853103448275862
shape,12_10,streaky,ConvNeXt Small,head_model,7,0.896551724137931,0.3333333333333333,0.8448275862068966
shape,12_10,streaky,ConvNeXt Small,head_model,8,0.88,0.3333333333333333,0.8199999999999998
shape,12_10,streaky,ConvNeXt Small,head_model,9,0.9172413793103448,0.3333333333333333,0.875862068965517
shape,12_10,streaky,ConvNeXt Small,head_model,10,0.9048275862068965,0.3333333333333333,0.8572413793103446
shape,12_10,streaky,ConvNeXt Tiny,head_model,1,0.9241379310344827,0.3333333333333333,0.8862068965517239
shape,12_10,streaky,ConvNeXt Tiny,head_model,2,0.8979310344827586,0.3333333333333333,0.8468965517241377
shape,12_10,streaky,ConvNeXt Tiny,head_model,3,0.9186206896551724,0.3333333333333333,0.8779310344827584
shape,12_10,streaky,ConvNeXt Tiny,head_model,4,0.8882758620689655,0.3333333333333333,0.8324137931034482
shape,12_10,streaky,ConvNeXt Tiny,head_model,5,0.9117241379310345,0.3333333333333333,0.8675862068965515
shape,12_10,streaky,ConvNeXt Tiny,head_model,6,0.9172413793103448,0.3333333333333333,0.875862068965517
shape,12_10,streaky,ConvNeXt Tiny,head_model,7,0.9186206896551724,0.3333333333333333,0.8779310344827584
shape,12_10,streaky,ConvNeXt Tiny,head_model,8,0.886896551724138,0.3333333333333333,0.8303448275862068
shape,12_10,streaky,ConvNeXt Tiny,head_model,9,0.8882758620689655,0.3333333333333333,0.8324137931034482
shape,12_10,streaky,ConvNeXt Tiny,head_model,10,0.8937931034482759,0.3333333333333333,0.8406896551724137
shape,12_10,streaky,DINOv3 ViT Base,head_model,1,0.88,0.3333333333333333,0.8199999999999998
shape,12_10,streaky,DINOv3 ViT Base,head_model,2,0.9544827586206897,0.3333333333333333,0.9317241379310345
shape,12_10,streaky,DINOv3 ViT Base,head_model,3,0.8165517241379311,0.3333333333333333,0.7248275862068966
shape,12_10,streaky,DINOv3 ViT Base,head_model,4,0.9144827586206896,0.3333333333333333,0.8717241379310344
shape,12_10,streaky,DINOv3 ViT Base,head_model,5,0.8,0.3333333333333333,0.7000000000000001
shape,12_10,streaky,DINOv3 ViT Base,head_model,6,0.8593103448275862,0.3333333333333333,0.7889655172413791
shape,12_10,streaky,DINOv3 ViT Base,head_model,7,0.8289655172413793,0.3333333333333333,0.743448275862069
shape,12_10,streaky,DINOv3 ViT Base,head_model,8,0.863448275862069,0.3333333333333333,0.7951724137931034
shape,12_10,streaky,DINOv3 ViT Base,head_model,9,0.9462068965517242,0.3333333333333333,0.9193103448275861
shape,12_10,streaky,DINOv3 ViT Base,head_model,10,0.9131034482758621,0.3333333333333333,0.869655172413793
shape,12_10,streaky,ResNet18,head_model,1,0.7627586206896552,0.3333333333333333,0.6441379310344827
shape,12_10,streaky,ResNet18,head_model,2,0.7489655172413793,0.3333333333333333,0.6234482758620689
shape,12_10,streaky,ResNet18,head_model,3,0.7572413793103449,0.3333333333333333,0.6358620689655172
shape,12_10,streaky,ResNet18,head_model,4,0.7613793103448275,0.3333333333333333,0.6420689655172412
shape,12_10,streaky,ResNet18,head_model,5,0.7613793103448275,0.3333333333333333,0.6420689655172412
shape,12_10,streaky,ResNet18,head_model,6,0.7379310344827587,0.3333333333333333,0.6068965517241379
shape,12_10,streaky,ResNet18,head_model,7,0.76,0.3333333333333333,0.64
shape,12_10,streaky,ResNet18,head_model,8,0.7627586206896552,0.3333333333333333,0.6441379310344827
shape,12_10,streaky,ResNet18,head_model,9,0.7641379310344828,0.3333333333333333,0.6462068965517241
shape,12_10,streaky,ResNet18,head_model,10,0.7655172413793103,0.3333333333333333,0.6482758620689655
shape,12_10,streaky,ResNet50,head_model,1,0.7241379310344828,0.3333333333333333,0.5862068965517241
shape,12_10,streaky,ResNet50,head_model,2,0.7310344827586207,0.3333333333333333,0.596551724137931
shape,12_10,streaky,ResNet50,head_model,3,0.7213793103448276,0.3333333333333333,0.5820689655172414
shape,12_10,streaky,ResNet50,head_model,4,0.7282758620689656,0.3333333333333333,0.5924137931034483
shape,12_10,streaky,ResNet50,head_model,5,0.7268965517241379,0.3333333333333333,0.5903448275862069
shape,12_10,streaky,ResNet50,head_model,6,0.7227586206896551,0.3333333333333333,0.5841379310344826
shape,12_10,streaky,ResNet50,head_model,7,0.7255172413793104,0.3333333333333333,0.5882758620689655
shape,12_10,streaky,ResNet50,head_model,8,0.7213793103448276,0.3333333333333333,0.5820689655172414
shape,12_10,streaky,ResNet50,head_model,9,0.7282758620689656,0.3333333333333333,0.5924137931034483
shape,12_10,streaky,ResNet50,head_model,10,0.7213793103448276,0.3333333333333333,0.5820689655172414
shape,12_10,streaky,VGG11,head_model,1,0.8027586206896552,0.3333333333333333,0.7041379310344827
shape,12_10,streaky,VGG11,head_model,2,0.7793103448275862,0.3333333333333333,0.6689655172413793
shape,12_10,streaky,VGG11,head_model,3,0.8179310344827586,0.3333333333333333,0.7268965517241379
shape,12_10,streaky,VGG11,head_model,4,0.7944827586206896,0.3333333333333333,0.6917241379310344
shape,12_10,streaky,VGG11,head_model,5,0.8124137931034483,0.3333333333333333,0.7186206896551725
shape,12_10,streaky,VGG11,head_model,6,0.8193103448275862,0.3333333333333333,0.7289655172413794
shape,12_10,streaky,VGG11,head_model,7,0.8027586206896552,0.3333333333333333,0.7041379310344827
shape,12_10,streaky,VGG11,head_model,8,0.8068965517241379,0.3333333333333333,0.7103448275862068
shape,12_10,streaky,VGG11,head_model,9,0.8055172413793104,0.3333333333333333,0.7082758620689655
shape,12_10,streaky,VGG11,head_model,10,0.8096551724137931,0.3333333333333333,0.7144827586206897
shape,12_10,streaky,VGG13,head_model,1,0.7751724137931034,0.3333333333333333,0.6627586206896551
shape,12_10,streaky,VGG13,head_model,2,0.8068965517241379,0.3333333333333333,0.7103448275862068
shape,12_10,streaky,VGG13,head_model,3,0.8303448275862069,0.3333333333333333,0.7455172413793103
shape,12_10,streaky,VGG13,head_model,4,0.7751724137931034,0.3333333333333333,0.6627586206896551
shape,12_10,streaky,VGG13,head_model,5,0.8055172413793104,0.3333333333333333,0.7082758620689655
shape,12_10,streaky,VGG13,head_model,6,0.8165517241379311,0.3333333333333333,0.7248275862068966
shape,12_10,streaky,VGG13,head_model,7,0.7944827586206896,0.3333333333333333,0.6917241379310344
shape,12_10,streaky,VGG13,head_model,8,0.8468965517241379,0.3333333333333333,0.7703448275862067
shape,12_10,streaky,VGG13,head_model,9,0.8234482758620689,0.3333333333333333,0.7351724137931034
shape,12_10,streaky,VGG13,head_model,10,0.8344827586206897,0.3333333333333333,0.7517241379310343
shape,12_10,streaky,VGG16,head_model,1,0.7862068965517242,0.3333333333333333,0.6793103448275862
shape,12_10,streaky,VGG16,head_model,2,0.8165517241379311,0.3333333333333333,0.7248275862068966
shape,12_10,streaky,VGG16,head_model,3,0.8275862068965517,0.3333333333333333,0.7413793103448275
shape,12_10,streaky,VGG16,head_model,4,0.8055172413793104,0.3333333333333333,0.7082758620689655
shape,12_10,streaky,VGG16,head_model,5,0.8013793103448276,0.3333333333333333,0.7020689655172413
shape,12_10,streaky,VGG16,head_model,6,0.8206896551724138,0.3333333333333333,0.7310344827586206
shape,12_10,streaky,VGG16,head_model,7,0.8137931034482758,0.3333333333333333,0.7206896551724137
shape,12_10,streaky,VGG16,head_model,8,0.8110344827586207,0.3333333333333333,0.716551724137931
shape,12_10,streaky,VGG16,head_model,9,0.8068965517241379,0.3333333333333333,0.7103448275862068
shape,12_10,streaky,VGG16,head_model,10,0.8413793103448276,0.3333333333333333,0.7620689655172412
shape,12_10,streaky,VGG19,head_model,1,0.8206896551724138,0.3333333333333333,0.7310344827586206
shape,12_10,streaky,VGG19,head_model,2,0.8537931034482759,0.3333333333333333,0.7806896551724136
shape,12_10,streaky,VGG19,head_model,3,0.8262068965517242,0.3333333333333333,0.7393103448275863
shape,12_10,streaky,VGG19,head_model,4,0.776551724137931,0.3333333333333333,0.6648275862068965
shape,12_10,streaky,VGG19,head_model,5,0.8137931034482758,0.3333333333333333,0.7206896551724137
shape,12_10,streaky,VGG19,head_model,6,0.8248275862068966,0.3333333333333333,0.7372413793103448
shape,12_10,streaky,VGG19,head_model,7,0.8441379310344828,0.3333333333333333,0.7662068965517241
shape,12_10,streaky,VGG19,head_model,8,0.8441379310344828,0.3333333333333333,0.7662068965517241
shape,12_10,streaky,VGG19,head_model,9,0.8124137931034483,0.3333333333333333,0.7186206896551725
shape,12_10,streaky,VGG19,head_model,10,0.8303448275862069,0.3333333333333333,0.7455172413793103
shape,12_10,streaky,ViT Base,head_model,1,0.9420689655172414,0.3333333333333333,0.9131034482758621
shape,12_10,streaky,ViT Base,head_model,2,0.9379310344827586,0.3333333333333333,0.9068965517241377
shape,12_10,streaky,ViT Base,head_model,3,0.9131034482758621,0.3333333333333333,0.869655172413793
shape,12_10,streaky,ViT Base,head_model,4,0.9558620689655173,0.3333333333333333,0.9337931034482759
shape,12_10,streaky,ViT Base,head_model,5,0.9558620689655173,0.3333333333333333,0.9337931034482759
shape,12_10,streaky,ViT Base,head_model,6,0.9006896551724138,0.3333333333333333,0.8510344827586206
shape,12_10,streaky,ViT Base,head_model,7,0.8220689655172414,0.3333333333333333,0.733103448275862
shape,12_10,streaky,ViT Base,head_model,8,0.9158620689655173,0.3333333333333333,0.8737931034482759
shape,12_10,streaky,ViT Base,head_model,9,0.9282758620689655,0.3333333333333333,0.8924137931034483
shape,12_10,streaky,ViT Base,head_model,10,0.9089655172413793,0.3333333333333333,0.863448275862069
shape,12_10,streaky,ViT Large,head_model,1,0.9324137931034483,0.3333333333333333,0.8986206896551723
shape,12_10,streaky,ViT Large,head_model,2,0.9434482758620689,0.3333333333333333,0.9151724137931032
shape,12_10,streaky,ViT Large,head_model,3,0.9048275862068965,0.3333333333333333,0.8572413793103446
shape,12_10,streaky,ViT Large,head_model,4,0.9020689655172414,0.3333333333333333,0.853103448275862
shape,12_10,streaky,ViT Large,head_model,5,0.9558620689655173,0.3333333333333333,0.9337931034482759
shape,12_10,streaky,ViT Large,head_model,6,0.9227586206896552,0.3333333333333333,0.8841379310344828
shape,12_10,streaky,ViT Large,head_model,7,0.8937931034482759,0.3333333333333333,0.8406896551724137
shape,12_10,streaky,ViT Large,head_model,8,0.84,0.3333333333333333,0.7599999999999998
shape,12_10,streaky,ViT Large,head_model,9,0.9448275862068966,0.3333333333333333,0.9172413793103447
shape,12_10,streaky,ViT Large,head_model,10,0.926896551724138,0.3333333333333333,0.8903448275862068
shape,12_10,streaky,ViT Small,head_model,1,0.953103448275862,0.3333333333333333,0.929655172413793
shape,12_10,streaky,ViT Small,head_model,2,0.9544827586206897,0.3333333333333333,0.9317241379310345
shape,12_10,streaky,ViT Small,head_model,3,0.8151724137931035,0.3333333333333333,0.7227586206896551
shape,12_10,streaky,ViT Small,head_model,4,0.9572413793103448,0.3333333333333333,0.935862068965517
shape,12_10,streaky,ViT Small,head_model,5,0.9682758620689655,0.3333333333333333,0.9524137931034483
shape,12_10,streaky,ViT Small,head_model,6,0.9324137931034483,0.3333333333333333,0.8986206896551723
shape,12_10,streaky,ViT Small,head_model,7,0.8896551724137931,0.3333333333333333,0.8344827586206897
shape,12_10,streaky,ViT Small,head_model,8,0.9282758620689655,0.3333333333333333,0.8924137931034483
shape,12_10,streaky,ViT Small,head_model,9,0.8937931034482759,0.3333333333333333,0.8406896551724137
shape,12_10,streaky,ViT Small,head_model,10,0.8662068965517241,0.3333333333333333,0.799310344827586
shape,12_20,pointy,ConvNeXt Base,head_model,1,0.9986357435197817,0.3333333333333333,0.9979536152796725
shape,12_20,pointy,ConvNeXt Base,head_model,2,1.0,0.3333333333333333,1.0
shape,12_20,pointy,ConvNeXt Base,head_model,3,0.9986357435197817,0.3333333333333333,0.9979536152796725
shape,12_20,pointy,ConvNeXt Base,head_model,4,1.0,0.3333333333333333,1.0
shape,12_20,pointy,ConvNeXt Base,head_model,5,1.0,0.3333333333333333,1.0
shape,12_20,pointy,ConvNeXt Base,head_model,6,1.0,0.3333333333333333,1.0
shape,12_20,pointy,ConvNeXt Base,head_model,7,0.9986357435197817,0.3333333333333333,0.9979536152796725
shape,12_20,pointy,ConvNeXt Base,head_model,8,1.0,0.3333333333333333,1.0
shape,12_20,pointy,ConvNeXt Base,head_model,9,1.0,0.3333333333333333,1.0
shape,12_20,pointy,ConvNeXt Base,head_model,10,0.9986357435197817,0.3333333333333333,0.9979536152796725
shape,12_20,pointy,ConvNeXt Large,head_model,1,0.9986357435197817,0.3333333333333333,0.9979536152796725
shape,12_20,pointy,ConvNeXt Large,head_model,2,1.0,0.3333333333333333,1.0
shape,12_20,pointy,ConvNeXt Large,head_model,3,1.0,0.3333333333333333,1.0
shape,12_20,pointy,ConvNeXt Large,head_model,4,1.0,0.3333333333333333,1.0
shape,12_20,pointy,ConvNeXt Large,head_model,5,1.0,0.3333333333333333,1.0
shape,12_20,pointy,ConvNeXt Large,head_model,6,1.0,0.3333333333333333,1.0
shape,12_20,pointy,ConvNeXt Large,head_model,7,1.0,0.3333333333333333,1.0
shape,12_20,pointy,ConvNeXt Large,head_model,8,1.0,0.3333333333333333,1.0
shape,12_20,pointy,ConvNeXt Large,head_model,9,1.0,0.3333333333333333,1.0
shape,12_20,pointy,ConvNeXt Large,head_model,10,1.0,0.3333333333333333,1.0
shape,12_20,pointy,ConvNeXt Small,head_model,1,1.0,0.3333333333333333,1.0
shape,12_20,pointy,ConvNeXt Small,head_model,2,1.0,0.3333333333333333,1.0
shape,12_20,pointy,ConvNeXt Small,head_model,3,1.0,0.3333333333333333,1.0
shape,12_20,pointy,ConvNeXt Small,head_model,4,1.0,0.3333333333333333,1.0
shape,12_20,pointy,ConvNeXt Small,head_model,5,1.0,0.3333333333333333,1.0
shape,12_20,pointy,ConvNeXt Small,head_model,6,1.0,0.3333333333333333,1.0
shape,12_20,pointy,ConvNeXt Small,head_model,7,1.0,0.3333333333333333,1.0
shape,12_20,pointy,ConvNeXt Small,head_model,8,0.9986357435197817,0.3333333333333333,0.9979536152796725
shape,12_20,pointy,ConvNeXt Small,head_model,9,1.0,0.3333333333333333,1.0
shape,12_20,pointy,ConvNeXt Small,head_model,10,1.0,0.3333333333333333,1.0
shape,12_20,pointy,ConvNeXt Tiny,head_model,1,1.0,0.3333333333333333,1.0
shape,12_20,pointy,ConvNeXt Tiny,head_model,2,1.0,0.3333333333333333,1.0
shape,12_20,pointy,ConvNeXt Tiny,head_model,3,1.0,0.3333333333333333,1.0
shape,12_20,pointy,ConvNeXt Tiny,head_model,4,0.9986357435197817,0.3333333333333333,0.9979536152796725
shape,12_20,pointy,ConvNeXt Tiny,head_model,5,1.0,0.3333333333333333,1.0
shape,12_20,pointy,ConvNeXt Tiny,head_model,6,1.0,0.3333333333333333,1.0
shape,12_20,pointy,ConvNeXt Tiny,head_model,7,1.0,0.3333333333333333,1.0
shape,12_20,pointy,ConvNeXt Tiny,head_model,8,0.9986357435197817,0.3333333333333333,0.9979536152796725
shape,12_20,pointy,ConvNeXt Tiny,head_model,9,1.0,0.3333333333333333,1.0
shape,12_20,pointy,ConvNeXt Tiny,head_model,10,1.0,0.3333333333333333,1.0
shape,12_20,pointy,DINOv3 ViT Base,head_model,1,1.0,0.3333333333333333,1.0
shape,12_20,pointy,DINOv3 ViT Base,head_model,2,1.0,0.3333333333333333,1.0
shape,12_20,pointy,DINOv3 ViT Base,head_model,3,0.9986357435197817,0.3333333333333333,0.9979536152796725
shape,12_20,pointy,DINOv3 ViT Base,head_model,4,1.0,0.3333333333333333,1.0
shape,12_20,pointy,DINOv3 ViT Base,head_model,5,1.0,0.3333333333333333,1.0
shape,12_20,pointy,DINOv3 ViT Base,head_model,6,1.0,0.3333333333333333,1.0
shape,12_20,pointy,DINOv3 ViT Base,head_model,7,1.0,0.3333333333333333,1.0
shape,12_20,pointy,DINOv3 ViT Base,head_model,8,1.0,0.3333333333333333,1.0
shape,12_20,pointy,DINOv3 ViT Base,head_model,9,1.0,0.3333333333333333,1.0
shape,12_20,pointy,DINOv3 ViT Base,head_model,10,1.0,0.3333333333333333,1.0
shape,12_20,pointy,ResNet18,head_model,1,0.9918144611186903,0.3333333333333333,0.9877216916780355
shape,12_20,pointy,ResNet18,head_model,2,0.9959072305593452,0.3333333333333333,0.9938608458390176
shape,12_20,pointy,ResNet18,head_model,3,0.9918144611186903,0.3333333333333333,0.9877216916780355
shape,12_20,pointy,ResNet18,head_model,4,0.9972714870395635,0.3333333333333333,0.995907230559345
shape,12_20,pointy,ResNet18,head_model,5,0.9931787175989086,0.3333333333333333,0.989768076398363
shape,12_20,pointy,ResNet18,head_model,6,0.9972714870395635,0.3333333333333333,0.995907230559345
shape,12_20,pointy,ResNet18,head_model,7,0.9972714870395635,0.3333333333333333,0.995907230559345
shape,12_20,pointy,ResNet18,head_model,8,0.9918144611186903,0.3333333333333333,0.9877216916780355
shape,12_20,pointy,ResNet18,head_model,9,0.9945429740791268,0.3333333333333333,0.9918144611186901
shape,12_20,pointy,ResNet18,head_model,10,0.9918144611186903,0.3333333333333333,0.9877216916780355
shape,12_20,pointy,ResNet50,head_model,1,0.990450204638472,0.3333333333333333,0.985675306957708
shape,12_20,pointy,ResNet50,head_model,2,0.990450204638472,0.3333333333333333,0.985675306957708
shape,12_20,pointy,ResNet50,head_model,3,0.990450204638472,0.3333333333333333,0.985675306957708
shape,12_20,pointy,ResNet50,head_model,4,0.9890859481582538,0.3333333333333333,0.9836289222373805
shape,12_20,pointy,ResNet50,head_model,5,0.990450204638472,0.3333333333333333,0.985675306957708
shape,12_20,pointy,ResNet50,head_model,6,0.990450204638472,0.3333333333333333,0.985675306957708
shape,12_20,pointy,ResNet50,head_model,7,0.9877216916780355,0.3333333333333333,0.981582537517053
shape,12_20,pointy,ResNet50,head_model,8,0.990450204638472,0.3333333333333333,0.985675306957708
shape,12_20,pointy,ResNet50,head_model,9,0.990450204638472,0.3333333333333333,0.985675306957708
shape,12_20,pointy,ResNet50,head_model,10,0.990450204638472,0.3333333333333333,0.985675306957708
shape,12_20,pointy,VGG11,head_model,1,0.9972714870395635,0.3333333333333333,0.995907230559345
shape,12_20,pointy,VGG11,head_model,2,0.9945429740791268,0.3333333333333333,0.9918144611186901
shape,12_20,pointy,VGG11,head_model,3,0.9918144611186903,0.3333333333333333,0.9877216916780355
shape,12_20,pointy,VGG11,head_model,4,0.9890859481582538,0.3333333333333333,0.9836289222373805
shape,12_20,pointy,VGG11,head_model,5,0.9918144611186903,0.3333333333333333,0.9877216916780355
shape,12_20,pointy,VGG11,head_model,6,0.9918144611186903,0.3333333333333333,0.9877216916780355
shape,12_20,pointy,VGG11,head_model,7,0.9959072305593452,0.3333333333333333,0.9938608458390176
shape,12_20,pointy,VGG11,head_model,8,0.9890859481582538,0.3333333333333333,0.9836289222373805
shape,12_20,pointy,VGG11,head_model,9,0.9863574351978172,0.3333333333333333,0.9795361527967256
shape,12_20,pointy,VGG11,head_model,10,0.9918144611186903,0.3333333333333333,0.9877216916780355
shape,12_20,pointy,VGG13,head_model,1,1.0,0.3333333333333333,1.0
shape,12_20,pointy,VGG13,head_model,2,0.9972714870395635,0.3333333333333333,0.995907230559345
shape,12_20,pointy,VGG13,head_model,3,0.9945429740791268,0.3333333333333333,0.9918144611186901
shape,12_20,pointy,VGG13,head_model,4,0.9945429740791268,0.3333333333333333,0.9918144611186901
shape,12_20,pointy,VGG13,head_model,5,0.9972714870395635,0.3333333333333333,0.995907230559345
shape,12_20,pointy,VGG13,head_model,6,0.9972714870395635,0.3333333333333333,0.995907230559345
shape,12_20,pointy,VGG13,head_model,7,0.9972714870395635,0.3333333333333333,0.995907230559345
shape,12_20,pointy,VGG13,head_model,8,0.9918144611186903,0.3333333333333333,0.9877216916780355
shape,12_20,pointy,VGG13,head_model,9,0.9945429740791268,0.3333333333333333,0.9918144611186901
shape,12_20,pointy,VGG13,head_model,10,0.9945429740791268,0.3333333333333333,0.9918144611186901
shape,12_20,pointy,VGG16,head_model,1,0.9986357435197817,0.3333333333333333,0.9979536152796725
shape,12_20,pointy,VGG16,head_model,2,0.9986357435197817,0.3333333333333333,0.9979536152796725
shape,12_20,pointy,VGG16,head_model,3,1.0,0.3333333333333333,1.0
shape,12_20,pointy,VGG16,head_model,4,0.9931787175989086,0.3333333333333333,0.989768076398363
shape,12_20,pointy,VGG16,head_model,5,0.9986357435197817,0.3333333333333333,0.9979536152796725
shape,12_20,pointy,VGG16,head_model,6,0.9986357435197817,0.3333333333333333,0.9979536152796725
shape,12_20,pointy,VGG16,head_model,7,1.0,0.3333333333333333,1.0
shape,12_20,pointy,VGG16,head_model,8,0.9918144611186903,0.3333333333333333,0.9877216916780355
shape,12_20,pointy,VGG16,head_model,9,0.9945429740791268,0.3333333333333333,0.9918144611186901
shape,12_20,pointy,VGG16,head_model,10,0.9986357435197817,0.3333333333333333,0.9979536152796725
shape,12_20,pointy,VGG19,head_model,1,0.9986357435197817,0.3333333333333333,0.9979536152796725
shape,12_20,pointy,VGG19,head_model,2,0.9945429740791268,0.3333333333333333,0.9918144611186901
shape,12_20,pointy,VGG19,head_model,3,0.9945429740791268,0.3333333333333333,0.9918144611186901
shape,12_20,pointy,VGG19,head_model,4,0.9931787175989086,0.3333333333333333,0.989768076398363
shape,12_20,pointy,VGG19,head_model,5,0.9945429740791268,0.3333333333333333,0.9918144611186901
shape,12_20,pointy,VGG19,head_model,6,0.9945429740791268,0.3333333333333333,0.9918144611186901
shape,12_20,pointy,VGG19,head_model,7,0.9972714870395635,0.3333333333333333,0.995907230559345
shape,12_20,pointy,VGG19,head_model,8,0.9931787175989086,0.3333333333333333,0.989768076398363
shape,12_20,pointy,VGG19,head_model,9,0.9931787175989086,0.3333333333333333,0.989768076398363
shape,12_20,pointy,VGG19,head_model,10,0.9931787175989086,0.3333333333333333,0.989768076398363
shape,12_20,pointy,ViT Base,head_model,1,1.0,0.3333333333333333,1.0
shape,12_20,pointy,ViT Base,head_model,2,1.0,0.3333333333333333,1.0
shape,12_20,pointy,ViT Base,head_model,3,0.9986357435197817,0.3333333333333333,0.9979536152796725
shape,12_20,pointy,ViT Base,head_model,4,1.0,0.3333333333333333,1.0
shape,12_20,pointy,ViT Base,head_model,5,1.0,0.3333333333333333,1.0
shape,12_20,pointy,ViT Base,head_model,6,0.9986357435197817,0.3333333333333333,0.9979536152796725
shape,12_20,pointy,ViT Base,head_model,7,1.0,0.3333333333333333,1.0
shape,12_20,pointy,ViT Base,head_model,8,1.0,0.3333333333333333,1.0
shape,12_20,pointy,ViT Base,head_model,9,1.0,0.3333333333333333,1.0
shape,12_20,pointy,ViT Base,head_model,10,1.0,0.3333333333333333,1.0
shape,12_20,pointy,ViT Large,head_model,1,0.9959072305593452,0.3333333333333333,0.9938608458390176
shape,12_20,pointy,ViT Large,head_model,2,1.0,0.3333333333333333,1.0
shape,12_20,pointy,ViT Large,head_model,3,1.0,0.3333333333333333,1.0
shape,12_20,pointy,ViT Large,head_model,4,0.9945429740791268,0.3333333333333333,0.9918144611186901
shape,12_20,pointy,ViT Large,head_model,5,1.0,0.3333333333333333,1.0
shape,12_20,pointy,ViT Large,head_model,6,0.9986357435197817,0.3333333333333333,0.9979536152796725
shape,12_20,pointy,ViT Large,head_model,7,0.9986357435197817,0.3333333333333333,0.9979536152796725
shape,12_20,pointy,ViT Large,head_model,8,0.9931787175989086,0.3333333333333333,0.989768076398363
shape,12_20,pointy,ViT Large,head_model,9,1.0,0.3333333333333333,1.0
shape,12_20,pointy,ViT Large,head_model,10,1.0,0.3333333333333333,1.0
shape,12_20,pointy,ViT Small,head_model,1,0.9972714870395635,0.3333333333333333,0.995907230559345
shape,12_20,pointy,ViT Small,head_model,2,0.9822646657571623,0.3333333333333333,0.9733969986357435
shape,12_20,pointy,ViT Small,head_model,3,0.9863574351978172,0.3333333333333333,0.9795361527967256
shape,12_20,pointy,ViT Small,head_model,4,1.0,0.3333333333333333,1.0
shape,12_20,pointy,ViT Small,head_model,5,0.9986357435197817,0.3333333333333333,0.9979536152796725
shape,12_20,pointy,ViT Small,head_model,6,0.9986357435197817,0.3333333333333333,0.9979536152796725
shape,12_20,pointy,ViT Small,head_model,7,0.9972714870395635,0.3333333333333333,0.995907230559345
shape,12_20,pointy,ViT Small,head_model,8,0.9945429740791268,0.3333333333333333,0.9918144611186901
shape,12_20,pointy,ViT Small,head_model,9,0.9986357435197817,0.3333333333333333,0.9979536152796725
shape,12_20,pointy,ViT Small,head_model,10,0.9986357435197817,0.3333333333333333,0.9979536152796725
shape,12_20,streaky,ConvNeXt Base,head_model,1,0.9752407152682255,0.3333333333333333,0.9628610729023381
shape,12_20,streaky,ConvNeXt Base,head_model,2,0.9944979367262724,0.3333333333333333,0.9917469050894084
shape,12_20,streaky,ConvNeXt Base,head_model,3,0.9628610729023384,0.3333333333333333,0.9442916093535075
shape,12_20,streaky,ConvNeXt Base,head_model,4,0.9752407152682255,0.3333333333333333,0.9628610729023381
shape,12_20,streaky,ConvNeXt Base,head_model,5,0.9724896836313618,0.3333333333333333,0.9587345254470425
shape,12_20,streaky,ConvNeXt Base,head_model,6,0.9683631361760661,0.3333333333333333,0.9525447042640991
shape,12_20,streaky,ConvNeXt Base,head_model,7,0.9958734525447043,0.3333333333333333,0.9938101788170562
shape,12_20,streaky,ConvNeXt Base,head_model,8,0.9944979367262724,0.3333333333333333,0.9917469050894084
shape,12_20,streaky,ConvNeXt Base,head_model,9,0.9944979367262724,0.3333333333333333,0.9917469050894084
shape,12_20,streaky,ConvNeXt Base,head_model,10,0.9766162310866575,0.3333333333333333,0.9649243466299863
shape,12_20,streaky,ConvNeXt Large,head_model,1,0.9889958734525447,0.3333333333333333,0.9834938101788169
shape,12_20,streaky,ConvNeXt Large,head_model,2,0.9889958734525447,0.3333333333333333,0.9834938101788169
shape,12_20,streaky,ConvNeXt Large,head_model,3,0.9821182943603851,0.3333333333333333,0.9731774415405775
shape,12_20,streaky,ConvNeXt Large,head_model,4,0.9876203576341128,0.3333333333333333,0.9814305364511691
shape,12_20,streaky,ConvNeXt Large,head_model,5,0.9834938101788171,0.3333333333333333,0.9752407152682256
shape,12_20,streaky,ConvNeXt Large,head_model,6,0.9862448418156808,0.3333333333333333,0.9793672627235213
shape,12_20,streaky,ConvNeXt Large,head_model,7,0.9821182943603851,0.3333333333333333,0.9731774415405775
shape,12_20,streaky,ConvNeXt Large,head_model,8,0.9876203576341128,0.3333333333333333,0.9814305364511691
shape,12_20,streaky,ConvNeXt Large,head_model,9,0.9889958734525447,0.3333333333333333,0.9834938101788169
shape,12_20,streaky,ConvNeXt Large,head_model,10,0.9862448418156808,0.3333333333333333,0.9793672627235213
shape,12_20,streaky,ConvNeXt Small,head_model,1,0.9642365887207703,0.3333333333333333,0.9463548830811553
shape,12_20,streaky,ConvNeXt Small,head_model,2,0.9656121045392022,0.3333333333333333,0.9484181568088031
shape,12_20,streaky,ConvNeXt Small,head_model,3,0.9642365887207703,0.3333333333333333,0.9463548830811553
shape,12_20,streaky,ConvNeXt Small,head_model,4,0.9779917469050894,0.3333333333333333,0.9669876203576341
shape,12_20,streaky,ConvNeXt Small,head_model,5,0.9642365887207703,0.3333333333333333,0.9463548830811553
shape,12_20,streaky,ConvNeXt Small,head_model,6,0.9738651994497937,0.3333333333333333,0.9607977991746903
shape,12_20,streaky,ConvNeXt Small,head_model,7,0.9614855570839065,0.3333333333333333,0.9422283356258597
shape,12_20,streaky,ConvNeXt Small,head_model,8,0.9656121045392022,0.3333333333333333,0.9484181568088031
shape,12_20,streaky,ConvNeXt Small,head_model,9,0.9628610729023384,0.3333333333333333,0.9442916093535075
shape,12_20,streaky,ConvNeXt Small,head_model,10,0.9724896836313618,0.3333333333333333,0.9587345254470425
shape,12_20,streaky,ConvNeXt Tiny,head_model,1,0.9821182943603851,0.3333333333333333,0.9731774415405775
shape,12_20,streaky,ConvNeXt Tiny,head_model,2,0.9766162310866575,0.3333333333333333,0.9649243466299863
shape,12_20,streaky,ConvNeXt Tiny,head_model,3,0.9821182943603851,0.3333333333333333,0.9731774415405775
shape,12_20,streaky,ConvNeXt Tiny,head_model,4,0.9821182943603851,0.3333333333333333,0.9731774415405775
shape,12_20,streaky,ConvNeXt Tiny,head_model,5,0.9834938101788171,0.3333333333333333,0.9752407152682256
shape,12_20,streaky,ConvNeXt Tiny,head_model,6,0.9793672627235214,0.3333333333333333,0.9690508940852819
shape,12_20,streaky,ConvNeXt Tiny,head_model,7,0.9669876203576341,0.3333333333333333,0.950481430536451
shape,12_20,streaky,ConvNeXt Tiny,head_model,8,0.9834938101788171,0.3333333333333333,0.9752407152682256
shape,12_20,streaky,ConvNeXt Tiny,head_model,9,0.9807427785419532,0.3333333333333333,0.9711141678129297
shape,12_20,streaky,ConvNeXt Tiny,head_model,10,0.9738651994497937,0.3333333333333333,0.9607977991746903
shape,12_20,streaky,DINOv3 ViT Base,head_model,1,0.9931224209078404,0.3333333333333333,0.9896836313617606
shape,12_20,streaky,DINOv3 ViT Base,head_model,2,0.9944979367262724,0.3333333333333333,0.9917469050894084
shape,12_20,streaky,DINOv3 ViT Base,head_model,3,0.9986244841815681,0.3333333333333333,0.9979367262723522
shape,12_20,streaky,DINOv3 ViT Base,head_model,4,0.9958734525447043,0.3333333333333333,0.9938101788170562
shape,12_20,streaky,DINOv3 ViT Base,head_model,5,0.9752407152682255,0.3333333333333333,0.9628610729023381
shape,12_20,streaky,DINOv3 ViT Base,head_model,6,0.9986244841815681,0.3333333333333333,0.9979367262723522
shape,12_20,streaky,DINOv3 ViT Base,head_model,7,0.938101788170564,0.3333333333333333,0.907152682255846
shape,12_20,streaky,DINOv3 ViT Base,head_model,8,0.9903713892709766,0.3333333333333333,0.9855570839064647
shape,12_20,streaky,DINOv3 ViT Base,head_model,9,0.9807427785419532,0.3333333333333333,0.9711141678129297
shape,12_20,streaky,DINOv3 ViT Base,head_model,10,0.9821182943603851,0.3333333333333333,0.9731774415405775
shape,12_20,streaky,ResNet18,head_model,1,0.9105914718019257,0.3333333333333333,0.8658872077028885
shape,12_20,streaky,ResNet18,head_model,2,0.9119669876203577,0.3333333333333333,0.8679504814305363
shape,12_20,streaky,ResNet18,head_model,3,0.8995873452544704,0.3333333333333333,0.8493810178817054
shape,12_20,streaky,ResNet18,head_model,4,0.9092159559834938,0.3333333333333333,0.8638239339752407
shape,12_20,streaky,ResNet18,head_model,5,0.8940852819807428,0.3333333333333333,0.8411279229711142
shape,12_20,streaky,ResNet18,head_model,6,0.9105914718019257,0.3333333333333333,0.8658872077028885
shape,12_20,streaky,ResNet18,head_model,7,0.9092159559834938,0.3333333333333333,0.8638239339752407
shape,12_20,streaky,ResNet18,head_model,8,0.8610729023383769,0.3333333333333333,0.7916093535075651
shape,12_20,streaky,ResNet18,head_model,9,0.90646492434663,0.3333333333333333,0.8596973865199448
shape,12_20,streaky,ResNet18,head_model,10,0.8762035763411279,0.3333333333333333,0.8143053645116917
shape,12_20,streaky,ResNet50,head_model,1,0.9037138927097662,0.3333333333333333,0.8555708390646491
shape,12_20,streaky,ResNet50,head_model,2,0.8982118294360385,0.3333333333333333,0.8473177441540576
shape,12_20,streaky,ResNet50,head_model,3,0.9105914718019257,0.3333333333333333,0.8658872077028885
shape,12_20,streaky,ResNet50,head_model,4,0.9078404401650619,0.3333333333333333,0.8617606602475929
shape,12_20,streaky,ResNet50,head_model,5,0.9133425034387895,0.3333333333333333,0.8700137551581841
shape,12_20,streaky,ResNet50,head_model,6,0.8995873452544704,0.3333333333333333,0.8493810178817054
shape,12_20,streaky,ResNet50,head_model,7,0.9023383768913342,0.3333333333333333,0.8535075653370013
shape,12_20,streaky,ResNet50,head_model,8,0.8940852819807428,0.3333333333333333,0.8411279229711142
shape,12_20,streaky,ResNet50,head_model,9,0.9188445667125172,0.3333333333333333,0.8782668500687757
shape,12_20,streaky,ResNet50,head_model,10,0.9009628610729024,0.3333333333333333,0.8514442916093535
shape,12_20,streaky,VGG11,head_model,1,0.9628610729023384,0.3333333333333333,0.9442916093535075
shape,12_20,streaky,VGG11,head_model,2,0.9559834938101788,0.3333333333333333,0.9339752407152682
shape,12_20,streaky,VGG11,head_model,3,0.9614855570839065,0.3333333333333333,0.9422283356258597
shape,12_20,streaky,VGG11,head_model,4,0.9092159559834938,0.3333333333333333,0.8638239339752407
shape,12_20,streaky,VGG11,head_model,5,0.951856946354883,0.3333333333333333,0.9277854195323244
shape,12_20,streaky,VGG11,head_model,6,0.9477303988995873,0.3333333333333333,0.921595598349381
shape,12_20,streaky,VGG11,head_model,7,0.938101788170564,0.3333333333333333,0.907152682255846
shape,12_20,streaky,VGG11,head_model,8,0.9559834938101788,0.3333333333333333,0.9339752407152682
shape,12_20,streaky,VGG11,head_model,9,0.9546079779917469,0.3333333333333333,0.9319119669876204
shape,12_20,streaky,VGG11,head_model,10,0.9573590096286108,0.3333333333333333,0.936038514442916
shape,12_20,streaky,VGG13,head_model,1,0.9669876203576341,0.3333333333333333,0.950481430536451
shape,12_20,streaky,VGG13,head_model,2,0.9821182943603851,0.3333333333333333,0.9731774415405775
shape,12_20,streaky,VGG13,head_model,3,0.9793672627235214,0.3333333333333333,0.9690508940852819
shape,12_20,streaky,VGG13,head_model,4,0.9325997248968363,0.3333333333333333,0.8988995873452544
shape,12_20,streaky,VGG13,head_model,5,0.9862448418156808,0.3333333333333333,0.9793672627235213
shape,12_20,streaky,VGG13,head_model,6,0.9752407152682255,0.3333333333333333,0.9628610729023381
shape,12_20,streaky,VGG13,head_model,7,0.9807427785419532,0.3333333333333333,0.9711141678129297
shape,12_20,streaky,VGG13,head_model,8,0.984869325997249,0.3333333333333333,0.9773039889958735
shape,12_20,streaky,VGG13,head_model,9,0.9257221458046767,0.3333333333333333,0.8885832187070151
shape,12_20,streaky,VGG13,head_model,10,0.9779917469050894,0.3333333333333333,0.9669876203576341
shape,12_20,streaky,VGG16,head_model,1,0.9614855570839065,0.3333333333333333,0.9422283356258597
shape,12_20,streaky,VGG16,head_model,2,0.9587345254470426,0.3333333333333333,0.9381017881705638
shape,12_20,streaky,VGG16,head_model,3,0.9559834938101788,0.3333333333333333,0.9339752407152682
shape,12_20,streaky,VGG16,head_model,4,0.936726272352132,0.3333333333333333,0.9050894085281979
shape,12_20,streaky,VGG16,head_model,5,0.9614855570839065,0.3333333333333333,0.9422283356258597
shape,12_20,streaky,VGG16,head_model,6,0.953232462173315,0.3333333333333333,0.9298486932599725
shape,12_20,streaky,VGG16,head_model,7,0.9449793672627235,0.3333333333333333,0.917469050894085
shape,12_20,streaky,VGG16,head_model,8,0.9491059147180193,0.3333333333333333,0.9236588720770288
shape,12_20,streaky,VGG16,head_model,9,0.9477303988995873,0.3333333333333333,0.921595598349381
shape,12_20,streaky,VGG16,head_model,10,0.9504814305364512,0.3333333333333333,0.9257221458046766
shape,12_20,streaky,VGG19,head_model,1,0.9614855570839065,0.3333333333333333,0.9422283356258597
shape,12_20,streaky,VGG19,head_model,2,0.9697386519944979,0.3333333333333333,0.9546079779917469
shape,12_20,streaky,VGG19,head_model,3,0.9697386519944979,0.3333333333333333,0.9546079779917469
shape,12_20,streaky,VGG19,head_model,4,0.922971114167813,0.3333333333333333,0.8844566712517195
shape,12_20,streaky,VGG19,head_model,5,0.9504814305364512,0.3333333333333333,0.9257221458046766
shape,12_20,streaky,VGG19,head_model,6,0.9422283356258597,0.3333333333333333,0.9133425034387894
shape,12_20,streaky,VGG19,head_model,7,0.9394773039889959,0.3333333333333333,0.9092159559834938
shape,12_20,streaky,VGG19,head_model,8,0.9669876203576341,0.3333333333333333,0.950481430536451
shape,12_20,streaky,VGG19,head_model,9,0.9284731774415406,0.3333333333333333,0.8927097661623107
shape,12_20,streaky,VGG19,head_model,10,0.9587345254470426,0.3333333333333333,0.9381017881705638
shape,12_20,streaky,ViT Base,head_model,1,1.0,0.3333333333333333,1.0
shape,12_20,streaky,ViT Base,head_model,2,0.9944979367262724,0.3333333333333333,0.9917469050894084
shape,12_20,streaky,ViT Base,head_model,3,0.9862448418156808,0.3333333333333333,0.9793672627235213
shape,12_20,streaky,ViT Base,head_model,4,0.9931224209078404,0.3333333333333333,0.9896836313617606
shape,12_20,streaky,ViT Base,head_model,5,1.0,0.3333333333333333,1.0
shape,12_20,streaky,ViT Base,head_model,6,0.9903713892709766,0.3333333333333333,0.9855570839064647
shape,12_20,streaky,ViT Base,head_model,7,0.9931224209078404,0.3333333333333333,0.9896836313617606
shape,12_20,streaky,ViT Base,head_model,8,0.9931224209078404,0.3333333333333333,0.9896836313617606
shape,12_20,streaky,ViT Base,head_model,9,0.9614855570839065,0.3333333333333333,0.9422283356258597
shape,12_20,streaky,ViT Base,head_model,10,0.921595598349381,0.3333333333333333,0.8823933975240713
shape,12_20,streaky,ViT Large,head_model,1,0.9931224209078404,0.3333333333333333,0.9896836313617606
shape,12_20,streaky,ViT Large,head_model,2,0.9944979367262724,0.3333333333333333,0.9917469050894084
shape,12_20,streaky,ViT Large,head_model,3,0.9903713892709766,0.3333333333333333,0.9855570839064647
shape,12_20,streaky,ViT Large,head_model,4,0.9862448418156808,0.3333333333333333,0.9793672627235213
shape,12_20,streaky,ViT Large,head_model,5,0.9944979367262724,0.3333333333333333,0.9917469050894084
shape,12_20,streaky,ViT Large,head_model,6,0.9876203576341128,0.3333333333333333,0.9814305364511691
shape,12_20,streaky,ViT Large,head_model,7,0.9958734525447043,0.3333333333333333,0.9938101788170562
shape,12_20,streaky,ViT Large,head_model,8,0.9917469050894085,0.3333333333333333,0.9876203576341128
shape,12_20,streaky,ViT Large,head_model,9,0.9903713892709766,0.3333333333333333,0.9855570839064647
shape,12_20,streaky,ViT Large,head_model,10,0.9752407152682255,0.3333333333333333,0.9628610729023381
shape,12_20,streaky,ViT Small,head_model,1,0.9958734525447043,0.3333333333333333,0.9938101788170562
shape,12_20,streaky,ViT Small,head_model,2,0.9958734525447043,0.3333333333333333,0.9938101788170562
shape,12_20,streaky,ViT Small,head_model,3,0.9972489683631361,0.3333333333333333,0.995873452544704
shape,12_20,streaky,ViT Small,head_model,4,0.9972489683631361,0.3333333333333333,0.995873452544704
shape,12_20,streaky,ViT Small,head_model,5,0.9986244841815681,0.3333333333333333,0.9979367262723522
shape,12_20,streaky,ViT Small,head_model,6,0.9958734525447043,0.3333333333333333,0.9938101788170562
shape,12_20,streaky,ViT Small,head_model,7,0.8968363136176066,0.3333333333333333,0.8452544704264098
shape,12_20,streaky,ViT Small,head_model,8,0.9834938101788171,0.3333333333333333,0.9752407152682256
shape,12_20,streaky,ViT Small,head_model,9,1.0,0.3333333333333333,1.0
shape,12_20,streaky,ViT Small,head_model,10,0.9202200825309491,0.3333333333333333,0.8803301237964235
shape,6_10,pointy,ConvNeXt Base,head_model,1,0.726027397260274,0.3333333333333333,0.589041095890411
shape,6_10,pointy,ConvNeXt Base,head_model,2,0.7191780821917808,0.3333333333333333,0.5787671232876712
shape,6_10,pointy,ConvNeXt Base,head_model,3,0.7273972602739726,0.3333333333333333,0.5910958904109588
shape,6_10,pointy,ConvNeXt Base,head_model,4,0.7,0.3333333333333333,0.5499999999999999
shape,6_10,pointy,ConvNeXt Base,head_model,5,0.6712328767123288,0.3333333333333333,0.5068493150684932
shape,6_10,pointy,ConvNeXt Base,head_model,6,0.7356164383561644,0.3333333333333333,0.6034246575342466
shape,6_10,pointy,ConvNeXt Base,head_model,7,0.6863013698630137,0.3333333333333333,0.5294520547945205
shape,6_10,pointy,ConvNeXt Base,head_model,8,0.7013698630136986,0.3333333333333333,0.552054794520548
shape,6_10,pointy,ConvNeXt Base,head_model,9,0.6424657534246575,0.3333333333333333,0.46369863013698626
shape,6_10,pointy,ConvNeXt Base,head_model,10,0.726027397260274,0.3333333333333333,0.589041095890411
shape,6_10,pointy,ConvNeXt Large,head_model,1,0.7671232876712328,0.3333333333333333,0.6506849315068493
shape,6_10,pointy,ConvNeXt Large,head_model,2,0.7123287671232876,0.3333333333333333,0.5684931506849314
shape,6_10,pointy,ConvNeXt Large,head_model,3,0.7493150684931507,0.3333333333333333,0.623972602739726
shape,6_10,pointy,ConvNeXt Large,head_model,4,0.7054794520547946,0.3333333333333333,0.5582191780821918
shape,6_10,pointy,ConvNeXt Large,head_model,5,0.7109589041095891,0.3333333333333333,0.5664383561643835
shape,6_10,pointy,ConvNeXt Large,head_model,6,0.7534246575342466,0.3333333333333333,0.6301369863013698
shape,6_10,pointy,ConvNeXt Large,head_model,7,0.7424657534246575,0.3333333333333333,0.6136986301369862
shape,6_10,pointy,ConvNeXt Large,head_model,8,0.7328767123287672,0.3333333333333333,0.5993150684931507
shape,6_10,pointy,ConvNeXt Large,head_model,9,0.6767123287671233,0.3333333333333333,0.5150684931506849
shape,6_10,pointy,ConvNeXt Large,head_model,10,0.7273972602739726,0.3333333333333333,0.5910958904109588
shape,6_10,pointy,ConvNeXt Small,head_model,1,0.689041095890411,0.3333333333333333,0.5335616438356164
shape,6_10,pointy,ConvNeXt Small,head_model,2,0.7,0.3333333333333333,0.5499999999999999
shape,6_10,pointy,ConvNeXt Small,head_model,3,0.6904109589041096,0.3333333333333333,0.5356164383561645
shape,6_10,pointy,ConvNeXt Small,head_model,4,0.6643835616438356,0.3333333333333333,0.4965753424657534
shape,6_10,pointy,ConvNeXt Small,head_model,5,0.6835616438356165,0.3333333333333333,0.5253424657534247
shape,6_10,pointy,ConvNeXt Small,head_model,6,0.7,0.3333333333333333,0.5499999999999999
shape,6_10,pointy,ConvNeXt Small,head_model,7,0.6972602739726027,0.3333333333333333,0.545890410958904
shape,6_10,pointy,ConvNeXt Small,head_model,8,0.6972602739726027,0.3333333333333333,0.545890410958904
shape,6_10,pointy,ConvNeXt Small,head_model,9,0.647945205479452,0.3333333333333333,0.471917808219178
shape,6_10,pointy,ConvNeXt Small,head_model,10,0.6698630136986301,0.3333333333333333,0.5047945205479452
shape,6_10,pointy,ConvNeXt Tiny,head_model,1,0.6150684931506849,0.3333333333333333,0.42260273972602735
shape,6_10,pointy,ConvNeXt Tiny,head_model,2,0.6041095890410959,0.3333333333333333,0.40616438356164386
shape,6_10,pointy,ConvNeXt Tiny,head_model,3,0.6205479452054794,0.3333333333333333,0.4308219178082191
shape,6_10,pointy,ConvNeXt Tiny,head_model,4,0.5356164383561643,0.3333333333333333,0.3034246575342465
shape,6_10,pointy,ConvNeXt Tiny,head_model,5,0.5945205479452055,0.3333333333333333,0.3917808219178082
shape,6_10,pointy,ConvNeXt Tiny,head_model,6,0.5602739726027397,0.3333333333333333,0.34041095890410955
shape,6_10,pointy,ConvNeXt Tiny,head_model,7,0.5972602739726027,0.3333333333333333,0.3958904109589041
shape,6_10,pointy,ConvNeXt Tiny,head_model,8,0.6013698630136987,0.3333333333333333,0.402054794520548
shape,6_10,pointy,ConvNeXt Tiny,head_model,9,0.5219178082191781,0.3333333333333333,0.28287671232876715
shape,6_10,pointy,ConvNeXt Tiny,head_model,10,0.5876712328767123,0.3333333333333333,0.38150684931506845
shape,6_10,pointy,DINOv3 ViT Base,head_model,1,0.4863013698630137,0.3333333333333333,0.22945205479452055
shape,6_10,pointy,DINOv3 ViT Base,head_model,2,0.7575342465753425,0.3333333333333333,0.6363013698630138
shape,6_10,pointy,DINOv3 ViT Base,head_model,3,0.7972602739726027,0.3333333333333333,0.695890410958904
shape,6_10,pointy,DINOv3 ViT Base,head_model,4,0.7876712328767124,0.3333333333333333,0.6815068493150686
shape,6_10,pointy,DINOv3 ViT Base,head_model,5,0.7520547945205479,0.3333333333333333,0.6280821917808218
shape,6_10,pointy,DINOv3 ViT Base,head_model,6,0.7657534246575343,0.3333333333333333,0.6486301369863013
shape,6_10,pointy,DINOv3 ViT Base,head_model,7,0.7561643835616438,0.3333333333333333,0.6342465753424658
shape,6_10,pointy,DINOv3 ViT Base,head_model,8,0.821917808219178,0.3333333333333333,0.732876712328767
shape,6_10,pointy,DINOv3 ViT Base,head_model,9,0.773972602739726,0.3333333333333333,0.660958904109589
shape,6_10,pointy,DINOv3 ViT Base,head_model,10,0.6863013698630137,0.3333333333333333,0.5294520547945205
shape,6_10,pointy,ResNet18,head_model,1,0.4397260273972603,0.3333333333333333,0.15958904109589045
shape,6_10,pointy,ResNet18,head_model,2,0.44794520547945205,0.3333333333333333,0.17191780821917807
shape,6_10,pointy,ResNet18,head_model,3,0.4684931506849315,0.3333333333333333,0.2027397260273973
shape,6_10,pointy,ResNet18,head_model,4,0.45616438356164385,0.3333333333333333,0.18424657534246577
shape,6_10,pointy,ResNet18,head_model,5,0.4602739726027397,0.3333333333333333,0.19041095890410958
shape,6_10,pointy,ResNet18,head_model,6,0.4452054794520548,0.3333333333333333,0.1678082191780822
shape,6_10,pointy,ResNet18,head_model,7,0.4602739726027397,0.3333333333333333,0.19041095890410958
shape,6_10,pointy,ResNet18,head_model,8,0.4328767123287671,0.3333333333333333,0.14931506849315068
shape,6_10,pointy,ResNet18,head_model,9,0.4232876712328767,0.3333333333333333,0.13493150684931504
shape,6_10,pointy,ResNet18,head_model,10,0.4465753424657534,0.3333333333333333,0.16986301369863013
shape,6_10,pointy,ResNet50,head_model,1,0.5232876712328767,0.3333333333333333,0.284931506849315
shape,6_10,pointy,ResNet50,head_model,2,0.5219178082191781,0.3333333333333333,0.28287671232876715
shape,6_10,pointy,ResNet50,head_model,3,0.5287671232876713,0.3333333333333333,0.2931506849315069
shape,6_10,pointy,ResNet50,head_model,4,0.5301369863013699,0.3333333333333333,0.2952054794520548
shape,6_10,pointy,ResNet50,head_model,5,0.5383561643835616,0.3333333333333333,0.3075342465753424
shape,6_10,pointy,ResNet50,head_model,6,0.5260273972602739,0.3333333333333333,0.2890410958904109
shape,6_10,pointy,ResNet50,head_model,7,0.536986301369863,0.3333333333333333,0.30547945205479454
shape,6_10,pointy,ResNet50,head_model,8,0.48904109589041095,0.3333333333333333,0.23356164383561642
shape,6_10,pointy,ResNet50,head_model,9,0.48356164383561645,0.3333333333333333,0.22534246575342468
shape,6_10,pointy,ResNet50,head_model,10,0.5191780821917809,0.3333333333333333,0.2787671232876713
shape,6_10,pointy,VGG11,head_model,1,0.5561643835616439,0.3333333333333333,0.3342465753424658
shape,6_10,pointy,VGG11,head_model,2,0.5589041095890411,0.3333333333333333,0.3383561643835617
shape,6_10,pointy,VGG11,head_model,3,0.584931506849315,0.3333333333333333,0.3773972602739726
shape,6_10,pointy,VGG11,head_model,4,0.5041095890410959,0.3333333333333333,0.2561643835616439
shape,6_10,pointy,VGG11,head_model,5,0.5835616438356165,0.3333333333333333,0.3753424657534247
shape,6_10,pointy,VGG11,head_model,6,0.5575342465753425,0.3333333333333333,0.3363013698630137
shape,6_10,pointy,VGG11,head_model,7,0.5698630136986301,0.3333333333333333,0.3547945205479452
shape,6_10,pointy,VGG11,head_model,8,0.552054794520548,0.3333333333333333,0.32808219178082193
shape,6_10,pointy,VGG11,head_model,9,0.4767123287671233,0.3333333333333333,0.2150684931506849
shape,6_10,pointy,VGG11,head_model,10,0.5534246575342465,0.3333333333333333,0.3301369863013698
shape,6_10,pointy,VGG13,head_model,1,0.6246575342465753,0.3333333333333333,0.436986301369863
shape,6_10,pointy,VGG13,head_model,2,0.6082191780821918,0.3333333333333333,0.41232876712328775
shape,6_10,pointy,VGG13,head_model,3,0.6520547945205479,0.3333333333333333,0.4780821917808219
shape,6_10,pointy,VGG13,head_model,4,0.5904109589041096,0.3333333333333333,0.3856164383561643
shape,6_10,pointy,VGG13,head_model,5,0.6767123287671233,0.3333333333333333,0.5150684931506849
shape,6_10,pointy,VGG13,head_model,6,0.6027397260273972,0.3333333333333333,0.40410958904109584
shape,6_10,pointy,VGG13,head_model,7,0.626027397260274,0.3333333333333333,0.439041095890411
shape,6_10,pointy,VGG13,head_model,8,0.5931506849315068,0.3333333333333333,0.3897260273972602
shape,6_10,pointy,VGG13,head_model,9,0.5808219178082191,0.3333333333333333,0.3712328767123287
shape,6_10,pointy,VGG13,head_model,10,0.6232876712328768,0.3333333333333333,0.43493150684931514
shape,6_10,pointy,VGG16,head_model,1,0.6424657534246575,0.3333333333333333,0.46369863013698626
shape,6_10,pointy,VGG16,head_model,2,0.6506849315068494,0.3333333333333333,0.47602739726027404
shape,6_10,pointy,VGG16,head_model,3,0.6575342465753424,0.3333333333333333,0.48630136986301364
shape,6_10,pointy,VGG16,head_model,4,0.6054794520547945,0.3333333333333333,0.4082191780821917
shape,6_10,pointy,VGG16,head_model,5,0.6712328767123288,0.3333333333333333,0.5068493150684932
shape,6_10,pointy,VGG16,head_model,6,0.6424657534246575,0.3333333333333333,0.46369863013698626
shape,6_10,pointy,VGG16,head_model,7,0.6547945205479452,0.3333333333333333,0.48219178082191777
shape,6_10,pointy,VGG16,head_model,8,0.6328767123287671,0.3333333333333333,0.4493150684931506
shape,6_10,pointy,VGG16,head_model,9,0.5698630136986301,0.3333333333333333,0.3547945205479452
shape,6_10,pointy,VGG16,head_model,10,0.6424657534246575,0.3333333333333333,0.46369863013698626
shape,6_10,pointy,VGG19,head_model,1,0.5342465753424658,0.3333333333333333,0.30136986301369867
shape,6_10,pointy,VGG19,head_model,2,0.5835616438356165,0.3333333333333333,0.3753424657534247
shape,6_10,pointy,VGG19,head_model,3,0.5794520547945206,0.3333333333333333,0.36917808219178083
shape,6_10,pointy,VGG19,head_model,4,0.4547945205479452,0.3333333333333333,0.18219178082191784
shape,6_10,pointy,VGG19,head_model,5,0.6123287671232877,0.3333333333333333,0.4184931506849315
shape,6_10,pointy,VGG19,head_model,6,0.5547945205479452,0.3333333333333333,0.3321917808219178
shape,6_10,pointy,VGG19,head_model,7,0.5917808219178082,0.3333333333333333,0.38767123287671235
shape,6_10,pointy,VGG19,head_model,8,0.5602739726027397,0.3333333333333333,0.34041095890410955
shape,6_10,pointy,VGG19,head_model,9,0.436986301369863,0.3333333333333333,0.1554794520547945
shape,6_10,pointy,VGG19,head_model,10,0.5712328767123288,0.3333333333333333,0.3568493150684932
shape,6_10,pointy,ViT Base,head_model,1,0.5863013698630137,0.3333333333333333,0.3794520547945206
shape,6_10,pointy,ViT Base,head_model,2,0.7575342465753425,0.3333333333333333,0.6363013698630138
shape,6_10,pointy,ViT Base,head_model,3,0.7301369863013699,0.3333333333333333,0.5952054794520548
shape,6_10,pointy,ViT Base,head_model,4,0.5808219178082191,0.3333333333333333,0.3712328767123287
shape,6_10,pointy,ViT Base,head_model,5,0.726027397260274,0.3333333333333333,0.589041095890411
shape,6_10,pointy,ViT Base,head_model,6,0.7506849315068493,0.3333333333333333,0.626027397260274
shape,6_10,pointy,ViT Base,head_model,7,0.6794520547945205,0.3333333333333333,0.5191780821917807
shape,6_10,pointy,ViT Base,head_model,8,0.7383561643835617,0.3333333333333333,0.6075342465753425
shape,6_10,pointy,ViT Base,head_model,9,0.7410958904109589,0.3333333333333333,0.6116438356164383
shape,6_10,pointy,ViT Base,head_model,10,0.7808219178082192,0.3333333333333333,0.6712328767123288
shape,6_10,pointy,ViT Large,head_model,1,0.5684931506849316,0.3333333333333333,0.35273972602739734
shape,6_10,pointy,ViT Large,head_model,2,0.7547945205479452,0.3333333333333333,0.6321917808219177
shape,6_10,pointy,ViT Large,head_model,3,0.7726027397260274,0.3333333333333333,0.6589041095890411
shape,6_10,pointy,ViT Large,head_model,4,0.636986301369863,0.3333333333333333,0.4554794520547945
shape,6_10,pointy,ViT Large,head_model,5,0.7520547945205479,0.3333333333333333,0.6280821917808218
shape,6_10,pointy,ViT Large,head_model,6,0.7863013698630137,0.3333333333333333,0.6794520547945205
shape,6_10,pointy,ViT Large,head_model,7,0.6712328767123288,0.3333333333333333,0.5068493150684932
shape,6_10,pointy,ViT Large,head_model,8,0.7575342465753425,0.3333333333333333,0.6363013698630138
shape,6_10,pointy,ViT Large,head_model,9,0.7328767123287672,0.3333333333333333,0.5993150684931507
shape,6_10,pointy,ViT Large,head_model,10,0.7794520547945205,0.3333333333333333,0.6691780821917808
shape,6_10,pointy,ViT Small,head_model,1,0.6356164383561644,0.3333333333333333,0.45342465753424666
shape,6_10,pointy,ViT Small,head_model,2,0.8123287671232877,0.3333333333333333,0.7184931506849316
shape,6_10,pointy,ViT Small,head_model,3,0.8027397260273973,0.3333333333333333,0.7041095890410959
shape,6_10,pointy,ViT Small,head_model,4,0.6027397260273972,0.3333333333333333,0.40410958904109584
shape,6_10,pointy,ViT Small,head_model,5,0.736986301369863,0.3333333333333333,0.6054794520547945
shape,6_10,pointy,ViT Small,head_model,6,0.7479452054794521,0.3333333333333333,0.6219178082191781
shape,6_10,pointy,ViT Small,head_model,7,0.6246575342465753,0.3333333333333333,0.436986301369863
shape,6_10,pointy,ViT Small,head_model,8,0.7534246575342466,0.3333333333333333,0.6301369863013698
shape,6_10,pointy,ViT Small,head_model,9,0.7671232876712328,0.3333333333333333,0.6506849315068493
shape,6_10,pointy,ViT Small,head_model,10,0.7821917808219178,0.3333333333333333,0.6732876712328766
shape,6_10,streaky,ConvNeXt Base,head_model,1,0.7169811320754716,0.3333333333333333,0.5754716981132074
shape,6_10,streaky,ConvNeXt Base,head_model,2,0.7102425876010782,0.3333333333333333,0.5653638814016172
shape,6_10,streaky,ConvNeXt Base,head_model,3,0.7115902964959568,0.3333333333333333,0.5673854447439353
shape,6_10,streaky,ConvNeXt Base,head_model,4,0.7250673854447439,0.3333333333333333,0.5876010781671158
shape,6_10,streaky,ConvNeXt Base,head_model,5,0.7304582210242587,0.3333333333333333,0.5956873315363881
shape,6_10,streaky,ConvNeXt Base,head_model,6,0.7371967654986523,0.3333333333333333,0.6057951482479784
shape,6_10,streaky,ConvNeXt Base,head_model,7,0.7304582210242587,0.3333333333333333,0.5956873315363881
shape,6_10,streaky,ConvNeXt Base,head_model,8,0.7250673854447439,0.3333333333333333,0.5876010781671158
shape,6_10,streaky,ConvNeXt Base,head_model,9,0.7331536388140162,0.3333333333333333,0.5997304582210242
shape,6_10,streaky,ConvNeXt Base,head_model,10,0.7331536388140162,0.3333333333333333,0.5997304582210242
shape,6_10,streaky,ConvNeXt Large,head_model,1,0.7964959568733153,0.3333333333333333,0.6947439353099729
shape,6_10,streaky,ConvNeXt Large,head_model,2,0.7722371967654986,0.3333333333333333,0.6583557951482479
shape,6_10,streaky,ConvNeXt Large,head_model,3,0.7735849056603774,0.3333333333333333,0.6603773584905661
shape,6_10,streaky,ConvNeXt Large,head_model,4,0.7884097035040432,0.3333333333333333,0.6826145552560647
shape,6_10,streaky,ConvNeXt Large,head_model,5,0.807277628032345,0.3333333333333333,0.7109164420485176
shape,6_10,streaky,ConvNeXt Large,head_model,6,0.7978436657681941,0.3333333333333333,0.6967654986522911
shape,6_10,streaky,ConvNeXt Large,head_model,7,0.7964959568733153,0.3333333333333333,0.6947439353099729
shape,6_10,streaky,ConvNeXt Large,head_model,8,0.793800539083558,0.3333333333333333,0.6907008086253369
shape,6_10,streaky,ConvNeXt Large,head_model,9,0.7722371967654986,0.3333333333333333,0.6583557951482479
shape,6_10,streaky,ConvNeXt Large,head_model,10,0.7789757412398922,0.3333333333333333,0.6684636118598383
shape,6_10,streaky,ConvNeXt Small,head_model,1,0.6940700808625337,0.3333333333333333,0.5411051212938006
shape,6_10,streaky,ConvNeXt Small,head_model,2,0.6873315363881402,0.3333333333333333,0.5309973045822102
shape,6_10,streaky,ConvNeXt Small,head_model,3,0.6886792452830188,0.3333333333333333,0.5330188679245282
shape,6_10,streaky,ConvNeXt Small,head_model,4,0.6873315363881402,0.3333333333333333,0.5309973045822102
shape,6_10,streaky,ConvNeXt Small,head_model,5,0.7115902964959568,0.3333333333333333,0.5673854447439353
shape,6_10,streaky,ConvNeXt Small,head_model,6,0.6900269541778976,0.3333333333333333,0.5350404312668464
shape,6_10,streaky,ConvNeXt Small,head_model,7,0.7035040431266847,0.3333333333333333,0.555256064690027
shape,6_10,streaky,ConvNeXt Small,head_model,8,0.7102425876010782,0.3333333333333333,0.5653638814016172
shape,6_10,streaky,ConvNeXt Small,head_model,9,0.6967654986522911,0.3333333333333333,0.5451482479784366
shape,6_10,streaky,ConvNeXt Small,head_model,10,0.6913746630727763,0.3333333333333333,0.5370619946091644
shape,6_10,streaky,ConvNeXt Tiny,head_model,1,0.7277628032345014,0.3333333333333333,0.5916442048517521
shape,6_10,streaky,ConvNeXt Tiny,head_model,2,0.6913746630727763,0.3333333333333333,0.5370619946091644
shape,6_10,streaky,ConvNeXt Tiny,head_model,3,0.7021563342318059,0.3333333333333333,0.5532345013477088
shape,6_10,streaky,ConvNeXt Tiny,head_model,4,0.6846361185983828,0.3333333333333333,0.5269541778975741
shape,6_10,streaky,ConvNeXt Tiny,head_model,5,0.7331536388140162,0.3333333333333333,0.5997304582210242
shape,6_10,streaky,ConvNeXt Tiny,head_model,6,0.6940700808625337,0.3333333333333333,0.5411051212938006
shape,6_10,streaky,ConvNeXt Tiny,head_model,7,0.7345013477088949,0.3333333333333333,0.6017520215633423
shape,6_10,streaky,ConvNeXt Tiny,head_model,8,0.738544474393531,0.3333333333333333,0.6078167115902965
shape,6_10,streaky,ConvNeXt Tiny,head_model,9,0.683288409703504,0.3333333333333333,0.524932614555256
shape,6_10,streaky,ConvNeXt Tiny,head_model,10,0.6859838274932615,0.3333333333333333,0.5289757412398922
shape,6_10,streaky,DINOv3 ViT Base,head_model,1,0.839622641509434,0.3333333333333333,0.7594339622641508
shape,6_10,streaky,DINOv3 ViT Base,head_model,2,0.7978436657681941,0.3333333333333333,0.6967654986522911
shape,6_10,streaky,DINOv3 ViT Base,head_model,3,0.8086253369272237,0.3333333333333333,0.7129380053908355
shape,6_10,streaky,DINOv3 ViT Base,head_model,4,0.8207547169811321,0.3333333333333333,0.7311320754716981
shape,6_10,streaky,DINOv3 ViT Base,head_model,5,0.6024258760107817,0.3333333333333333,0.4036388140161725
shape,6_10,streaky,DINOv3 ViT Base,head_model,6,0.8369272237196765,0.3333333333333333,0.7553908355795148
shape,6_10,streaky,DINOv3 ViT Base,head_model,7,0.8477088948787062,0.3333333333333333,0.7715633423180592
shape,6_10,streaky,DINOv3 ViT Base,head_model,8,0.5929919137466307,0.3333333333333333,0.3894878706199461
shape,6_10,streaky,DINOv3 ViT Base,head_model,9,0.8477088948787062,0.3333333333333333,0.7715633423180592
shape,6_10,streaky,DINOv3 ViT Base,head_model,10,0.8517520215633423,0.3333333333333333,0.7776280323450134
shape,6_10,streaky,ResNet18,head_model,1,0.6253369272237197,0.3333333333333333,0.43800539083557954
shape,6_10,streaky,ResNet18,head_model,2,0.6347708894878706,0.3333333333333333,0.45215633423180596
shape,6_10,streaky,ResNet18,head_model,3,0.633423180592992,0.3333333333333333,0.45013477088948795
shape,6_10,streaky,ResNet18,head_model,4,0.6293800539083558,0.3333333333333333,0.44407008086253374
shape,6_10,streaky,ResNet18,head_model,5,0.6185983827493261,0.3333333333333333,0.42789757412398916
shape,6_10,streaky,ResNet18,head_model,6,0.623989218328841,0.3333333333333333,0.43598382749326153
shape,6_10,streaky,ResNet18,head_model,7,0.628032345013477,0.3333333333333333,0.44204851752021557
shape,6_10,streaky,ResNet18,head_model,8,0.5808625336927223,0.3333333333333333,0.3712938005390835
shape,6_10,streaky,ResNet18,head_model,9,0.5929919137466307,0.3333333333333333,0.3894878706199461
shape,6_10,streaky,ResNet18,head_model,10,0.6078167115902965,0.3333333333333333,0.41172506738544473
shape,6_10,streaky,ResNet50,head_model,1,0.605121293800539,0.3333333333333333,0.40768194070080854
shape,6_10,streaky,ResNet50,head_model,2,0.610512129380054,0.3333333333333333,0.4157681940700809
shape,6_10,streaky,ResNet50,head_model,3,0.6037735849056604,0.3333333333333333,0.40566037735849053
shape,6_10,streaky,ResNet50,head_model,4,0.6037735849056604,0.3333333333333333,0.40566037735849053
shape,6_10,streaky,ResNet50,head_model,5,0.5902964959568733,0.3333333333333333,0.3854447439353099
shape,6_10,streaky,ResNet50,head_model,6,0.6185983827493261,0.3333333333333333,0.42789757412398916
shape,6_10,streaky,ResNet50,head_model,7,0.5822102425876011,0.3333333333333333,0.3733153638814017
shape,6_10,streaky,ResNet50,head_model,8,0.5700808625336927,0.3333333333333333,0.3551212938005391
shape,6_10,streaky,ResNet50,head_model,9,0.5660377358490566,0.3333333333333333,0.3490566037735849
shape,6_10,streaky,ResNet50,head_model,10,0.5741239892183289,0.3333333333333333,0.3611859838274933
shape,6_10,streaky,VGG11,head_model,1,0.5768194070080862,0.3333333333333333,0.3652291105121293
shape,6_10,streaky,VGG11,head_model,2,0.5700808625336927,0.3333333333333333,0.3551212938005391
shape,6_10,streaky,VGG11,head_model,3,0.5862533692722371,0.3333333333333333,0.3793800539083557
shape,6_10,streaky,VGG11,head_model,4,0.5471698113207547,0.3333333333333333,0.32075471698113206
shape,6_10,streaky,VGG11,head_model,5,0.633423180592992,0.3333333333333333,0.45013477088948795
shape,6_10,streaky,VGG11,head_model,6,0.5714285714285714,0.3333333333333333,0.3571428571428571
shape,6_10,streaky,VGG11,head_model,7,0.633423180592992,0.3333333333333333,0.45013477088948795
shape,6_10,streaky,VGG11,head_model,8,0.5956873315363881,0.3333333333333333,0.39353099730458213
shape,6_10,streaky,VGG11,head_model,9,0.5390835579514824,0.3333333333333333,0.30862533692722366
shape,6_10,streaky,VGG11,head_model,10,0.6185983827493261,0.3333333333333333,0.42789757412398916
shape,6_10,streaky,VGG13,head_model,1,0.6145552560646901,0.3333333333333333,0.4218328840970351
shape,6_10,streaky,VGG13,head_model,2,0.605121293800539,0.3333333333333333,0.40768194070080854
shape,6_10,streaky,VGG13,head_model,3,0.6212938005390836,0.3333333333333333,0.43194070080862534
shape,6_10,streaky,VGG13,head_model,4,0.5835579514824798,0.3333333333333333,0.3753369272237197
shape,6_10,streaky,VGG13,head_model,5,0.6145552560646901,0.3333333333333333,0.4218328840970351
shape,6_10,streaky,VGG13,head_model,6,0.6132075471698113,0.3333333333333333,0.41981132075471694
shape,6_10,streaky,VGG13,head_model,7,0.623989218328841,0.3333333333333333,0.43598382749326153
shape,6_10,streaky,VGG13,head_model,8,0.637466307277628,0.3333333333333333,0.456199460916442
shape,6_10,streaky,VGG13,head_model,9,0.5377358490566038,0.3333333333333333,0.30660377358490565
shape,6_10,streaky,VGG13,head_model,10,0.6212938005390836,0.3333333333333333,0.43194070080862534
shape,6_10,streaky,VGG16,head_model,1,0.6415094339622641,0.3333333333333333,0.4622641509433962
shape,6_10,streaky,VGG16,head_model,2,0.6307277628032345,0.3333333333333333,0.44609164420485176
shape,6_10,streaky,VGG16,head_model,3,0.6226415094339622,0.3333333333333333,0.43396226415094336
shape,6_10,streaky,VGG16,head_model,4,0.5606469002695418,0.3333333333333333,0.34097035040431267
shape,6_10,streaky,VGG16,head_model,5,0.6307277628032345,0.3333333333333333,0.44609164420485176
shape,6_10,streaky,VGG16,head_model,6,0.6442048517520216,0.3333333333333333,0.46630727762803237
shape,6_10,streaky,VGG16,head_model,7,0.6455525606469003,0.3333333333333333,0.4683288409703504
shape,6_10,streaky,VGG16,head_model,8,0.6293800539083558,0.3333333333333333,0.44407008086253374
shape,6_10,streaky,VGG16,head_model,9,0.5498652291105122,0.3333333333333333,0.32479784366576825
shape,6_10,streaky,VGG16,head_model,10,0.628032345013477,0.3333333333333333,0.44204851752021557
shape,6_10,streaky,VGG19,head_model,1,0.6698113207547169,0.3333333333333333,0.5047169811320754
shape,6_10,streaky,VGG19,head_model,2,0.6401617250673854,0.3333333333333333,0.46024258760107817
shape,6_10,streaky,VGG19,head_model,3,0.6805929919137467,0.3333333333333333,0.52088948787062
shape,6_10,streaky,VGG19,head_model,4,0.6320754716981132,0.3333333333333333,0.44811320754716977
shape,6_10,streaky,VGG19,head_model,5,0.6805929919137467,0.3333333333333333,0.52088948787062
shape,6_10,streaky,VGG19,head_model,6,0.6590296495956873,0.3333333333333333,0.488544474393531
shape,6_10,streaky,VGG19,head_model,7,0.6859838274932615,0.3333333333333333,0.5289757412398922
shape,6_10,streaky,VGG19,head_model,8,0.6873315363881402,0.3333333333333333,0.5309973045822102
shape,6_10,streaky,VGG19,head_model,9,0.6024258760107817,0.3333333333333333,0.4036388140161725
shape,6_10,streaky,VGG19,head_model,10,0.6725067385444744,0.3333333333333333,0.5087601078167115
shape,6_10,streaky,ViT Base,head_model,1,0.8544474393530997,0.3333333333333333,0.7816711590296495
shape,6_10,streaky,ViT Base,head_model,2,0.8598382749326146,0.3333333333333333,0.7897574123989218
shape,6_10,streaky,ViT Base,head_model,3,0.761455525606469,0.3333333333333333,0.6421832884097035
shape,6_10,streaky,ViT Base,head_model,4,0.8517520215633423,0.3333333333333333,0.7776280323450134
shape,6_10,streaky,ViT Base,head_model,5,0.8584905660377359,0.3333333333333333,0.7877358490566037
shape,6_10,streaky,ViT Base,head_model,6,0.8288409703504043,0.3333333333333333,0.7432614555256064
shape,6_10,streaky,ViT Base,head_model,7,0.7776280323450134,0.3333333333333333,0.6664420485175201
shape,6_10,streaky,ViT Base,head_model,8,0.8140161725067385,0.3333333333333333,0.7210242587601078
shape,6_10,streaky,ViT Base,head_model,9,0.8032345013477089,0.3333333333333333,0.7048517520215634
shape,6_10,streaky,ViT Base,head_model,10,0.8207547169811321,0.3333333333333333,0.7311320754716981
shape,6_10,streaky,ViT Large,head_model,1,0.8611859838274932,0.3333333333333333,0.7917789757412397
shape,6_10,streaky,ViT Large,head_model,2,0.8504043126684636,0.3333333333333333,0.7756064690026953
shape,6_10,streaky,ViT Large,head_model,3,0.8288409703504043,0.3333333333333333,0.7432614555256064
shape,6_10,streaky,ViT Large,head_model,4,0.8059299191374663,0.3333333333333333,0.7088948787061994
shape,6_10,streaky,ViT Large,head_model,5,0.7911051212938005,0.3333333333333333,0.6866576819407008
shape,6_10,streaky,ViT Large,head_model,6,0.8652291105121294,0.3333333333333333,0.7978436657681939
shape,6_10,streaky,ViT Large,head_model,7,0.8315363881401617,0.3333333333333333,0.7473045822102425
shape,6_10,streaky,ViT Large,head_model,8,0.8477088948787062,0.3333333333333333,0.7715633423180592
shape,6_10,streaky,ViT Large,head_model,9,0.8018867924528302,0.3333333333333333,0.7028301886792453
shape,6_10,streaky,ViT Large,head_model,10,0.8086253369272237,0.3333333333333333,0.7129380053908355
shape,6_10,streaky,ViT Small,head_model,1,0.7681940700808625,0.3333333333333333,0.6522911051212937
shape,6_10,streaky,ViT Small,head_model,2,0.889487870619946,0.3333333333333333,0.8342318059299191
shape,6_10,streaky,ViT Small,head_model,3,0.8598382749326146,0.3333333333333333,0.7897574123989218
shape,6_10,streaky,ViT Small,head_model,4,0.7681940700808625,0.3333333333333333,0.6522911051212937
shape,6_10,streaky,ViT Small,head_model,5,0.8234501347708895,0.3333333333333333,0.7351752021563341
shape,6_10,streaky,ViT Small,head_model,6,0.8126684636118598,0.3333333333333333,0.7190026954177897
shape,6_10,streaky,ViT Small,head_model,7,0.7978436657681941,0.3333333333333333,0.6967654986522911
shape,6_10,streaky,ViT Small,head_model,8,0.8652291105121294,0.3333333333333333,0.7978436657681939
shape,6_10,streaky,ViT Small,head_model,9,0.8692722371967655,0.3333333333333333,0.8039083557951481
shape,6_10,streaky,ViT Small,head_model,10,0.7560646900269542,0.3333333333333333,0.6340970350404312
shape,6_15,pointy,ConvNeXt Base,head_model,1,0.9686648501362398,0.3333333333333333,0.9529972752043597
shape,6_15,pointy,ConvNeXt Base,head_model,2,0.9604904632152589,0.3333333333333333,0.9407356948228883
shape,6_15,pointy,ConvNeXt Base,head_model,3,0.9673024523160763,0.3333333333333333,0.9509536784741144
shape,6_15,pointy,ConvNeXt Base,head_model,4,0.9386920980926431,0.3333333333333333,0.9080381471389645
shape,6_15,pointy,ConvNeXt Base,head_model,5,0.9400544959128065,0.3333333333333333,0.9100817438692098
shape,6_15,pointy,ConvNeXt Base,head_model,6,0.946866485013624,0.3333333333333333,0.9202997275204359
shape,6_15,pointy,ConvNeXt Base,head_model,7,0.9427792915531336,0.3333333333333333,0.9141689373297002
shape,6_15,pointy,ConvNeXt Base,head_model,8,0.9427792915531336,0.3333333333333333,0.9141689373297002
shape,6_15,pointy,ConvNeXt Base,head_model,9,0.946866485013624,0.3333333333333333,0.9202997275204359
shape,6_15,pointy,ConvNeXt Base,head_model,10,0.9645776566757494,0.3333333333333333,0.946866485013624
shape,6_15,pointy,ConvNeXt Large,head_model,1,0.9591280653950953,0.3333333333333333,0.938692098092643
shape,6_15,pointy,ConvNeXt Large,head_model,2,0.9727520435967303,0.3333333333333333,0.9591280653950954
shape,6_15,pointy,ConvNeXt Large,head_model,3,0.9550408719346049,0.3333333333333333,0.9325613079019073
shape,6_15,pointy,ConvNeXt Large,head_model,4,0.9673024523160763,0.3333333333333333,0.9509536784741144
shape,6_15,pointy,ConvNeXt Large,head_model,5,0.9400544959128065,0.3333333333333333,0.9100817438692098
shape,6_15,pointy,ConvNeXt Large,head_model,6,0.952316076294278,0.3333333333333333,0.9284741144414169
shape,6_15,pointy,ConvNeXt Large,head_model,7,0.9591280653950953,0.3333333333333333,0.938692098092643
shape,6_15,pointy,ConvNeXt Large,head_model,8,0.9754768392370572,0.3333333333333333,0.9632152588555858
shape,6_15,pointy,ConvNeXt Large,head_model,9,0.9509536784741145,0.3333333333333333,0.9264305177111716
shape,6_15,pointy,ConvNeXt Large,head_model,10,0.9536784741144414,0.3333333333333333,0.9305177111716619
shape,6_15,pointy,ConvNeXt Small,head_model,1,0.9536784741144414,0.3333333333333333,0.9305177111716619
shape,6_15,pointy,ConvNeXt Small,head_model,2,0.9645776566757494,0.3333333333333333,0.946866485013624
shape,6_15,pointy,ConvNeXt Small,head_model,3,0.9536784741144414,0.3333333333333333,0.9305177111716619
shape,6_15,pointy,ConvNeXt Small,head_model,4,0.952316076294278,0.3333333333333333,0.9284741144414169
shape,6_15,pointy,ConvNeXt Small,head_model,5,0.9495912806539509,0.3333333333333333,0.9243869209809262
shape,6_15,pointy,ConvNeXt Small,head_model,6,0.9550408719346049,0.3333333333333333,0.9325613079019073
shape,6_15,pointy,ConvNeXt Small,head_model,7,0.9618528610354223,0.3333333333333333,0.9427792915531333
shape,6_15,pointy,ConvNeXt Small,head_model,8,0.9618528610354223,0.3333333333333333,0.9427792915531333
shape,6_15,pointy,ConvNeXt Small,head_model,9,0.9277929155313351,0.3333333333333333,0.8916893732970027
shape,6_15,pointy,ConvNeXt Small,head_model,10,0.9536784741144414,0.3333333333333333,0.9305177111716619
shape,6_15,pointy,ConvNeXt Tiny,head_model,1,0.9237057220708447,0.3333333333333333,0.885558583106267
shape,6_15,pointy,ConvNeXt Tiny,head_model,2,0.9359673024523161,0.3333333333333333,0.9039509536784741
shape,6_15,pointy,ConvNeXt Tiny,head_model,3,0.9264305177111717,0.3333333333333333,0.8896457765667574
shape,6_15,pointy,ConvNeXt Tiny,head_model,4,0.9223433242506812,0.3333333333333333,0.8835149863760217
shape,6_15,pointy,ConvNeXt Tiny,head_model,5,0.9141689373297003,0.3333333333333333,0.8712534059945503
shape,6_15,pointy,ConvNeXt Tiny,head_model,6,0.8978201634877384,0.3333333333333333,0.8467302452316074
shape,6_15,pointy,ConvNeXt Tiny,head_model,7,0.9196185286103542,0.3333333333333333,0.8794277929155313
shape,6_15,pointy,ConvNeXt Tiny,head_model,8,0.9223433242506812,0.3333333333333333,0.8835149863760217
shape,6_15,pointy,ConvNeXt Tiny,head_model,9,0.8991825613079019,0.3333333333333333,0.8487738419618528
shape,6_15,pointy,ConvNeXt Tiny,head_model,10,0.9359673024523161,0.3333333333333333,0.9039509536784741
shape,6_15,pointy,DINOv3 ViT Base,head_model,1,0.9455040871934605,0.3333333333333333,0.9182561307901905
shape,6_15,pointy,DINOv3 ViT Base,head_model,2,0.8705722070844687,0.3333333333333333,0.8058583106267029
shape,6_15,pointy,DINOv3 ViT Base,head_model,3,0.9713896457765667,0.3333333333333333,0.9570844686648501
shape,6_15,pointy,DINOv3 ViT Base,head_model,4,0.944141689373297,0.3333333333333333,0.9162125340599455
shape,6_15,pointy,DINOv3 ViT Base,head_model,5,0.8583106267029973,0.3333333333333333,0.7874659400544958
shape,6_15,pointy,DINOv3 ViT Base,head_model,6,0.9427792915531336,0.3333333333333333,0.9141689373297002
shape,6_15,pointy,DINOv3 ViT Base,head_model,7,0.7343324250681199,0.3333333333333333,0.6014986376021798
shape,6_15,pointy,DINOv3 ViT Base,head_model,8,0.8256130790190735,0.3333333333333333,0.7384196185286103
shape,6_15,pointy,DINOv3 ViT Base,head_model,9,0.9128065395095368,0.3333333333333333,0.8692098092643052
shape,6_15,pointy,DINOv3 ViT Base,head_model,10,0.9196185286103542,0.3333333333333333,0.8794277929155313
shape,6_15,pointy,ResNet18,head_model,1,0.7888283378746594,0.3333333333333333,0.6832425068119892
shape,6_15,pointy,ResNet18,head_model,2,0.7915531335149864,0.3333333333333333,0.6873297002724795
shape,6_15,pointy,ResNet18,head_model,3,0.7942779291553134,0.3333333333333333,0.69141689373297
shape,6_15,pointy,ResNet18,head_model,4,0.7833787465940054,0.3333333333333333,0.6750681198910081
shape,6_15,pointy,ResNet18,head_model,5,0.784741144414169,0.3333333333333333,0.6771117166212535
shape,6_15,pointy,ResNet18,head_model,6,0.7697547683923706,0.3333333333333333,0.6546321525885558
shape,6_15,pointy,ResNet18,head_model,7,0.7752043596730245,0.3333333333333333,0.6628065395095367
shape,6_15,pointy,ResNet18,head_model,8,0.776566757493188,0.3333333333333333,0.6648501362397821
shape,6_15,pointy,ResNet18,head_model,9,0.7506811989100818,0.3333333333333333,0.6260217983651226
shape,6_15,pointy,ResNet18,head_model,10,0.7697547683923706,0.3333333333333333,0.6546321525885558
shape,6_15,pointy,ResNet50,head_model,1,0.8269754768392371,0.3333333333333333,0.7404632152588556
shape,6_15,pointy,ResNet50,head_model,2,0.832425068119891,0.3333333333333333,0.7486376021798365
shape,6_15,pointy,ResNet50,head_model,3,0.832425068119891,0.3333333333333333,0.7486376021798365
shape,6_15,pointy,ResNet50,head_model,4,0.8310626702997275,0.3333333333333333,0.7465940054495912
shape,6_15,pointy,ResNet50,head_model,5,0.8283378746594006,0.3333333333333333,0.7425068119891008
shape,6_15,pointy,ResNet50,head_model,6,0.8269754768392371,0.3333333333333333,0.7404632152588556
shape,6_15,pointy,ResNet50,head_model,7,0.829700272479564,0.3333333333333333,0.744550408719346
shape,6_15,pointy,ResNet50,head_model,8,0.829700272479564,0.3333333333333333,0.744550408719346
shape,6_15,pointy,ResNet50,head_model,9,0.8215258855585831,0.3333333333333333,0.7322888283378746
shape,6_15,pointy,ResNet50,head_model,10,0.8256130790190735,0.3333333333333333,0.7384196185286103
shape,6_15,pointy,VGG11,head_model,1,0.8569482288828338,0.3333333333333333,0.7854223433242508
shape,6_15,pointy,VGG11,head_model,2,0.8569482288828338,0.3333333333333333,0.7854223433242508
shape,6_15,pointy,VGG11,head_model,3,0.8528610354223434,0.3333333333333333,0.7792915531335151
shape,6_15,pointy,VGG11,head_model,4,0.8678474114441417,0.3333333333333333,0.8017711171662125
shape,6_15,pointy,VGG11,head_model,5,0.832425068119891,0.3333333333333333,0.7486376021798365
shape,6_15,pointy,VGG11,head_model,6,0.8596730245231607,0.3333333333333333,0.7895095367847411
shape,6_15,pointy,VGG11,head_model,7,0.8528610354223434,0.3333333333333333,0.7792915531335151
shape,6_15,pointy,VGG11,head_model,8,0.8583106267029973,0.3333333333333333,0.7874659400544958
shape,6_15,pointy,VGG11,head_model,9,0.7888283378746594,0.3333333333333333,0.6832425068119892
shape,6_15,pointy,VGG11,head_model,10,0.8337874659400545,0.3333333333333333,0.7506811989100816
shape,6_15,pointy,VGG13,head_model,1,0.829700272479564,0.3333333333333333,0.744550408719346
shape,6_15,pointy,VGG13,head_model,2,0.8474114441416893,0.3333333333333333,0.771117166212534
shape,6_15,pointy,VGG13,head_model,3,0.8051771117166212,0.3333333333333333,0.7077656675749318
shape,6_15,pointy,VGG13,head_model,4,0.8201634877384196,0.3333333333333333,0.7302452316076294
shape,6_15,pointy,VGG13,head_model,5,0.8433242506811989,0.3333333333333333,0.7649863760217983
shape,6_15,pointy,VGG13,head_model,6,0.8160762942779292,0.3333333333333333,0.7241144414168937
shape,6_15,pointy,VGG13,head_model,7,0.8365122615803815,0.3333333333333333,0.7547683923705722
shape,6_15,pointy,VGG13,head_model,8,0.8419618528610354,0.3333333333333333,0.762942779291553
shape,6_15,pointy,VGG13,head_model,9,0.7370572207084468,0.3333333333333333,0.6055858310626702
shape,6_15,pointy,VGG13,head_model,10,0.832425068119891,0.3333333333333333,0.7486376021798365
shape,6_15,pointy,VGG16,head_model,1,0.8310626702997275,0.3333333333333333,0.7465940054495912
shape,6_15,pointy,VGG16,head_model,2,0.8365122615803815,0.3333333333333333,0.7547683923705722
shape,6_15,pointy,VGG16,head_model,3,0.7929155313351499,0.3333333333333333,0.6893732970027249
shape,6_15,pointy,VGG16,head_model,4,0.829700272479564,0.3333333333333333,0.744550408719346
shape,6_15,pointy,VGG16,head_model,5,0.840599455040872,0.3333333333333333,0.760899182561308
shape,6_15,pointy,VGG16,head_model,6,0.8242506811989101,0.3333333333333333,0.7363760217983651
shape,6_15,pointy,VGG16,head_model,7,0.8392370572207084,0.3333333333333333,0.7588555858310626
shape,6_15,pointy,VGG16,head_model,8,0.8446866485013624,0.3333333333333333,0.7670299727520437
shape,6_15,pointy,VGG16,head_model,9,0.7752043596730245,0.3333333333333333,0.6628065395095367
shape,6_15,pointy,VGG16,head_model,10,0.8269754768392371,0.3333333333333333,0.7404632152588556
shape,6_15,pointy,VGG19,head_model,1,0.8569482288828338,0.3333333333333333,0.7854223433242508
shape,6_15,pointy,VGG19,head_model,2,0.8623978201634878,0.3333333333333333,0.7935967302452315
shape,6_15,pointy,VGG19,head_model,3,0.8542234332425068,0.3333333333333333,0.7813351498637601
shape,6_15,pointy,VGG19,head_model,4,0.8637602179836512,0.3333333333333333,0.7956403269754768
shape,6_15,pointy,VGG19,head_model,5,0.8555858310626703,0.3333333333333333,0.7833787465940054
shape,6_15,pointy,VGG19,head_model,6,0.8583106267029973,0.3333333333333333,0.7874659400544958
shape,6_15,pointy,VGG19,head_model,7,0.8569482288828338,0.3333333333333333,0.7854223433242508
shape,6_15,pointy,VGG19,head_model,8,0.8664850136239782,0.3333333333333333,0.7997275204359672
shape,6_15,pointy,VGG19,head_model,9,0.8133514986376021,0.3333333333333333,0.7200272479564032
shape,6_15,pointy,VGG19,head_model,10,0.8501362397820164,0.3333333333333333,0.7752043596730244
shape,6_15,pointy,ViT Base,head_model,1,0.8773841961852861,0.3333333333333333,0.8160762942779289
shape,6_15,pointy,ViT Base,head_model,2,0.7506811989100818,0.3333333333333333,0.6260217983651226
shape,6_15,pointy,ViT Base,head_model,3,0.9196185286103542,0.3333333333333333,0.8794277929155313
shape,6_15,pointy,ViT Base,head_model,4,0.9264305177111717,0.3333333333333333,0.8896457765667574
shape,6_15,pointy,ViT Base,head_model,5,0.8869209809264306,0.3333333333333333,0.8303814713896457
shape,6_15,pointy,ViT Base,head_model,6,0.9223433242506812,0.3333333333333333,0.8835149863760217
shape,6_15,pointy,ViT Base,head_model,7,0.8569482288828338,0.3333333333333333,0.7854223433242508
shape,6_15,pointy,ViT Base,head_model,8,0.9182561307901907,0.3333333333333333,0.877384196185286
shape,6_15,pointy,ViT Base,head_model,9,0.9032697547683923,0.3333333333333333,0.8549046321525885
shape,6_15,pointy,ViT Base,head_model,10,0.8678474114441417,0.3333333333333333,0.8017711171662125
shape,6_15,pointy,ViT Large,head_model,1,0.9237057220708447,0.3333333333333333,0.885558583106267
shape,6_15,pointy,ViT Large,head_model,2,0.8569482288828338,0.3333333333333333,0.7854223433242508
shape,6_15,pointy,ViT Large,head_model,3,0.8773841961852861,0.3333333333333333,0.8160762942779289
shape,6_15,pointy,ViT Large,head_model,4,0.9073569482288828,0.3333333333333333,0.8610354223433242
shape,6_15,pointy,ViT Large,head_model,5,0.8746594005449592,0.3333333333333333,0.8119891008174386
shape,6_15,pointy,ViT Large,head_model,6,0.8569482288828338,0.3333333333333333,0.7854223433242508
shape,6_15,pointy,ViT Large,head_model,7,0.8269754768392371,0.3333333333333333,0.7404632152588556
shape,6_15,pointy,ViT Large,head_model,8,0.9250681198910081,0.3333333333333333,0.887602179836512
shape,6_15,pointy,ViT Large,head_model,9,0.8474114441416893,0.3333333333333333,0.771117166212534
shape,6_15,pointy,ViT Large,head_model,10,0.9209809264305178,0.3333333333333333,0.8814713896457766
shape,6_15,pointy,ViT Small,head_model,1,0.885558583106267,0.3333333333333333,0.8283378746594003
shape,6_15,pointy,ViT Small,head_model,2,0.8910081743869209,0.3333333333333333,0.8365122615803814
shape,6_15,pointy,ViT Small,head_model,3,0.9155313351498637,0.3333333333333333,0.8732970027247956
shape,6_15,pointy,ViT Small,head_model,4,0.8487738419618529,0.3333333333333333,0.7731607629427794
shape,6_15,pointy,ViT Small,head_model,5,0.9059945504087193,0.3333333333333333,0.8589918256130789
shape,6_15,pointy,ViT Small,head_model,6,0.9168937329700273,0.3333333333333333,0.875340599455041
shape,6_15,pointy,ViT Small,head_model,7,0.8555858310626703,0.3333333333333333,0.7833787465940054
shape,6_15,pointy,ViT Small,head_model,8,0.9059945504087193,0.3333333333333333,0.8589918256130789
shape,6_15,pointy,ViT Small,head_model,9,0.9005449591280654,0.3333333333333333,0.8508174386920981
shape,6_15,pointy,ViT Small,head_model,10,0.8051771117166212,0.3333333333333333,0.7077656675749318
shape,6_15,streaky,ConvNeXt Base,head_model,1,0.8661202185792349,0.3333333333333333,0.7991803278688524
shape,6_15,streaky,ConvNeXt Base,head_model,2,0.8743169398907104,0.3333333333333333,0.8114754098360654
shape,6_15,streaky,ConvNeXt Base,head_model,3,0.860655737704918,0.3333333333333333,0.790983606557377
shape,6_15,streaky,ConvNeXt Base,head_model,4,0.8756830601092896,0.3333333333333333,0.8135245901639343
shape,6_15,streaky,ConvNeXt Base,head_model,5,0.8456284153005464,0.3333333333333333,0.7684426229508197
shape,6_15,streaky,ConvNeXt Base,head_model,6,0.8620218579234973,0.3333333333333333,0.7930327868852459
shape,6_15,streaky,ConvNeXt Base,head_model,7,0.8661202185792349,0.3333333333333333,0.7991803278688524
shape,6_15,streaky,ConvNeXt Base,head_model,8,0.8702185792349727,0.3333333333333333,0.8053278688524589
shape,6_15,streaky,ConvNeXt Base,head_model,9,0.8319672131147541,0.3333333333333333,0.7479508196721311
shape,6_15,streaky,ConvNeXt Base,head_model,10,0.8292349726775956,0.3333333333333333,0.7438524590163934
shape,6_15,streaky,ConvNeXt Large,head_model,1,0.9043715846994536,0.3333333333333333,0.8565573770491803
shape,6_15,streaky,ConvNeXt Large,head_model,2,0.9166666666666666,0.3333333333333333,0.8749999999999998
shape,6_15,streaky,ConvNeXt Large,head_model,3,0.9098360655737705,0.3333333333333333,0.8647540983606558
shape,6_15,streaky,ConvNeXt Large,head_model,4,0.9098360655737705,0.3333333333333333,0.8647540983606558
shape,6_15,streaky,ConvNeXt Large,head_model,5,0.8989071038251366,0.3333333333333333,0.8483606557377049
shape,6_15,streaky,ConvNeXt Large,head_model,6,0.894808743169399,0.3333333333333333,0.8422131147540984
shape,6_15,streaky,ConvNeXt Large,head_model,7,0.9207650273224044,0.3333333333333333,0.8811475409836066
shape,6_15,streaky,ConvNeXt Large,head_model,8,0.9098360655737705,0.3333333333333333,0.8647540983606558
shape,6_15,streaky,ConvNeXt Large,head_model,9,0.889344262295082,0.3333333333333333,0.834016393442623
shape,6_15,streaky,ConvNeXt Large,head_model,10,0.8715846994535519,0.3333333333333333,0.8073770491803278
shape,6_15,streaky,ConvNeXt Small,head_model,1,0.8784153005464481,0.3333333333333333,0.8176229508196722
shape,6_15,streaky,ConvNeXt Small,head_model,2,0.8756830601092896,0.3333333333333333,0.8135245901639343
shape,6_15,streaky,ConvNeXt Small,head_model,3,0.8510928961748634,0.3333333333333333,0.7766393442622951
shape,6_15,streaky,ConvNeXt Small,head_model,4,0.8633879781420765,0.3333333333333333,0.7950819672131145
shape,6_15,streaky,ConvNeXt Small,head_model,5,0.8087431693989071,0.3333333333333333,0.7131147540983607
shape,6_15,streaky,ConvNeXt Small,head_model,6,0.8524590163934426,0.3333333333333333,0.7786885245901637
shape,6_15,streaky,ConvNeXt Small,head_model,7,0.842896174863388,0.3333333333333333,0.7643442622950818
shape,6_15,streaky,ConvNeXt Small,head_model,8,0.8442622950819673,0.3333333333333333,0.7663934426229507
shape,6_15,streaky,ConvNeXt Small,head_model,9,0.8306010928961749,0.3333333333333333,0.7459016393442623
shape,6_15,streaky,ConvNeXt Small,head_model,10,0.819672131147541,0.3333333333333333,0.7295081967213115
shape,6_15,streaky,ConvNeXt Tiny,head_model,1,0.8825136612021858,0.3333333333333333,0.8237704918032787
shape,6_15,streaky,ConvNeXt Tiny,head_model,2,0.8920765027322405,0.3333333333333333,0.8381147540983606
shape,6_15,streaky,ConvNeXt Tiny,head_model,3,0.8907103825136612,0.3333333333333333,0.8360655737704916
shape,6_15,streaky,ConvNeXt Tiny,head_model,4,0.8879781420765027,0.3333333333333333,0.8319672131147541
shape,6_15,streaky,ConvNeXt Tiny,head_model,5,0.8715846994535519,0.3333333333333333,0.8073770491803278
shape,6_15,streaky,ConvNeXt Tiny,head_model,6,0.8961748633879781,0.3333333333333333,0.844262295081967
shape,6_15,streaky,ConvNeXt Tiny,head_model,7,0.8784153005464481,0.3333333333333333,0.8176229508196722
shape,6_15,streaky,ConvNeXt Tiny,head_model,8,0.8674863387978142,0.3333333333333333,0.8012295081967213
shape,6_15,streaky,ConvNeXt Tiny,head_model,9,0.894808743169399,0.3333333333333333,0.8422131147540984
shape,6_15,streaky,ConvNeXt Tiny,head_model,10,0.889344262295082,0.3333333333333333,0.834016393442623
shape,6_15,streaky,DINOv3 ViT Base,head_model,1,0.9153005464480874,0.3333333333333333,0.8729508196721312
shape,6_15,streaky,DINOv3 ViT Base,head_model,2,0.9439890710382514,0.3333333333333333,0.9159836065573769
shape,6_15,streaky,DINOv3 ViT Base,head_model,3,0.8838797814207651,0.3333333333333333,0.8258196721311476
shape,6_15,streaky,DINOv3 ViT Base,head_model,4,0.924863387978142,0.3333333333333333,0.8872950819672131
shape,6_15,streaky,DINOv3 ViT Base,head_model,5,0.8101092896174863,0.3333333333333333,0.7151639344262294
shape,6_15,streaky,DINOv3 ViT Base,head_model,6,0.8688524590163934,0.3333333333333333,0.80327868852459
shape,6_15,streaky,DINOv3 ViT Base,head_model,7,0.9631147540983607,0.3333333333333333,0.944672131147541
shape,6_15,streaky,DINOv3 ViT Base,head_model,8,0.9153005464480874,0.3333333333333333,0.8729508196721312
shape,6_15,streaky,DINOv3 ViT Base,head_model,9,0.9043715846994536,0.3333333333333333,0.8565573770491803
shape,6_15,streaky,DINOv3 ViT Base,head_model,10,0.7786885245901639,0.3333333333333333,0.6680327868852458
shape,6_15,streaky,ResNet18,head_model,1,0.7855191256830601,0.3333333333333333,0.6782786885245902
shape,6_15,streaky,ResNet18,head_model,2,0.7882513661202186,0.3333333333333333,0.6823770491803279
shape,6_15,streaky,ResNet18,head_model,3,0.7841530054644809,0.3333333333333333,0.6762295081967212
shape,6_15,streaky,ResNet18,head_model,4,0.7896174863387978,0.3333333333333333,0.6844262295081966
shape,6_15,streaky,ResNet18,head_model,5,0.7882513661202186,0.3333333333333333,0.6823770491803279
shape,6_15,streaky,ResNet18,head_model,6,0.7704918032786885,0.3333333333333333,0.6557377049180327
shape,6_15,streaky,ResNet18,head_model,7,0.7759562841530054,0.3333333333333333,0.6639344262295082
shape,6_15,streaky,ResNet18,head_model,8,0.7786885245901639,0.3333333333333333,0.6680327868852458
shape,6_15,streaky,ResNet18,head_model,9,0.7841530054644809,0.3333333333333333,0.6762295081967212
shape,6_15,streaky,ResNet18,head_model,10,0.7814207650273224,0.3333333333333333,0.6721311475409836
shape,6_15,streaky,ResNet50,head_model,1,0.7472677595628415,0.3333333333333333,0.6209016393442622
shape,6_15,streaky,ResNet50,head_model,2,0.7486338797814208,0.3333333333333333,0.6229508196721312
shape,6_15,streaky,ResNet50,head_model,3,0.7363387978142076,0.3333333333333333,0.6045081967213114
shape,6_15,streaky,ResNet50,head_model,4,0.7431693989071039,0.3333333333333333,0.6147540983606558
shape,6_15,streaky,ResNet50,head_model,5,0.7418032786885246,0.3333333333333333,0.6127049180327868
shape,6_15,streaky,ResNet50,head_model,6,0.7185792349726776,0.3333333333333333,0.5778688524590164
shape,6_15,streaky,ResNet50,head_model,7,0.755464480874317,0.3333333333333333,0.6331967213114754
shape,6_15,streaky,ResNet50,head_model,8,0.7390710382513661,0.3333333333333333,0.6086065573770492
shape,6_15,streaky,ResNet50,head_model,9,0.7390710382513661,0.3333333333333333,0.6086065573770492
shape,6_15,streaky,ResNet50,head_model,10,0.726775956284153,0.3333333333333333,0.5901639344262295
shape,6_15,streaky,VGG11,head_model,1,0.7909836065573771,0.3333333333333333,0.6864754098360656
shape,6_15,streaky,VGG11,head_model,2,0.7568306010928961,0.3333333333333333,0.6352459016393441
shape,6_15,streaky,VGG11,head_model,3,0.7431693989071039,0.3333333333333333,0.6147540983606558
shape,6_15,streaky,VGG11,head_model,4,0.7718579234972678,0.3333333333333333,0.6577868852459017
shape,6_15,streaky,VGG11,head_model,5,0.7636612021857924,0.3333333333333333,0.6454918032786885
shape,6_15,streaky,VGG11,head_model,6,0.7486338797814208,0.3333333333333333,0.6229508196721312
shape,6_15,streaky,VGG11,head_model,7,0.7404371584699454,0.3333333333333333,0.6106557377049181
shape,6_15,streaky,VGG11,head_model,8,0.773224043715847,0.3333333333333333,0.6598360655737704
shape,6_15,streaky,VGG11,head_model,9,0.8019125683060109,0.3333333333333333,0.7028688524590163
shape,6_15,streaky,VGG11,head_model,10,0.7827868852459017,0.3333333333333333,0.6741803278688525
shape,6_15,streaky,VGG13,head_model,1,0.8401639344262295,0.3333333333333333,0.7602459016393442
shape,6_15,streaky,VGG13,head_model,2,0.8114754098360656,0.3333333333333333,0.7172131147540983
shape,6_15,streaky,VGG13,head_model,3,0.7718579234972678,0.3333333333333333,0.6577868852459017
shape,6_15,streaky,VGG13,head_model,4,0.8087431693989071,0.3333333333333333,0.7131147540983607
shape,6_15,streaky,VGG13,head_model,5,0.8128415300546448,0.3333333333333333,0.7192622950819672
shape,6_15,streaky,VGG13,head_model,6,0.7868852459016393,0.3333333333333333,0.680327868852459
shape,6_15,streaky,VGG13,head_model,7,0.8183060109289617,0.3333333333333333,0.7274590163934426
shape,6_15,streaky,VGG13,head_model,8,0.8032786885245902,0.3333333333333333,0.7049180327868853
shape,6_15,streaky,VGG13,head_model,9,0.7950819672131147,0.3333333333333333,0.6926229508196721
shape,6_15,streaky,VGG13,head_model,10,0.8224043715846995,0.3333333333333333,0.7336065573770492
shape,6_15,streaky,VGG16,head_model,1,0.7472677595628415,0.3333333333333333,0.6209016393442622
shape,6_15,streaky,VGG16,head_model,2,0.7431693989071039,0.3333333333333333,0.6147540983606558
shape,6_15,streaky,VGG16,head_model,3,0.7185792349726776,0.3333333333333333,0.5778688524590164
shape,6_15,streaky,VGG16,head_model,4,0.7377049180327869,0.3333333333333333,0.6065573770491803
shape,6_15,streaky,VGG16,head_model,5,0.7459016393442623,0.3333333333333333,0.6188524590163935
shape,6_15,streaky,VGG16,head_model,6,0.7103825136612022,0.3333333333333333,0.5655737704918032
shape,6_15,streaky,VGG16,head_model,7,0.726775956284153,0.3333333333333333,0.5901639344262295
shape,6_15,streaky,VGG16,head_model,8,0.7213114754098361,0.3333333333333333,0.5819672131147541
shape,6_15,streaky,VGG16,head_model,9,0.7418032786885246,0.3333333333333333,0.6127049180327868
shape,6_15,streaky,VGG16,head_model,10,0.7431693989071039,0.3333333333333333,0.6147540983606558
shape,6_15,streaky,VGG19,head_model,1,0.8633879781420765,0.3333333333333333,0.7950819672131145
shape,6_15,streaky,VGG19,head_model,2,0.8579234972677595,0.3333333333333333,0.7868852459016391
shape,6_15,streaky,VGG19,head_model,3,0.8142076502732241,0.3333333333333333,0.7213114754098361
shape,6_15,streaky,VGG19,head_model,4,0.8620218579234973,0.3333333333333333,0.7930327868852459
shape,6_15,streaky,VGG19,head_model,5,0.8265027322404371,0.3333333333333333,0.7397540983606556
shape,6_15,streaky,VGG19,head_model,6,0.8155737704918032,0.3333333333333333,0.7233606557377048
shape,6_15,streaky,VGG19,head_model,7,0.8333333333333334,0.3333333333333333,0.7499999999999999
shape,6_15,streaky,VGG19,head_model,8,0.855191256830601,0.3333333333333333,0.7827868852459016
shape,6_15,streaky,VGG19,head_model,9,0.8456284153005464,0.3333333333333333,0.7684426229508197
shape,6_15,streaky,VGG19,head_model,10,0.8483606557377049,0.3333333333333333,0.7725409836065572
shape,6_15,streaky,ViT Base,head_model,1,0.953551912568306,0.3333333333333333,0.9303278688524588
shape,6_15,streaky,ViT Base,head_model,2,0.9289617486338798,0.3333333333333333,0.8934426229508196
shape,6_15,streaky,ViT Base,head_model,3,0.9166666666666666,0.3333333333333333,0.8749999999999998
shape,6_15,streaky,ViT Base,head_model,4,0.912568306010929,0.3333333333333333,0.8688524590163933
shape,6_15,streaky,ViT Base,head_model,5,0.8415300546448088,0.3333333333333333,0.7622950819672132
shape,6_15,streaky,ViT Base,head_model,6,0.9193989071038251,0.3333333333333333,0.8790983606557377
shape,6_15,streaky,ViT Base,head_model,7,0.8483606557377049,0.3333333333333333,0.7725409836065572
shape,6_15,streaky,ViT Base,head_model,8,0.9166666666666666,0.3333333333333333,0.8749999999999998
shape,6_15,streaky,ViT Base,head_model,9,0.9207650273224044,0.3333333333333333,0.8811475409836066
shape,6_15,streaky,ViT Base,head_model,10,0.9112021857923497,0.3333333333333333,0.8668032786885244
shape,6_15,streaky,ViT Large,head_model,1,0.9139344262295082,0.3333333333333333,0.8709016393442622
shape,6_15,streaky,ViT Large,head_model,2,0.8975409836065574,0.3333333333333333,0.846311475409836
shape,6_15,streaky,ViT Large,head_model,3,0.9234972677595629,0.3333333333333333,0.8852459016393441
shape,6_15,streaky,ViT Large,head_model,4,0.819672131147541,0.3333333333333333,0.7295081967213115
shape,6_15,streaky,ViT Large,head_model,5,0.9030054644808743,0.3333333333333333,0.8545081967213114
shape,6_15,streaky,ViT Large,head_model,6,0.8387978142076503,0.3333333333333333,0.7581967213114753
shape,6_15,streaky,ViT Large,head_model,7,0.842896174863388,0.3333333333333333,0.7643442622950818
shape,6_15,streaky,ViT Large,head_model,8,0.9262295081967213,0.3333333333333333,0.889344262295082
shape,6_15,streaky,ViT Large,head_model,9,0.9166666666666666,0.3333333333333333,0.8749999999999998
shape,6_15,streaky,ViT Large,head_model,10,0.8975409836065574,0.3333333333333333,0.846311475409836
shape,6_15,streaky,ViT Small,head_model,1,0.8278688524590164,0.3333333333333333,0.7418032786885246
shape,6_15,streaky,ViT Small,head_model,2,0.837431693989071,0.3333333333333333,0.7561475409836064
shape,6_15,streaky,ViT Small,head_model,3,0.9385245901639344,0.3333333333333333,0.9077868852459015
shape,6_15,streaky,ViT Small,head_model,4,0.8292349726775956,0.3333333333333333,0.7438524590163934
shape,6_15,streaky,ViT Small,head_model,5,0.9057377049180327,0.3333333333333333,0.8586065573770489
shape,6_15,streaky,ViT Small,head_model,6,0.8756830601092896,0.3333333333333333,0.8135245901639343
shape,6_15,streaky,ViT Small,head_model,7,0.7909836065573771,0.3333333333333333,0.6864754098360656
shape,6_15,streaky,ViT Small,head_model,8,0.8715846994535519,0.3333333333333333,0.8073770491803278
shape,6_15,streaky,ViT Small,head_model,9,0.8989071038251366,0.3333333333333333,0.8483606557377049
shape,6_15,streaky,ViT Small,head_model,10,0.894808743169399,0.3333333333333333,0.8422131147540984
shape,6_20,pointy,ConvNeXt Base,head_model,1,0.9671232876712329,0.3333333333333333,0.9506849315068492
shape,6_20,pointy,ConvNeXt Base,head_model,2,0.9726027397260274,0.3333333333333333,0.9589041095890409
shape,6_20,pointy,ConvNeXt Base,head_model,3,0.9493150684931507,0.3333333333333333,0.9239726027397259
shape,6_20,pointy,ConvNeXt Base,head_model,4,0.9506849315068493,0.3333333333333333,0.9260273972602739
shape,6_20,pointy,ConvNeXt Base,head_model,5,0.9465753424657535,0.3333333333333333,0.9198630136986302
shape,6_20,pointy,ConvNeXt Base,head_model,6,0.9684931506849315,0.3333333333333333,0.9527397260273972
shape,6_20,pointy,ConvNeXt Base,head_model,7,0.9712328767123287,0.3333333333333333,0.9568493150684929
shape,6_20,pointy,ConvNeXt Base,head_model,8,0.9575342465753425,0.3333333333333333,0.9363013698630137
shape,6_20,pointy,ConvNeXt Base,head_model,9,0.8863013698630137,0.3333333333333333,0.8294520547945203
shape,6_20,pointy,ConvNeXt Base,head_model,10,0.9383561643835616,0.3333333333333333,0.9075342465753424
shape,6_20,pointy,ConvNeXt Large,head_model,1,0.9616438356164384,0.3333333333333333,0.9424657534246574
shape,6_20,pointy,ConvNeXt Large,head_model,2,0.9739726027397261,0.3333333333333333,0.960958904109589
shape,6_20,pointy,ConvNeXt Large,head_model,3,0.9698630136986301,0.3333333333333333,0.9547945205479452
shape,6_20,pointy,ConvNeXt Large,head_model,4,0.958904109589041,0.3333333333333333,0.9383561643835614
shape,6_20,pointy,ConvNeXt Large,head_model,5,0.9808219178082191,0.3333333333333333,0.9712328767123287
shape,6_20,pointy,ConvNeXt Large,head_model,6,0.9616438356164384,0.3333333333333333,0.9424657534246574
shape,6_20,pointy,ConvNeXt Large,head_model,7,0.9808219178082191,0.3333333333333333,0.9712328767123287
shape,6_20,pointy,ConvNeXt Large,head_model,8,0.9767123287671233,0.3333333333333333,0.965068493150685
shape,6_20,pointy,ConvNeXt Large,head_model,9,0.9452054794520548,0.3333333333333333,0.9178082191780822
shape,6_20,pointy,ConvNeXt Large,head_model,10,0.9561643835616438,0.3333333333333333,0.9342465753424657
shape,6_20,pointy,ConvNeXt Small,head_model,1,0.9602739726027397,0.3333333333333333,0.9404109589041094
shape,6_20,pointy,ConvNeXt Small,head_model,2,0.9671232876712329,0.3333333333333333,0.9506849315068492
shape,6_20,pointy,ConvNeXt Small,head_model,3,0.958904109589041,0.3333333333333333,0.9383561643835614
shape,6_20,pointy,ConvNeXt Small,head_model,4,0.947945205479452,0.3333333333333333,0.9219178082191779
shape,6_20,pointy,ConvNeXt Small,head_model,5,0.9643835616438357,0.3333333333333333,0.9465753424657535
shape,6_20,pointy,ConvNeXt Small,head_model,6,0.9684931506849315,0.3333333333333333,0.9527397260273972
shape,6_20,pointy,ConvNeXt Small,head_model,7,0.9684931506849315,0.3333333333333333,0.9527397260273972
shape,6_20,pointy,ConvNeXt Small,head_model,8,0.9534246575342465,0.3333333333333333,0.9301369863013697
shape,6_20,pointy,ConvNeXt Small,head_model,9,0.9246575342465754,0.3333333333333333,0.8869863013698629
shape,6_20,pointy,ConvNeXt Small,head_model,10,0.9561643835616438,0.3333333333333333,0.9342465753424657
shape,6_20,pointy,ConvNeXt Tiny,head_model,1,0.9602739726027397,0.3333333333333333,0.9404109589041094
shape,6_20,pointy,ConvNeXt Tiny,head_model,2,0.9657534246575342,0.3333333333333333,0.9486301369863012
shape,6_20,pointy,ConvNeXt Tiny,head_model,3,0.9534246575342465,0.3333333333333333,0.9301369863013697
shape,6_20,pointy,ConvNeXt Tiny,head_model,4,0.9534246575342465,0.3333333333333333,0.9301369863013697
shape,6_20,pointy,ConvNeXt Tiny,head_model,5,0.9547945205479452,0.3333333333333333,0.9321917808219177
shape,6_20,pointy,ConvNeXt Tiny,head_model,6,0.9643835616438357,0.3333333333333333,0.9465753424657535
shape,6_20,pointy,ConvNeXt Tiny,head_model,7,0.9671232876712329,0.3333333333333333,0.9506849315068492
shape,6_20,pointy,ConvNeXt Tiny,head_model,8,0.9616438356164384,0.3333333333333333,0.9424657534246574
shape,6_20,pointy,ConvNeXt Tiny,head_model,9,0.9219178082191781,0.3333333333333333,0.8828767123287672
shape,6_20,pointy,ConvNeXt Tiny,head_model,10,0.9575342465753425,0.3333333333333333,0.9363013698630137
shape,6_20,pointy,DINOv3 ViT Base,head_model,1,0.9753424657534246,0.3333333333333333,0.963013698630137
shape,6_20,pointy,DINOv3 ViT Base,head_model,2,0.9726027397260274,0.3333333333333333,0.9589041095890409
shape,6_20,pointy,DINOv3 ViT Base,head_model,3,0.9753424657534246,0.3333333333333333,0.963013698630137
shape,6_20,pointy,DINOv3 ViT Base,head_model,4,0.9328767123287671,0.3333333333333333,0.8993150684931507
shape,6_20,pointy,DINOv3 ViT Base,head_model,5,0.9753424657534246,0.3333333333333333,0.963013698630137
shape,6_20,pointy,DINOv3 ViT Base,head_model,6,0.8589041095890411,0.3333333333333333,0.7883561643835616
shape,6_20,pointy,DINOv3 ViT Base,head_model,7,0.8013698630136986,0.3333333333333333,0.7020547945205479
shape,6_20,pointy,DINOv3 ViT Base,head_model,8,0.9849315068493151,0.3333333333333333,0.9773972602739724
shape,6_20,pointy,DINOv3 ViT Base,head_model,9,0.989041095890411,0.3333333333333333,0.9835616438356165
shape,6_20,pointy,DINOv3 ViT Base,head_model,10,0.8698630136986302,0.3333333333333333,0.8047945205479451
shape,6_20,pointy,ResNet18,head_model,1,0.8698630136986302,0.3333333333333333,0.8047945205479451
shape,6_20,pointy,ResNet18,head_model,2,0.8698630136986302,0.3333333333333333,0.8047945205479451
shape,6_20,pointy,ResNet18,head_model,3,0.8643835616438356,0.3333333333333333,0.7965753424657533
shape,6_20,pointy,ResNet18,head_model,4,0.873972602739726,0.3333333333333333,0.8109589041095888
shape,6_20,pointy,ResNet18,head_model,5,0.8698630136986302,0.3333333333333333,0.8047945205479451
shape,6_20,pointy,ResNet18,head_model,6,0.8698630136986302,0.3333333333333333,0.8047945205479451
shape,6_20,pointy,ResNet18,head_model,7,0.8767123287671232,0.3333333333333333,0.8150684931506849
shape,6_20,pointy,ResNet18,head_model,8,0.8726027397260274,0.3333333333333333,0.8089041095890411
shape,6_20,pointy,ResNet18,head_model,9,0.873972602739726,0.3333333333333333,0.8109589041095888
shape,6_20,pointy,ResNet18,head_model,10,0.8767123287671232,0.3333333333333333,0.8150684931506849
shape,6_20,pointy,ResNet50,head_model,1,0.8945205479452055,0.3333333333333333,0.8417808219178081
shape,6_20,pointy,ResNet50,head_model,2,0.8945205479452055,0.3333333333333333,0.8417808219178081
shape,6_20,pointy,ResNet50,head_model,3,0.8890410958904109,0.3333333333333333,0.8335616438356164
shape,6_20,pointy,ResNet50,head_model,4,0.8986301369863013,0.3333333333333333,0.8479452054794518
shape,6_20,pointy,ResNet50,head_model,5,0.9027397260273973,0.3333333333333333,0.8541095890410959
shape,6_20,pointy,ResNet50,head_model,6,0.9027397260273973,0.3333333333333333,0.8541095890410959
shape,6_20,pointy,ResNet50,head_model,7,0.9013698630136986,0.3333333333333333,0.8520547945205479
shape,6_20,pointy,ResNet50,head_model,8,0.8931506849315068,0.3333333333333333,0.8397260273972601
shape,6_20,pointy,ResNet50,head_model,9,0.9013698630136986,0.3333333333333333,0.8520547945205479
shape,6_20,pointy,ResNet50,head_model,10,0.9041095890410958,0.3333333333333333,0.8561643835616436
shape,6_20,pointy,VGG11,head_model,1,0.9095890410958904,0.3333333333333333,0.8643835616438357
shape,6_20,pointy,VGG11,head_model,2,0.9356164383561644,0.3333333333333333,0.9034246575342464
shape,6_20,pointy,VGG11,head_model,3,0.9315068493150684,0.3333333333333333,0.8972602739726027
shape,6_20,pointy,VGG11,head_model,4,0.9232876712328767,0.3333333333333333,0.8849315068493149
shape,6_20,pointy,VGG11,head_model,5,0.9260273972602739,0.3333333333333333,0.8890410958904109
shape,6_20,pointy,VGG11,head_model,6,0.9356164383561644,0.3333333333333333,0.9034246575342464
shape,6_20,pointy,VGG11,head_model,7,0.9342465753424658,0.3333333333333333,0.9013698630136987
shape,6_20,pointy,VGG11,head_model,8,0.9219178082191781,0.3333333333333333,0.8828767123287672
shape,6_20,pointy,VGG11,head_model,9,0.863013698630137,0.3333333333333333,0.7945205479452053
shape,6_20,pointy,VGG11,head_model,10,0.9219178082191781,0.3333333333333333,0.8828767123287672
shape,6_20,pointy,VGG13,head_model,1,0.9027397260273973,0.3333333333333333,0.8541095890410959
shape,6_20,pointy,VGG13,head_model,2,0.8890410958904109,0.3333333333333333,0.8335616438356164
shape,6_20,pointy,VGG13,head_model,3,0.8684931506849315,0.3333333333333333,0.8027397260273971
shape,6_20,pointy,VGG13,head_model,4,0.9041095890410958,0.3333333333333333,0.8561643835616436
shape,6_20,pointy,VGG13,head_model,5,0.8753424657534247,0.3333333333333333,0.8130136986301368
shape,6_20,pointy,VGG13,head_model,6,0.9027397260273973,0.3333333333333333,0.8541095890410959
shape,6_20,pointy,VGG13,head_model,7,0.8904109589041096,0.3333333333333333,0.8356164383561644
shape,6_20,pointy,VGG13,head_model,8,0.8698630136986302,0.3333333333333333,0.8047945205479451
shape,6_20,pointy,VGG13,head_model,9,0.7849315068493151,0.3333333333333333,0.6773972602739726
shape,6_20,pointy,VGG13,head_model,10,0.8876712328767123,0.3333333333333333,0.8315068493150684
shape,6_20,pointy,VGG16,head_model,1,0.9315068493150684,0.3333333333333333,0.8972602739726027
shape,6_20,pointy,VGG16,head_model,2,0.9301369863013699,0.3333333333333333,0.8952054794520546
shape,6_20,pointy,VGG16,head_model,3,0.9191780821917809,0.3333333333333333,0.8787671232876711
shape,6_20,pointy,VGG16,head_model,4,0.9232876712328767,0.3333333333333333,0.8849315068493149
shape,6_20,pointy,VGG16,head_model,5,0.9,0.3333333333333333,0.8499999999999999
shape,6_20,pointy,VGG16,head_model,6,0.9219178082191781,0.3333333333333333,0.8828767123287672
shape,6_20,pointy,VGG16,head_model,7,0.9219178082191781,0.3333333333333333,0.8828767123287672
shape,6_20,pointy,VGG16,head_model,8,0.8931506849315068,0.3333333333333333,0.8397260273972601
shape,6_20,pointy,VGG16,head_model,9,0.8479452054794521,0.3333333333333333,0.7719178082191781
shape,6_20,pointy,VGG16,head_model,10,0.9082191780821918,0.3333333333333333,0.8623287671232877
shape,6_20,pointy,VGG19,head_model,1,0.9273972602739726,0.3333333333333333,0.8910958904109589
shape,6_20,pointy,VGG19,head_model,2,0.9315068493150684,0.3333333333333333,0.8972602739726027
shape,6_20,pointy,VGG19,head_model,3,0.9273972602739726,0.3333333333333333,0.8910958904109589
shape,6_20,pointy,VGG19,head_model,4,0.915068493150685,0.3333333333333333,0.8726027397260274
shape,6_20,pointy,VGG19,head_model,5,0.9328767123287671,0.3333333333333333,0.8993150684931507
shape,6_20,pointy,VGG19,head_model,6,0.9328767123287671,0.3333333333333333,0.8993150684931507
shape,6_20,pointy,VGG19,head_model,7,0.9383561643835616,0.3333333333333333,0.9075342465753424
shape,6_20,pointy,VGG19,head_model,8,0.9356164383561644,0.3333333333333333,0.9034246575342464
shape,6_20,pointy,VGG19,head_model,9,0.8643835616438356,0.3333333333333333,0.7965753424657533
shape,6_20,pointy,VGG19,head_model,10,0.9260273972602739,0.3333333333333333,0.8890410958904109
shape,6_20,pointy,ViT Base,head_model,1,0.9739726027397261,0.3333333333333333,0.960958904109589
shape,6_20,pointy,ViT Base,head_model,2,0.9493150684931507,0.3333333333333333,0.9239726027397259
shape,6_20,pointy,ViT Base,head_model,3,0.9821917808219178,0.3333333333333333,0.9732876712328767
shape,6_20,pointy,ViT Base,head_model,4,0.9547945205479452,0.3333333333333333,0.9321917808219177
shape,6_20,pointy,ViT Base,head_model,5,0.9602739726027397,0.3333333333333333,0.9404109589041094
shape,6_20,pointy,ViT Base,head_model,6,0.9410958904109589,0.3333333333333333,0.9116438356164381
shape,6_20,pointy,ViT Base,head_model,7,0.7863013698630137,0.3333333333333333,0.6794520547945205
shape,6_20,pointy,ViT Base,head_model,8,0.9616438356164384,0.3333333333333333,0.9424657534246574
shape,6_20,pointy,ViT Base,head_model,9,0.8986301369863013,0.3333333333333333,0.8479452054794518
shape,6_20,pointy,ViT Base,head_model,10,0.9027397260273973,0.3333333333333333,0.8541095890410959
shape,6_20,pointy,ViT Large,head_model,1,0.9164383561643835,0.3333333333333333,0.8746575342465751
shape,6_20,pointy,ViT Large,head_model,2,0.9123287671232877,0.3333333333333333,0.8684931506849314
shape,6_20,pointy,ViT Large,head_model,3,0.9260273972602739,0.3333333333333333,0.8890410958904109
shape,6_20,pointy,ViT Large,head_model,4,0.9246575342465754,0.3333333333333333,0.8869863013698629
shape,6_20,pointy,ViT Large,head_model,5,0.9273972602739726,0.3333333333333333,0.8910958904109589
shape,6_20,pointy,ViT Large,head_model,6,0.8616438356164383,0.3333333333333333,0.7924657534246573
shape,6_20,pointy,ViT Large,head_model,7,0.9232876712328767,0.3333333333333333,0.8849315068493149
shape,6_20,pointy,ViT Large,head_model,8,0.9438356164383561,0.3333333333333333,0.9157534246575342
shape,6_20,pointy,ViT Large,head_model,9,0.9410958904109589,0.3333333333333333,0.9116438356164381
shape,6_20,pointy,ViT Large,head_model,10,0.8246575342465754,0.3333333333333333,0.7369863013698631
shape,6_20,pointy,ViT Small,head_model,1,0.9178082191780822,0.3333333333333333,0.8767123287671231
shape,6_20,pointy,ViT Small,head_model,2,0.9410958904109589,0.3333333333333333,0.9116438356164381
shape,6_20,pointy,ViT Small,head_model,3,0.8780821917808219,0.3333333333333333,0.8171232876712329
shape,6_20,pointy,ViT Small,head_model,4,0.8904109589041096,0.3333333333333333,0.8356164383561644
shape,6_20,pointy,ViT Small,head_model,5,0.9356164383561644,0.3333333333333333,0.9034246575342464
shape,6_20,pointy,ViT Small,head_model,6,0.8054794520547945,0.3333333333333333,0.7082191780821918
shape,6_20,pointy,ViT Small,head_model,7,0.7246575342465753,0.3333333333333333,0.586986301369863
shape,6_20,pointy,ViT Small,head_model,8,0.9575342465753425,0.3333333333333333,0.9363013698630137
shape,6_20,pointy,ViT Small,head_model,9,0.8931506849315068,0.3333333333333333,0.8397260273972601
shape,6_20,pointy,ViT Small,head_model,10,0.915068493150685,0.3333333333333333,0.8726027397260274
shape,6_20,streaky,ConvNeXt Base,head_model,1,0.9068150208623088,0.3333333333333333,0.860222531293463
shape,6_20,streaky,ConvNeXt Base,head_model,2,0.9262865090403338,0.3333333333333333,0.8894297635605007
shape,6_20,streaky,ConvNeXt Base,head_model,3,0.8567454798331016,0.3333333333333333,0.7851182197496523
shape,6_20,streaky,ConvNeXt Base,head_model,4,0.913769123783032,0.3333333333333333,0.8706536856745478
shape,6_20,streaky,ConvNeXt Base,head_model,5,0.9276773296244785,0.3333333333333333,0.8915159944367177
shape,6_20,streaky,ConvNeXt Base,head_model,6,0.8636995827538247,0.3333333333333333,0.7955493741307371
shape,6_20,streaky,ConvNeXt Base,head_model,7,0.9179415855354659,0.3333333333333333,0.8769123783031987
shape,6_20,streaky,ConvNeXt Base,head_model,8,0.9095966620305981,0.3333333333333333,0.864394993045897
shape,6_20,streaky,ConvNeXt Base,head_model,9,0.9123783031988874,0.3333333333333333,0.8685674547983309
shape,6_20,streaky,ConvNeXt Base,head_model,10,0.8970792767732962,0.3333333333333333,0.8456189151599444
shape,6_20,streaky,ConvNeXt Large,head_model,1,0.9582753824756607,0.3333333333333333,0.937413073713491
shape,6_20,streaky,ConvNeXt Large,head_model,2,0.9638386648122392,0.3333333333333333,0.9457579972183588
shape,6_20,streaky,ConvNeXt Large,head_model,3,0.9207232267037552,0.3333333333333333,0.8810848400556326
shape,6_20,streaky,ConvNeXt Large,head_model,4,0.9415855354659249,0.3333333333333333,0.9123783031988872
shape,6_20,streaky,ConvNeXt Large,head_model,5,0.96105702364395,0.3333333333333333,0.9415855354659249
shape,6_20,streaky,ConvNeXt Large,head_model,6,0.9276773296244785,0.3333333333333333,0.8915159944367177
shape,6_20,streaky,ConvNeXt Large,head_model,7,0.9485396383866481,0.3333333333333333,0.922809457579972
shape,6_20,streaky,ConvNeXt Large,head_model,8,0.9554937413073713,0.3333333333333333,0.9332406119610568
shape,6_20,streaky,ConvNeXt Large,head_model,9,0.9568845618915159,0.3333333333333333,0.9353268428372737
shape,6_20,streaky,ConvNeXt Large,head_model,10,0.9318497913769124,0.3333333333333333,0.8977746870653686
shape,6_20,streaky,ConvNeXt Small,head_model,1,0.9388038942976356,0.3333333333333333,0.9082058414464533
shape,6_20,streaky,ConvNeXt Small,head_model,2,0.9513212795549374,0.3333333333333333,0.9269819193324059
shape,6_20,streaky,ConvNeXt Small,head_model,3,0.8553546592489569,0.3333333333333333,0.7830319888734354
shape,6_20,streaky,ConvNeXt Small,head_model,4,0.9262865090403338,0.3333333333333333,0.8894297635605007
shape,6_20,streaky,ConvNeXt Small,head_model,5,0.8929068150208623,0.3333333333333333,0.8393602225312935
shape,6_20,streaky,ConvNeXt Small,head_model,6,0.894297635605007,0.3333333333333333,0.8414464534075105
shape,6_20,streaky,ConvNeXt Small,head_model,7,0.9346314325452016,0.3333333333333333,0.9019471488178025
shape,6_20,streaky,ConvNeXt Small,head_model,8,0.8734353268428373,0.3333333333333333,0.8101529902642558
shape,6_20,streaky,ConvNeXt Small,head_model,9,0.9582753824756607,0.3333333333333333,0.937413073713491
shape,6_20,streaky,ConvNeXt Small,head_model,10,0.8873435326842837,0.3333333333333333,0.8310152990264253
shape,6_20,streaky,ConvNeXt Tiny,head_model,1,0.972183588317107,0.3333333333333333,0.9582753824756606
shape,6_20,streaky,ConvNeXt Tiny,head_model,2,0.96105702364395,0.3333333333333333,0.9415855354659249
shape,6_20,streaky,ConvNeXt Tiny,head_model,3,0.933240611961057,0.3333333333333333,0.8998609179415855
shape,6_20,streaky,ConvNeXt Tiny,head_model,4,0.9374130737134909,0.3333333333333333,0.9061196105702364
shape,6_20,streaky,ConvNeXt Tiny,head_model,5,0.9568845618915159,0.3333333333333333,0.9353268428372737
shape,6_20,streaky,ConvNeXt Tiny,head_model,6,0.9276773296244785,0.3333333333333333,0.8915159944367177
shape,6_20,streaky,ConvNeXt Tiny,head_model,7,0.9513212795549374,0.3333333333333333,0.9269819193324059
shape,6_20,streaky,ConvNeXt Tiny,head_model,8,0.9374130737134909,0.3333333333333333,0.9061196105702364
shape,6_20,streaky,ConvNeXt Tiny,head_model,9,0.9374130737134909,0.3333333333333333,0.9061196105702364
shape,6_20,streaky,ConvNeXt Tiny,head_model,10,0.9401947148817803,0.3333333333333333,0.9102920723226703
shape,6_20,streaky,DINOv3 ViT Base,head_model,1,0.8831710709318498,0.3333333333333333,0.8247566063977745
shape,6_20,streaky,DINOv3 ViT Base,head_model,2,0.9694019471488178,0.3333333333333333,0.9541029207232267
shape,6_20,streaky,DINOv3 ViT Base,head_model,3,0.9707927677329624,0.3333333333333333,0.9561891515994436
shape,6_20,streaky,DINOv3 ViT Base,head_model,4,0.9666203059805285,0.3333333333333333,0.9499304589707928
shape,6_20,streaky,DINOv3 ViT Base,head_model,5,0.7955493741307371,0.3333333333333333,0.6933240611961057
shape,6_20,streaky,DINOv3 ViT Base,head_model,6,0.9707927677329624,0.3333333333333333,0.9561891515994436
shape,6_20,streaky,DINOv3 ViT Base,head_model,7,0.9666203059805285,0.3333333333333333,0.9499304589707928
shape,6_20,streaky,DINOv3 ViT Base,head_model,8,0.9582753824756607,0.3333333333333333,0.937413073713491
shape,6_20,streaky,DINOv3 ViT Base,head_model,9,0.9666203059805285,0.3333333333333333,0.9499304589707928
shape,6_20,streaky,DINOv3 ViT Base,head_model,10,0.952712100139082,0.3333333333333333,0.9290681502086229
shape,6_20,streaky,ResNet18,head_model,1,0.8358831710709318,0.3333333333333333,0.7538247566063977
shape,6_20,streaky,ResNet18,head_model,2,0.8372739916550765,0.3333333333333333,0.7559109874826146
shape,6_20,streaky,ResNet18,head_model,3,0.847009735744089,0.3333333333333333,0.7705146036161333
shape,6_20,streaky,ResNet18,head_model,4,0.8428372739916551,0.3333333333333333,0.7642559109874825
shape,6_20,streaky,ResNet18,head_model,5,0.8414464534075105,0.3333333333333333,0.7621696801112655
shape,6_20,streaky,ResNet18,head_model,6,0.8428372739916551,0.3333333333333333,0.7642559109874825
shape,6_20,streaky,ResNet18,head_model,7,0.8414464534075105,0.3333333333333333,0.7621696801112655
shape,6_20,streaky,ResNet18,head_model,8,0.8261474269819193,0.3333333333333333,0.739221140472879
shape,6_20,streaky,ResNet18,head_model,9,0.8386648122392212,0.3333333333333333,0.7579972183588316
shape,6_20,streaky,ResNet18,head_model,10,0.8303198887343533,0.3333333333333333,0.7454798331015299
shape,6_20,streaky,ResNet50,head_model,1,0.7719054242002782,0.3333333333333333,0.6578581363004172
shape,6_20,streaky,ResNet50,head_model,2,0.7649513212795549,0.3333333333333333,0.6474269819193323
shape,6_20,streaky,ResNet50,head_model,3,0.7858136300417247,0.3333333333333333,0.678720445062587
shape,6_20,streaky,ResNet50,head_model,4,0.7649513212795549,0.3333333333333333,0.6474269819193323
shape,6_20,streaky,ResNet50,head_model,5,0.7691237830319889,0.3333333333333333,0.6536856745479833
shape,6_20,streaky,ResNet50,head_model,6,0.7649513212795549,0.3333333333333333,0.6474269819193323
shape,6_20,streaky,ResNet50,head_model,7,0.7691237830319889,0.3333333333333333,0.6536856745479833
shape,6_20,streaky,ResNet50,head_model,8,0.7732962447844228,0.3333333333333333,0.6599443671766342
shape,6_20,streaky,ResNet50,head_model,9,0.7788595271210014,0.3333333333333333,0.668289290681502
shape,6_20,streaky,ResNet50,head_model,10,0.7816411682892906,0.3333333333333333,0.6724617524339359
shape,6_20,streaky,VGG11,head_model,1,0.8386648122392212,0.3333333333333333,0.7579972183588316
shape,6_20,streaky,VGG11,head_model,2,0.8511821974965229,0.3333333333333333,0.7767732962447842
shape,6_20,streaky,VGG11,head_model,3,0.8344923504867872,0.3333333333333333,0.7517385257301807
shape,6_20,streaky,VGG11,head_model,4,0.8428372739916551,0.3333333333333333,0.7642559109874825
shape,6_20,streaky,VGG11,head_model,5,0.8386648122392212,0.3333333333333333,0.7579972183588316
shape,6_20,streaky,VGG11,head_model,6,0.827538247566064,0.3333333333333333,0.741307371349096
shape,6_20,streaky,VGG11,head_model,7,0.8484005563282336,0.3333333333333333,0.7726008344923503
shape,6_20,streaky,VGG11,head_model,8,0.8553546592489569,0.3333333333333333,0.7830319888734354
shape,6_20,streaky,VGG11,head_model,9,0.8136300417246175,0.3333333333333333,0.7204450625869262
shape,6_20,streaky,VGG11,head_model,10,0.8539638386648123,0.3333333333333333,0.7809457579972184
shape,6_20,streaky,VGG13,head_model,1,0.8831710709318498,0.3333333333333333,0.8247566063977745
shape,6_20,streaky,VGG13,head_model,2,0.8845618915159944,0.3333333333333333,0.8268428372739914
shape,6_20,streaky,VGG13,head_model,3,0.8929068150208623,0.3333333333333333,0.8393602225312935
shape,6_20,streaky,VGG13,head_model,4,0.8511821974965229,0.3333333333333333,0.7767732962447842
shape,6_20,streaky,VGG13,head_model,5,0.8845618915159944,0.3333333333333333,0.8268428372739914
shape,6_20,streaky,VGG13,head_model,6,0.8372739916550765,0.3333333333333333,0.7559109874826146
shape,6_20,streaky,VGG13,head_model,7,0.8915159944367177,0.3333333333333333,0.8372739916550765
shape,6_20,streaky,VGG13,head_model,8,0.9054242002781642,0.3333333333333333,0.8581363004172461
shape,6_20,streaky,VGG13,head_model,9,0.874826147426982,0.3333333333333333,0.8122392211404728
shape,6_20,streaky,VGG13,head_model,10,0.8970792767732962,0.3333333333333333,0.8456189151599444
shape,6_20,streaky,VGG16,head_model,1,0.8317107093184979,0.3333333333333333,0.7475660639777468
shape,6_20,streaky,VGG16,head_model,2,0.7691237830319889,0.3333333333333333,0.6536856745479833
shape,6_20,streaky,VGG16,head_model,3,0.8386648122392212,0.3333333333333333,0.7579972183588316
shape,6_20,streaky,VGG16,head_model,4,0.8289290681502086,0.3333333333333333,0.7433936022253129
shape,6_20,streaky,VGG16,head_model,5,0.8219749652294854,0.3333333333333333,0.7329624478442281
shape,6_20,streaky,VGG16,head_model,6,0.8150208623087621,0.3333333333333333,0.7225312934631432
shape,6_20,streaky,VGG16,head_model,7,0.8233657858136301,0.3333333333333333,0.7350486787204451
shape,6_20,streaky,VGG16,head_model,8,0.780250347705146,0.3333333333333333,0.670375521557719
shape,6_20,streaky,VGG16,head_model,9,0.8150208623087621,0.3333333333333333,0.7225312934631432
shape,6_20,streaky,VGG16,head_model,10,0.827538247566064,0.3333333333333333,0.741307371349096
shape,6_20,streaky,VGG19,head_model,1,0.9207232267037552,0.3333333333333333,0.8810848400556326
shape,6_20,streaky,VGG19,head_model,2,0.8929068150208623,0.3333333333333333,0.8393602225312935
shape,6_20,streaky,VGG19,head_model,3,0.9095966620305981,0.3333333333333333,0.864394993045897
shape,6_20,streaky,VGG19,head_model,4,0.9109874826147427,0.3333333333333333,0.8664812239221139
shape,6_20,streaky,VGG19,head_model,5,0.913769123783032,0.3333333333333333,0.8706536856745478
shape,6_20,streaky,VGG19,head_model,6,0.9207232267037552,0.3333333333333333,0.8810848400556326
shape,6_20,streaky,VGG19,head_model,7,0.9040333796940194,0.3333333333333333,0.8560500695410291
shape,6_20,streaky,VGG19,head_model,8,0.9026425591098748,0.3333333333333333,0.8539638386648122
shape,6_20,streaky,VGG19,head_model,9,0.9193324061196105,0.3333333333333333,0.8789986091794156
shape,6_20,streaky,VGG19,head_model,10,0.9109874826147427,0.3333333333333333,0.8664812239221139
shape,6_20,streaky,ViT Base,head_model,1,0.8678720445062587,0.3333333333333333,0.801808066759388
shape,6_20,streaky,ViT Base,head_model,2,0.9360222531293463,0.3333333333333333,0.9040333796940194
shape,6_20,streaky,ViT Base,head_model,3,0.972183588317107,0.3333333333333333,0.9582753824756606
shape,6_20,streaky,ViT Base,head_model,4,0.9847009735744089,0.3333333333333333,0.9770514603616132
shape,6_20,streaky,ViT Base,head_model,5,0.9429763560500696,0.3333333333333333,0.9144645340751042
shape,6_20,streaky,ViT Base,head_model,6,0.9541029207232267,0.3333333333333333,0.9311543810848398
shape,6_20,streaky,ViT Base,head_model,7,0.9179415855354659,0.3333333333333333,0.8769123783031987
shape,6_20,streaky,ViT Base,head_model,8,0.9513212795549374,0.3333333333333333,0.9269819193324059
shape,6_20,streaky,ViT Base,head_model,9,0.9819193324061196,0.3333333333333333,0.9728789986091793
shape,6_20,streaky,ViT Base,head_model,10,0.9443671766342142,0.3333333333333333,0.9165507649513212
shape,6_20,streaky,ViT Large,head_model,1,0.8817802503477051,0.3333333333333333,0.8226703755215575
shape,6_20,streaky,ViT Large,head_model,2,0.9596662030598053,0.3333333333333333,0.939499304589708
shape,6_20,streaky,ViT Large,head_model,3,0.9123783031988874,0.3333333333333333,0.8685674547983309
shape,6_20,streaky,ViT Large,head_model,4,0.9624478442280946,0.3333333333333333,0.9436717663421419
shape,6_20,streaky,ViT Large,head_model,5,0.9680111265646731,0.3333333333333333,0.9520166898470097
shape,6_20,streaky,ViT Large,head_model,6,0.9666203059805285,0.3333333333333333,0.9499304589707928
shape,6_20,streaky,ViT Large,head_model,7,0.9290681502086231,0.3333333333333333,0.8936022253129347
shape,6_20,streaky,ViT Large,head_model,8,0.9109874826147427,0.3333333333333333,0.8664812239221139
shape,6_20,streaky,ViT Large,head_model,9,0.96105702364395,0.3333333333333333,0.9415855354659249
shape,6_20,streaky,ViT Large,head_model,10,0.8317107093184979,0.3333333333333333,0.7475660639777468
shape,6_20,streaky,ViT Small,head_model,1,0.972183588317107,0.3333333333333333,0.9582753824756606
shape,6_20,streaky,ViT Small,head_model,2,0.7315716272600834,0.3333333333333333,0.5973574408901251
shape,6_20,streaky,ViT Small,head_model,3,0.9485396383866481,0.3333333333333333,0.922809457579972
shape,6_20,streaky,ViT Small,head_model,4,0.9860917941585535,0.3333333333333333,0.9791376912378301
shape,6_20,streaky,ViT Small,head_model,5,0.9415855354659249,0.3333333333333333,0.9123783031988872
shape,6_20,streaky,ViT Small,head_model,6,0.9735744089012517,0.3333333333333333,0.9603616133518775
shape,6_20,streaky,ViT Small,head_model,7,0.9054242002781642,0.3333333333333333,0.8581363004172461
shape,6_20,streaky,ViT Small,head_model,8,0.972183588317107,0.3333333333333333,0.9582753824756606
shape,6_20,streaky,ViT Small,head_model,9,0.9680111265646731,0.3333333333333333,0.9520166898470097
shape,6_20,streaky,ViT Small,head_model,10,0.9318497913769124,0.3333333333333333,0.8977746870653686
shape,9_10,pointy,ConvNeXt Base,head_model,1,0.9191780821917809,0.3333333333333333,0.8787671232876711
shape,9_10,pointy,ConvNeXt Base,head_model,2,0.9013698630136986,0.3333333333333333,0.8520547945205479
shape,9_10,pointy,ConvNeXt Base,head_model,3,0.8863013698630137,0.3333333333333333,0.8294520547945203
shape,9_10,pointy,ConvNeXt Base,head_model,4,0.9041095890410958,0.3333333333333333,0.8561643835616436
shape,9_10,pointy,ConvNeXt Base,head_model,5,0.8904109589041096,0.3333333333333333,0.8356164383561644
shape,9_10,pointy,ConvNeXt Base,head_model,6,0.9068493150684932,0.3333333333333333,0.8602739726027396
shape,9_10,pointy,ConvNeXt Base,head_model,7,0.9123287671232877,0.3333333333333333,0.8684931506849314
shape,9_10,pointy,ConvNeXt Base,head_model,8,0.8986301369863013,0.3333333333333333,0.8479452054794518
shape,9_10,pointy,ConvNeXt Base,head_model,9,0.9027397260273973,0.3333333333333333,0.8541095890410959
shape,9_10,pointy,ConvNeXt Base,head_model,10,0.9178082191780822,0.3333333333333333,0.8767123287671231
shape,9_10,pointy,ConvNeXt Large,head_model,1,0.9191780821917809,0.3333333333333333,0.8787671232876711
shape,9_10,pointy,ConvNeXt Large,head_model,2,0.9438356164383561,0.3333333333333333,0.9157534246575342
shape,9_10,pointy,ConvNeXt Large,head_model,3,0.9397260273972603,0.3333333333333333,0.9095890410958904
shape,9_10,pointy,ConvNeXt Large,head_model,4,0.9424657534246575,0.3333333333333333,0.9136986301369862
shape,9_10,pointy,ConvNeXt Large,head_model,5,0.9328767123287671,0.3333333333333333,0.8993150684931507
shape,9_10,pointy,ConvNeXt Large,head_model,6,0.9534246575342465,0.3333333333333333,0.9301369863013697
shape,9_10,pointy,ConvNeXt Large,head_model,7,0.9493150684931507,0.3333333333333333,0.9239726027397259
shape,9_10,pointy,ConvNeXt Large,head_model,8,0.936986301369863,0.3333333333333333,0.9054794520547944
shape,9_10,pointy,ConvNeXt Large,head_model,9,0.936986301369863,0.3333333333333333,0.9054794520547944
shape,9_10,pointy,ConvNeXt Large,head_model,10,0.9410958904109589,0.3333333333333333,0.9116438356164381
shape,9_10,pointy,ConvNeXt Small,head_model,1,0.8972602739726028,0.3333333333333333,0.8458904109589042
shape,9_10,pointy,ConvNeXt Small,head_model,2,0.8917808219178082,0.3333333333333333,0.8376712328767121
shape,9_10,pointy,ConvNeXt Small,head_model,3,0.8863013698630137,0.3333333333333333,0.8294520547945203
shape,9_10,pointy,ConvNeXt Small,head_model,4,0.8945205479452055,0.3333333333333333,0.8417808219178081
shape,9_10,pointy,ConvNeXt Small,head_model,5,0.8931506849315068,0.3333333333333333,0.8397260273972601
shape,9_10,pointy,ConvNeXt Small,head_model,6,0.9027397260273973,0.3333333333333333,0.8541095890410959
shape,9_10,pointy,ConvNeXt Small,head_model,7,0.9054794520547945,0.3333333333333333,0.8582191780821916
shape,9_10,pointy,ConvNeXt Small,head_model,8,0.8849315068493151,0.3333333333333333,0.8273972602739726
shape,9_10,pointy,ConvNeXt Small,head_model,9,0.8726027397260274,0.3333333333333333,0.8089041095890411
shape,9_10,pointy,ConvNeXt Small,head_model,10,0.8958904109589041,0.3333333333333333,0.8438356164383561
shape,9_10,pointy,ConvNeXt Tiny,head_model,1,0.8780821917808219,0.3333333333333333,0.8171232876712329
shape,9_10,pointy,ConvNeXt Tiny,head_model,2,0.826027397260274,0.3333333333333333,0.7390410958904109
shape,9_10,pointy,ConvNeXt Tiny,head_model,3,0.8452054794520548,0.3333333333333333,0.7678082191780821
shape,9_10,pointy,ConvNeXt Tiny,head_model,4,0.8931506849315068,0.3333333333333333,0.8397260273972601
shape,9_10,pointy,ConvNeXt Tiny,head_model,5,0.9027397260273973,0.3333333333333333,0.8541095890410959
shape,9_10,pointy,ConvNeXt Tiny,head_model,6,0.8657534246575342,0.3333333333333333,0.7986301369863014
shape,9_10,pointy,ConvNeXt Tiny,head_model,7,0.8602739726027397,0.3333333333333333,0.7904109589041096
shape,9_10,pointy,ConvNeXt Tiny,head_model,8,0.8356164383561644,0.3333333333333333,0.7534246575342466
shape,9_10,pointy,ConvNeXt Tiny,head_model,9,0.8726027397260274,0.3333333333333333,0.8089041095890411
shape,9_10,pointy,ConvNeXt Tiny,head_model,10,0.8876712328767123,0.3333333333333333,0.8315068493150684
shape,9_10,pointy,DINOv3 ViT Base,head_model,1,0.7684931506849315,0.3333333333333333,0.6527397260273973
shape,9_10,pointy,DINOv3 ViT Base,head_model,2,0.8863013698630137,0.3333333333333333,0.8294520547945203
shape,9_10,pointy,DINOv3 ViT Base,head_model,3,0.9315068493150684,0.3333333333333333,0.8972602739726027
shape,9_10,pointy,DINOv3 ViT Base,head_model,4,0.9191780821917809,0.3333333333333333,0.8787671232876711
shape,9_10,pointy,DINOv3 ViT Base,head_model,5,0.9164383561643835,0.3333333333333333,0.8746575342465751
shape,9_10,pointy,DINOv3 ViT Base,head_model,6,0.763013698630137,0.3333333333333333,0.6445205479452055
shape,9_10,pointy,DINOv3 ViT Base,head_model,7,0.915068493150685,0.3333333333333333,0.8726027397260274
shape,9_10,pointy,DINOv3 ViT Base,head_model,8,0.8602739726027397,0.3333333333333333,0.7904109589041096
shape,9_10,pointy,DINOv3 ViT Base,head_model,9,0.9273972602739726,0.3333333333333333,0.8910958904109589
shape,9_10,pointy,DINOv3 ViT Base,head_model,10,0.8342465753424657,0.3333333333333333,0.7513698630136986
shape,9_10,pointy,ResNet18,head_model,1,0.7424657534246575,0.3333333333333333,0.6136986301369862
shape,9_10,pointy,ResNet18,head_model,2,0.7452054794520548,0.3333333333333333,0.6178082191780823
shape,9_10,pointy,ResNet18,head_model,3,0.7493150684931507,0.3333333333333333,0.623972602739726
shape,9_10,pointy,ResNet18,head_model,4,0.7561643835616438,0.3333333333333333,0.6342465753424658
shape,9_10,pointy,ResNet18,head_model,5,0.7547945205479452,0.3333333333333333,0.6321917808219177
shape,9_10,pointy,ResNet18,head_model,6,0.7452054794520548,0.3333333333333333,0.6178082191780823
shape,9_10,pointy,ResNet18,head_model,7,0.7479452054794521,0.3333333333333333,0.6219178082191781
shape,9_10,pointy,ResNet18,head_model,8,0.7452054794520548,0.3333333333333333,0.6178082191780823
shape,9_10,pointy,ResNet18,head_model,9,0.7465753424657534,0.3333333333333333,0.6198630136986301
shape,9_10,pointy,ResNet18,head_model,10,0.7547945205479452,0.3333333333333333,0.6321917808219177
shape,9_10,pointy,ResNet50,head_model,1,0.7945205479452054,0.3333333333333333,0.6917808219178081
shape,9_10,pointy,ResNet50,head_model,2,0.7863013698630137,0.3333333333333333,0.6794520547945205
shape,9_10,pointy,ResNet50,head_model,3,0.7821917808219178,0.3333333333333333,0.6732876712328766
shape,9_10,pointy,ResNet50,head_model,4,0.7890410958904109,0.3333333333333333,0.6835616438356164
shape,9_10,pointy,ResNet50,head_model,5,0.7945205479452054,0.3333333333333333,0.6917808219178081
shape,9_10,pointy,ResNet50,head_model,6,0.7835616438356164,0.3333333333333333,0.6753424657534246
shape,9_10,pointy,ResNet50,head_model,7,0.8013698630136986,0.3333333333333333,0.7020547945205479
shape,9_10,pointy,ResNet50,head_model,8,0.7794520547945205,0.3333333333333333,0.6691780821917808
shape,9_10,pointy,ResNet50,head_model,9,0.7876712328767124,0.3333333333333333,0.6815068493150686
shape,9_10,pointy,ResNet50,head_model,10,0.7835616438356164,0.3333333333333333,0.6753424657534246
shape,9_10,pointy,VGG11,head_model,1,0.8232876712328767,0.3333333333333333,0.7349315068493151
shape,9_10,pointy,VGG11,head_model,2,0.7808219178082192,0.3333333333333333,0.6712328767123288
shape,9_10,pointy,VGG11,head_model,3,0.815068493150685,0.3333333333333333,0.7226027397260274
shape,9_10,pointy,VGG11,head_model,4,0.8054794520547945,0.3333333333333333,0.7082191780821918
shape,9_10,pointy,VGG11,head_model,5,0.8205479452054795,0.3333333333333333,0.7308219178082191
shape,9_10,pointy,VGG11,head_model,6,0.8136986301369863,0.3333333333333333,0.7205479452054794
shape,9_10,pointy,VGG11,head_model,7,0.7945205479452054,0.3333333333333333,0.6917808219178081
shape,9_10,pointy,VGG11,head_model,8,0.7876712328767124,0.3333333333333333,0.6815068493150686
shape,9_10,pointy,VGG11,head_model,9,0.7863013698630137,0.3333333333333333,0.6794520547945205
shape,9_10,pointy,VGG11,head_model,10,0.8095890410958904,0.3333333333333333,0.7143835616438355
shape,9_10,pointy,VGG13,head_model,1,0.8328767123287671,0.3333333333333333,0.7493150684931507
shape,9_10,pointy,VGG13,head_model,2,0.815068493150685,0.3333333333333333,0.7226027397260274
shape,9_10,pointy,VGG13,head_model,3,0.8054794520547945,0.3333333333333333,0.7082191780821918
shape,9_10,pointy,VGG13,head_model,4,0.8082191780821918,0.3333333333333333,0.7123287671232876
shape,9_10,pointy,VGG13,head_model,5,0.8397260273972603,0.3333333333333333,0.7595890410958903
shape,9_10,pointy,VGG13,head_model,6,0.8383561643835616,0.3333333333333333,0.7575342465753423
shape,9_10,pointy,VGG13,head_model,7,0.8315068493150685,0.3333333333333333,0.7472602739726026
shape,9_10,pointy,VGG13,head_model,8,0.7972602739726027,0.3333333333333333,0.695890410958904
shape,9_10,pointy,VGG13,head_model,9,0.7643835616438356,0.3333333333333333,0.6465753424657533
shape,9_10,pointy,VGG13,head_model,10,0.8123287671232877,0.3333333333333333,0.7184931506849316
shape,9_10,pointy,VGG16,head_model,1,0.7958904109589041,0.3333333333333333,0.6938356164383561
shape,9_10,pointy,VGG16,head_model,2,0.7712328767123288,0.3333333333333333,0.6568493150684931
shape,9_10,pointy,VGG16,head_model,3,0.8041095890410959,0.3333333333333333,0.7061643835616438
shape,9_10,pointy,VGG16,head_model,4,0.7808219178082192,0.3333333333333333,0.6712328767123288
shape,9_10,pointy,VGG16,head_model,5,0.7986301369863014,0.3333333333333333,0.697945205479452
shape,9_10,pointy,VGG16,head_model,6,0.7931506849315069,0.3333333333333333,0.6897260273972603
shape,9_10,pointy,VGG16,head_model,7,0.7972602739726027,0.3333333333333333,0.695890410958904
shape,9_10,pointy,VGG16,head_model,8,0.7863013698630137,0.3333333333333333,0.6794520547945205
shape,9_10,pointy,VGG16,head_model,9,0.773972602739726,0.3333333333333333,0.660958904109589
shape,9_10,pointy,VGG16,head_model,10,0.7863013698630137,0.3333333333333333,0.6794520547945205
shape,9_10,pointy,VGG19,head_model,1,0.7534246575342466,0.3333333333333333,0.6301369863013698
shape,9_10,pointy,VGG19,head_model,2,0.7493150684931507,0.3333333333333333,0.623972602739726
shape,9_10,pointy,VGG19,head_model,3,0.7575342465753425,0.3333333333333333,0.6363013698630138
shape,9_10,pointy,VGG19,head_model,4,0.7041095890410959,0.3333333333333333,0.5561643835616438
shape,9_10,pointy,VGG19,head_model,5,0.7356164383561644,0.3333333333333333,0.6034246575342466
shape,9_10,pointy,VGG19,head_model,6,0.7643835616438356,0.3333333333333333,0.6465753424657533
shape,9_10,pointy,VGG19,head_model,7,0.7753424657534247,0.3333333333333333,0.663013698630137
shape,9_10,pointy,VGG19,head_model,8,0.7315068493150685,0.3333333333333333,0.5972602739726027
shape,9_10,pointy,VGG19,head_model,9,0.7383561643835617,0.3333333333333333,0.6075342465753425
shape,9_10,pointy,VGG19,head_model,10,0.7438356164383562,0.3333333333333333,0.6157534246575342
shape,9_10,pointy,ViT Base,head_model,1,0.910958904109589,0.3333333333333333,0.8664383561643834
shape,9_10,pointy,ViT Base,head_model,2,0.9095890410958904,0.3333333333333333,0.8643835616438357
shape,9_10,pointy,ViT Base,head_model,3,0.9041095890410958,0.3333333333333333,0.8561643835616436
shape,9_10,pointy,ViT Base,head_model,4,0.8780821917808219,0.3333333333333333,0.8171232876712329
shape,9_10,pointy,ViT Base,head_model,5,0.6657534246575343,0.3333333333333333,0.49863013698630143
shape,9_10,pointy,ViT Base,head_model,6,0.8547945205479452,0.3333333333333333,0.7821917808219179
shape,9_10,pointy,ViT Base,head_model,7,0.8684931506849315,0.3333333333333333,0.8027397260273971
shape,9_10,pointy,ViT Base,head_model,8,0.852054794520548,0.3333333333333333,0.7780821917808218
shape,9_10,pointy,ViT Base,head_model,9,0.9041095890410958,0.3333333333333333,0.8561643835616436
shape,9_10,pointy,ViT Base,head_model,10,0.8027397260273973,0.3333333333333333,0.7041095890410959
shape,9_10,pointy,ViT Large,head_model,1,0.8602739726027397,0.3333333333333333,0.7904109589041096
shape,9_10,pointy,ViT Large,head_model,2,0.8986301369863013,0.3333333333333333,0.8479452054794518
shape,9_10,pointy,ViT Large,head_model,3,0.7958904109589041,0.3333333333333333,0.6938356164383561
shape,9_10,pointy,ViT Large,head_model,4,0.8904109589041096,0.3333333333333333,0.8356164383561644
shape,9_10,pointy,ViT Large,head_model,5,0.7876712328767124,0.3333333333333333,0.6815068493150686
shape,9_10,pointy,ViT Large,head_model,6,0.8945205479452055,0.3333333333333333,0.8417808219178081
shape,9_10,pointy,ViT Large,head_model,7,0.8616438356164383,0.3333333333333333,0.7924657534246573
shape,9_10,pointy,ViT Large,head_model,8,0.8726027397260274,0.3333333333333333,0.8089041095890411
shape,9_10,pointy,ViT Large,head_model,9,0.9191780821917809,0.3333333333333333,0.8787671232876711
shape,9_10,pointy,ViT Large,head_model,10,0.8657534246575342,0.3333333333333333,0.7986301369863014
shape,9_10,pointy,ViT Small,head_model,1,0.6958904109589041,0.3333333333333333,0.5438356164383562
shape,9_10,pointy,ViT Small,head_model,2,0.915068493150685,0.3333333333333333,0.8726027397260274
shape,9_10,pointy,ViT Small,head_model,3,0.8712328767123287,0.3333333333333333,0.8068493150684931
shape,9_10,pointy,ViT Small,head_model,4,0.8616438356164383,0.3333333333333333,0.7924657534246573
shape,9_10,pointy,ViT Small,head_model,5,0.863013698630137,0.3333333333333333,0.7945205479452053
shape,9_10,pointy,ViT Small,head_model,6,0.9,0.3333333333333333,0.8499999999999999
shape,9_10,pointy,ViT Small,head_model,7,0.9178082191780822,0.3333333333333333,0.8767123287671231
shape,9_10,pointy,ViT Small,head_model,8,0.8643835616438356,0.3333333333333333,0.7965753424657533
shape,9_10,pointy,ViT Small,head_model,9,0.8917808219178082,0.3333333333333333,0.8376712328767121
shape,9_10,pointy,ViT Small,head_model,10,0.7794520547945205,0.3333333333333333,0.6691780821917808
shape,9_10,streaky,ConvNeXt Base,head_model,1,0.797799174690509,0.3333333333333333,0.6966987620357634
shape,9_10,streaky,ConvNeXt Base,head_model,2,0.7854195323246217,0.3333333333333333,0.6781292984869325
shape,9_10,streaky,ConvNeXt Base,head_model,3,0.7936726272352133,0.3333333333333333,0.6905089408528199
shape,9_10,streaky,ConvNeXt Base,head_model,4,0.8184319119669876,0.3333333333333333,0.7276478679504814
shape,9_10,streaky,ConvNeXt Base,head_model,5,0.8088033012379643,0.3333333333333333,0.7132049518569464
shape,9_10,streaky,ConvNeXt Base,head_model,6,0.8046767537826685,0.3333333333333333,0.7070151306740027
shape,9_10,streaky,ConvNeXt Base,head_model,7,0.811554332874828,0.3333333333333333,0.717331499312242
shape,9_10,streaky,ConvNeXt Base,head_model,8,0.8170563961485557,0.3333333333333333,0.7255845942228336
shape,9_10,streaky,ConvNeXt Base,head_model,9,0.781292984869326,0.3333333333333333,0.671939477303989
shape,9_10,streaky,ConvNeXt Base,head_model,10,0.7991746905089409,0.3333333333333333,0.6987620357634112
shape,9_10,streaky,ConvNeXt Large,head_model,1,0.859697386519945,0.3333333333333333,0.7895460797799173
shape,9_10,streaky,ConvNeXt Large,head_model,2,0.8294360385144429,0.3333333333333333,0.7441540577716643
shape,9_10,streaky,ConvNeXt Large,head_model,3,0.8376891334250344,0.3333333333333333,0.7565337001375514
shape,9_10,streaky,ConvNeXt Large,head_model,4,0.8541953232462174,0.3333333333333333,0.7812929848693261
shape,9_10,streaky,ConvNeXt Large,head_model,5,0.8583218707015131,0.3333333333333333,0.7874828060522695
shape,9_10,streaky,ConvNeXt Large,head_model,6,0.8583218707015131,0.3333333333333333,0.7874828060522695
shape,9_10,streaky,ConvNeXt Large,head_model,7,0.8528198074277854,0.3333333333333333,0.7792297111416779
shape,9_10,streaky,ConvNeXt Large,head_model,8,0.8665749656121046,0.3333333333333333,0.7998624484181567
shape,9_10,streaky,ConvNeXt Large,head_model,9,0.811554332874828,0.3333333333333333,0.717331499312242
shape,9_10,streaky,ConvNeXt Large,head_model,10,0.8514442916093535,0.3333333333333333,0.7771664374140301
shape,9_10,streaky,ConvNeXt Small,head_model,1,0.8170563961485557,0.3333333333333333,0.7255845942228336
shape,9_10,streaky,ConvNeXt Small,head_model,2,0.8088033012379643,0.3333333333333333,0.7132049518569464
shape,9_10,streaky,ConvNeXt Small,head_model,3,0.8308115543328748,0.3333333333333333,0.7462173314993121
shape,9_10,streaky,ConvNeXt Small,head_model,4,0.8390646492434664,0.3333333333333333,0.7585969738651995
shape,9_10,streaky,ConvNeXt Small,head_model,5,0.782668500687758,0.3333333333333333,0.6740027510316369
shape,9_10,streaky,ConvNeXt Small,head_model,6,0.8184319119669876,0.3333333333333333,0.7276478679504814
shape,9_10,streaky,ConvNeXt Small,head_model,7,0.8211829436038515,0.3333333333333333,0.7317744154057771
shape,9_10,streaky,ConvNeXt Small,head_model,8,0.8184319119669876,0.3333333333333333,0.7276478679504814
shape,9_10,streaky,ConvNeXt Small,head_model,9,0.8019257221458047,0.3333333333333333,0.7028885832187071
shape,9_10,streaky,ConvNeXt Small,head_model,10,0.8376891334250344,0.3333333333333333,0.7565337001375514
shape,9_10,streaky,ConvNeXt Tiny,head_model,1,0.8074277854195323,0.3333333333333333,0.7111416781292984
shape,9_10,streaky,ConvNeXt Tiny,head_model,2,0.7909215955983494,0.3333333333333333,0.686382393397524
shape,9_10,streaky,ConvNeXt Tiny,head_model,3,0.8225584594222833,0.3333333333333333,0.733837689133425
shape,9_10,streaky,ConvNeXt Tiny,head_model,4,0.8486932599724897,0.3333333333333333,0.7730398899587345
shape,9_10,streaky,ConvNeXt Tiny,head_model,5,0.8156808803301238,0.3333333333333333,0.7235213204951856
shape,9_10,streaky,ConvNeXt Tiny,head_model,6,0.8033012379642366,0.3333333333333333,0.7049518569463549
shape,9_10,streaky,ConvNeXt Tiny,head_model,7,0.8156808803301238,0.3333333333333333,0.7235213204951856
shape,9_10,streaky,ConvNeXt Tiny,head_model,8,0.811554332874828,0.3333333333333333,0.717331499312242
shape,9_10,streaky,ConvNeXt Tiny,head_model,9,0.7799174690508941,0.3333333333333333,0.6698762035763411
shape,9_10,streaky,ConvNeXt Tiny,head_model,10,0.8431911966987621,0.3333333333333333,0.764786795048143
shape,9_10,streaky,DINOv3 ViT Base,head_model,1,0.8954607977991746,0.3333333333333333,0.843191196698762
shape,9_10,streaky,DINOv3 ViT Base,head_model,2,0.9243466299862448,0.3333333333333333,0.8865199449793673
shape,9_10,streaky,DINOv3 ViT Base,head_model,3,0.8789546079779917,0.3333333333333333,0.8184319119669876
shape,9_10,streaky,DINOv3 ViT Base,head_model,4,0.8789546079779917,0.3333333333333333,0.8184319119669876
shape,9_10,streaky,DINOv3 ViT Base,head_model,5,0.8404401650618982,0.3333333333333333,0.7606602475928473
shape,9_10,streaky,DINOv3 ViT Base,head_model,6,0.8528198074277854,0.3333333333333333,0.7792297111416779
shape,9_10,streaky,DINOv3 ViT Base,head_model,7,0.8583218707015131,0.3333333333333333,0.7874828060522695
shape,9_10,streaky,DINOv3 ViT Base,head_model,8,0.8982118294360385,0.3333333333333333,0.8473177441540576
shape,9_10,streaky,DINOv3 ViT Base,head_model,9,0.9339752407152683,0.3333333333333333,0.9009628610729022
shape,9_10,streaky,DINOv3 ViT Base,head_model,10,0.8927097661623109,0.3333333333333333,0.8390646492434664
shape,9_10,streaky,ResNet18,head_model,1,0.6918844566712518,0.3333333333333333,0.5378266850068776
shape,9_10,streaky,ResNet18,head_model,2,0.6918844566712518,0.3333333333333333,0.5378266850068776
shape,9_10,streaky,ResNet18,head_model,3,0.6891334250343879,0.3333333333333333,0.5337001375515819
shape,9_10,streaky,ResNet18,head_model,4,0.687757909215956,0.3333333333333333,0.531636863823934
shape,9_10,streaky,ResNet18,head_model,5,0.6946354883081155,0.3333333333333333,0.5419532324621732
shape,9_10,streaky,ResNet18,head_model,6,0.6905089408528198,0.3333333333333333,0.5357634112792297
shape,9_10,streaky,ResNet18,head_model,7,0.687757909215956,0.3333333333333333,0.531636863823934
shape,9_10,streaky,ResNet18,head_model,8,0.6946354883081155,0.3333333333333333,0.5419532324621732
shape,9_10,streaky,ResNet18,head_model,9,0.6973865199449794,0.3333333333333333,0.546079779917469
shape,9_10,streaky,ResNet18,head_model,10,0.7015130674002751,0.3333333333333333,0.5522696011004126
shape,9_10,streaky,ResNet50,head_model,1,0.6767537826685007,0.3333333333333333,0.515130674002751
shape,9_10,streaky,ResNet50,head_model,2,0.6836313617606602,0.3333333333333333,0.5254470426409903
shape,9_10,streaky,ResNet50,head_model,3,0.6918844566712518,0.3333333333333333,0.5378266850068776
shape,9_10,streaky,ResNet50,head_model,4,0.687757909215956,0.3333333333333333,0.531636863823934
shape,9_10,streaky,ResNet50,head_model,5,0.6822558459422283,0.3333333333333333,0.5233837689133425
shape,9_10,streaky,ResNet50,head_model,6,0.6753782668500687,0.3333333333333333,0.5130674002751031
shape,9_10,streaky,ResNet50,head_model,7,0.671251719394773,0.3333333333333333,0.5068775790921595
shape,9_10,streaky,ResNet50,head_model,8,0.6932599724896836,0.3333333333333333,0.5398899587345254
shape,9_10,streaky,ResNet50,head_model,9,0.6905089408528198,0.3333333333333333,0.5357634112792297
shape,9_10,streaky,ResNet50,head_model,10,0.6918844566712518,0.3333333333333333,0.5378266850068776
shape,9_10,streaky,VGG11,head_model,1,0.7524071526822559,0.3333333333333333,0.6286107290233838
shape,9_10,streaky,VGG11,head_model,2,0.7138927097661623,0.3333333333333333,0.5708390646492434
shape,9_10,streaky,VGG11,head_model,3,0.7565337001375516,0.3333333333333333,0.6348005502063274
shape,9_10,streaky,VGG11,head_model,4,0.7221458046767538,0.3333333333333333,0.5832187070151307
shape,9_10,streaky,VGG11,head_model,5,0.7303988995873453,0.3333333333333333,0.5955983493810179
shape,9_10,streaky,VGG11,head_model,6,0.7207702888583218,0.3333333333333333,0.5811554332874828
shape,9_10,streaky,VGG11,head_model,7,0.71939477303989,0.3333333333333333,0.579092159559835
shape,9_10,streaky,VGG11,head_model,8,0.7331499312242091,0.3333333333333333,0.5997248968363137
shape,9_10,streaky,VGG11,head_model,9,0.7097661623108665,0.3333333333333333,0.5646492434662997
shape,9_10,streaky,VGG11,head_model,10,0.7427785419532325,0.3333333333333333,0.6141678129298487
shape,9_10,streaky,VGG13,head_model,1,0.7799174690508941,0.3333333333333333,0.6698762035763411
shape,9_10,streaky,VGG13,head_model,2,0.782668500687758,0.3333333333333333,0.6740027510316369
shape,9_10,streaky,VGG13,head_model,3,0.7936726272352133,0.3333333333333333,0.6905089408528199
shape,9_10,streaky,VGG13,head_model,4,0.7111416781292985,0.3333333333333333,0.5667125171939478
shape,9_10,streaky,VGG13,head_model,5,0.7235213204951857,0.3333333333333333,0.5852819807427785
shape,9_10,streaky,VGG13,head_model,6,0.7744154057771664,0.3333333333333333,0.6616231086657496
shape,9_10,streaky,VGG13,head_model,7,0.7661623108665749,0.3333333333333333,0.6492434662998624
shape,9_10,streaky,VGG13,head_model,8,0.7469050894085282,0.3333333333333333,0.6203576341127922
shape,9_10,streaky,VGG13,head_model,9,0.7592847317744154,0.3333333333333333,0.638927097661623
shape,9_10,streaky,VGG13,head_model,10,0.7785419532324622,0.3333333333333333,0.6678129298486933
shape,9_10,streaky,VGG16,head_model,1,0.7510316368638239,0.3333333333333333,0.6265474552957359
shape,9_10,streaky,VGG16,head_model,2,0.7551581843191196,0.3333333333333333,0.6327372764786794
shape,9_10,streaky,VGG16,head_model,3,0.7716643741403026,0.3333333333333333,0.657496561210454
shape,9_10,streaky,VGG16,head_model,4,0.686382393397524,0.3333333333333333,0.529573590096286
shape,9_10,streaky,VGG16,head_model,5,0.7414030261348006,0.3333333333333333,0.6121045392022009
shape,9_10,streaky,VGG16,head_model,6,0.71939477303989,0.3333333333333333,0.579092159559835
shape,9_10,streaky,VGG16,head_model,7,0.7510316368638239,0.3333333333333333,0.6265474552957359
shape,9_10,streaky,VGG16,head_model,8,0.7248968363136176,0.3333333333333333,0.5873452544704263
shape,9_10,streaky,VGG16,head_model,9,0.7317744154057771,0.3333333333333333,0.5976616231086657
shape,9_10,streaky,VGG16,head_model,10,0.7675378266850069,0.3333333333333333,0.6513067400275103
shape,9_10,streaky,VGG19,head_model,1,0.7331499312242091,0.3333333333333333,0.5997248968363137
shape,9_10,streaky,VGG19,head_model,2,0.7469050894085282,0.3333333333333333,0.6203576341127922
shape,9_10,streaky,VGG19,head_model,3,0.7235213204951857,0.3333333333333333,0.5852819807427785
shape,9_10,streaky,VGG19,head_model,4,0.6506189821182944,0.3333333333333333,0.4759284731774416
shape,9_10,streaky,VGG19,head_model,5,0.71939477303989,0.3333333333333333,0.579092159559835
shape,9_10,streaky,VGG19,head_model,6,0.7372764786795049,0.3333333333333333,0.6059147180192572
shape,9_10,streaky,VGG19,head_model,7,0.7565337001375516,0.3333333333333333,0.6348005502063274
shape,9_10,streaky,VGG19,head_model,8,0.71939477303989,0.3333333333333333,0.579092159559835
shape,9_10,streaky,VGG19,head_model,9,0.7001375515818432,0.3333333333333333,0.5502063273727648
shape,9_10,streaky,VGG19,head_model,10,0.7427785419532325,0.3333333333333333,0.6141678129298487
shape,9_10,streaky,ViT Base,head_model,1,0.9078404401650619,0.3333333333333333,0.8617606602475929
shape,9_10,streaky,ViT Base,head_model,2,0.8775790921595599,0.3333333333333333,0.8163686382393398
shape,9_10,streaky,ViT Base,head_model,3,0.922971114167813,0.3333333333333333,0.8844566712517195
shape,9_10,streaky,ViT Base,head_model,4,0.9174690508940853,0.3333333333333333,0.8762035763411279
shape,9_10,streaky,ViT Base,head_model,5,0.9023383768913342,0.3333333333333333,0.8535075653370013
shape,9_10,streaky,ViT Base,head_model,6,0.8927097661623109,0.3333333333333333,0.8390646492434664
shape,9_10,streaky,ViT Base,head_model,7,0.922971114167813,0.3333333333333333,0.8844566712517195
shape,9_10,streaky,ViT Base,head_model,8,0.8156808803301238,0.3333333333333333,0.7235213204951856
shape,9_10,streaky,ViT Base,head_model,9,0.8872077028885832,0.3333333333333333,0.8308115543328748
shape,9_10,streaky,ViT Base,head_model,10,0.8858321870701513,0.3333333333333333,0.828748280605227
shape,9_10,streaky,ViT Large,head_model,1,0.922971114167813,0.3333333333333333,0.8844566712517195
shape,9_10,streaky,ViT Large,head_model,2,0.8775790921595599,0.3333333333333333,0.8163686382393398
shape,9_10,streaky,ViT Large,head_model,3,0.8913342503438789,0.3333333333333333,0.8370013755158182
shape,9_10,streaky,ViT Large,head_model,4,0.9147180192572214,0.3333333333333333,0.8720770288858319
shape,9_10,streaky,ViT Large,head_model,5,0.8418156808803301,0.3333333333333333,0.7627235213204951
shape,9_10,streaky,ViT Large,head_model,6,0.9050894085281981,0.3333333333333333,0.857634112792297
shape,9_10,streaky,ViT Large,head_model,7,0.8789546079779917,0.3333333333333333,0.8184319119669876
shape,9_10,streaky,ViT Large,head_model,8,0.921595598349381,0.3333333333333333,0.8823933975240713
shape,9_10,streaky,ViT Large,head_model,9,0.8651994497936726,0.3333333333333333,0.7977991746905089
shape,9_10,streaky,ViT Large,head_model,10,0.8555708390646493,0.3333333333333333,0.7833562585969739
shape,9_10,streaky,ViT Small,head_model,1,0.8610729023383769,0.3333333333333333,0.7916093535075651
shape,9_10,streaky,ViT Small,head_model,2,0.9147180192572214,0.3333333333333333,0.8720770288858319
shape,9_10,streaky,ViT Small,head_model,3,0.90646492434663,0.3333333333333333,0.8596973865199448
shape,9_10,streaky,ViT Small,head_model,4,0.9092159559834938,0.3333333333333333,0.8638239339752407
shape,9_10,streaky,ViT Small,head_model,5,0.8885832187070152,0.3333333333333333,0.8328748280605226
shape,9_10,streaky,ViT Small,head_model,6,0.9078404401650619,0.3333333333333333,0.8617606602475929
shape,9_10,streaky,ViT Small,head_model,7,0.8762035763411279,0.3333333333333333,0.8143053645116917
shape,9_10,streaky,ViT Small,head_model,8,0.9257221458046767,0.3333333333333333,0.8885832187070151
shape,9_10,streaky,ViT Small,head_model,9,0.8541953232462174,0.3333333333333333,0.7812929848693261
shape,9_10,streaky,ViT Small,head_model,10,0.8885832187070152,0.3333333333333333,0.8328748280605226
window_side,12_10,pointy,ConvNeXt Base,head_model,1,1.0,0.5,1.0
window_side,12_10,pointy,ConvNeXt Base,head_model,2,1.0,0.5,1.0
window_side,12_10,pointy,ConvNeXt Base,head_model,3,1.0,0.5,1.0
window_side,12_10,pointy,ConvNeXt Base,head_model,4,1.0,0.5,1.0
window_side,12_10,pointy,ConvNeXt Base,head_model,5,1.0,0.5,1.0
window_side,12_10,pointy,ConvNeXt Base,head_model,6,1.0,0.5,1.0
window_side,12_10,pointy,ConvNeXt Base,head_model,7,1.0,0.5,1.0
window_side,12_10,pointy,ConvNeXt Base,head_model,8,1.0,0.5,1.0
window_side,12_10,pointy,ConvNeXt Base,head_model,9,1.0,0.5,1.0
window_side,12_10,pointy,ConvNeXt Base,head_model,10,1.0,0.5,1.0
window_side,12_10,pointy,ConvNeXt Large,head_model,1,1.0,0.5,1.0
window_side,12_10,pointy,ConvNeXt Large,head_model,2,1.0,0.5,1.0
window_side,12_10,pointy,ConvNeXt Large,head_model,3,1.0,0.5,1.0
window_side,12_10,pointy,ConvNeXt Large,head_model,4,1.0,0.5,1.0
window_side,12_10,pointy,ConvNeXt Large,head_model,5,1.0,0.5,1.0
window_side,12_10,pointy,ConvNeXt Large,head_model,6,1.0,0.5,1.0
window_side,12_10,pointy,ConvNeXt Large,head_model,7,1.0,0.5,1.0
window_side,12_10,pointy,ConvNeXt Large,head_model,8,1.0,0.5,1.0
window_side,12_10,pointy,ConvNeXt Large,head_model,9,1.0,0.5,1.0
window_side,12_10,pointy,ConvNeXt Large,head_model,10,1.0,0.5,1.0
window_side,12_10,pointy,ConvNeXt Small,head_model,1,1.0,0.5,1.0
window_side,12_10,pointy,ConvNeXt Small,head_model,2,1.0,0.5,1.0
window_side,12_10,pointy,ConvNeXt Small,head_model,3,1.0,0.5,1.0
window_side,12_10,pointy,ConvNeXt Small,head_model,4,1.0,0.5,1.0
window_side,12_10,pointy,ConvNeXt Small,head_model,5,1.0,0.5,1.0
window_side,12_10,pointy,ConvNeXt Small,head_model,6,1.0,0.5,1.0
window_side,12_10,pointy,ConvNeXt Small,head_model,7,1.0,0.5,1.0
window_side,12_10,pointy,ConvNeXt Small,head_model,8,1.0,0.5,1.0
window_side,12_10,pointy,ConvNeXt Small,head_model,9,1.0,0.5,1.0
window_side,12_10,pointy,ConvNeXt Small,head_model,10,1.0,0.5,1.0
window_side,12_10,pointy,ConvNeXt Tiny,head_model,1,1.0,0.5,1.0
window_side,12_10,pointy,ConvNeXt Tiny,head_model,2,1.0,0.5,1.0
window_side,12_10,pointy,ConvNeXt Tiny,head_model,3,1.0,0.5,1.0
window_side,12_10,pointy,ConvNeXt Tiny,head_model,4,1.0,0.5,1.0
window_side,12_10,pointy,ConvNeXt Tiny,head_model,5,1.0,0.5,1.0
window_side,12_10,pointy,ConvNeXt Tiny,head_model,6,1.0,0.5,1.0
window_side,12_10,pointy,ConvNeXt Tiny,head_model,7,1.0,0.5,1.0
window_side,12_10,pointy,ConvNeXt Tiny,head_model,8,1.0,0.5,1.0
window_side,12_10,pointy,ConvNeXt Tiny,head_model,9,1.0,0.5,1.0
window_side,12_10,pointy,ConvNeXt Tiny,head_model,10,1.0,0.5,1.0
window_side,12_10,pointy,DINOv3 ViT Base,head_model,1,1.0,0.5,1.0
window_side,12_10,pointy,DINOv3 ViT Base,head_model,2,1.0,0.5,1.0
window_side,12_10,pointy,DINOv3 ViT Base,head_model,3,1.0,0.5,1.0
window_side,12_10,pointy,DINOv3 ViT Base,head_model,4,1.0,0.5,1.0
window_side,12_10,pointy,DINOv3 ViT Base,head_model,5,1.0,0.5,1.0
window_side,12_10,pointy,DINOv3 ViT Base,head_model,6,1.0,0.5,1.0
window_side,12_10,pointy,DINOv3 ViT Base,head_model,7,1.0,0.5,1.0
window_side,12_10,pointy,DINOv3 ViT Base,head_model,8,1.0,0.5,1.0
window_side,12_10,pointy,DINOv3 ViT Base,head_model,9,1.0,0.5,1.0
window_side,12_10,pointy,DINOv3 ViT Base,head_model,10,1.0,0.5,1.0
window_side,12_10,pointy,ResNet18,head_model,1,1.0,0.5,1.0
window_side,12_10,pointy,ResNet18,head_model,2,1.0,0.5,1.0
window_side,12_10,pointy,ResNet18,head_model,3,1.0,0.5,1.0
window_side,12_10,pointy,ResNet18,head_model,4,1.0,0.5,1.0
window_side,12_10,pointy,ResNet18,head_model,5,1.0,0.5,1.0
window_side,12_10,pointy,ResNet18,head_model,6,1.0,0.5,1.0
window_side,12_10,pointy,ResNet18,head_model,7,1.0,0.5,1.0
window_side,12_10,pointy,ResNet18,head_model,8,1.0,0.5,1.0
window_side,12_10,pointy,ResNet18,head_model,9,1.0,0.5,1.0
window_side,12_10,pointy,ResNet18,head_model,10,1.0,0.5,1.0
window_side,12_10,pointy,ResNet50,head_model,1,1.0,0.5,1.0
window_side,12_10,pointy,ResNet50,head_model,2,1.0,0.5,1.0
window_side,12_10,pointy,ResNet50,head_model,3,1.0,0.5,1.0
window_side,12_10,pointy,ResNet50,head_model,4,1.0,0.5,1.0
window_side,12_10,pointy,ResNet50,head_model,5,1.0,0.5,1.0
window_side,12_10,pointy,ResNet50,head_model,6,1.0,0.5,1.0
window_side,12_10,pointy,ResNet50,head_model,7,1.0,0.5,1.0
window_side,12_10,pointy,ResNet50,head_model,8,1.0,0.5,1.0
window_side,12_10,pointy,ResNet50,head_model,9,1.0,0.5,1.0
window_side,12_10,pointy,ResNet50,head_model,10,1.0,0.5,1.0
window_side,12_10,pointy,VGG11,head_model,1,1.0,0.5,1.0
window_side,12_10,pointy,VGG11,head_model,2,1.0,0.5,1.0
window_side,12_10,pointy,VGG11,head_model,3,1.0,0.5,1.0
window_side,12_10,pointy,VGG11,head_model,4,1.0,0.5,1.0
window_side,12_10,pointy,VGG11,head_model,5,1.0,0.5,1.0
window_side,12_10,pointy,VGG11,head_model,6,1.0,0.5,1.0
window_side,12_10,pointy,VGG11,head_model,7,1.0,0.5,1.0
window_side,12_10,pointy,VGG11,head_model,8,1.0,0.5,1.0
window_side,12_10,pointy,VGG11,head_model,9,1.0,0.5,1.0
window_side,12_10,pointy,VGG11,head_model,10,1.0,0.5,1.0
window_side,12_10,pointy,VGG13,head_model,1,1.0,0.5,1.0
window_side,12_10,pointy,VGG13,head_model,2,1.0,0.5,1.0
window_side,12_10,pointy,VGG13,head_model,3,1.0,0.5,1.0
window_side,12_10,pointy,VGG13,head_model,4,1.0,0.5,1.0
window_side,12_10,pointy,VGG13,head_model,5,1.0,0.5,1.0
window_side,12_10,pointy,VGG13,head_model,6,1.0,0.5,1.0
window_side,12_10,pointy,VGG13,head_model,7,1.0,0.5,1.0
window_side,12_10,pointy,VGG13,head_model,8,1.0,0.5,1.0
window_side,12_10,pointy,VGG13,head_model,9,1.0,0.5,1.0
window_side,12_10,pointy,VGG13,head_model,10,1.0,0.5,1.0
window_side,12_10,pointy,VGG16,head_model,1,1.0,0.5,1.0
window_side,12_10,pointy,VGG16,head_model,2,1.0,0.5,1.0
window_side,12_10,pointy,VGG16,head_model,3,1.0,0.5,1.0
window_side,12_10,pointy,VGG16,head_model,4,1.0,0.5,1.0
window_side,12_10,pointy,VGG16,head_model,5,1.0,0.5,1.0
window_side,12_10,pointy,VGG16,head_model,6,1.0,0.5,1.0
window_side,12_10,pointy,VGG16,head_model,7,1.0,0.5,1.0
window_side,12_10,pointy,VGG16,head_model,8,1.0,0.5,1.0
window_side,12_10,pointy,VGG16,head_model,9,1.0,0.5,1.0
window_side,12_10,pointy,VGG16,head_model,10,1.0,0.5,1.0
window_side,12_10,pointy,VGG19,head_model,1,1.0,0.5,1.0
window_side,12_10,pointy,VGG19,head_model,2,1.0,0.5,1.0
window_side,12_10,pointy,VGG19,head_model,3,1.0,0.5,1.0
window_side,12_10,pointy,VGG19,head_model,4,1.0,0.5,1.0
window_side,12_10,pointy,VGG19,head_model,5,1.0,0.5,1.0
window_side,12_10,pointy,VGG19,head_model,6,1.0,0.5,1.0
window_side,12_10,pointy,VGG19,head_model,7,1.0,0.5,1.0
window_side,12_10,pointy,VGG19,head_model,8,1.0,0.5,1.0
window_side,12_10,pointy,VGG19,head_model,9,1.0,0.5,1.0
window_side,12_10,pointy,VGG19,head_model,10,1.0,0.5,1.0
window_side,12_10,pointy,ViT Base,head_model,1,1.0,0.5,1.0
window_side,12_10,pointy,ViT Base,head_model,2,1.0,0.5,1.0
window_side,12_10,pointy,ViT Base,head_model,3,1.0,0.5,1.0
window_side,12_10,pointy,ViT Base,head_model,4,1.0,0.5,1.0
window_side,12_10,pointy,ViT Base,head_model,5,1.0,0.5,1.0
window_side,12_10,pointy,ViT Base,head_model,6,1.0,0.5,1.0
window_side,12_10,pointy,ViT Base,head_model,7,1.0,0.5,1.0
window_side,12_10,pointy,ViT Base,head_model,8,1.0,0.5,1.0
window_side,12_10,pointy,ViT Base,head_model,9,1.0,0.5,1.0
window_side,12_10,pointy,ViT Base,head_model,10,1.0,0.5,1.0
window_side,12_10,pointy,ViT Large,head_model,1,1.0,0.5,1.0
window_side,12_10,pointy,ViT Large,head_model,2,1.0,0.5,1.0
window_side,12_10,pointy,ViT Large,head_model,3,1.0,0.5,1.0
window_side,12_10,pointy,ViT Large,head_model,4,1.0,0.5,1.0
window_side,12_10,pointy,ViT Large,head_model,5,1.0,0.5,1.0
window_side,12_10,pointy,ViT Large,head_model,6,1.0,0.5,1.0
window_side,12_10,pointy,ViT Large,head_model,7,1.0,0.5,1.0
window_side,12_10,pointy,ViT Large,head_model,8,1.0,0.5,1.0
window_side,12_10,pointy,ViT Large,head_model,9,1.0,0.5,1.0
window_side,12_10,pointy,ViT Large,head_model,10,1.0,0.5,1.0
window_side,12_10,pointy,ViT Small,head_model,1,1.0,0.5,1.0
window_side,12_10,pointy,ViT Small,head_model,2,1.0,0.5,1.0
window_side,12_10,pointy,ViT Small,head_model,3,1.0,0.5,1.0
window_side,12_10,pointy,ViT Small,head_model,4,1.0,0.5,1.0
window_side,12_10,pointy,ViT Small,head_model,5,1.0,0.5,1.0
window_side,12_10,pointy,ViT Small,head_model,6,1.0,0.5,1.0
window_side,12_10,pointy,ViT Small,head_model,7,1.0,0.5,1.0
window_side,12_10,pointy,ViT Small,head_model,8,1.0,0.5,1.0
window_side,12_10,pointy,ViT Small,head_model,9,1.0,0.5,1.0
window_side,12_10,pointy,ViT Small,head_model,10,1.0,0.5,1.0
window_side,12_10,streaky,ConvNeXt Base,head_model,1,1.0,0.5,1.0
window_side,12_10,streaky,ConvNeXt Base,head_model,2,1.0,0.5,1.0
window_side,12_10,streaky,ConvNeXt Base,head_model,3,1.0,0.5,1.0
window_side,12_10,streaky,ConvNeXt Base,head_model,4,1.0,0.5,1.0
window_side,12_10,streaky,ConvNeXt Base,head_model,5,1.0,0.5,1.0
window_side,12_10,streaky,ConvNeXt Base,head_model,6,1.0,0.5,1.0
window_side,12_10,streaky,ConvNeXt Base,head_model,7,1.0,0.5,1.0
window_side,12_10,streaky,ConvNeXt Base,head_model,8,1.0,0.5,1.0
window_side,12_10,streaky,ConvNeXt Base,head_model,9,1.0,0.5,1.0
window_side,12_10,streaky,ConvNeXt Base,head_model,10,1.0,0.5,1.0
window_side,12_10,streaky,ConvNeXt Large,head_model,1,1.0,0.5,1.0
window_side,12_10,streaky,ConvNeXt Large,head_model,2,1.0,0.5,1.0
window_side,12_10,streaky,ConvNeXt Large,head_model,3,1.0,0.5,1.0
window_side,12_10,streaky,ConvNeXt Large,head_model,4,1.0,0.5,1.0
window_side,12_10,streaky,ConvNeXt Large,head_model,5,1.0,0.5,1.0
window_side,12_10,streaky,ConvNeXt Large,head_model,6,1.0,0.5,1.0
window_side,12_10,streaky,ConvNeXt Large,head_model,7,1.0,0.5,1.0
window_side,12_10,streaky,ConvNeXt Large,head_model,8,1.0,0.5,1.0
window_side,12_10,streaky,ConvNeXt Large,head_model,9,1.0,0.5,1.0
window_side,12_10,streaky,ConvNeXt Large,head_model,10,1.0,0.5,1.0
window_side,12_10,streaky,ConvNeXt Small,head_model,1,1.0,0.5,1.0
window_side,12_10,streaky,ConvNeXt Small,head_model,2,1.0,0.5,1.0
window_side,12_10,streaky,ConvNeXt Small,head_model,3,1.0,0.5,1.0
window_side,12_10,streaky,ConvNeXt Small,head_model,4,1.0,0.5,1.0
window_side,12_10,streaky,ConvNeXt Small,head_model,5,1.0,0.5,1.0
window_side,12_10,streaky,ConvNeXt Small,head_model,6,1.0,0.5,1.0
window_side,12_10,streaky,ConvNeXt Small,head_model,7,1.0,0.5,1.0
window_side,12_10,streaky,ConvNeXt Small,head_model,8,1.0,0.5,1.0
window_side,12_10,streaky,ConvNeXt Small,head_model,9,1.0,0.5,1.0
window_side,12_10,streaky,ConvNeXt Small,head_model,10,1.0,0.5,1.0
window_side,12_10,streaky,ConvNeXt Tiny,head_model,1,1.0,0.5,1.0
window_side,12_10,streaky,ConvNeXt Tiny,head_model,2,1.0,0.5,1.0
window_side,12_10,streaky,ConvNeXt Tiny,head_model,3,1.0,0.5,1.0
window_side,12_10,streaky,ConvNeXt Tiny,head_model,4,1.0,0.5,1.0
window_side,12_10,streaky,ConvNeXt Tiny,head_model,5,1.0,0.5,1.0
window_side,12_10,streaky,ConvNeXt Tiny,head_model,6,1.0,0.5,1.0
window_side,12_10,streaky,ConvNeXt Tiny,head_model,7,1.0,0.5,1.0
window_side,12_10,streaky,ConvNeXt Tiny,head_model,8,1.0,0.5,1.0
window_side,12_10,streaky,ConvNeXt Tiny,head_model,9,1.0,0.5,1.0
window_side,12_10,streaky,ConvNeXt Tiny,head_model,10,1.0,0.5,1.0
window_side,12_10,streaky,DINOv3 ViT Base,head_model,1,1.0,0.5,1.0
window_side,12_10,streaky,DINOv3 ViT Base,head_model,2,1.0,0.5,1.0
window_side,12_10,streaky,DINOv3 ViT Base,head_model,3,1.0,0.5,1.0
window_side,12_10,streaky,DINOv3 ViT Base,head_model,4,1.0,0.5,1.0
window_side,12_10,streaky,DINOv3 ViT Base,head_model,5,1.0,0.5,1.0
window_side,12_10,streaky,DINOv3 ViT Base,head_model,6,1.0,0.5,1.0
window_side,12_10,streaky,DINOv3 ViT Base,head_model,7,1.0,0.5,1.0
window_side,12_10,streaky,DINOv3 ViT Base,head_model,8,1.0,0.5,1.0
window_side,12_10,streaky,DINOv3 ViT Base,head_model,9,1.0,0.5,1.0
window_side,12_10,streaky,DINOv3 ViT Base,head_model,10,1.0,0.5,1.0
window_side,12_10,streaky,ResNet18,head_model,1,1.0,0.5,1.0
window_side,12_10,streaky,ResNet18,head_model,2,1.0,0.5,1.0
window_side,12_10,streaky,ResNet18,head_model,3,1.0,0.5,1.0
window_side,12_10,streaky,ResNet18,head_model,4,1.0,0.5,1.0
window_side,12_10,streaky,ResNet18,head_model,5,1.0,0.5,1.0
window_side,12_10,streaky,ResNet18,head_model,6,1.0,0.5,1.0
window_side,12_10,streaky,ResNet18,head_model,7,1.0,0.5,1.0
window_side,12_10,streaky,ResNet18,head_model,8,1.0,0.5,1.0
window_side,12_10,streaky,ResNet18,head_model,9,1.0,0.5,1.0
window_side,12_10,streaky,ResNet18,head_model,10,1.0,0.5,1.0
window_side,12_10,streaky,ResNet50,head_model,1,1.0,0.5,1.0
window_side,12_10,streaky,ResNet50,head_model,2,1.0,0.5,1.0
window_side,12_10,streaky,ResNet50,head_model,3,1.0,0.5,1.0
window_side,12_10,streaky,ResNet50,head_model,4,1.0,0.5,1.0
window_side,12_10,streaky,ResNet50,head_model,5,1.0,0.5,1.0
window_side,12_10,streaky,ResNet50,head_model,6,1.0,0.5,1.0
window_side,12_10,streaky,ResNet50,head_model,7,1.0,0.5,1.0
window_side,12_10,streaky,ResNet50,head_model,8,1.0,0.5,1.0
window_side,12_10,streaky,ResNet50,head_model,9,1.0,0.5,1.0
window_side,12_10,streaky,ResNet50,head_model,10,1.0,0.5,1.0
window_side,12_10,streaky,VGG11,head_model,1,1.0,0.5,1.0
window_side,12_10,streaky,VGG11,head_model,2,1.0,0.5,1.0
window_side,12_10,streaky,VGG11,head_model,3,1.0,0.5,1.0
window_side,12_10,streaky,VGG11,head_model,4,1.0,0.5,1.0
window_side,12_10,streaky,VGG11,head_model,5,1.0,0.5,1.0
window_side,12_10,streaky,VGG11,head_model,6,1.0,0.5,1.0
window_side,12_10,streaky,VGG11,head_model,7,1.0,0.5,1.0
window_side,12_10,streaky,VGG11,head_model,8,1.0,0.5,1.0
window_side,12_10,streaky,VGG11,head_model,9,1.0,0.5,1.0
window_side,12_10,streaky,VGG11,head_model,10,1.0,0.5,1.0
window_side,12_10,streaky,VGG13,head_model,1,1.0,0.5,1.0
window_side,12_10,streaky,VGG13,head_model,2,1.0,0.5,1.0
window_side,12_10,streaky,VGG13,head_model,3,1.0,0.5,1.0
window_side,12_10,streaky,VGG13,head_model,4,1.0,0.5,1.0
window_side,12_10,streaky,VGG13,head_model,5,1.0,0.5,1.0
window_side,12_10,streaky,VGG13,head_model,6,1.0,0.5,1.0
window_side,12_10,streaky,VGG13,head_model,7,1.0,0.5,1.0
window_side,12_10,streaky,VGG13,head_model,8,1.0,0.5,1.0
window_side,12_10,streaky,VGG13,head_model,9,1.0,0.5,1.0
window_side,12_10,streaky,VGG13,head_model,10,1.0,0.5,1.0
window_side,12_10,streaky,VGG16,head_model,1,1.0,0.5,1.0
window_side,12_10,streaky,VGG16,head_model,2,1.0,0.5,1.0
window_side,12_10,streaky,VGG16,head_model,3,1.0,0.5,1.0
window_side,12_10,streaky,VGG16,head_model,4,1.0,0.5,1.0
window_side,12_10,streaky,VGG16,head_model,5,1.0,0.5,1.0
window_side,12_10,streaky,VGG16,head_model,6,1.0,0.5,1.0
window_side,12_10,streaky,VGG16,head_model,7,1.0,0.5,1.0
window_side,12_10,streaky,VGG16,head_model,8,1.0,0.5,1.0
window_side,12_10,streaky,VGG16,head_model,9,1.0,0.5,1.0
window_side,12_10,streaky,VGG16,head_model,10,1.0,0.5,1.0
window_side,12_10,streaky,VGG19,head_model,1,1.0,0.5,1.0
window_side,12_10,streaky,VGG19,head_model,2,1.0,0.5,1.0
window_side,12_10,streaky,VGG19,head_model,3,1.0,0.5,1.0
window_side,12_10,streaky,VGG19,head_model,4,1.0,0.5,1.0
window_side,12_10,streaky,VGG19,head_model,5,1.0,0.5,1.0
window_side,12_10,streaky,VGG19,head_model,6,1.0,0.5,1.0
window_side,12_10,streaky,VGG19,head_model,7,1.0,0.5,1.0
window_side,12_10,streaky,VGG19,head_model,8,1.0,0.5,1.0
window_side,12_10,streaky,VGG19,head_model,9,1.0,0.5,1.0
window_side,12_10,streaky,VGG19,head_model,10,1.0,0.5,1.0
window_side,12_10,streaky,ViT Base,head_model,1,1.0,0.5,1.0
window_side,12_10,streaky,ViT Base,head_model,2,1.0,0.5,1.0
window_side,12_10,streaky,ViT Base,head_model,3,1.0,0.5,1.0
window_side,12_10,streaky,ViT Base,head_model,4,1.0,0.5,1.0
window_side,12_10,streaky,ViT Base,head_model,5,1.0,0.5,1.0
window_side,12_10,streaky,ViT Base,head_model,6,0.9966666666666667,0.5,0.9933333333333334
window_side,12_10,streaky,ViT Base,head_model,7,1.0,0.5,1.0
window_side,12_10,streaky,ViT Base,head_model,8,1.0,0.5,1.0
window_side,12_10,streaky,ViT Base,head_model,9,1.0,0.5,1.0
window_side,12_10,streaky,ViT Base,head_model,10,1.0,0.5,1.0
window_side,12_10,streaky,ViT Large,head_model,1,1.0,0.5,1.0
window_side,12_10,streaky,ViT Large,head_model,2,1.0,0.5,1.0
window_side,12_10,streaky,ViT Large,head_model,3,1.0,0.5,1.0
window_side,12_10,streaky,ViT Large,head_model,4,1.0,0.5,1.0
window_side,12_10,streaky,ViT Large,head_model,5,1.0,0.5,1.0
window_side,12_10,streaky,ViT Large,head_model,6,1.0,0.5,1.0
window_side,12_10,streaky,ViT Large,head_model,7,1.0,0.5,1.0
window_side,12_10,streaky,ViT Large,head_model,8,1.0,0.5,1.0
window_side,12_10,streaky,ViT Large,head_model,9,1.0,0.5,1.0
window_side,12_10,streaky,ViT Large,head_model,10,1.0,0.5,1.0
window_side,12_10,streaky,ViT Small,head_model,1,1.0,0.5,1.0
window_side,12_10,streaky,ViT Small,head_model,2,1.0,0.5,1.0
window_side,12_10,streaky,ViT Small,head_model,3,1.0,0.5,1.0
window_side,12_10,streaky,ViT Small,head_model,4,1.0,0.5,1.0
window_side,12_10,streaky,ViT Small,head_model,5,1.0,0.5,1.0
window_side,12_10,streaky,ViT Small,head_model,6,1.0,0.5,1.0
window_side,12_10,streaky,ViT Small,head_model,7,1.0,0.5,1.0
window_side,12_10,streaky,ViT Small,head_model,8,1.0,0.5,1.0
window_side,12_10,streaky,ViT Small,head_model,9,1.0,0.5,1.0
window_side,12_10,streaky,ViT Small,head_model,10,1.0,0.5,1.0
window_side,12_20,pointy,ConvNeXt Base,head_model,1,1.0,0.5,1.0
window_side,12_20,pointy,ConvNeXt Base,head_model,2,1.0,0.5,1.0
window_side,12_20,pointy,ConvNeXt Base,head_model,3,1.0,0.5,1.0
window_side,12_20,pointy,ConvNeXt Base,head_model,4,1.0,0.5,1.0
window_side,12_20,pointy,ConvNeXt Base,head_model,5,1.0,0.5,1.0
window_side,12_20,pointy,ConvNeXt Base,head_model,6,1.0,0.5,1.0
window_side,12_20,pointy,ConvNeXt Base,head_model,7,1.0,0.5,1.0
window_side,12_20,pointy,ConvNeXt Base,head_model,8,1.0,0.5,1.0
window_side,12_20,pointy,ConvNeXt Base,head_model,9,1.0,0.5,1.0
window_side,12_20,pointy,ConvNeXt Base,head_model,10,1.0,0.5,1.0
window_side,12_20,pointy,ConvNeXt Large,head_model,1,1.0,0.5,1.0
window_side,12_20,pointy,ConvNeXt Large,head_model,2,1.0,0.5,1.0
window_side,12_20,pointy,ConvNeXt Large,head_model,3,1.0,0.5,1.0
window_side,12_20,pointy,ConvNeXt Large,head_model,4,1.0,0.5,1.0
window_side,12_20,pointy,ConvNeXt Large,head_model,5,1.0,0.5,1.0
window_side,12_20,pointy,ConvNeXt Large,head_model,6,1.0,0.5,1.0
window_side,12_20,pointy,ConvNeXt Large,head_model,7,1.0,0.5,1.0
window_side,12_20,pointy,ConvNeXt Large,head_model,8,1.0,0.5,1.0
window_side,12_20,pointy,ConvNeXt Large,head_model,9,1.0,0.5,1.0
window_side,12_20,pointy,ConvNeXt Large,head_model,10,1.0,0.5,1.0
window_side,12_20,pointy,ConvNeXt Small,head_model,1,1.0,0.5,1.0
window_side,12_20,pointy,ConvNeXt Small,head_model,2,1.0,0.5,1.0
window_side,12_20,pointy,ConvNeXt Small,head_model,3,1.0,0.5,1.0
window_side,12_20,pointy,ConvNeXt Small,head_model,4,1.0,0.5,1.0
window_side,12_20,pointy,ConvNeXt Small,head_model,5,1.0,0.5,1.0
window_side,12_20,pointy,ConvNeXt Small,head_model,6,1.0,0.5,1.0
window_side,12_20,pointy,ConvNeXt Small,head_model,7,1.0,0.5,1.0
window_side,12_20,pointy,ConvNeXt Small,head_model,8,1.0,0.5,1.0
window_side,12_20,pointy,ConvNeXt Small,head_model,9,1.0,0.5,1.0
window_side,12_20,pointy,ConvNeXt Small,head_model,10,1.0,0.5,1.0
window_side,12_20,pointy,ConvNeXt Tiny,head_model,1,1.0,0.5,1.0
window_side,12_20,pointy,ConvNeXt Tiny,head_model,2,1.0,0.5,1.0
window_side,12_20,pointy,ConvNeXt Tiny,head_model,3,1.0,0.5,1.0
window_side,12_20,pointy,ConvNeXt Tiny,head_model,4,1.0,0.5,1.0
window_side,12_20,pointy,ConvNeXt Tiny,head_model,5,1.0,0.5,1.0
window_side,12_20,pointy,ConvNeXt Tiny,head_model,6,1.0,0.5,1.0
window_side,12_20,pointy,ConvNeXt Tiny,head_model,7,1.0,0.5,1.0
window_side,12_20,pointy,ConvNeXt Tiny,head_model,8,1.0,0.5,1.0
window_side,12_20,pointy,ConvNeXt Tiny,head_model,9,1.0,0.5,1.0
window_side,12_20,pointy,ConvNeXt Tiny,head_model,10,1.0,0.5,1.0
window_side,12_20,pointy,DINOv3 ViT Base,head_model,1,1.0,0.5,1.0
window_side,12_20,pointy,DINOv3 ViT Base,head_model,2,1.0,0.5,1.0
window_side,12_20,pointy,DINOv3 ViT Base,head_model,3,1.0,0.5,1.0
window_side,12_20,pointy,DINOv3 ViT Base,head_model,4,1.0,0.5,1.0
window_side,12_20,pointy,DINOv3 ViT Base,head_model,5,1.0,0.5,1.0
window_side,12_20,pointy,DINOv3 ViT Base,head_model,6,1.0,0.5,1.0
window_side,12_20,pointy,DINOv3 ViT Base,head_model,7,1.0,0.5,1.0
window_side,12_20,pointy,DINOv3 ViT Base,head_model,8,1.0,0.5,1.0
window_side,12_20,pointy,DINOv3 ViT Base,head_model,9,1.0,0.5,1.0
window_side,12_20,pointy,DINOv3 ViT Base,head_model,10,1.0,0.5,1.0
window_side,12_20,pointy,ResNet18,head_model,1,1.0,0.5,1.0
window_side,12_20,pointy,ResNet18,head_model,2,1.0,0.5,1.0
window_side,12_20,pointy,ResNet18,head_model,3,1.0,0.5,1.0
window_side,12_20,pointy,ResNet18,head_model,4,1.0,0.5,1.0
window_side,12_20,pointy,ResNet18,head_model,5,1.0,0.5,1.0
window_side,12_20,pointy,ResNet18,head_model,6,1.0,0.5,1.0
window_side,12_20,pointy,ResNet18,head_model,7,1.0,0.5,1.0
window_side,12_20,pointy,ResNet18,head_model,8,1.0,0.5,1.0
window_side,12_20,pointy,ResNet18,head_model,9,1.0,0.5,1.0
window_side,12_20,pointy,ResNet18,head_model,10,1.0,0.5,1.0
window_side,12_20,pointy,ResNet50,head_model,1,1.0,0.5,1.0
window_side,12_20,pointy,ResNet50,head_model,2,1.0,0.5,1.0
window_side,12_20,pointy,ResNet50,head_model,3,1.0,0.5,1.0
window_side,12_20,pointy,ResNet50,head_model,4,1.0,0.5,1.0
window_side,12_20,pointy,ResNet50,head_model,5,1.0,0.5,1.0
window_side,12_20,pointy,ResNet50,head_model,6,1.0,0.5,1.0
window_side,12_20,pointy,ResNet50,head_model,7,1.0,0.5,1.0
window_side,12_20,pointy,ResNet50,head_model,8,1.0,0.5,1.0
window_side,12_20,pointy,ResNet50,head_model,9,1.0,0.5,1.0
window_side,12_20,pointy,ResNet50,head_model,10,1.0,0.5,1.0
window_side,12_20,pointy,VGG11,head_model,1,1.0,0.5,1.0
window_side,12_20,pointy,VGG11,head_model,2,1.0,0.5,1.0
window_side,12_20,pointy,VGG11,head_model,3,1.0,0.5,1.0
window_side,12_20,pointy,VGG11,head_model,4,1.0,0.5,1.0
window_side,12_20,pointy,VGG11,head_model,5,1.0,0.5,1.0
window_side,12_20,pointy,VGG11,head_model,6,1.0,0.5,1.0
window_side,12_20,pointy,VGG11,head_model,7,1.0,0.5,1.0
window_side,12_20,pointy,VGG11,head_model,8,1.0,0.5,1.0
window_side,12_20,pointy,VGG11,head_model,9,1.0,0.5,1.0
window_side,12_20,pointy,VGG11,head_model,10,1.0,0.5,1.0
window_side,12_20,pointy,VGG13,head_model,1,1.0,0.5,1.0
window_side,12_20,pointy,VGG13,head_model,2,1.0,0.5,1.0
window_side,12_20,pointy,VGG13,head_model,3,1.0,0.5,1.0
window_side,12_20,pointy,VGG13,head_model,4,1.0,0.5,1.0
window_side,12_20,pointy,VGG13,head_model,5,1.0,0.5,1.0
window_side,12_20,pointy,VGG13,head_model,6,1.0,0.5,1.0
window_side,12_20,pointy,VGG13,head_model,7,1.0,0.5,1.0
window_side,12_20,pointy,VGG13,head_model,8,1.0,0.5,1.0
window_side,12_20,pointy,VGG13,head_model,9,1.0,0.5,1.0
window_side,12_20,pointy,VGG13,head_model,10,1.0,0.5,1.0
window_side,12_20,pointy,VGG16,head_model,1,1.0,0.5,1.0
window_side,12_20,pointy,VGG16,head_model,2,1.0,0.5,1.0
window_side,12_20,pointy,VGG16,head_model,3,1.0,0.5,1.0
window_side,12_20,pointy,VGG16,head_model,4,1.0,0.5,1.0
window_side,12_20,pointy,VGG16,head_model,5,1.0,0.5,1.0
window_side,12_20,pointy,VGG16,head_model,6,1.0,0.5,1.0
window_side,12_20,pointy,VGG16,head_model,7,1.0,0.5,1.0
window_side,12_20,pointy,VGG16,head_model,8,1.0,0.5,1.0
window_side,12_20,pointy,VGG16,head_model,9,1.0,0.5,1.0
window_side,12_20,pointy,VGG16,head_model,10,1.0,0.5,1.0
window_side,12_20,pointy,VGG19,head_model,1,1.0,0.5,1.0
window_side,12_20,pointy,VGG19,head_model,2,1.0,0.5,1.0
window_side,12_20,pointy,VGG19,head_model,3,1.0,0.5,1.0
window_side,12_20,pointy,VGG19,head_model,4,1.0,0.5,1.0
window_side,12_20,pointy,VGG19,head_model,5,1.0,0.5,1.0
window_side,12_20,pointy,VGG19,head_model,6,1.0,0.5,1.0
window_side,12_20,pointy,VGG19,head_model,7,1.0,0.5,1.0
window_side,12_20,pointy,VGG19,head_model,8,1.0,0.5,1.0
window_side,12_20,pointy,VGG19,head_model,9,1.0,0.5,1.0
window_side,12_20,pointy,VGG19,head_model,10,1.0,0.5,1.0
window_side,12_20,pointy,ViT Base,head_model,1,1.0,0.5,1.0
window_side,12_20,pointy,ViT Base,head_model,2,1.0,0.5,1.0
window_side,12_20,pointy,ViT Base,head_model,3,1.0,0.5,1.0
window_side,12_20,pointy,ViT Base,head_model,4,1.0,0.5,1.0
window_side,12_20,pointy,ViT Base,head_model,5,1.0,0.5,1.0
window_side,12_20,pointy,ViT Base,head_model,6,1.0,0.5,1.0
window_side,12_20,pointy,ViT Base,head_model,7,1.0,0.5,1.0
window_side,12_20,pointy,ViT Base,head_model,8,1.0,0.5,1.0
window_side,12_20,pointy,ViT Base,head_model,9,1.0,0.5,1.0
window_side,12_20,pointy,ViT Base,head_model,10,1.0,0.5,1.0
window_side,12_20,pointy,ViT Large,head_model,1,1.0,0.5,1.0
window_side,12_20,pointy,ViT Large,head_model,2,1.0,0.5,1.0
window_side,12_20,pointy,ViT Large,head_model,3,1.0,0.5,1.0
window_side,12_20,pointy,ViT Large,head_model,4,1.0,0.5,1.0
window_side,12_20,pointy,ViT Large,head_model,5,1.0,0.5,1.0
window_side,12_20,pointy,ViT Large,head_model,6,1.0,0.5,1.0
window_side,12_20,pointy,ViT Large,head_model,7,1.0,0.5,1.0
window_side,12_20,pointy,ViT Large,head_model,8,1.0,0.5,1.0
window_side,12_20,pointy,ViT Large,head_model,9,1.0,0.5,1.0
window_side,12_20,pointy,ViT Large,head_model,10,1.0,0.5,1.0
window_side,12_20,pointy,ViT Small,head_model,1,1.0,0.5,1.0
window_side,12_20,pointy,ViT Small,head_model,2,1.0,0.5,1.0
window_side,12_20,pointy,ViT Small,head_model,3,1.0,0.5,1.0
window_side,12_20,pointy,ViT Small,head_model,4,1.0,0.5,1.0
window_side,12_20,pointy,ViT Small,head_model,5,1.0,0.5,1.0
window_side,12_20,pointy,ViT Small,head_model,6,1.0,0.5,1.0
window_side,12_20,pointy,ViT Small,head_model,7,1.0,0.5,1.0
window_side,12_20,pointy,ViT Small,head_model,8,1.0,0.5,1.0
window_side,12_20,pointy,ViT Small,head_model,9,1.0,0.5,1.0
window_side,12_20,pointy,ViT Small,head_model,10,1.0,0.5,1.0
window_side,12_20,streaky,ConvNeXt Base,head_model,1,1.0,0.5,1.0
window_side,12_20,streaky,ConvNeXt Base,head_model,2,1.0,0.5,1.0
window_side,12_20,streaky,ConvNeXt Base,head_model,3,1.0,0.5,1.0
window_side,12_20,streaky,ConvNeXt Base,head_model,4,1.0,0.5,1.0
window_side,12_20,streaky,ConvNeXt Base,head_model,5,1.0,0.5,1.0
window_side,12_20,streaky,ConvNeXt Base,head_model,6,1.0,0.5,1.0
window_side,12_20,streaky,ConvNeXt Base,head_model,7,1.0,0.5,1.0
window_side,12_20,streaky,ConvNeXt Base,head_model,8,1.0,0.5,1.0
window_side,12_20,streaky,ConvNeXt Base,head_model,9,1.0,0.5,1.0
window_side,12_20,streaky,ConvNeXt Base,head_model,10,1.0,0.5,1.0
window_side,12_20,streaky,ConvNeXt Large,head_model,1,1.0,0.5,1.0
window_side,12_20,streaky,ConvNeXt Large,head_model,2,1.0,0.5,1.0
window_side,12_20,streaky,ConvNeXt Large,head_model,3,1.0,0.5,1.0
window_side,12_20,streaky,ConvNeXt Large,head_model,4,1.0,0.5,1.0
window_side,12_20,streaky,ConvNeXt Large,head_model,5,1.0,0.5,1.0
window_side,12_20,streaky,ConvNeXt Large,head_model,6,1.0,0.5,1.0
window_side,12_20,streaky,ConvNeXt Large,head_model,7,1.0,0.5,1.0
window_side,12_20,streaky,ConvNeXt Large,head_model,8,1.0,0.5,1.0
window_side,12_20,streaky,ConvNeXt Large,head_model,9,1.0,0.5,1.0
window_side,12_20,streaky,ConvNeXt Large,head_model,10,1.0,0.5,1.0
window_side,12_20,streaky,ConvNeXt Small,head_model,1,1.0,0.5,1.0
window_side,12_20,streaky,ConvNeXt Small,head_model,2,1.0,0.5,1.0
window_side,12_20,streaky,ConvNeXt Small,head_model,3,1.0,0.5,1.0
window_side,12_20,streaky,ConvNeXt Small,head_model,4,1.0,0.5,1.0
window_side,12_20,streaky,ConvNeXt Small,head_model,5,1.0,0.5,1.0
window_side,12_20,streaky,ConvNeXt Small,head_model,6,1.0,0.5,1.0
window_side,12_20,streaky,ConvNeXt Small,head_model,7,1.0,0.5,1.0
window_side,12_20,streaky,ConvNeXt Small,head_model,8,1.0,0.5,1.0
window_side,12_20,streaky,ConvNeXt Small,head_model,9,1.0,0.5,1.0
window_side,12_20,streaky,ConvNeXt Small,head_model,10,1.0,0.5,1.0
window_side,12_20,streaky,ConvNeXt Tiny,head_model,1,1.0,0.5,1.0
window_side,12_20,streaky,ConvNeXt Tiny,head_model,2,1.0,0.5,1.0
window_side,12_20,streaky,ConvNeXt Tiny,head_model,3,1.0,0.5,1.0
window_side,12_20,streaky,ConvNeXt Tiny,head_model,4,1.0,0.5,1.0
window_side,12_20,streaky,ConvNeXt Tiny,head_model,5,1.0,0.5,1.0
window_side,12_20,streaky,ConvNeXt Tiny,head_model,6,1.0,0.5,1.0
window_side,12_20,streaky,ConvNeXt Tiny,head_model,7,1.0,0.5,1.0
window_side,12_20,streaky,ConvNeXt Tiny,head_model,8,1.0,0.5,1.0
window_side,12_20,streaky,ConvNeXt Tiny,head_model,9,1.0,0.5,1.0
window_side,12_20,streaky,ConvNeXt Tiny,head_model,10,1.0,0.5,1.0
window_side,12_20,streaky,DINOv3 ViT Base,head_model,1,1.0,0.5,1.0
window_side,12_20,streaky,DINOv3 ViT Base,head_model,2,1.0,0.5,1.0
window_side,12_20,streaky,DINOv3 ViT Base,head_model,3,1.0,0.5,1.0
window_side,12_20,streaky,DINOv3 ViT Base,head_model,4,1.0,0.5,1.0
window_side,12_20,streaky,DINOv3 ViT Base,head_model,5,1.0,0.5,1.0
window_side,12_20,streaky,DINOv3 ViT Base,head_model,6,1.0,0.5,1.0
window_side,12_20,streaky,DINOv3 ViT Base,head_model,7,1.0,0.5,1.0
window_side,12_20,streaky,DINOv3 ViT Base,head_model,8,1.0,0.5,1.0
window_side,12_20,streaky,DINOv3 ViT Base,head_model,9,1.0,0.5,1.0
window_side,12_20,streaky,DINOv3 ViT Base,head_model,10,1.0,0.5,1.0
window_side,12_20,streaky,ResNet18,head_model,1,1.0,0.5,1.0
window_side,12_20,streaky,ResNet18,head_model,2,1.0,0.5,1.0
window_side,12_20,streaky,ResNet18,head_model,3,1.0,0.5,1.0
window_side,12_20,streaky,ResNet18,head_model,4,1.0,0.5,1.0
window_side,12_20,streaky,ResNet18,head_model,5,1.0,0.5,1.0
window_side,12_20,streaky,ResNet18,head_model,6,1.0,0.5,1.0
window_side,12_20,streaky,ResNet18,head_model,7,1.0,0.5,1.0
window_side,12_20,streaky,ResNet18,head_model,8,1.0,0.5,1.0
window_side,12_20,streaky,ResNet18,head_model,9,1.0,0.5,1.0
window_side,12_20,streaky,ResNet18,head_model,10,1.0,0.5,1.0
window_side,12_20,streaky,ResNet50,head_model,1,1.0,0.5,1.0
window_side,12_20,streaky,ResNet50,head_model,2,1.0,0.5,1.0
window_side,12_20,streaky,ResNet50,head_model,3,1.0,0.5,1.0
window_side,12_20,streaky,ResNet50,head_model,4,1.0,0.5,1.0
window_side,12_20,streaky,ResNet50,head_model,5,1.0,0.5,1.0
window_side,12_20,streaky,ResNet50,head_model,6,1.0,0.5,1.0
window_side,12_20,streaky,ResNet50,head_model,7,1.0,0.5,1.0
window_side,12_20,streaky,ResNet50,head_model,8,1.0,0.5,1.0
window_side,12_20,streaky,ResNet50,head_model,9,1.0,0.5,1.0
window_side,12_20,streaky,ResNet50,head_model,10,1.0,0.5,1.0
window_side,12_20,streaky,VGG11,head_model,1,1.0,0.5,1.0
window_side,12_20,streaky,VGG11,head_model,2,1.0,0.5,1.0
window_side,12_20,streaky,VGG11,head_model,3,1.0,0.5,1.0
window_side,12_20,streaky,VGG11,head_model,4,1.0,0.5,1.0
window_side,12_20,streaky,VGG11,head_model,5,1.0,0.5,1.0
window_side,12_20,streaky,VGG11,head_model,6,1.0,0.5,1.0
window_side,12_20,streaky,VGG11,head_model,7,1.0,0.5,1.0
window_side,12_20,streaky,VGG11,head_model,8,1.0,0.5,1.0
window_side,12_20,streaky,VGG11,head_model,9,1.0,0.5,1.0
window_side,12_20,streaky,VGG11,head_model,10,1.0,0.5,1.0
window_side,12_20,streaky,VGG13,head_model,1,1.0,0.5,1.0
window_side,12_20,streaky,VGG13,head_model,2,1.0,0.5,1.0
window_side,12_20,streaky,VGG13,head_model,3,1.0,0.5,1.0
window_side,12_20,streaky,VGG13,head_model,4,1.0,0.5,1.0
window_side,12_20,streaky,VGG13,head_model,5,1.0,0.5,1.0
window_side,12_20,streaky,VGG13,head_model,6,1.0,0.5,1.0
window_side,12_20,streaky,VGG13,head_model,7,1.0,0.5,1.0
window_side,12_20,streaky,VGG13,head_model,8,1.0,0.5,1.0
window_side,12_20,streaky,VGG13,head_model,9,1.0,0.5,1.0
window_side,12_20,streaky,VGG13,head_model,10,1.0,0.5,1.0
window_side,12_20,streaky,VGG16,head_model,1,1.0,0.5,1.0
window_side,12_20,streaky,VGG16,head_model,2,1.0,0.5,1.0
window_side,12_20,streaky,VGG16,head_model,3,1.0,0.5,1.0
window_side,12_20,streaky,VGG16,head_model,4,1.0,0.5,1.0
window_side,12_20,streaky,VGG16,head_model,5,1.0,0.5,1.0
window_side,12_20,streaky,VGG16,head_model,6,1.0,0.5,1.0
window_side,12_20,streaky,VGG16,head_model,7,1.0,0.5,1.0
window_side,12_20,streaky,VGG16,head_model,8,1.0,0.5,1.0
window_side,12_20,streaky,VGG16,head_model,9,1.0,0.5,1.0
window_side,12_20,streaky,VGG16,head_model,10,1.0,0.5,1.0
window_side,12_20,streaky,VGG19,head_model,1,1.0,0.5,1.0
window_side,12_20,streaky,VGG19,head_model,2,1.0,0.5,1.0
window_side,12_20,streaky,VGG19,head_model,3,1.0,0.5,1.0
window_side,12_20,streaky,VGG19,head_model,4,1.0,0.5,1.0
window_side,12_20,streaky,VGG19,head_model,5,1.0,0.5,1.0
window_side,12_20,streaky,VGG19,head_model,6,1.0,0.5,1.0
window_side,12_20,streaky,VGG19,head_model,7,1.0,0.5,1.0
window_side,12_20,streaky,VGG19,head_model,8,1.0,0.5,1.0
window_side,12_20,streaky,VGG19,head_model,9,1.0,0.5,1.0
window_side,12_20,streaky,VGG19,head_model,10,1.0,0.5,1.0
window_side,12_20,streaky,ViT Base,head_model,1,1.0,0.5,1.0
window_side,12_20,streaky,ViT Base,head_model,2,1.0,0.5,1.0
window_side,12_20,streaky,ViT Base,head_model,3,1.0,0.5,1.0
window_side,12_20,streaky,ViT Base,head_model,4,1.0,0.5,1.0
window_side,12_20,streaky,ViT Base,head_model,5,1.0,0.5,1.0
window_side,12_20,streaky,ViT Base,head_model,6,1.0,0.5,1.0
window_side,12_20,streaky,ViT Base,head_model,7,1.0,0.5,1.0
window_side,12_20,streaky,ViT Base,head_model,8,1.0,0.5,1.0
window_side,12_20,streaky,ViT Base,head_model,9,1.0,0.5,1.0
window_side,12_20,streaky,ViT Base,head_model,10,1.0,0.5,1.0
window_side,12_20,streaky,ViT Large,head_model,1,1.0,0.5,1.0
window_side,12_20,streaky,ViT Large,head_model,2,1.0,0.5,1.0
window_side,12_20,streaky,ViT Large,head_model,3,1.0,0.5,1.0
window_side,12_20,streaky,ViT Large,head_model,4,1.0,0.5,1.0
window_side,12_20,streaky,ViT Large,head_model,5,1.0,0.5,1.0
window_side,12_20,streaky,ViT Large,head_model,6,1.0,0.5,1.0
window_side,12_20,streaky,ViT Large,head_model,7,1.0,0.5,1.0
window_side,12_20,streaky,ViT Large,head_model,8,1.0,0.5,1.0
window_side,12_20,streaky,ViT Large,head_model,9,1.0,0.5,1.0
window_side,12_20,streaky,ViT Large,head_model,10,1.0,0.5,1.0
window_side,12_20,streaky,ViT Small,head_model,1,1.0,0.5,1.0
window_side,12_20,streaky,ViT Small,head_model,2,1.0,0.5,1.0
window_side,12_20,streaky,ViT Small,head_model,3,1.0,0.5,1.0
window_side,12_20,streaky,ViT Small,head_model,4,1.0,0.5,1.0
window_side,12_20,streaky,ViT Small,head_model,5,1.0,0.5,1.0
window_side,12_20,streaky,ViT Small,head_model,6,1.0,0.5,1.0
window_side,12_20,streaky,ViT Small,head_model,7,1.0,0.5,1.0
window_side,12_20,streaky,ViT Small,head_model,8,1.0,0.5,1.0
window_side,12_20,streaky,ViT Small,head_model,9,1.0,0.5,1.0
window_side,12_20,streaky,ViT Small,head_model,10,1.0,0.5,1.0
window_side,6_10,pointy,ConvNeXt Base,head_model,1,1.0,0.5,1.0
window_side,6_10,pointy,ConvNeXt Base,head_model,2,1.0,0.5,1.0
window_side,6_10,pointy,ConvNeXt Base,head_model,3,1.0,0.5,1.0
window_side,6_10,pointy,ConvNeXt Base,head_model,4,1.0,0.5,1.0
window_side,6_10,pointy,ConvNeXt Base,head_model,5,1.0,0.5,1.0
window_side,6_10,pointy,ConvNeXt Base,head_model,6,1.0,0.5,1.0
window_side,6_10,pointy,ConvNeXt Base,head_model,7,1.0,0.5,1.0
window_side,6_10,pointy,ConvNeXt Base,head_model,8,1.0,0.5,1.0
window_side,6_10,pointy,ConvNeXt Base,head_model,9,1.0,0.5,1.0
window_side,6_10,pointy,ConvNeXt Base,head_model,10,1.0,0.5,1.0
window_side,6_10,pointy,ConvNeXt Large,head_model,1,1.0,0.5,1.0
window_side,6_10,pointy,ConvNeXt Large,head_model,2,1.0,0.5,1.0
window_side,6_10,pointy,ConvNeXt Large,head_model,3,1.0,0.5,1.0
window_side,6_10,pointy,ConvNeXt Large,head_model,4,1.0,0.5,1.0
window_side,6_10,pointy,ConvNeXt Large,head_model,5,1.0,0.5,1.0
window_side,6_10,pointy,ConvNeXt Large,head_model,6,1.0,0.5,1.0
window_side,6_10,pointy,ConvNeXt Large,head_model,7,1.0,0.5,1.0
window_side,6_10,pointy,ConvNeXt Large,head_model,8,1.0,0.5,1.0
window_side,6_10,pointy,ConvNeXt Large,head_model,9,1.0,0.5,1.0
window_side,6_10,pointy,ConvNeXt Large,head_model,10,1.0,0.5,1.0
window_side,6_10,pointy,ConvNeXt Small,head_model,1,1.0,0.5,1.0
window_side,6_10,pointy,ConvNeXt Small,head_model,2,1.0,0.5,1.0
window_side,6_10,pointy,ConvNeXt Small,head_model,3,1.0,0.5,1.0
window_side,6_10,pointy,ConvNeXt Small,head_model,4,1.0,0.5,1.0
window_side,6_10,pointy,ConvNeXt Small,head_model,5,1.0,0.5,1.0
window_side,6_10,pointy,ConvNeXt Small,head_model,6,1.0,0.5,1.0
window_side,6_10,pointy,ConvNeXt Small,head_model,7,1.0,0.5,1.0
window_side,6_10,pointy,ConvNeXt Small,head_model,8,1.0,0.5,1.0
window_side,6_10,pointy,ConvNeXt Small,head_model,9,1.0,0.5,1.0
window_side,6_10,pointy,ConvNeXt Small,head_model,10,1.0,0.5,1.0
window_side,6_10,pointy,ConvNeXt Tiny,head_model,1,1.0,0.5,1.0
window_side,6_10,pointy,ConvNeXt Tiny,head_model,2,1.0,0.5,1.0
window_side,6_10,pointy,ConvNeXt Tiny,head_model,3,1.0,0.5,1.0
window_side,6_10,pointy,ConvNeXt Tiny,head_model,4,1.0,0.5,1.0
window_side,6_10,pointy,ConvNeXt Tiny,head_model,5,1.0,0.5,1.0
window_side,6_10,pointy,ConvNeXt Tiny,head_model,6,1.0,0.5,1.0
window_side,6_10,pointy,ConvNeXt Tiny,head_model,7,1.0,0.5,1.0
window_side,6_10,pointy,ConvNeXt Tiny,head_model,8,1.0,0.5,1.0
window_side,6_10,pointy,ConvNeXt Tiny,head_model,9,1.0,0.5,1.0
window_side,6_10,pointy,ConvNeXt Tiny,head_model,10,1.0,0.5,1.0
window_side,6_10,pointy,DINOv3 ViT Base,head_model,1,1.0,0.5,1.0
window_side,6_10,pointy,DINOv3 ViT Base,head_model,2,1.0,0.5,1.0
window_side,6_10,pointy,DINOv3 ViT Base,head_model,3,1.0,0.5,1.0
window_side,6_10,pointy,DINOv3 ViT Base,head_model,4,1.0,0.5,1.0
window_side,6_10,pointy,DINOv3 ViT Base,head_model,5,1.0,0.5,1.0
window_side,6_10,pointy,DINOv3 ViT Base,head_model,6,1.0,0.5,1.0
window_side,6_10,pointy,DINOv3 ViT Base,head_model,7,1.0,0.5,1.0
window_side,6_10,pointy,DINOv3 ViT Base,head_model,8,1.0,0.5,1.0
window_side,6_10,pointy,DINOv3 ViT Base,head_model,9,1.0,0.5,1.0
window_side,6_10,pointy,DINOv3 ViT Base,head_model,10,1.0,0.5,1.0
window_side,6_10,pointy,ResNet18,head_model,1,1.0,0.5,1.0
window_side,6_10,pointy,ResNet18,head_model,2,1.0,0.5,1.0
window_side,6_10,pointy,ResNet18,head_model,3,1.0,0.5,1.0
window_side,6_10,pointy,ResNet18,head_model,4,1.0,0.5,1.0
window_side,6_10,pointy,ResNet18,head_model,5,1.0,0.5,1.0
window_side,6_10,pointy,ResNet18,head_model,6,1.0,0.5,1.0
window_side,6_10,pointy,ResNet18,head_model,7,1.0,0.5,1.0
window_side,6_10,pointy,ResNet18,head_model,8,1.0,0.5,1.0
window_side,6_10,pointy,ResNet18,head_model,9,1.0,0.5,1.0
window_side,6_10,pointy,ResNet18,head_model,10,1.0,0.5,1.0
window_side,6_10,pointy,ResNet50,head_model,1,1.0,0.5,1.0
window_side,6_10,pointy,ResNet50,head_model,2,1.0,0.5,1.0
window_side,6_10,pointy,ResNet50,head_model,3,1.0,0.5,1.0
window_side,6_10,pointy,ResNet50,head_model,4,1.0,0.5,1.0
window_side,6_10,pointy,ResNet50,head_model,5,1.0,0.5,1.0
window_side,6_10,pointy,ResNet50,head_model,6,1.0,0.5,1.0
window_side,6_10,pointy,ResNet50,head_model,7,1.0,0.5,1.0
window_side,6_10,pointy,ResNet50,head_model,8,1.0,0.5,1.0
window_side,6_10,pointy,ResNet50,head_model,9,1.0,0.5,1.0
window_side,6_10,pointy,ResNet50,head_model,10,1.0,0.5,1.0
window_side,6_10,pointy,VGG11,head_model,1,1.0,0.5,1.0
window_side,6_10,pointy,VGG11,head_model,2,1.0,0.5,1.0
window_side,6_10,pointy,VGG11,head_model,3,1.0,0.5,1.0
window_side,6_10,pointy,VGG11,head_model,4,1.0,0.5,1.0
window_side,6_10,pointy,VGG11,head_model,5,1.0,0.5,1.0
window_side,6_10,pointy,VGG11,head_model,6,1.0,0.5,1.0
window_side,6_10,pointy,VGG11,head_model,7,1.0,0.5,1.0
window_side,6_10,pointy,VGG11,head_model,8,1.0,0.5,1.0
window_side,6_10,pointy,VGG11,head_model,9,1.0,0.5,1.0
window_side,6_10,pointy,VGG11,head_model,10,1.0,0.5,1.0
window_side,6_10,pointy,VGG13,head_model,1,1.0,0.5,1.0
window_side,6_10,pointy,VGG13,head_model,2,1.0,0.5,1.0
window_side,6_10,pointy,VGG13,head_model,3,1.0,0.5,1.0
window_side,6_10,pointy,VGG13,head_model,4,1.0,0.5,1.0
window_side,6_10,pointy,VGG13,head_model,5,1.0,0.5,1.0
window_side,6_10,pointy,VGG13,head_model,6,1.0,0.5,1.0
window_side,6_10,pointy,VGG13,head_model,7,1.0,0.5,1.0
window_side,6_10,pointy,VGG13,head_model,8,1.0,0.5,1.0
window_side,6_10,pointy,VGG13,head_model,9,1.0,0.5,1.0
window_side,6_10,pointy,VGG13,head_model,10,1.0,0.5,1.0
window_side,6_10,pointy,VGG16,head_model,1,1.0,0.5,1.0
window_side,6_10,pointy,VGG16,head_model,2,1.0,0.5,1.0
window_side,6_10,pointy,VGG16,head_model,3,1.0,0.5,1.0
window_side,6_10,pointy,VGG16,head_model,4,1.0,0.5,1.0
window_side,6_10,pointy,VGG16,head_model,5,1.0,0.5,1.0
window_side,6_10,pointy,VGG16,head_model,6,1.0,0.5,1.0
window_side,6_10,pointy,VGG16,head_model,7,1.0,0.5,1.0
window_side,6_10,pointy,VGG16,head_model,8,1.0,0.5,1.0
window_side,6_10,pointy,VGG16,head_model,9,1.0,0.5,1.0
window_side,6_10,pointy,VGG16,head_model,10,1.0,0.5,1.0
window_side,6_10,pointy,VGG19,head_model,1,1.0,0.5,1.0
window_side,6_10,pointy,VGG19,head_model,2,1.0,0.5,1.0
window_side,6_10,pointy,VGG19,head_model,3,1.0,0.5,1.0
window_side,6_10,pointy,VGG19,head_model,4,1.0,0.5,1.0
window_side,6_10,pointy,VGG19,head_model,5,1.0,0.5,1.0
window_side,6_10,pointy,VGG19,head_model,6,1.0,0.5,1.0
window_side,6_10,pointy,VGG19,head_model,7,1.0,0.5,1.0
window_side,6_10,pointy,VGG19,head_model,8,1.0,0.5,1.0
window_side,6_10,pointy,VGG19,head_model,9,1.0,0.5,1.0
window_side,6_10,pointy,VGG19,head_model,10,1.0,0.5,1.0
window_side,6_10,pointy,ViT Base,head_model,1,1.0,0.5,1.0
window_side,6_10,pointy,ViT Base,head_model,2,1.0,0.5,1.0
window_side,6_10,pointy,ViT Base,head_model,3,1.0,0.5,1.0
window_side,6_10,pointy,ViT Base,head_model,4,1.0,0.5,1.0
window_side,6_10,pointy,ViT Base,head_model,5,1.0,0.5,1.0
window_side,6_10,pointy,ViT Base,head_model,6,1.0,0.5,1.0
window_side,6_10,pointy,ViT Base,head_model,7,1.0,0.5,1.0
window_side,6_10,pointy,ViT Base,head_model,8,1.0,0.5,1.0
window_side,6_10,pointy,ViT Base,head_model,9,1.0,0.5,1.0
window_side,6_10,pointy,ViT Base,head_model,10,1.0,0.5,1.0
window_side,6_10,pointy,ViT Large,head_model,1,1.0,0.5,1.0
window_side,6_10,pointy,ViT Large,head_model,2,1.0,0.5,1.0
window_side,6_10,pointy,ViT Large,head_model,3,1.0,0.5,1.0
window_side,6_10,pointy,ViT Large,head_model,4,1.0,0.5,1.0
window_side,6_10,pointy,ViT Large,head_model,5,1.0,0.5,1.0
window_side,6_10,pointy,ViT Large,head_model,6,1.0,0.5,1.0
window_side,6_10,pointy,ViT Large,head_model,7,1.0,0.5,1.0
window_side,6_10,pointy,ViT Large,head_model,8,1.0,0.5,1.0
window_side,6_10,pointy,ViT Large,head_model,9,1.0,0.5,1.0
window_side,6_10,pointy,ViT Large,head_model,10,1.0,0.5,1.0
window_side,6_10,pointy,ViT Small,head_model,1,1.0,0.5,1.0
window_side,6_10,pointy,ViT Small,head_model,2,1.0,0.5,1.0
window_side,6_10,pointy,ViT Small,head_model,3,1.0,0.5,1.0
window_side,6_10,pointy,ViT Small,head_model,4,1.0,0.5,1.0
window_side,6_10,pointy,ViT Small,head_model,5,1.0,0.5,1.0
window_side,6_10,pointy,ViT Small,head_model,6,1.0,0.5,1.0
window_side,6_10,pointy,ViT Small,head_model,7,1.0,0.5,1.0
window_side,6_10,pointy,ViT Small,head_model,8,1.0,0.5,1.0
window_side,6_10,pointy,ViT Small,head_model,9,1.0,0.5,1.0
window_side,6_10,pointy,ViT Small,head_model,10,1.0,0.5,1.0
window_side,6_10,streaky,ConvNeXt Base,head_model,1,1.0,0.5,1.0
window_side,6_10,streaky,ConvNeXt Base,head_model,2,1.0,0.5,1.0
window_side,6_10,streaky,ConvNeXt Base,head_model,3,1.0,0.5,1.0
window_side,6_10,streaky,ConvNeXt Base,head_model,4,1.0,0.5,1.0
window_side,6_10,streaky,ConvNeXt Base,head_model,5,1.0,0.5,1.0
window_side,6_10,streaky,ConvNeXt Base,head_model,6,1.0,0.5,1.0
window_side,6_10,streaky,ConvNeXt Base,head_model,7,1.0,0.5,1.0
window_side,6_10,streaky,ConvNeXt Base,head_model,8,1.0,0.5,1.0
window_side,6_10,streaky,ConvNeXt Base,head_model,9,1.0,0.5,1.0
window_side,6_10,streaky,ConvNeXt Base,head_model,10,1.0,0.5,1.0
window_side,6_10,streaky,ConvNeXt Large,head_model,1,1.0,0.5,1.0
window_side,6_10,streaky,ConvNeXt Large,head_model,2,1.0,0.5,1.0
window_side,6_10,streaky,ConvNeXt Large,head_model,3,1.0,0.5,1.0
window_side,6_10,streaky,ConvNeXt Large,head_model,4,1.0,0.5,1.0
window_side,6_10,streaky,ConvNeXt Large,head_model,5,1.0,0.5,1.0
window_side,6_10,streaky,ConvNeXt Large,head_model,6,1.0,0.5,1.0
window_side,6_10,streaky,ConvNeXt Large,head_model,7,1.0,0.5,1.0
window_side,6_10,streaky,ConvNeXt Large,head_model,8,1.0,0.5,1.0
window_side,6_10,streaky,ConvNeXt Large,head_model,9,1.0,0.5,1.0
window_side,6_10,streaky,ConvNeXt Large,head_model,10,1.0,0.5,1.0
window_side,6_10,streaky,ConvNeXt Small,head_model,1,1.0,0.5,1.0
window_side,6_10,streaky,ConvNeXt Small,head_model,2,1.0,0.5,1.0
window_side,6_10,streaky,ConvNeXt Small,head_model,3,1.0,0.5,1.0
window_side,6_10,streaky,ConvNeXt Small,head_model,4,1.0,0.5,1.0
window_side,6_10,streaky,ConvNeXt Small,head_model,5,1.0,0.5,1.0
window_side,6_10,streaky,ConvNeXt Small,head_model,6,1.0,0.5,1.0
window_side,6_10,streaky,ConvNeXt Small,head_model,7,1.0,0.5,1.0
window_side,6_10,streaky,ConvNeXt Small,head_model,8,1.0,0.5,1.0
window_side,6_10,streaky,ConvNeXt Small,head_model,9,1.0,0.5,1.0
window_side,6_10,streaky,ConvNeXt Small,head_model,10,1.0,0.5,1.0
window_side,6_10,streaky,ConvNeXt Tiny,head_model,1,1.0,0.5,1.0
window_side,6_10,streaky,ConvNeXt Tiny,head_model,2,1.0,0.5,1.0
window_side,6_10,streaky,ConvNeXt Tiny,head_model,3,1.0,0.5,1.0
window_side,6_10,streaky,ConvNeXt Tiny,head_model,4,1.0,0.5,1.0
window_side,6_10,streaky,ConvNeXt Tiny,head_model,5,1.0,0.5,1.0
window_side,6_10,streaky,ConvNeXt Tiny,head_model,6,1.0,0.5,1.0
window_side,6_10,streaky,ConvNeXt Tiny,head_model,7,1.0,0.5,1.0
window_side,6_10,streaky,ConvNeXt Tiny,head_model,8,1.0,0.5,1.0
window_side,6_10,streaky,ConvNeXt Tiny,head_model,9,1.0,0.5,1.0
window_side,6_10,streaky,ConvNeXt Tiny,head_model,10,1.0,0.5,1.0
window_side,6_10,streaky,DINOv3 ViT Base,head_model,1,1.0,0.5,1.0
window_side,6_10,streaky,DINOv3 ViT Base,head_model,2,1.0,0.5,1.0
window_side,6_10,streaky,DINOv3 ViT Base,head_model,3,1.0,0.5,1.0
window_side,6_10,streaky,DINOv3 ViT Base,head_model,4,1.0,0.5,1.0
window_side,6_10,streaky,DINOv3 ViT Base,head_model,5,1.0,0.5,1.0
window_side,6_10,streaky,DINOv3 ViT Base,head_model,6,1.0,0.5,1.0
window_side,6_10,streaky,DINOv3 ViT Base,head_model,7,1.0,0.5,1.0
window_side,6_10,streaky,DINOv3 ViT Base,head_model,8,1.0,0.5,1.0
window_side,6_10,streaky,DINOv3 ViT Base,head_model,9,1.0,0.5,1.0
window_side,6_10,streaky,DINOv3 ViT Base,head_model,10,1.0,0.5,1.0
window_side,6_10,streaky,ResNet18,head_model,1,1.0,0.5,1.0
window_side,6_10,streaky,ResNet18,head_model,2,1.0,0.5,1.0
window_side,6_10,streaky,ResNet18,head_model,3,1.0,0.5,1.0
window_side,6_10,streaky,ResNet18,head_model,4,1.0,0.5,1.0
window_side,6_10,streaky,ResNet18,head_model,5,1.0,0.5,1.0
window_side,6_10,streaky,ResNet18,head_model,6,1.0,0.5,1.0
window_side,6_10,streaky,ResNet18,head_model,7,1.0,0.5,1.0
window_side,6_10,streaky,ResNet18,head_model,8,1.0,0.5,1.0
window_side,6_10,streaky,ResNet18,head_model,9,1.0,0.5,1.0
window_side,6_10,streaky,ResNet18,head_model,10,1.0,0.5,1.0
window_side,6_10,streaky,ResNet50,head_model,1,1.0,0.5,1.0
window_side,6_10,streaky,ResNet50,head_model,2,1.0,0.5,1.0
window_side,6_10,streaky,ResNet50,head_model,3,1.0,0.5,1.0
window_side,6_10,streaky,ResNet50,head_model,4,1.0,0.5,1.0
window_side,6_10,streaky,ResNet50,head_model,5,1.0,0.5,1.0
window_side,6_10,streaky,ResNet50,head_model,6,1.0,0.5,1.0
window_side,6_10,streaky,ResNet50,head_model,7,1.0,0.5,1.0
window_side,6_10,streaky,ResNet50,head_model,8,1.0,0.5,1.0
window_side,6_10,streaky,ResNet50,head_model,9,1.0,0.5,1.0
window_side,6_10,streaky,ResNet50,head_model,10,1.0,0.5,1.0
window_side,6_10,streaky,VGG11,head_model,1,1.0,0.5,1.0
window_side,6_10,streaky,VGG11,head_model,2,1.0,0.5,1.0
window_side,6_10,streaky,VGG11,head_model,3,1.0,0.5,1.0
window_side,6_10,streaky,VGG11,head_model,4,1.0,0.5,1.0
window_side,6_10,streaky,VGG11,head_model,5,1.0,0.5,1.0
window_side,6_10,streaky,VGG11,head_model,6,1.0,0.5,1.0
window_side,6_10,streaky,VGG11,head_model,7,1.0,0.5,1.0
window_side,6_10,streaky,VGG11,head_model,8,1.0,0.5,1.0
window_side,6_10,streaky,VGG11,head_model,9,1.0,0.5,1.0
window_side,6_10,streaky,VGG11,head_model,10,1.0,0.5,1.0
window_side,6_10,streaky,VGG13,head_model,1,1.0,0.5,1.0
window_side,6_10,streaky,VGG13,head_model,2,1.0,0.5,1.0
window_side,6_10,streaky,VGG13,head_model,3,1.0,0.5,1.0
window_side,6_10,streaky,VGG13,head_model,4,1.0,0.5,1.0
window_side,6_10,streaky,VGG13,head_model,5,1.0,0.5,1.0
window_side,6_10,streaky,VGG13,head_model,6,1.0,0.5,1.0
window_side,6_10,streaky,VGG13,head_model,7,1.0,0.5,1.0
window_side,6_10,streaky,VGG13,head_model,8,1.0,0.5,1.0
window_side,6_10,streaky,VGG13,head_model,9,1.0,0.5,1.0
window_side,6_10,streaky,VGG13,head_model,10,1.0,0.5,1.0
window_side,6_10,streaky,VGG16,head_model,1,1.0,0.5,1.0
window_side,6_10,streaky,VGG16,head_model,2,1.0,0.5,1.0
window_side,6_10,streaky,VGG16,head_model,3,1.0,0.5,1.0
window_side,6_10,streaky,VGG16,head_model,4,1.0,0.5,1.0
window_side,6_10,streaky,VGG16,head_model,5,1.0,0.5,1.0
window_side,6_10,streaky,VGG16,head_model,6,1.0,0.5,1.0
window_side,6_10,streaky,VGG16,head_model,7,1.0,0.5,1.0
window_side,6_10,streaky,VGG16,head_model,8,1.0,0.5,1.0
window_side,6_10,streaky,VGG16,head_model,9,1.0,0.5,1.0
window_side,6_10,streaky,VGG16,head_model,10,1.0,0.5,1.0
window_side,6_10,streaky,VGG19,head_model,1,1.0,0.5,1.0
window_side,6_10,streaky,VGG19,head_model,2,1.0,0.5,1.0
window_side,6_10,streaky,VGG19,head_model,3,1.0,0.5,1.0
window_side,6_10,streaky,VGG19,head_model,4,1.0,0.5,1.0
window_side,6_10,streaky,VGG19,head_model,5,1.0,0.5,1.0
window_side,6_10,streaky,VGG19,head_model,6,1.0,0.5,1.0
window_side,6_10,streaky,VGG19,head_model,7,1.0,0.5,1.0
window_side,6_10,streaky,VGG19,head_model,8,1.0,0.5,1.0
window_side,6_10,streaky,VGG19,head_model,9,1.0,0.5,1.0
window_side,6_10,streaky,VGG19,head_model,10,1.0,0.5,1.0
window_side,6_10,streaky,ViT Base,head_model,1,1.0,0.5,1.0
window_side,6_10,streaky,ViT Base,head_model,2,1.0,0.5,1.0
window_side,6_10,streaky,ViT Base,head_model,3,1.0,0.5,1.0
window_side,6_10,streaky,ViT Base,head_model,4,1.0,0.5,1.0
window_side,6_10,streaky,ViT Base,head_model,5,1.0,0.5,1.0
window_side,6_10,streaky,ViT Base,head_model,6,1.0,0.5,1.0
window_side,6_10,streaky,ViT Base,head_model,7,1.0,0.5,1.0
window_side,6_10,streaky,ViT Base,head_model,8,1.0,0.5,1.0
window_side,6_10,streaky,ViT Base,head_model,9,1.0,0.5,1.0
window_side,6_10,streaky,ViT Base,head_model,10,1.0,0.5,1.0
window_side,6_10,streaky,ViT Large,head_model,1,1.0,0.5,1.0
window_side,6_10,streaky,ViT Large,head_model,2,1.0,0.5,1.0
window_side,6_10,streaky,ViT Large,head_model,3,1.0,0.5,1.0
window_side,6_10,streaky,ViT Large,head_model,4,1.0,0.5,1.0
window_side,6_10,streaky,ViT Large,head_model,5,1.0,0.5,1.0
window_side,6_10,streaky,ViT Large,head_model,6,1.0,0.5,1.0
window_side,6_10,streaky,ViT Large,head_model,7,1.0,0.5,1.0
window_side,6_10,streaky,ViT Large,head_model,8,1.0,0.5,1.0
window_side,6_10,streaky,ViT Large,head_model,9,1.0,0.5,1.0
window_side,6_10,streaky,ViT Large,head_model,10,1.0,0.5,1.0
window_side,6_10,streaky,ViT Small,head_model,1,1.0,0.5,1.0
window_side,6_10,streaky,ViT Small,head_model,2,1.0,0.5,1.0
window_side,6_10,streaky,ViT Small,head_model,3,1.0,0.5,1.0
window_side,6_10,streaky,ViT Small,head_model,4,1.0,0.5,1.0
window_side,6_10,streaky,ViT Small,head_model,5,1.0,0.5,1.0
window_side,6_10,streaky,ViT Small,head_model,6,1.0,0.5,1.0
window_side,6_10,streaky,ViT Small,head_model,7,1.0,0.5,1.0
window_side,6_10,streaky,ViT Small,head_model,8,1.0,0.5,1.0
window_side,6_10,streaky,ViT Small,head_model,9,1.0,0.5,1.0
window_side,6_10,streaky,ViT Small,head_model,10,1.0,0.5,1.0
window_side,6_15,pointy,ConvNeXt Base,head_model,1,1.0,0.5,1.0
window_side,6_15,pointy,ConvNeXt Base,head_model,2,1.0,0.5,1.0
window_side,6_15,pointy,ConvNeXt Base,head_model,3,1.0,0.5,1.0
window_side,6_15,pointy,ConvNeXt Base,head_model,4,1.0,0.5,1.0
window_side,6_15,pointy,ConvNeXt Base,head_model,5,1.0,0.5,1.0
window_side,6_15,pointy,ConvNeXt Base,head_model,6,1.0,0.5,1.0
window_side,6_15,pointy,ConvNeXt Base,head_model,7,1.0,0.5,1.0
window_side,6_15,pointy,ConvNeXt Base,head_model,8,1.0,0.5,1.0
window_side,6_15,pointy,ConvNeXt Base,head_model,9,1.0,0.5,1.0
window_side,6_15,pointy,ConvNeXt Base,head_model,10,1.0,0.5,1.0
window_side,6_15,pointy,ConvNeXt Large,head_model,1,1.0,0.5,1.0
window_side,6_15,pointy,ConvNeXt Large,head_model,2,1.0,0.5,1.0
window_side,6_15,pointy,ConvNeXt Large,head_model,3,1.0,0.5,1.0
window_side,6_15,pointy,ConvNeXt Large,head_model,4,1.0,0.5,1.0
window_side,6_15,pointy,ConvNeXt Large,head_model,5,1.0,0.5,1.0
window_side,6_15,pointy,ConvNeXt Large,head_model,6,1.0,0.5,1.0
window_side,6_15,pointy,ConvNeXt Large,head_model,7,1.0,0.5,1.0
window_side,6_15,pointy,ConvNeXt Large,head_model,8,1.0,0.5,1.0
window_side,6_15,pointy,ConvNeXt Large,head_model,9,1.0,0.5,1.0
window_side,6_15,pointy,ConvNeXt Large,head_model,10,1.0,0.5,1.0
window_side,6_15,pointy,ConvNeXt Small,head_model,1,1.0,0.5,1.0
window_side,6_15,pointy,ConvNeXt Small,head_model,2,1.0,0.5,1.0
window_side,6_15,pointy,ConvNeXt Small,head_model,3,1.0,0.5,1.0
window_side,6_15,pointy,ConvNeXt Small,head_model,4,1.0,0.5,1.0
window_side,6_15,pointy,ConvNeXt Small,head_model,5,1.0,0.5,1.0
window_side,6_15,pointy,ConvNeXt Small,head_model,6,1.0,0.5,1.0
window_side,6_15,pointy,ConvNeXt Small,head_model,7,1.0,0.5,1.0
window_side,6_15,pointy,ConvNeXt Small,head_model,8,1.0,0.5,1.0
window_side,6_15,pointy,ConvNeXt Small,head_model,9,1.0,0.5,1.0
window_side,6_15,pointy,ConvNeXt Small,head_model,10,1.0,0.5,1.0
window_side,6_15,pointy,ConvNeXt Tiny,head_model,1,1.0,0.5,1.0
window_side,6_15,pointy,ConvNeXt Tiny,head_model,2,1.0,0.5,1.0
window_side,6_15,pointy,ConvNeXt Tiny,head_model,3,1.0,0.5,1.0
window_side,6_15,pointy,ConvNeXt Tiny,head_model,4,1.0,0.5,1.0
window_side,6_15,pointy,ConvNeXt Tiny,head_model,5,1.0,0.5,1.0
window_side,6_15,pointy,ConvNeXt Tiny,head_model,6,1.0,0.5,1.0
window_side,6_15,pointy,ConvNeXt Tiny,head_model,7,1.0,0.5,1.0
window_side,6_15,pointy,ConvNeXt Tiny,head_model,8,1.0,0.5,1.0
window_side,6_15,pointy,ConvNeXt Tiny,head_model,9,1.0,0.5,1.0
window_side,6_15,pointy,ConvNeXt Tiny,head_model,10,1.0,0.5,1.0
window_side,6_15,pointy,DINOv3 ViT Base,head_model,1,1.0,0.5,1.0
window_side,6_15,pointy,DINOv3 ViT Base,head_model,2,1.0,0.5,1.0
window_side,6_15,pointy,DINOv3 ViT Base,head_model,3,1.0,0.5,1.0
window_side,6_15,pointy,DINOv3 ViT Base,head_model,4,1.0,0.5,1.0
window_side,6_15,pointy,DINOv3 ViT Base,head_model,5,1.0,0.5,1.0
window_side,6_15,pointy,DINOv3 ViT Base,head_model,6,1.0,0.5,1.0
window_side,6_15,pointy,DINOv3 ViT Base,head_model,7,1.0,0.5,1.0
window_side,6_15,pointy,DINOv3 ViT Base,head_model,8,1.0,0.5,1.0
window_side,6_15,pointy,DINOv3 ViT Base,head_model,9,1.0,0.5,1.0
window_side,6_15,pointy,DINOv3 ViT Base,head_model,10,1.0,0.5,1.0
window_side,6_15,pointy,ResNet18,head_model,1,1.0,0.5,1.0
window_side,6_15,pointy,ResNet18,head_model,2,1.0,0.5,1.0
window_side,6_15,pointy,ResNet18,head_model,3,1.0,0.5,1.0
window_side,6_15,pointy,ResNet18,head_model,4,1.0,0.5,1.0
window_side,6_15,pointy,ResNet18,head_model,5,1.0,0.5,1.0
window_side,6_15,pointy,ResNet18,head_model,6,1.0,0.5,1.0
window_side,6_15,pointy,ResNet18,head_model,7,1.0,0.5,1.0
window_side,6_15,pointy,ResNet18,head_model,8,1.0,0.5,1.0
window_side,6_15,pointy,ResNet18,head_model,9,1.0,0.5,1.0
window_side,6_15,pointy,ResNet18,head_model,10,1.0,0.5,1.0
window_side,6_15,pointy,ResNet50,head_model,1,1.0,0.5,1.0
window_side,6_15,pointy,ResNet50,head_model,2,1.0,0.5,1.0
window_side,6_15,pointy,ResNet50,head_model,3,1.0,0.5,1.0
window_side,6_15,pointy,ResNet50,head_model,4,1.0,0.5,1.0
window_side,6_15,pointy,ResNet50,head_model,5,1.0,0.5,1.0
window_side,6_15,pointy,ResNet50,head_model,6,1.0,0.5,1.0
window_side,6_15,pointy,ResNet50,head_model,7,1.0,0.5,1.0
window_side,6_15,pointy,ResNet50,head_model,8,1.0,0.5,1.0
window_side,6_15,pointy,ResNet50,head_model,9,1.0,0.5,1.0
window_side,6_15,pointy,ResNet50,head_model,10,1.0,0.5,1.0
window_side,6_15,pointy,VGG11,head_model,1,1.0,0.5,1.0
window_side,6_15,pointy,VGG11,head_model,2,1.0,0.5,1.0
window_side,6_15,pointy,VGG11,head_model,3,1.0,0.5,1.0
window_side,6_15,pointy,VGG11,head_model,4,1.0,0.5,1.0
window_side,6_15,pointy,VGG11,head_model,5,1.0,0.5,1.0
window_side,6_15,pointy,VGG11,head_model,6,1.0,0.5,1.0
window_side,6_15,pointy,VGG11,head_model,7,1.0,0.5,1.0
window_side,6_15,pointy,VGG11,head_model,8,1.0,0.5,1.0
window_side,6_15,pointy,VGG11,head_model,9,1.0,0.5,1.0
window_side,6_15,pointy,VGG11,head_model,10,1.0,0.5,1.0
window_side,6_15,pointy,VGG13,head_model,1,1.0,0.5,1.0
window_side,6_15,pointy,VGG13,head_model,2,1.0,0.5,1.0
window_side,6_15,pointy,VGG13,head_model,3,1.0,0.5,1.0
window_side,6_15,pointy,VGG13,head_model,4,1.0,0.5,1.0
window_side,6_15,pointy,VGG13,head_model,5,1.0,0.5,1.0
window_side,6_15,pointy,VGG13,head_model,6,1.0,0.5,1.0
window_side,6_15,pointy,VGG13,head_model,7,1.0,0.5,1.0
window_side,6_15,pointy,VGG13,head_model,8,1.0,0.5,1.0
window_side,6_15,pointy,VGG13,head_model,9,1.0,0.5,1.0
window_side,6_15,pointy,VGG13,head_model,10,1.0,0.5,1.0
window_side,6_15,pointy,VGG16,head_model,1,1.0,0.5,1.0
window_side,6_15,pointy,VGG16,head_model,2,1.0,0.5,1.0
window_side,6_15,pointy,VGG16,head_model,3,1.0,0.5,1.0
window_side,6_15,pointy,VGG16,head_model,4,1.0,0.5,1.0
window_side,6_15,pointy,VGG16,head_model,5,1.0,0.5,1.0
window_side,6_15,pointy,VGG16,head_model,6,1.0,0.5,1.0
window_side,6_15,pointy,VGG16,head_model,7,1.0,0.5,1.0
window_side,6_15,pointy,VGG16,head_model,8,1.0,0.5,1.0
window_side,6_15,pointy,VGG16,head_model,9,1.0,0.5,1.0
window_side,6_15,pointy,VGG16,head_model,10,1.0,0.5,1.0
window_side,6_15,pointy,VGG19,head_model,1,1.0,0.5,1.0
window_side,6_15,pointy,VGG19,head_model,2,1.0,0.5,1.0
window_side,6_15,pointy,VGG19,head_model,3,1.0,0.5,1.0
window_side,6_15,pointy,VGG19,head_model,4,1.0,0.5,1.0
window_side,6_15,pointy,VGG19,head_model,5,1.0,0.5,1.0
window_side,6_15,pointy,VGG19,head_model,6,1.0,0.5,1.0
window_side,6_15,pointy,VGG19,head_model,7,1.0,0.5,1.0
window_side,6_15,pointy,VGG19,head_model,8,1.0,0.5,1.0
window_side,6_15,pointy,VGG19,head_model,9,1.0,0.5,1.0
window_side,6_15,pointy,VGG19,head_model,10,1.0,0.5,1.0
window_side,6_15,pointy,ViT Base,head_model,1,1.0,0.5,1.0
window_side,6_15,pointy,ViT Base,head_model,2,1.0,0.5,1.0
window_side,6_15,pointy,ViT Base,head_model,3,1.0,0.5,1.0
window_side,6_15,pointy,ViT Base,head_model,4,1.0,0.5,1.0
window_side,6_15,pointy,ViT Base,head_model,5,1.0,0.5,1.0
window_side,6_15,pointy,ViT Base,head_model,6,1.0,0.5,1.0
window_side,6_15,pointy,ViT Base,head_model,7,1.0,0.5,1.0
window_side,6_15,pointy,ViT Base,head_model,8,1.0,0.5,1.0
window_side,6_15,pointy,ViT Base,head_model,9,1.0,0.5,1.0
window_side,6_15,pointy,ViT Base,head_model,10,1.0,0.5,1.0
window_side,6_15,pointy,ViT Large,head_model,1,1.0,0.5,1.0
window_side,6_15,pointy,ViT Large,head_model,2,1.0,0.5,1.0
window_side,6_15,pointy,ViT Large,head_model,3,1.0,0.5,1.0
window_side,6_15,pointy,ViT Large,head_model,4,1.0,0.5,1.0
window_side,6_15,pointy,ViT Large,head_model,5,1.0,0.5,1.0
window_side,6_15,pointy,ViT Large,head_model,6,1.0,0.5,1.0
window_side,6_15,pointy,ViT Large,head_model,7,1.0,0.5,1.0
window_side,6_15,pointy,ViT Large,head_model,8,1.0,0.5,1.0
window_side,6_15,pointy,ViT Large,head_model,9,1.0,0.5,1.0
window_side,6_15,pointy,ViT Large,head_model,10,1.0,0.5,1.0
window_side,6_15,pointy,ViT Small,head_model,1,1.0,0.5,1.0
window_side,6_15,pointy,ViT Small,head_model,2,1.0,0.5,1.0
window_side,6_15,pointy,ViT Small,head_model,3,1.0,0.5,1.0
window_side,6_15,pointy,ViT Small,head_model,4,1.0,0.5,1.0
window_side,6_15,pointy,ViT Small,head_model,5,1.0,0.5,1.0
window_side,6_15,pointy,ViT Small,head_model,6,1.0,0.5,1.0
window_side,6_15,pointy,ViT Small,head_model,7,1.0,0.5,1.0
window_side,6_15,pointy,ViT Small,head_model,8,1.0,0.5,1.0
window_side,6_15,pointy,ViT Small,head_model,9,1.0,0.5,1.0
window_side,6_15,pointy,ViT Small,head_model,10,1.0,0.5,1.0
window_side,6_15,streaky,ConvNeXt Base,head_model,1,1.0,0.5,1.0
window_side,6_15,streaky,ConvNeXt Base,head_model,2,1.0,0.5,1.0
window_side,6_15,streaky,ConvNeXt Base,head_model,3,1.0,0.5,1.0
window_side,6_15,streaky,ConvNeXt Base,head_model,4,1.0,0.5,1.0
window_side,6_15,streaky,ConvNeXt Base,head_model,5,1.0,0.5,1.0
window_side,6_15,streaky,ConvNeXt Base,head_model,6,1.0,0.5,1.0
window_side,6_15,streaky,ConvNeXt Base,head_model,7,1.0,0.5,1.0
window_side,6_15,streaky,ConvNeXt Base,head_model,8,1.0,0.5,1.0
window_side,6_15,streaky,ConvNeXt Base,head_model,9,1.0,0.5,1.0
window_side,6_15,streaky,ConvNeXt Base,head_model,10,1.0,0.5,1.0
window_side,6_15,streaky,ConvNeXt Large,head_model,1,1.0,0.5,1.0
window_side,6_15,streaky,ConvNeXt Large,head_model,2,1.0,0.5,1.0
window_side,6_15,streaky,ConvNeXt Large,head_model,3,1.0,0.5,1.0
window_side,6_15,streaky,ConvNeXt Large,head_model,4,1.0,0.5,1.0
window_side,6_15,streaky,ConvNeXt Large,head_model,5,1.0,0.5,1.0
window_side,6_15,streaky,ConvNeXt Large,head_model,6,1.0,0.5,1.0
window_side,6_15,streaky,ConvNeXt Large,head_model,7,1.0,0.5,1.0
window_side,6_15,streaky,ConvNeXt Large,head_model,8,1.0,0.5,1.0
window_side,6_15,streaky,ConvNeXt Large,head_model,9,1.0,0.5,1.0
window_side,6_15,streaky,ConvNeXt Large,head_model,10,1.0,0.5,1.0
window_side,6_15,streaky,ConvNeXt Small,head_model,1,1.0,0.5,1.0
window_side,6_15,streaky,ConvNeXt Small,head_model,2,1.0,0.5,1.0
window_side,6_15,streaky,ConvNeXt Small,head_model,3,1.0,0.5,1.0
window_side,6_15,streaky,ConvNeXt Small,head_model,4,1.0,0.5,1.0
window_side,6_15,streaky,ConvNeXt Small,head_model,5,1.0,0.5,1.0
window_side,6_15,streaky,ConvNeXt Small,head_model,6,1.0,0.5,1.0
window_side,6_15,streaky,ConvNeXt Small,head_model,7,1.0,0.5,1.0
window_side,6_15,streaky,ConvNeXt Small,head_model,8,1.0,0.5,1.0
window_side,6_15,streaky,ConvNeXt Small,head_model,9,1.0,0.5,1.0
window_side,6_15,streaky,ConvNeXt Small,head_model,10,1.0,0.5,1.0
window_side,6_15,streaky,ConvNeXt Tiny,head_model,1,1.0,0.5,1.0
window_side,6_15,streaky,ConvNeXt Tiny,head_model,2,1.0,0.5,1.0
window_side,6_15,streaky,ConvNeXt Tiny,head_model,3,1.0,0.5,1.0
window_side,6_15,streaky,ConvNeXt Tiny,head_model,4,1.0,0.5,1.0
window_side,6_15,streaky,ConvNeXt Tiny,head_model,5,1.0,0.5,1.0
window_side,6_15,streaky,ConvNeXt Tiny,head_model,6,1.0,0.5,1.0
window_side,6_15,streaky,ConvNeXt Tiny,head_model,7,1.0,0.5,1.0
window_side,6_15,streaky,ConvNeXt Tiny,head_model,8,1.0,0.5,1.0
window_side,6_15,streaky,ConvNeXt Tiny,head_model,9,1.0,0.5,1.0
window_side,6_15,streaky,ConvNeXt Tiny,head_model,10,1.0,0.5,1.0
window_side,6_15,streaky,DINOv3 ViT Base,head_model,1,1.0,0.5,1.0
window_side,6_15,streaky,DINOv3 ViT Base,head_model,2,1.0,0.5,1.0
window_side,6_15,streaky,DINOv3 ViT Base,head_model,3,1.0,0.5,1.0
window_side,6_15,streaky,DINOv3 ViT Base,head_model,4,1.0,0.5,1.0
window_side,6_15,streaky,DINOv3 ViT Base,head_model,5,1.0,0.5,1.0
window_side,6_15,streaky,DINOv3 ViT Base,head_model,6,1.0,0.5,1.0
window_side,6_15,streaky,DINOv3 ViT Base,head_model,7,1.0,0.5,1.0
window_side,6_15,streaky,DINOv3 ViT Base,head_model,8,1.0,0.5,1.0
window_side,6_15,streaky,DINOv3 ViT Base,head_model,9,1.0,0.5,1.0
window_side,6_15,streaky,DINOv3 ViT Base,head_model,10,1.0,0.5,1.0
window_side,6_15,streaky,ResNet18,head_model,1,1.0,0.5,1.0
window_side,6_15,streaky,ResNet18,head_model,2,1.0,0.5,1.0
window_side,6_15,streaky,ResNet18,head_model,3,1.0,0.5,1.0
window_side,6_15,streaky,ResNet18,head_model,4,1.0,0.5,1.0
window_side,6_15,streaky,ResNet18,head_model,5,1.0,0.5,1.0
window_side,6_15,streaky,ResNet18,head_model,6,1.0,0.5,1.0
window_side,6_15,streaky,ResNet18,head_model,7,1.0,0.5,1.0
window_side,6_15,streaky,ResNet18,head_model,8,1.0,0.5,1.0
window_side,6_15,streaky,ResNet18,head_model,9,1.0,0.5,1.0
window_side,6_15,streaky,ResNet18,head_model,10,1.0,0.5,1.0
window_side,6_15,streaky,ResNet50,head_model,1,1.0,0.5,1.0
window_side,6_15,streaky,ResNet50,head_model,2,1.0,0.5,1.0
window_side,6_15,streaky,ResNet50,head_model,3,1.0,0.5,1.0
window_side,6_15,streaky,ResNet50,head_model,4,1.0,0.5,1.0
window_side,6_15,streaky,ResNet50,head_model,5,1.0,0.5,1.0
window_side,6_15,streaky,ResNet50,head_model,6,1.0,0.5,1.0
window_side,6_15,streaky,ResNet50,head_model,7,1.0,0.5,1.0
window_side,6_15,streaky,ResNet50,head_model,8,1.0,0.5,1.0
window_side,6_15,streaky,ResNet50,head_model,9,1.0,0.5,1.0
window_side,6_15,streaky,ResNet50,head_model,10,1.0,0.5,1.0
window_side,6_15,streaky,VGG11,head_model,1,1.0,0.5,1.0
window_side,6_15,streaky,VGG11,head_model,2,1.0,0.5,1.0
window_side,6_15,streaky,VGG11,head_model,3,1.0,0.5,1.0
window_side,6_15,streaky,VGG11,head_model,4,1.0,0.5,1.0
window_side,6_15,streaky,VGG11,head_model,5,1.0,0.5,1.0
window_side,6_15,streaky,VGG11,head_model,6,1.0,0.5,1.0
window_side,6_15,streaky,VGG11,head_model,7,1.0,0.5,1.0
window_side,6_15,streaky,VGG11,head_model,8,1.0,0.5,1.0
window_side,6_15,streaky,VGG11,head_model,9,1.0,0.5,1.0
window_side,6_15,streaky,VGG11,head_model,10,1.0,0.5,1.0
window_side,6_15,streaky,VGG13,head_model,1,1.0,0.5,1.0
window_side,6_15,streaky,VGG13,head_model,2,1.0,0.5,1.0
window_side,6_15,streaky,VGG13,head_model,3,1.0,0.5,1.0
window_side,6_15,streaky,VGG13,head_model,4,1.0,0.5,1.0
window_side,6_15,streaky,VGG13,head_model,5,1.0,0.5,1.0
window_side,6_15,streaky,VGG13,head_model,6,1.0,0.5,1.0
window_side,6_15,streaky,VGG13,head_model,7,1.0,0.5,1.0
window_side,6_15,streaky,VGG13,head_model,8,1.0,0.5,1.0
window_side,6_15,streaky,VGG13,head_model,9,1.0,0.5,1.0
window_side,6_15,streaky,VGG13,head_model,10,1.0,0.5,1.0
window_side,6_15,streaky,VGG16,head_model,1,1.0,0.5,1.0
window_side,6_15,streaky,VGG16,head_model,2,1.0,0.5,1.0
window_side,6_15,streaky,VGG16,head_model,3,1.0,0.5,1.0
window_side,6_15,streaky,VGG16,head_model,4,1.0,0.5,1.0
window_side,6_15,streaky,VGG16,head_model,5,1.0,0.5,1.0
window_side,6_15,streaky,VGG16,head_model,6,1.0,0.5,1.0
window_side,6_15,streaky,VGG16,head_model,7,1.0,0.5,1.0
window_side,6_15,streaky,VGG16,head_model,8,1.0,0.5,1.0
window_side,6_15,streaky,VGG16,head_model,9,1.0,0.5,1.0
window_side,6_15,streaky,VGG16,head_model,10,1.0,0.5,1.0
window_side,6_15,streaky,VGG19,head_model,1,1.0,0.5,1.0
window_side,6_15,streaky,VGG19,head_model,2,1.0,0.5,1.0
window_side,6_15,streaky,VGG19,head_model,3,1.0,0.5,1.0
window_side,6_15,streaky,VGG19,head_model,4,1.0,0.5,1.0
window_side,6_15,streaky,VGG19,head_model,5,1.0,0.5,1.0
window_side,6_15,streaky,VGG19,head_model,6,1.0,0.5,1.0
window_side,6_15,streaky,VGG19,head_model,7,1.0,0.5,1.0
window_side,6_15,streaky,VGG19,head_model,8,1.0,0.5,1.0
window_side,6_15,streaky,VGG19,head_model,9,1.0,0.5,1.0
window_side,6_15,streaky,VGG19,head_model,10,1.0,0.5,1.0
window_side,6_15,streaky,ViT Base,head_model,1,1.0,0.5,1.0
window_side,6_15,streaky,ViT Base,head_model,2,1.0,0.5,1.0
window_side,6_15,streaky,ViT Base,head_model,3,1.0,0.5,1.0
window_side,6_15,streaky,ViT Base,head_model,4,1.0,0.5,1.0
window_side,6_15,streaky,ViT Base,head_model,5,1.0,0.5,1.0
window_side,6_15,streaky,ViT Base,head_model,6,1.0,0.5,1.0
window_side,6_15,streaky,ViT Base,head_model,7,1.0,0.5,1.0
window_side,6_15,streaky,ViT Base,head_model,8,1.0,0.5,1.0
window_side,6_15,streaky,ViT Base,head_model,9,1.0,0.5,1.0
window_side,6_15,streaky,ViT Base,head_model,10,1.0,0.5,1.0
window_side,6_15,streaky,ViT Large,head_model,1,1.0,0.5,1.0
window_side,6_15,streaky,ViT Large,head_model,2,1.0,0.5,1.0
window_side,6_15,streaky,ViT Large,head_model,3,1.0,0.5,1.0
window_side,6_15,streaky,ViT Large,head_model,4,1.0,0.5,1.0
window_side,6_15,streaky,ViT Large,head_model,5,1.0,0.5,1.0
window_side,6_15,streaky,ViT Large,head_model,6,1.0,0.5,1.0
window_side,6_15,streaky,ViT Large,head_model,7,1.0,0.5,1.0
window_side,6_15,streaky,ViT Large,head_model,8,1.0,0.5,1.0
window_side,6_15,streaky,ViT Large,head_model,9,1.0,0.5,1.0
window_side,6_15,streaky,ViT Large,head_model,10,1.0,0.5,1.0
window_side,6_15,streaky,ViT Small,head_model,1,1.0,0.5,1.0
window_side,6_15,streaky,ViT Small,head_model,2,1.0,0.5,1.0
window_side,6_15,streaky,ViT Small,head_model,3,1.0,0.5,1.0
window_side,6_15,streaky,ViT Small,head_model,4,1.0,0.5,1.0
window_side,6_15,streaky,ViT Small,head_model,5,1.0,0.5,1.0
window_side,6_15,streaky,ViT Small,head_model,6,1.0,0.5,1.0
window_side,6_15,streaky,ViT Small,head_model,7,1.0,0.5,1.0
window_side,6_15,streaky,ViT Small,head_model,8,1.0,0.5,1.0
window_side,6_15,streaky,ViT Small,head_model,9,1.0,0.5,1.0
window_side,6_15,streaky,ViT Small,head_model,10,1.0,0.5,1.0
window_side,6_20,pointy,ConvNeXt Base,head_model,1,1.0,0.5,1.0
window_side,6_20,pointy,ConvNeXt Base,head_model,2,1.0,0.5,1.0
window_side,6_20,pointy,ConvNeXt Base,head_model,3,1.0,0.5,1.0
window_side,6_20,pointy,ConvNeXt Base,head_model,4,1.0,0.5,1.0
window_side,6_20,pointy,ConvNeXt Base,head_model,5,1.0,0.5,1.0
window_side,6_20,pointy,ConvNeXt Base,head_model,6,1.0,0.5,1.0
window_side,6_20,pointy,ConvNeXt Base,head_model,7,1.0,0.5,1.0
window_side,6_20,pointy,ConvNeXt Base,head_model,8,1.0,0.5,1.0
window_side,6_20,pointy,ConvNeXt Base,head_model,9,1.0,0.5,1.0
window_side,6_20,pointy,ConvNeXt Base,head_model,10,1.0,0.5,1.0
window_side,6_20,pointy,ConvNeXt Large,head_model,1,1.0,0.5,1.0
window_side,6_20,pointy,ConvNeXt Large,head_model,2,1.0,0.5,1.0
window_side,6_20,pointy,ConvNeXt Large,head_model,3,1.0,0.5,1.0
window_side,6_20,pointy,ConvNeXt Large,head_model,4,1.0,0.5,1.0
window_side,6_20,pointy,ConvNeXt Large,head_model,5,1.0,0.5,1.0
window_side,6_20,pointy,ConvNeXt Large,head_model,6,1.0,0.5,1.0
window_side,6_20,pointy,ConvNeXt Large,head_model,7,1.0,0.5,1.0
window_side,6_20,pointy,ConvNeXt Large,head_model,8,1.0,0.5,1.0
window_side,6_20,pointy,ConvNeXt Large,head_model,9,1.0,0.5,1.0
window_side,6_20,pointy,ConvNeXt Large,head_model,10,1.0,0.5,1.0
window_side,6_20,pointy,ConvNeXt Small,head_model,1,1.0,0.5,1.0
window_side,6_20,pointy,ConvNeXt Small,head_model,2,1.0,0.5,1.0
window_side,6_20,pointy,ConvNeXt Small,head_model,3,1.0,0.5,1.0
window_side,6_20,pointy,ConvNeXt Small,head_model,4,1.0,0.5,1.0
window_side,6_20,pointy,ConvNeXt Small,head_model,5,1.0,0.5,1.0
window_side,6_20,pointy,ConvNeXt Small,head_model,6,1.0,0.5,1.0
window_side,6_20,pointy,ConvNeXt Small,head_model,7,1.0,0.5,1.0
window_side,6_20,pointy,ConvNeXt Small,head_model,8,1.0,0.5,1.0
window_side,6_20,pointy,ConvNeXt Small,head_model,9,1.0,0.5,1.0
window_side,6_20,pointy,ConvNeXt Small,head_model,10,1.0,0.5,1.0
window_side,6_20,pointy,ConvNeXt Tiny,head_model,1,1.0,0.5,1.0
window_side,6_20,pointy,ConvNeXt Tiny,head_model,2,1.0,0.5,1.0
window_side,6_20,pointy,ConvNeXt Tiny,head_model,3,1.0,0.5,1.0
window_side,6_20,pointy,ConvNeXt Tiny,head_model,4,1.0,0.5,1.0
window_side,6_20,pointy,ConvNeXt Tiny,head_model,5,1.0,0.5,1.0
window_side,6_20,pointy,ConvNeXt Tiny,head_model,6,1.0,0.5,1.0
window_side,6_20,pointy,ConvNeXt Tiny,head_model,7,1.0,0.5,1.0
window_side,6_20,pointy,ConvNeXt Tiny,head_model,8,1.0,0.5,1.0
window_side,6_20,pointy,ConvNeXt Tiny,head_model,9,1.0,0.5,1.0
window_side,6_20,pointy,ConvNeXt Tiny,head_model,10,1.0,0.5,1.0
window_side,6_20,pointy,DINOv3 ViT Base,head_model,1,1.0,0.5,1.0
window_side,6_20,pointy,DINOv3 ViT Base,head_model,2,1.0,0.5,1.0
window_side,6_20,pointy,DINOv3 ViT Base,head_model,3,1.0,0.5,1.0
window_side,6_20,pointy,DINOv3 ViT Base,head_model,4,1.0,0.5,1.0
window_side,6_20,pointy,DINOv3 ViT Base,head_model,5,1.0,0.5,1.0
window_side,6_20,pointy,DINOv3 ViT Base,head_model,6,1.0,0.5,1.0
window_side,6_20,pointy,DINOv3 ViT Base,head_model,7,1.0,0.5,1.0
window_side,6_20,pointy,DINOv3 ViT Base,head_model,8,1.0,0.5,1.0
window_side,6_20,pointy,DINOv3 ViT Base,head_model,9,1.0,0.5,1.0
window_side,6_20,pointy,DINOv3 ViT Base,head_model,10,1.0,0.5,1.0
window_side,6_20,pointy,ResNet18,head_model,1,1.0,0.5,1.0
window_side,6_20,pointy,ResNet18,head_model,2,1.0,0.5,1.0
window_side,6_20,pointy,ResNet18,head_model,3,1.0,0.5,1.0
window_side,6_20,pointy,ResNet18,head_model,4,1.0,0.5,1.0
window_side,6_20,pointy,ResNet18,head_model,5,1.0,0.5,1.0
window_side,6_20,pointy,ResNet18,head_model,6,1.0,0.5,1.0
window_side,6_20,pointy,ResNet18,head_model,7,1.0,0.5,1.0
window_side,6_20,pointy,ResNet18,head_model,8,1.0,0.5,1.0
window_side,6_20,pointy,ResNet18,head_model,9,1.0,0.5,1.0
window_side,6_20,pointy,ResNet18,head_model,10,1.0,0.5,1.0
window_side,6_20,pointy,ResNet50,head_model,1,1.0,0.5,1.0
window_side,6_20,pointy,ResNet50,head_model,2,1.0,0.5,1.0
window_side,6_20,pointy,ResNet50,head_model,3,1.0,0.5,1.0
window_side,6_20,pointy,ResNet50,head_model,4,1.0,0.5,1.0
window_side,6_20,pointy,ResNet50,head_model,5,1.0,0.5,1.0
window_side,6_20,pointy,ResNet50,head_model,6,1.0,0.5,1.0
window_side,6_20,pointy,ResNet50,head_model,7,1.0,0.5,1.0
window_side,6_20,pointy,ResNet50,head_model,8,1.0,0.5,1.0
window_side,6_20,pointy,ResNet50,head_model,9,1.0,0.5,1.0
window_side,6_20,pointy,ResNet50,head_model,10,1.0,0.5,1.0
window_side,6_20,pointy,VGG11,head_model,1,1.0,0.5,1.0
window_side,6_20,pointy,VGG11,head_model,2,1.0,0.5,1.0
window_side,6_20,pointy,VGG11,head_model,3,1.0,0.5,1.0
window_side,6_20,pointy,VGG11,head_model,4,1.0,0.5,1.0
window_side,6_20,pointy,VGG11,head_model,5,1.0,0.5,1.0
window_side,6_20,pointy,VGG11,head_model,6,1.0,0.5,1.0
window_side,6_20,pointy,VGG11,head_model,7,1.0,0.5,1.0
window_side,6_20,pointy,VGG11,head_model,8,1.0,0.5,1.0
window_side,6_20,pointy,VGG11,head_model,9,1.0,0.5,1.0
window_side,6_20,pointy,VGG11,head_model,10,1.0,0.5,1.0
window_side,6_20,pointy,VGG13,head_model,1,1.0,0.5,1.0
window_side,6_20,pointy,VGG13,head_model,2,1.0,0.5,1.0
window_side,6_20,pointy,VGG13,head_model,3,1.0,0.5,1.0
window_side,6_20,pointy,VGG13,head_model,4,1.0,0.5,1.0
window_side,6_20,pointy,VGG13,head_model,5,1.0,0.5,1.0
window_side,6_20,pointy,VGG13,head_model,6,1.0,0.5,1.0
window_side,6_20,pointy,VGG13,head_model,7,1.0,0.5,1.0
window_side,6_20,pointy,VGG13,head_model,8,1.0,0.5,1.0
window_side,6_20,pointy,VGG13,head_model,9,1.0,0.5,1.0
window_side,6_20,pointy,VGG13,head_model,10,1.0,0.5,1.0
window_side,6_20,pointy,VGG16,head_model,1,1.0,0.5,1.0
window_side,6_20,pointy,VGG16,head_model,2,1.0,0.5,1.0
window_side,6_20,pointy,VGG16,head_model,3,1.0,0.5,1.0
window_side,6_20,pointy,VGG16,head_model,4,1.0,0.5,1.0
window_side,6_20,pointy,VGG16,head_model,5,1.0,0.5,1.0
window_side,6_20,pointy,VGG16,head_model,6,1.0,0.5,1.0
window_side,6_20,pointy,VGG16,head_model,7,1.0,0.5,1.0
window_side,6_20,pointy,VGG16,head_model,8,1.0,0.5,1.0
window_side,6_20,pointy,VGG16,head_model,9,1.0,0.5,1.0
window_side,6_20,pointy,VGG16,head_model,10,1.0,0.5,1.0
window_side,6_20,pointy,VGG19,head_model,1,1.0,0.5,1.0
window_side,6_20,pointy,VGG19,head_model,2,1.0,0.5,1.0
window_side,6_20,pointy,VGG19,head_model,3,1.0,0.5,1.0
window_side,6_20,pointy,VGG19,head_model,4,1.0,0.5,1.0
window_side,6_20,pointy,VGG19,head_model,5,1.0,0.5,1.0
window_side,6_20,pointy,VGG19,head_model,6,1.0,0.5,1.0
window_side,6_20,pointy,VGG19,head_model,7,1.0,0.5,1.0
window_side,6_20,pointy,VGG19,head_model,8,1.0,0.5,1.0
window_side,6_20,pointy,VGG19,head_model,9,1.0,0.5,1.0
window_side,6_20,pointy,VGG19,head_model,10,1.0,0.5,1.0
window_side,6_20,pointy,ViT Base,head_model,1,1.0,0.5,1.0
window_side,6_20,pointy,ViT Base,head_model,2,1.0,0.5,1.0
window_side,6_20,pointy,ViT Base,head_model,3,1.0,0.5,1.0
window_side,6_20,pointy,ViT Base,head_model,4,1.0,0.5,1.0
window_side,6_20,pointy,ViT Base,head_model,5,1.0,0.5,1.0
window_side,6_20,pointy,ViT Base,head_model,6,1.0,0.5,1.0
window_side,6_20,pointy,ViT Base,head_model,7,1.0,0.5,1.0
window_side,6_20,pointy,ViT Base,head_model,8,1.0,0.5,1.0
window_side,6_20,pointy,ViT Base,head_model,9,1.0,0.5,1.0
window_side,6_20,pointy,ViT Base,head_model,10,1.0,0.5,1.0
window_side,6_20,pointy,ViT Large,head_model,1,1.0,0.5,1.0
window_side,6_20,pointy,ViT Large,head_model,2,1.0,0.5,1.0
window_side,6_20,pointy,ViT Large,head_model,3,1.0,0.5,1.0
window_side,6_20,pointy,ViT Large,head_model,4,1.0,0.5,1.0
window_side,6_20,pointy,ViT Large,head_model,5,1.0,0.5,1.0
window_side,6_20,pointy,ViT Large,head_model,6,1.0,0.5,1.0
window_side,6_20,pointy,ViT Large,head_model,7,1.0,0.5,1.0
window_side,6_20,pointy,ViT Large,head_model,8,1.0,0.5,1.0
window_side,6_20,pointy,ViT Large,head_model,9,1.0,0.5,1.0
window_side,6_20,pointy,ViT Large,head_model,10,1.0,0.5,1.0
window_side,6_20,pointy,ViT Small,head_model,1,1.0,0.5,1.0
window_side,6_20,pointy,ViT Small,head_model,2,1.0,0.5,1.0
window_side,6_20,pointy,ViT Small,head_model,3,1.0,0.5,1.0
window_side,6_20,pointy,ViT Small,head_model,4,1.0,0.5,1.0
window_side,6_20,pointy,ViT Small,head_model,5,1.0,0.5,1.0
window_side,6_20,pointy,ViT Small,head_model,6,1.0,0.5,1.0
window_side,6_20,pointy,ViT Small,head_model,7,1.0,0.5,1.0
window_side,6_20,pointy,ViT Small,head_model,8,1.0,0.5,1.0
window_side,6_20,pointy,ViT Small,head_model,9,1.0,0.5,1.0
window_side,6_20,pointy,ViT Small,head_model,10,1.0,0.5,1.0
window_side,6_20,streaky,ConvNeXt Base,head_model,1,1.0,0.5,1.0
window_side,6_20,streaky,ConvNeXt Base,head_model,2,1.0,0.5,1.0
window_side,6_20,streaky,ConvNeXt Base,head_model,3,1.0,0.5,1.0
window_side,6_20,streaky,ConvNeXt Base,head_model,4,1.0,0.5,1.0
window_side,6_20,streaky,ConvNeXt Base,head_model,5,1.0,0.5,1.0
window_side,6_20,streaky,ConvNeXt Base,head_model,6,1.0,0.5,1.0
window_side,6_20,streaky,ConvNeXt Base,head_model,7,1.0,0.5,1.0
window_side,6_20,streaky,ConvNeXt Base,head_model,8,1.0,0.5,1.0
window_side,6_20,streaky,ConvNeXt Base,head_model,9,1.0,0.5,1.0
window_side,6_20,streaky,ConvNeXt Base,head_model,10,1.0,0.5,1.0
window_side,6_20,streaky,ConvNeXt Large,head_model,1,1.0,0.5,1.0
window_side,6_20,streaky,ConvNeXt Large,head_model,2,1.0,0.5,1.0
window_side,6_20,streaky,ConvNeXt Large,head_model,3,1.0,0.5,1.0
window_side,6_20,streaky,ConvNeXt Large,head_model,4,1.0,0.5,1.0
window_side,6_20,streaky,ConvNeXt Large,head_model,5,1.0,0.5,1.0
window_side,6_20,streaky,ConvNeXt Large,head_model,6,1.0,0.5,1.0
window_side,6_20,streaky,ConvNeXt Large,head_model,7,1.0,0.5,1.0
window_side,6_20,streaky,ConvNeXt Large,head_model,8,1.0,0.5,1.0
window_side,6_20,streaky,ConvNeXt Large,head_model,9,1.0,0.5,1.0
window_side,6_20,streaky,ConvNeXt Large,head_model,10,1.0,0.5,1.0
window_side,6_20,streaky,ConvNeXt Small,head_model,1,1.0,0.5,1.0
window_side,6_20,streaky,ConvNeXt Small,head_model,2,1.0,0.5,1.0
window_side,6_20,streaky,ConvNeXt Small,head_model,3,1.0,0.5,1.0
window_side,6_20,streaky,ConvNeXt Small,head_model,4,1.0,0.5,1.0
window_side,6_20,streaky,ConvNeXt Small,head_model,5,1.0,0.5,1.0
window_side,6_20,streaky,ConvNeXt Small,head_model,6,1.0,0.5,1.0
window_side,6_20,streaky,ConvNeXt Small,head_model,7,1.0,0.5,1.0
window_side,6_20,streaky,ConvNeXt Small,head_model,8,1.0,0.5,1.0
window_side,6_20,streaky,ConvNeXt Small,head_model,9,1.0,0.5,1.0
window_side,6_20,streaky,ConvNeXt Small,head_model,10,1.0,0.5,1.0
window_side,6_20,streaky,ConvNeXt Tiny,head_model,1,1.0,0.5,1.0
window_side,6_20,streaky,ConvNeXt Tiny,head_model,2,1.0,0.5,1.0
window_side,6_20,streaky,ConvNeXt Tiny,head_model,3,1.0,0.5,1.0
window_side,6_20,streaky,ConvNeXt Tiny,head_model,4,1.0,0.5,1.0
window_side,6_20,streaky,ConvNeXt Tiny,head_model,5,1.0,0.5,1.0
window_side,6_20,streaky,ConvNeXt Tiny,head_model,6,1.0,0.5,1.0
window_side,6_20,streaky,ConvNeXt Tiny,head_model,7,1.0,0.5,1.0
window_side,6_20,streaky,ConvNeXt Tiny,head_model,8,1.0,0.5,1.0
window_side,6_20,streaky,ConvNeXt Tiny,head_model,9,1.0,0.5,1.0
window_side,6_20,streaky,ConvNeXt Tiny,head_model,10,1.0,0.5,1.0
window_side,6_20,streaky,DINOv3 ViT Base,head_model,1,1.0,0.5,1.0
window_side,6_20,streaky,DINOv3 ViT Base,head_model,2,1.0,0.5,1.0
window_side,6_20,streaky,DINOv3 ViT Base,head_model,3,1.0,0.5,1.0
window_side,6_20,streaky,DINOv3 ViT Base,head_model,4,1.0,0.5,1.0
window_side,6_20,streaky,DINOv3 ViT Base,head_model,5,1.0,0.5,1.0
window_side,6_20,streaky,DINOv3 ViT Base,head_model,6,1.0,0.5,1.0
window_side,6_20,streaky,DINOv3 ViT Base,head_model,7,1.0,0.5,1.0
window_side,6_20,streaky,DINOv3 ViT Base,head_model,8,1.0,0.5,1.0
window_side,6_20,streaky,DINOv3 ViT Base,head_model,9,1.0,0.5,1.0
window_side,6_20,streaky,DINOv3 ViT Base,head_model,10,1.0,0.5,1.0
window_side,6_20,streaky,ResNet18,head_model,1,1.0,0.5,1.0
window_side,6_20,streaky,ResNet18,head_model,2,1.0,0.5,1.0
window_side,6_20,streaky,ResNet18,head_model,3,1.0,0.5,1.0
window_side,6_20,streaky,ResNet18,head_model,4,1.0,0.5,1.0
window_side,6_20,streaky,ResNet18,head_model,5,1.0,0.5,1.0
window_side,6_20,streaky,ResNet18,head_model,6,1.0,0.5,1.0
window_side,6_20,streaky,ResNet18,head_model,7,1.0,0.5,1.0
window_side,6_20,streaky,ResNet18,head_model,8,1.0,0.5,1.0
window_side,6_20,streaky,ResNet18,head_model,9,1.0,0.5,1.0
window_side,6_20,streaky,ResNet18,head_model,10,1.0,0.5,1.0
window_side,6_20,streaky,ResNet50,head_model,1,1.0,0.5,1.0
window_side,6_20,streaky,ResNet50,head_model,2,1.0,0.5,1.0
window_side,6_20,streaky,ResNet50,head_model,3,1.0,0.5,1.0
window_side,6_20,streaky,ResNet50,head_model,4,1.0,0.5,1.0
window_side,6_20,streaky,ResNet50,head_model,5,1.0,0.5,1.0
window_side,6_20,streaky,ResNet50,head_model,6,1.0,0.5,1.0
window_side,6_20,streaky,ResNet50,head_model,7,1.0,0.5,1.0
window_side,6_20,streaky,ResNet50,head_model,8,1.0,0.5,1.0
window_side,6_20,streaky,ResNet50,head_model,9,1.0,0.5,1.0
window_side,6_20,streaky,ResNet50,head_model,10,1.0,0.5,1.0
window_side,6_20,streaky,VGG11,head_model,1,1.0,0.5,1.0
window_side,6_20,streaky,VGG11,head_model,2,1.0,0.5,1.0
window_side,6_20,streaky,VGG11,head_model,3,1.0,0.5,1.0
window_side,6_20,streaky,VGG11,head_model,4,1.0,0.5,1.0
window_side,6_20,streaky,VGG11,head_model,5,1.0,0.5,1.0
window_side,6_20,streaky,VGG11,head_model,6,1.0,0.5,1.0
window_side,6_20,streaky,VGG11,head_model,7,1.0,0.5,1.0
window_side,6_20,streaky,VGG11,head_model,8,1.0,0.5,1.0
window_side,6_20,streaky,VGG11,head_model,9,1.0,0.5,1.0
window_side,6_20,streaky,VGG11,head_model,10,1.0,0.5,1.0
window_side,6_20,streaky,VGG13,head_model,1,1.0,0.5,1.0
window_side,6_20,streaky,VGG13,head_model,2,1.0,0.5,1.0
window_side,6_20,streaky,VGG13,head_model,3,1.0,0.5,1.0
window_side,6_20,streaky,VGG13,head_model,4,1.0,0.5,1.0
window_side,6_20,streaky,VGG13,head_model,5,1.0,0.5,1.0
window_side,6_20,streaky,VGG13,head_model,6,1.0,0.5,1.0
window_side,6_20,streaky,VGG13,head_model,7,1.0,0.5,1.0
window_side,6_20,streaky,VGG13,head_model,8,1.0,0.5,1.0
window_side,6_20,streaky,VGG13,head_model,9,1.0,0.5,1.0
window_side,6_20,streaky,VGG13,head_model,10,1.0,0.5,1.0
window_side,6_20,streaky,VGG16,head_model,1,1.0,0.5,1.0
window_side,6_20,streaky,VGG16,head_model,2,1.0,0.5,1.0
window_side,6_20,streaky,VGG16,head_model,3,1.0,0.5,1.0
window_side,6_20,streaky,VGG16,head_model,4,1.0,0.5,1.0
window_side,6_20,streaky,VGG16,head_model,5,1.0,0.5,1.0
window_side,6_20,streaky,VGG16,head_model,6,1.0,0.5,1.0
window_side,6_20,streaky,VGG16,head_model,7,1.0,0.5,1.0
window_side,6_20,streaky,VGG16,head_model,8,1.0,0.5,1.0
window_side,6_20,streaky,VGG16,head_model,9,1.0,0.5,1.0
window_side,6_20,streaky,VGG16,head_model,10,1.0,0.5,1.0
window_side,6_20,streaky,VGG19,head_model,1,1.0,0.5,1.0
window_side,6_20,streaky,VGG19,head_model,2,1.0,0.5,1.0
window_side,6_20,streaky,VGG19,head_model,3,1.0,0.5,1.0
window_side,6_20,streaky,VGG19,head_model,4,1.0,0.5,1.0
window_side,6_20,streaky,VGG19,head_model,5,1.0,0.5,1.0
window_side,6_20,streaky,VGG19,head_model,6,1.0,0.5,1.0
window_side,6_20,streaky,VGG19,head_model,7,1.0,0.5,1.0
window_side,6_20,streaky,VGG19,head_model,8,1.0,0.5,1.0
window_side,6_20,streaky,VGG19,head_model,9,1.0,0.5,1.0
window_side,6_20,streaky,VGG19,head_model,10,1.0,0.5,1.0
window_side,6_20,streaky,ViT Base,head_model,1,1.0,0.5,1.0
window_side,6_20,streaky,ViT Base,head_model,2,1.0,0.5,1.0
window_side,6_20,streaky,ViT Base,head_model,3,1.0,0.5,1.0
window_side,6_20,streaky,ViT Base,head_model,4,1.0,0.5,1.0
window_side,6_20,streaky,ViT Base,head_model,5,1.0,0.5,1.0
window_side,6_20,streaky,ViT Base,head_model,6,1.0,0.5,1.0
window_side,6_20,streaky,ViT Base,head_model,7,1.0,0.5,1.0
window_side,6_20,streaky,ViT Base,head_model,8,1.0,0.5,1.0
window_side,6_20,streaky,ViT Base,head_model,9,1.0,0.5,1.0
window_side,6_20,streaky,ViT Base,head_model,10,1.0,0.5,1.0
window_side,6_20,streaky,ViT Large,head_model,1,1.0,0.5,1.0
window_side,6_20,streaky,ViT Large,head_model,2,1.0,0.5,1.0
window_side,6_20,streaky,ViT Large,head_model,3,1.0,0.5,1.0
window_side,6_20,streaky,ViT Large,head_model,4,1.0,0.5,1.0
window_side,6_20,streaky,ViT Large,head_model,5,1.0,0.5,1.0
window_side,6_20,streaky,ViT Large,head_model,6,1.0,0.5,1.0
window_side,6_20,streaky,ViT Large,head_model,7,1.0,0.5,1.0
window_side,6_20,streaky,ViT Large,head_model,8,1.0,0.5,1.0
window_side,6_20,streaky,ViT Large,head_model,9,1.0,0.5,1.0
window_side,6_20,streaky,ViT Large,head_model,10,1.0,0.5,1.0
window_side,6_20,streaky,ViT Small,head_model,1,1.0,0.5,1.0
window_side,6_20,streaky,ViT Small,head_model,2,1.0,0.5,1.0
window_side,6_20,streaky,ViT Small,head_model,3,1.0,0.5,1.0
window_side,6_20,streaky,ViT Small,head_model,4,1.0,0.5,1.0
window_side,6_20,streaky,ViT Small,head_model,5,1.0,0.5,1.0
window_side,6_20,streaky,ViT Small,head_model,6,1.0,0.5,1.0
window_side,6_20,streaky,ViT Small,head_model,7,1.0,0.5,1.0
window_side,6_20,streaky,ViT Small,head_model,8,1.0,0.5,1.0
window_side,6_20,streaky,ViT Small,head_model,9,1.0,0.5,1.0
window_side,6_20,streaky,ViT Small,head_model,10,1.0,0.5,1.0
window_side,9_10,pointy,ConvNeXt Base,head_model,1,1.0,0.5,1.0
window_side,9_10,pointy,ConvNeXt Base,head_model,2,1.0,0.5,1.0
window_side,9_10,pointy,ConvNeXt Base,head_model,3,1.0,0.5,1.0
window_side,9_10,pointy,ConvNeXt Base,head_model,4,1.0,0.5,1.0
window_side,9_10,pointy,ConvNeXt Base,head_model,5,1.0,0.5,1.0
window_side,9_10,pointy,ConvNeXt Base,head_model,6,1.0,0.5,1.0
window_side,9_10,pointy,ConvNeXt Base,head_model,7,1.0,0.5,1.0
window_side,9_10,pointy,ConvNeXt Base,head_model,8,1.0,0.5,1.0
window_side,9_10,pointy,ConvNeXt Base,head_model,9,1.0,0.5,1.0
window_side,9_10,pointy,ConvNeXt Base,head_model,10,1.0,0.5,1.0
window_side,9_10,pointy,ConvNeXt Large,head_model,1,1.0,0.5,1.0
window_side,9_10,pointy,ConvNeXt Large,head_model,2,1.0,0.5,1.0
window_side,9_10,pointy,ConvNeXt Large,head_model,3,1.0,0.5,1.0
window_side,9_10,pointy,ConvNeXt Large,head_model,4,1.0,0.5,1.0
window_side,9_10,pointy,ConvNeXt Large,head_model,5,1.0,0.5,1.0
window_side,9_10,pointy,ConvNeXt Large,head_model,6,1.0,0.5,1.0
window_side,9_10,pointy,ConvNeXt Large,head_model,7,1.0,0.5,1.0
window_side,9_10,pointy,ConvNeXt Large,head_model,8,1.0,0.5,1.0
window_side,9_10,pointy,ConvNeXt Large,head_model,9,1.0,0.5,1.0
window_side,9_10,pointy,ConvNeXt Large,head_model,10,1.0,0.5,1.0
window_side,9_10,pointy,ConvNeXt Small,head_model,1,1.0,0.5,1.0
window_side,9_10,pointy,ConvNeXt Small,head_model,2,1.0,0.5,1.0
window_side,9_10,pointy,ConvNeXt Small,head_model,3,1.0,0.5,1.0
window_side,9_10,pointy,ConvNeXt Small,head_model,4,1.0,0.5,1.0
window_side,9_10,pointy,ConvNeXt Small,head_model,5,1.0,0.5,1.0
window_side,9_10,pointy,ConvNeXt Small,head_model,6,1.0,0.5,1.0
window_side,9_10,pointy,ConvNeXt Small,head_model,7,1.0,0.5,1.0
window_side,9_10,pointy,ConvNeXt Small,head_model,8,1.0,0.5,1.0
window_side,9_10,pointy,ConvNeXt Small,head_model,9,1.0,0.5,1.0
window_side,9_10,pointy,ConvNeXt Small,head_model,10,1.0,0.5,1.0
window_side,9_10,pointy,ConvNeXt Tiny,head_model,1,1.0,0.5,1.0
window_side,9_10,pointy,ConvNeXt Tiny,head_model,2,1.0,0.5,1.0
window_side,9_10,pointy,ConvNeXt Tiny,head_model,3,1.0,0.5,1.0
window_side,9_10,pointy,ConvNeXt Tiny,head_model,4,1.0,0.5,1.0
window_side,9_10,pointy,ConvNeXt Tiny,head_model,5,1.0,0.5,1.0
window_side,9_10,pointy,ConvNeXt Tiny,head_model,6,1.0,0.5,1.0
window_side,9_10,pointy,ConvNeXt Tiny,head_model,7,1.0,0.5,1.0
window_side,9_10,pointy,ConvNeXt Tiny,head_model,8,1.0,0.5,1.0
window_side,9_10,pointy,ConvNeXt Tiny,head_model,9,1.0,0.5,1.0
window_side,9_10,pointy,ConvNeXt Tiny,head_model,10,1.0,0.5,1.0
window_side,9_10,pointy,DINOv3 ViT Base,head_model,1,1.0,0.5,1.0
window_side,9_10,pointy,DINOv3 ViT Base,head_model,2,1.0,0.5,1.0
window_side,9_10,pointy,DINOv3 ViT Base,head_model,3,1.0,0.5,1.0
window_side,9_10,pointy,DINOv3 ViT Base,head_model,4,1.0,0.5,1.0
window_side,9_10,pointy,DINOv3 ViT Base,head_model,5,1.0,0.5,1.0
window_side,9_10,pointy,DINOv3 ViT Base,head_model,6,1.0,0.5,1.0
window_side,9_10,pointy,DINOv3 ViT Base,head_model,7,1.0,0.5,1.0
window_side,9_10,pointy,DINOv3 ViT Base,head_model,8,1.0,0.5,1.0
window_side,9_10,pointy,DINOv3 ViT Base,head_model,9,1.0,0.5,1.0
window_side,9_10,pointy,DINOv3 ViT Base,head_model,10,1.0,0.5,1.0
window_side,9_10,pointy,ResNet18,head_model,1,1.0,0.5,1.0
window_side,9_10,pointy,ResNet18,head_model,2,1.0,0.5,1.0
window_side,9_10,pointy,ResNet18,head_model,3,1.0,0.5,1.0
window_side,9_10,pointy,ResNet18,head_model,4,1.0,0.5,1.0
window_side,9_10,pointy,ResNet18,head_model,5,1.0,0.5,1.0
window_side,9_10,pointy,ResNet18,head_model,6,1.0,0.5,1.0
window_side,9_10,pointy,ResNet18,head_model,7,1.0,0.5,1.0
window_side,9_10,pointy,ResNet18,head_model,8,1.0,0.5,1.0
window_side,9_10,pointy,ResNet18,head_model,9,1.0,0.5,1.0
window_side,9_10,pointy,ResNet18,head_model,10,1.0,0.5,1.0
window_side,9_10,pointy,ResNet50,head_model,1,1.0,0.5,1.0
window_side,9_10,pointy,ResNet50,head_model,2,1.0,0.5,1.0
window_side,9_10,pointy,ResNet50,head_model,3,1.0,0.5,1.0
window_side,9_10,pointy,ResNet50,head_model,4,1.0,0.5,1.0
window_side,9_10,pointy,ResNet50,head_model,5,1.0,0.5,1.0
window_side,9_10,pointy,ResNet50,head_model,6,1.0,0.5,1.0
window_side,9_10,pointy,ResNet50,head_model,7,1.0,0.5,1.0
window_side,9_10,pointy,ResNet50,head_model,8,1.0,0.5,1.0
window_side,9_10,pointy,ResNet50,head_model,9,1.0,0.5,1.0
window_side,9_10,pointy,ResNet50,head_model,10,1.0,0.5,1.0
window_side,9_10,pointy,VGG11,head_model,1,1.0,0.5,1.0
window_side,9_10,pointy,VGG11,head_model,2,1.0,0.5,1.0
window_side,9_10,pointy,VGG11,head_model,3,1.0,0.5,1.0
window_side,9_10,pointy,VGG11,head_model,4,1.0,0.5,1.0
window_side,9_10,pointy,VGG11,head_model,5,1.0,0.5,1.0
window_side,9_10,pointy,VGG11,head_model,6,1.0,0.5,1.0
window_side,9_10,pointy,VGG11,head_model,7,1.0,0.5,1.0
window_side,9_10,pointy,VGG11,head_model,8,1.0,0.5,1.0
window_side,9_10,pointy,VGG11,head_model,9,1.0,0.5,1.0
window_side,9_10,pointy,VGG11,head_model,10,1.0,0.5,1.0
window_side,9_10,pointy,VGG13,head_model,1,1.0,0.5,1.0
window_side,9_10,pointy,VGG13,head_model,2,1.0,0.5,1.0
window_side,9_10,pointy,VGG13,head_model,3,1.0,0.5,1.0
window_side,9_10,pointy,VGG13,head_model,4,1.0,0.5,1.0
window_side,9_10,pointy,VGG13,head_model,5,1.0,0.5,1.0
window_side,9_10,pointy,VGG13,head_model,6,1.0,0.5,1.0
window_side,9_10,pointy,VGG13,head_model,7,1.0,0.5,1.0
window_side,9_10,pointy,VGG13,head_model,8,1.0,0.5,1.0
window_side,9_10,pointy,VGG13,head_model,9,1.0,0.5,1.0
window_side,9_10,pointy,VGG13,head_model,10,1.0,0.5,1.0
window_side,9_10,pointy,VGG16,head_model,1,1.0,0.5,1.0
window_side,9_10,pointy,VGG16,head_model,2,1.0,0.5,1.0
window_side,9_10,pointy,VGG16,head_model,3,1.0,0.5,1.0
window_side,9_10,pointy,VGG16,head_model,4,1.0,0.5,1.0
window_side,9_10,pointy,VGG16,head_model,5,1.0,0.5,1.0
window_side,9_10,pointy,VGG16,head_model,6,1.0,0.5,1.0
window_side,9_10,pointy,VGG16,head_model,7,1.0,0.5,1.0
window_side,9_10,pointy,VGG16,head_model,8,1.0,0.5,1.0
window_side,9_10,pointy,VGG16,head_model,9,1.0,0.5,1.0
window_side,9_10,pointy,VGG16,head_model,10,1.0,0.5,1.0
window_side,9_10,pointy,VGG19,head_model,1,1.0,0.5,1.0
window_side,9_10,pointy,VGG19,head_model,2,1.0,0.5,1.0
window_side,9_10,pointy,VGG19,head_model,3,1.0,0.5,1.0
window_side,9_10,pointy,VGG19,head_model,4,1.0,0.5,1.0
window_side,9_10,pointy,VGG19,head_model,5,1.0,0.5,1.0
window_side,9_10,pointy,VGG19,head_model,6,1.0,0.5,1.0
window_side,9_10,pointy,VGG19,head_model,7,1.0,0.5,1.0
window_side,9_10,pointy,VGG19,head_model,8,1.0,0.5,1.0
window_side,9_10,pointy,VGG19,head_model,9,1.0,0.5,1.0
window_side,9_10,pointy,VGG19,head_model,10,1.0,0.5,1.0
window_side,9_10,pointy,ViT Base,head_model,1,1.0,0.5,1.0
window_side,9_10,pointy,ViT Base,head_model,2,1.0,0.5,1.0
window_side,9_10,pointy,ViT Base,head_model,3,1.0,0.5,1.0
window_side,9_10,pointy,ViT Base,head_model,4,1.0,0.5,1.0
window_side,9_10,pointy,ViT Base,head_model,5,1.0,0.5,1.0
window_side,9_10,pointy,ViT Base,head_model,6,1.0,0.5,1.0
window_side,9_10,pointy,ViT Base,head_model,7,1.0,0.5,1.0
window_side,9_10,pointy,ViT Base,head_model,8,1.0,0.5,1.0
window_side,9_10,pointy,ViT Base,head_model,9,1.0,0.5,1.0
window_side,9_10,pointy,ViT Base,head_model,10,1.0,0.5,1.0
window_side,9_10,pointy,ViT Large,head_model,1,1.0,0.5,1.0
window_side,9_10,pointy,ViT Large,head_model,2,1.0,0.5,1.0
window_side,9_10,pointy,ViT Large,head_model,3,1.0,0.5,1.0
window_side,9_10,pointy,ViT Large,head_model,4,1.0,0.5,1.0
window_side,9_10,pointy,ViT Large,head_model,5,1.0,0.5,1.0
window_side,9_10,pointy,ViT Large,head_model,6,1.0,0.5,1.0
window_side,9_10,pointy,ViT Large,head_model,7,1.0,0.5,1.0
window_side,9_10,pointy,ViT Large,head_model,8,1.0,0.5,1.0
window_side,9_10,pointy,ViT Large,head_model,9,1.0,0.5,1.0
window_side,9_10,pointy,ViT Large,head_model,10,1.0,0.5,1.0
window_side,9_10,pointy,ViT Small,head_model,1,1.0,0.5,1.0
window_side,9_10,pointy,ViT Small,head_model,2,1.0,0.5,1.0
window_side,9_10,pointy,ViT Small,head_model,3,1.0,0.5,1.0
window_side,9_10,pointy,ViT Small,head_model,4,1.0,0.5,1.0
window_side,9_10,pointy,ViT Small,head_model,5,1.0,0.5,1.0
window_side,9_10,pointy,ViT Small,head_model,6,1.0,0.5,1.0
window_side,9_10,pointy,ViT Small,head_model,7,1.0,0.5,1.0
window_side,9_10,pointy,ViT Small,head_model,8,1.0,0.5,1.0
window_side,9_10,pointy,ViT Small,head_model,9,1.0,0.5,1.0
window_side,9_10,pointy,ViT Small,head_model,10,1.0,0.5,1.0
window_side,9_10,streaky,ConvNeXt Base,head_model,1,1.0,0.5,1.0
window_side,9_10,streaky,ConvNeXt Base,head_model,2,1.0,0.5,1.0
window_side,9_10,streaky,ConvNeXt Base,head_model,3,1.0,0.5,1.0
window_side,9_10,streaky,ConvNeXt Base,head_model,4,1.0,0.5,1.0
window_side,9_10,streaky,ConvNeXt Base,head_model,5,1.0,0.5,1.0
window_side,9_10,streaky,ConvNeXt Base,head_model,6,1.0,0.5,1.0
window_side,9_10,streaky,ConvNeXt Base,head_model,7,1.0,0.5,1.0
window_side,9_10,streaky,ConvNeXt Base,head_model,8,1.0,0.5,1.0
window_side,9_10,streaky,ConvNeXt Base,head_model,9,1.0,0.5,1.0
window_side,9_10,streaky,ConvNeXt Base,head_model,10,1.0,0.5,1.0
window_side,9_10,streaky,ConvNeXt Large,head_model,1,1.0,0.5,1.0
window_side,9_10,streaky,ConvNeXt Large,head_model,2,1.0,0.5,1.0
window_side,9_10,streaky,ConvNeXt Large,head_model,3,1.0,0.5,1.0
window_side,9_10,streaky,ConvNeXt Large,head_model,4,1.0,0.5,1.0
window_side,9_10,streaky,ConvNeXt Large,head_model,5,1.0,0.5,1.0
window_side,9_10,streaky,ConvNeXt Large,head_model,6,1.0,0.5,1.0
window_side,9_10,streaky,ConvNeXt Large,head_model,7,1.0,0.5,1.0
window_side,9_10,streaky,ConvNeXt Large,head_model,8,1.0,0.5,1.0
window_side,9_10,streaky,ConvNeXt Large,head_model,9,1.0,0.5,1.0
window_side,9_10,streaky,ConvNeXt Large,head_model,10,1.0,0.5,1.0
window_side,9_10,streaky,ConvNeXt Small,head_model,1,1.0,0.5,1.0
window_side,9_10,streaky,ConvNeXt Small,head_model,2,1.0,0.5,1.0
window_side,9_10,streaky,ConvNeXt Small,head_model,3,1.0,0.5,1.0
window_side,9_10,streaky,ConvNeXt Small,head_model,4,1.0,0.5,1.0
window_side,9_10,streaky,ConvNeXt Small,head_model,5,1.0,0.5,1.0
window_side,9_10,streaky,ConvNeXt Small,head_model,6,1.0,0.5,1.0
window_side,9_10,streaky,ConvNeXt Small,head_model,7,1.0,0.5,1.0
window_side,9_10,streaky,ConvNeXt Small,head_model,8,1.0,0.5,1.0
window_side,9_10,streaky,ConvNeXt Small,head_model,9,1.0,0.5,1.0
window_side,9_10,streaky,ConvNeXt Small,head_model,10,1.0,0.5,1.0
window_side,9_10,streaky,ConvNeXt Tiny,head_model,1,1.0,0.5,1.0
window_side,9_10,streaky,ConvNeXt Tiny,head_model,2,1.0,0.5,1.0
window_side,9_10,streaky,ConvNeXt Tiny,head_model,3,1.0,0.5,1.0
window_side,9_10,streaky,ConvNeXt Tiny,head_model,4,1.0,0.5,1.0
window_side,9_10,streaky,ConvNeXt Tiny,head_model,5,1.0,0.5,1.0
window_side,9_10,streaky,ConvNeXt Tiny,head_model,6,1.0,0.5,1.0
window_side,9_10,streaky,ConvNeXt Tiny,head_model,7,1.0,0.5,1.0
window_side,9_10,streaky,ConvNeXt Tiny,head_model,8,1.0,0.5,1.0
window_side,9_10,streaky,ConvNeXt Tiny,head_model,9,1.0,0.5,1.0
window_side,9_10,streaky,ConvNeXt Tiny,head_model,10,1.0,0.5,1.0
window_side,9_10,streaky,DINOv3 ViT Base,head_model,1,1.0,0.5,1.0
window_side,9_10,streaky,DINOv3 ViT Base,head_model,2,1.0,0.5,1.0
window_side,9_10,streaky,DINOv3 ViT Base,head_model,3,1.0,0.5,1.0
window_side,9_10,streaky,DINOv3 ViT Base,head_model,4,1.0,0.5,1.0
window_side,9_10,streaky,DINOv3 ViT Base,head_model,5,1.0,0.5,1.0
window_side,9_10,streaky,DINOv3 ViT Base,head_model,6,1.0,0.5,1.0
window_side,9_10,streaky,DINOv3 ViT Base,head_model,7,1.0,0.5,1.0
window_side,9_10,streaky,DINOv3 ViT Base,head_model,8,1.0,0.5,1.0
window_side,9_10,streaky,DINOv3 ViT Base,head_model,9,1.0,0.5,1.0
window_side,9_10,streaky,DINOv3 ViT Base,head_model,10,1.0,0.5,1.0
window_side,9_10,streaky,ResNet18,head_model,1,1.0,0.5,1.0
window_side,9_10,streaky,ResNet18,head_model,2,1.0,0.5,1.0
window_side,9_10,streaky,ResNet18,head_model,3,1.0,0.5,1.0
window_side,9_10,streaky,ResNet18,head_model,4,1.0,0.5,1.0
window_side,9_10,streaky,ResNet18,head_model,5,1.0,0.5,1.0
window_side,9_10,streaky,ResNet18,head_model,6,1.0,0.5,1.0
window_side,9_10,streaky,ResNet18,head_model,7,1.0,0.5,1.0
window_side,9_10,streaky,ResNet18,head_model,8,1.0,0.5,1.0
window_side,9_10,streaky,ResNet18,head_model,9,1.0,0.5,1.0
window_side,9_10,streaky,ResNet18,head_model,10,1.0,0.5,1.0
window_side,9_10,streaky,ResNet50,head_model,1,1.0,0.5,1.0
window_side,9_10,streaky,ResNet50,head_model,2,1.0,0.5,1.0
window_side,9_10,streaky,ResNet50,head_model,3,1.0,0.5,1.0
window_side,9_10,streaky,ResNet50,head_model,4,1.0,0.5,1.0
window_side,9_10,streaky,ResNet50,head_model,5,1.0,0.5,1.0
window_side,9_10,streaky,ResNet50,head_model,6,1.0,0.5,1.0
window_side,9_10,streaky,ResNet50,head_model,7,1.0,0.5,1.0
window_side,9_10,streaky,ResNet50,head_model,8,1.0,0.5,1.0
window_side,9_10,streaky,ResNet50,head_model,9,1.0,0.5,1.0
window_side,9_10,streaky,ResNet50,head_model,10,1.0,0.5,1.0
window_side,9_10,streaky,VGG11,head_model,1,1.0,0.5,1.0
window_side,9_10,streaky,VGG11,head_model,2,1.0,0.5,1.0
window_side,9_10,streaky,VGG11,head_model,3,1.0,0.5,1.0
window_side,9_10,streaky,VGG11,head_model,4,1.0,0.5,1.0
window_side,9_10,streaky,VGG11,head_model,5,1.0,0.5,1.0
window_side,9_10,streaky,VGG11,head_model,6,1.0,0.5,1.0
window_side,9_10,streaky,VGG11,head_model,7,1.0,0.5,1.0
window_side,9_10,streaky,VGG11,head_model,8,1.0,0.5,1.0
window_side,9_10,streaky,VGG11,head_model,9,1.0,0.5,1.0
window_side,9_10,streaky,VGG11,head_model,10,1.0,0.5,1.0
window_side,9_10,streaky,VGG13,head_model,1,1.0,0.5,1.0
window_side,9_10,streaky,VGG13,head_model,2,1.0,0.5,1.0
window_side,9_10,streaky,VGG13,head_model,3,1.0,0.5,1.0
window_side,9_10,streaky,VGG13,head_model,4,1.0,0.5,1.0
window_side,9_10,streaky,VGG13,head_model,5,1.0,0.5,1.0
window_side,9_10,streaky,VGG13,head_model,6,1.0,0.5,1.0
window_side,9_10,streaky,VGG13,head_model,7,1.0,0.5,1.0
window_side,9_10,streaky,VGG13,head_model,8,1.0,0.5,1.0
window_side,9_10,streaky,VGG13,head_model,9,1.0,0.5,1.0
window_side,9_10,streaky,VGG13,head_model,10,1.0,0.5,1.0
window_side,9_10,streaky,VGG16,head_model,1,1.0,0.5,1.0
window_side,9_10,streaky,VGG16,head_model,2,1.0,0.5,1.0
window_side,9_10,streaky,VGG16,head_model,3,1.0,0.5,1.0
window_side,9_10,streaky,VGG16,head_model,4,1.0,0.5,1.0
window_side,9_10,streaky,VGG16,head_model,5,1.0,0.5,1.0
window_side,9_10,streaky,VGG16,head_model,6,1.0,0.5,1.0
window_side,9_10,streaky,VGG16,head_model,7,1.0,0.5,1.0
window_side,9_10,streaky,VGG16,head_model,8,1.0,0.5,1.0
window_side,9_10,streaky,VGG16,head_model,9,1.0,0.5,1.0
window_side,9_10,streaky,VGG16,head_model,10,1.0,0.5,1.0
window_side,9_10,streaky,VGG19,head_model,1,1.0,0.5,1.0
window_side,9_10,streaky,VGG19,head_model,2,1.0,0.5,1.0
window_side,9_10,streaky,VGG19,head_model,3,1.0,0.5,1.0
window_side,9_10,streaky,VGG19,head_model,4,1.0,0.5,1.0
window_side,9_10,streaky,VGG19,head_model,5,1.0,0.5,1.0
window_side,9_10,streaky,VGG19,head_model,6,1.0,0.5,1.0
window_side,9_10,streaky,VGG19,head_model,7,1.0,0.5,1.0
window_side,9_10,streaky,VGG19,head_model,8,1.0,0.5,1.0
window_side,9_10,streaky,VGG19,head_model,9,1.0,0.5,1.0
window_side,9_10,streaky,VGG19,head_model,10,1.0,0.5,1.0
window_side,9_10,streaky,ViT Base,head_model,1,1.0,0.5,1.0
window_side,9_10,streaky,ViT Base,head_model,2,1.0,0.5,1.0
window_side,9_10,streaky,ViT Base,head_model,3,1.0,0.5,1.0
window_side,9_10,streaky,ViT Base,head_model,4,1.0,0.5,1.0
window_side,9_10,streaky,ViT Base,head_model,5,1.0,0.5,1.0
window_side,9_10,streaky,ViT Base,head_model,6,1.0,0.5,1.0
window_side,9_10,streaky,ViT Base,head_model,7,1.0,0.5,1.0
window_side,9_10,streaky,ViT Base,head_model,8,1.0,0.5,1.0
window_side,9_10,streaky,ViT Base,head_model,9,1.0,0.5,1.0
window_side,9_10,streaky,ViT Base,head_model,10,1.0,0.5,1.0
window_side,9_10,streaky,ViT Large,head_model,1,1.0,0.5,1.0
window_side,9_10,streaky,ViT Large,head_model,2,1.0,0.5,1.0
window_side,9_10,streaky,ViT Large,head_model,3,1.0,0.5,1.0
window_side,9_10,streaky,ViT Large,head_model,4,1.0,0.5,1.0
window_side,9_10,streaky,ViT Large,head_model,5,1.0,0.5,1.0
window_side,9_10,streaky,ViT Large,head_model,6,1.0,0.5,1.0
window_side,9_10,streaky,ViT Large,head_model,7,1.0,0.5,1.0
window_side,9_10,streaky,ViT Large,head_model,8,1.0,0.5,1.0
window_side,9_10,streaky,ViT Large,head_model,9,1.0,0.5,1.0
window_side,9_10,streaky,ViT Large,head_model,10,1.0,0.5,1.0
window_side,9_10,streaky,ViT Small,head_model,1,1.0,0.5,1.0
window_side,9_10,streaky,ViT Small,head_model,2,1.0,0.5,1.0
window_side,9_10,streaky,ViT Small,head_model,3,1.0,0.5,1.0
window_side,9_10,streaky,ViT Small,head_model,4,1.0,0.5,1.0
window_side,9_10,streaky,ViT Small,head_model,5,1.0,0.5,1.0
window_side,9_10,streaky,ViT Small,head_model,6,1.0,0.5,1.0
window_side,9_10,streaky,ViT Small,head_model,7,1.0,0.5,1.0
window_side,9_10,streaky,ViT Small,head_model,8,1.0,0.5,1.0
window_side,9_10,streaky,ViT Small,head_model,9,1.0,0.5,1.0
window_side,9_10,streaky,ViT Small,head_model,10,1.0,0.5,1.0
