task,implant_type,model_type,architecture,method,run,accuracy,chance,accuracy_above_chance
doorway,12_10,pointy,ConvNeXt Base,full_model,1,1.0,0.5,1.0
doorway,12_10,pointy,ConvNeXt Base,full_model,2,1.0,0.5,1.0
doorway,12_10,pointy,ConvNeXt Base,full_model,3,1.0,0.5,1.0
doorway,12_10,pointy,ConvNeXt Base,full_model,4,1.0,0.5,1.0
doorway,12_10,pointy,ConvNeXt Base,full_model,5,1.0,0.5,1.0
doorway,12_10,pointy,ConvNeXt Base,full_model,6,1.0,0.5,1.0
doorway,12_10,pointy,ConvNeXt Base,full_model,7,1.0,0.5,1.0
doorway,12_10,pointy,ConvNeXt Base,full_model,8,1.0,0.5,1.0
doorway,12_10,pointy,ConvNeXt Base,full_model,9,1.0,0.5,1.0
doorway,12_10,pointy,ConvNeXt Base,full_model,10,1.0,0.5,1.0
doorway,12_10,pointy,ConvNeXt Base,head_model,1,0.9583333333333334,0.5,0.9166666666666667
doorway,12_10,pointy,ConvNeXt Base,head_model,2,0.9548611111111112,0.5,0.9097222222222223
doorway,12_10,pointy,ConvNeXt Base,head_model,3,0.9513888888888888,0.5,0.9027777777777777
doorway,12_10,pointy,ConvNeXt Base,head_model,4,0.9548611111111112,0.5,0.9097222222222223
doorway,12_10,pointy,ConvNeXt Base,head_model,5,0.9583333333333334,0.5,0.9166666666666667
doorway,12_10,pointy,ConvNeXt Base,head_model,6,0.9583333333333334,0.5,0.9166666666666667
doorway,12_10,pointy,ConvNeXt Base,head_model,7,0.9583333333333334,0.5,0.9166666666666667
doorway,12_10,pointy,ConvNeXt Base,head_model,8,0.9513888888888888,0.5,0.9027777777777777
doorway,12_10,pointy,ConvNeXt Base,head_model,9,0.9548611111111112,0.5,0.9097222222222223
doorway,12_10,pointy,ConvNeXt Base,head_model,10,0.9340277777777778,0.5,0.8680555555555556
doorway,12_10,pointy,ConvNeXt Large,full_model,1,1.0,0.5,1.0
doorway,12_10,pointy,ConvNeXt Large,full_model,2,1.0,0.5,1.0
doorway,12_10,pointy,ConvNeXt Large,full_model,3,1.0,0.5,1.0
doorway,12_10,pointy,ConvNeXt Large,full_model,4,1.0,0.5,1.0
doorway,12_10,pointy,ConvNeXt Large,full_model,5,1.0,0.5,1.0
doorway,12_10,pointy,ConvNeXt Large,full_model,6,1.0,0.5,1.0
doorway,12_10,pointy,ConvNeXt Large,full_model,7,1.0,0.5,1.0
doorway,12_10,pointy,ConvNeXt Large,full_model,8,1.0,0.5,1.0
doorway,12_10,pointy,ConvNeXt Large,full_model,9,1.0,0.5,1.0
doorway,12_10,pointy,ConvNeXt Large,full_model,10,1.0,0.5,1.0
doorway,12_10,pointy,ConvNeXt Large,head_model,1,0.9583333333333334,0.5,0.9166666666666667
doorway,12_10,pointy,ConvNeXt Large,head_model,2,0.9479166666666666,0.5,0.8958333333333333
doorway,12_10,pointy,ConvNeXt Large,head_model,3,0.90625,0.5,0.8125
doorway,12_10,pointy,ConvNeXt Large,head_model,4,0.9548611111111112,0.5,0.9097222222222223
doorway,12_10,pointy,ConvNeXt Large,head_model,5,0.9583333333333334,0.5,0.9166666666666667
doorway,12_10,pointy,ConvNeXt Large,head_model,6,0.9583333333333334,0.5,0.9166666666666667
doorway,12_10,pointy,ConvNeXt Large,head_model,7,0.9583333333333334,0.5,0.9166666666666667
doorway,12_10,pointy,ConvNeXt Large,head_model,8,0.9583333333333334,0.5,0.9166666666666667
doorway,12_10,pointy,ConvNeXt Large,head_model,9,0.9548611111111112,0.5,0.9097222222222223
doorway,12_10,pointy,ConvNeXt Large,head_model,10,0.9548611111111112,0.5,0.9097222222222223
doorway,12_10,pointy,ConvNeXt Small,full_model,1,1.0,0.5,1.0
doorway,12_10,pointy,ConvNeXt Small,full_model,2,1.0,0.5,1.0
doorway,12_10,pointy,ConvNeXt Small,full_model,3,1.0,0.5,1.0
doorway,12_10,pointy,ConvNeXt Small,full_model,4,1.0,0.5,1.0
doorway,12_10,pointy,ConvNeXt Small,full_model,5,1.0,0.5,1.0
doorway,12_10,pointy,ConvNeXt Small,full_model,6,1.0,0.5,1.0
doorway,12_10,pointy,ConvNeXt Small,full_model,7,1.0,0.5,1.0
doorway,12_10,pointy,ConvNeXt Small,full_model,8,1.0,0.5,1.0
doorway,12_10,pointy,ConvNeXt Small,full_model,9,1.0,0.5,1.0
doorway,12_10,pointy,ConvNeXt Small,full_model,10,1.0,0.5,1.0
doorway,12_10,pointy,ConvNeXt Small,head_model,1,0.9791666666666666,0.5,0.9583333333333333
doorway,12_10,pointy,ConvNeXt Small,head_model,2,0.9826388888888888,0.5,0.9652777777777777
doorway,12_10,pointy,ConvNeXt Small,head_model,3,0.9791666666666666,0.5,0.9583333333333333
doorway,12_10,pointy,ConvNeXt Small,head_model,4,0.9861111111111112,0.5,0.9722222222222223
doorway,12_10,pointy,ConvNeXt Small,head_model,5,0.9861111111111112,0.5,0.9722222222222223
doorway,12_10,pointy,ConvNeXt Small,head_model,6,0.9861111111111112,0.5,0.9722222222222223
doorway,12_10,pointy,ConvNeXt Small,head_model,7,0.9861111111111112,0.5,0.9722222222222223
doorway,12_10,pointy,ConvNeXt Small,head_model,8,0.9861111111111112,0.5,0.9722222222222223
doorway,12_10,pointy,ConvNeXt Small,head_model,9,0.9826388888888888,0.5,0.9652777777777777
doorway,12_10,pointy,ConvNeXt Small,head_model,10,0.9861111111111112,0.5,0.9722222222222223
doorway,12_10,pointy,ConvNeXt Tiny,full_model,1,1.0,0.5,1.0
doorway,12_10,pointy,ConvNeXt Tiny,full_model,2,1.0,0.5,1.0
doorway,12_10,pointy,ConvNeXt Tiny,full_model,3,1.0,0.5,1.0
doorway,12_10,pointy,ConvNeXt Tiny,full_model,4,1.0,0.5,1.0
doorway,12_10,pointy,ConvNeXt Tiny,full_model,5,1.0,0.5,1.0
doorway,12_10,pointy,ConvNeXt Tiny,full_model,6,1.0,0.5,1.0
doorway,12_10,pointy,ConvNeXt Tiny,full_model,7,1.0,0.5,1.0
doorway,12_10,pointy,ConvNeXt Tiny,full_model,8,1.0,0.5,1.0
doorway,12_10,pointy,ConvNeXt Tiny,full_model,9,1.0,0.5,1.0
doorway,12_10,pointy,ConvNeXt Tiny,full_model,10,1.0,0.5,1.0
doorway,12_10,pointy,ConvNeXt Tiny,head_model,1,0.9756944444444444,0.5,0.9513888888888888
doorway,12_10,pointy,ConvNeXt Tiny,head_model,2,0.9722222222222222,0.5,0.9444444444444444
doorway,12_10,pointy,ConvNeXt Tiny,head_model,3,0.9444444444444444,0.5,0.8888888888888888
doorway,12_10,pointy,ConvNeXt Tiny,head_model,4,0.9826388888888888,0.5,0.9652777777777777
doorway,12_10,pointy,ConvNeXt Tiny,head_model,5,0.9756944444444444,0.5,0.9513888888888888
doorway,12_10,pointy,ConvNeXt Tiny,head_model,6,0.96875,0.5,0.9375
doorway,12_10,pointy,ConvNeXt Tiny,head_model,7,0.9826388888888888,0.5,0.9652777777777777
doorway,12_10,pointy,ConvNeXt Tiny,head_model,8,0.96875,0.5,0.9375
doorway,12_10,pointy,ConvNeXt Tiny,head_model,9,0.9791666666666666,0.5,0.9583333333333333
doorway,12_10,pointy,ConvNeXt Tiny,head_model,10,0.9826388888888888,0.5,0.9652777777777777
doorway,12_10,pointy,DINOv3 ViT Base,full_model,1,1.0,0.5,1.0
doorway,12_10,pointy,DINOv3 ViT Base,full_model,2,1.0,0.5,1.0
doorway,12_10,pointy,DINOv3 ViT Base,full_model,3,1.0,0.5,1.0
doorway,12_10,pointy,DINOv3 ViT Base,full_model,4,1.0,0.5,1.0
doorway,12_10,pointy,DINOv3 ViT Base,full_model,5,1.0,0.5,1.0
doorway,12_10,pointy,DINOv3 ViT Base,full_model,6,1.0,0.5,1.0
doorway,12_10,pointy,DINOv3 ViT Base,full_model,7,1.0,0.5,1.0
doorway,12_10,pointy,DINOv3 ViT Base,full_model,8,1.0,0.5,1.0
doorway,12_10,pointy,DINOv3 ViT Base,full_model,9,1.0,0.5,1.0
doorway,12_10,pointy,DINOv3 ViT Base,full_model,10,1.0,0.5,1.0
doorway,12_10,pointy,DINOv3 ViT Base,head_model,1,1.0,0.5,1.0
doorway,12_10,pointy,DINOv3 ViT Base,head_model,2,1.0,0.5,1.0
doorway,12_10,pointy,DINOv3 ViT Base,head_model,3,1.0,0.5,1.0
doorway,12_10,pointy,DINOv3 ViT Base,head_model,4,1.0,0.5,1.0
doorway,12_10,pointy,DINOv3 ViT Base,head_model,5,1.0,0.5,1.0
doorway,12_10,pointy,DINOv3 ViT Base,head_model,6,1.0,0.5,1.0
doorway,12_10,pointy,DINOv3 ViT Base,head_model,7,1.0,0.5,1.0
doorway,12_10,pointy,DINOv3 ViT Base,head_model,8,1.0,0.5,1.0
doorway,12_10,pointy,DINOv3 ViT Base,head_model,9,1.0,0.5,1.0
doorway,12_10,pointy,DINOv3 ViT Base,head_model,10,1.0,0.5,1.0
doorway,12_10,pointy,ResNet18,full_model,1,1.0,0.5,1.0
doorway,12_10,pointy,ResNet18,full_model,2,1.0,0.5,1.0
doorway,12_10,pointy,ResNet18,full_model,3,1.0,0.5,1.0
doorway,12_10,pointy,ResNet18,full_model,4,1.0,0.5,1.0
doorway,12_10,pointy,ResNet18,full_model,5,1.0,0.5,1.0
doorway,12_10,pointy,ResNet18,full_model,6,1.0,0.5,1.0
doorway,12_10,pointy,ResNet18,full_model,7,1.0,0.5,1.0
doorway,12_10,pointy,ResNet18,full_model,8,1.0,0.5,1.0
doorway,12_10,pointy,ResNet18,full_model,9,1.0,0.5,1.0
doorway,12_10,pointy,ResNet18,full_model,10,1.0,0.5,1.0
doorway,12_10,pointy,ResNet18,head_model,1,0.9791666666666666,0.5,0.9583333333333333
doorway,12_10,pointy,ResNet18,head_model,2,0.9791666666666666,0.5,0.9583333333333333
doorway,12_10,pointy,ResNet18,head_model,3,0.9791666666666666,0.5,0.9583333333333333
doorway,12_10,pointy,ResNet18,head_model,4,0.9756944444444444,0.5,0.9513888888888888
doorway,12_10,pointy,ResNet18,head_model,5,0.9791666666666666,0.5,0.9583333333333333
doorway,12_10,pointy,ResNet18,head_model,6,0.9756944444444444,0.5,0.9513888888888888
doorway,12_10,pointy,ResNet18,head_model,7,0.9791666666666666,0.5,0.9583333333333333
doorway,12_10,pointy,ResNet18,head_model,8,0.9791666666666666,0.5,0.9583333333333333
doorway,12_10,pointy,ResNet18,head_model,9,0.9756944444444444,0.5,0.9513888888888888
doorway,12_10,pointy,ResNet18,head_model,10,0.9791666666666666,0.5,0.9583333333333333
doorway,12_10,pointy,ResNet50,full_model,1,1.0,0.5,1.0
doorway,12_10,pointy,ResNet50,full_model,2,1.0,0.5,1.0
doorway,12_10,pointy,ResNet50,full_model,3,1.0,0.5,1.0
doorway,12_10,pointy,ResNet50,full_model,4,1.0,0.5,1.0
doorway,12_10,pointy,ResNet50,full_model,5,1.0,0.5,1.0
doorway,12_10,pointy,ResNet50,full_model,6,1.0,0.5,1.0
doorway,12_10,pointy,ResNet50,full_model,7,1.0,0.5,1.0
doorway,12_10,pointy,ResNet50,full_model,8,1.0,0.5,1.0
doorway,12_10,pointy,ResNet50,full_model,9,1.0,0.5,1.0
doorway,12_10,pointy,ResNet50,full_model,10,1.0,0.5,1.0
doorway,12_10,pointy,ResNet50,head_model,1,0.96875,0.5,0.9375
doorway,12_10,pointy,ResNet50,head_model,2,0.96875,0.5,0.9375
doorway,12_10,pointy,ResNet50,head_model,3,0.9652777777777778,0.5,0.9305555555555556
doorway,12_10,pointy,ResNet50,head_model,4,0.9652777777777778,0.5,0.9305555555555556
doorway,12_10,pointy,ResNet50,head_model,5,0.96875,0.5,0.9375
doorway,12_10,pointy,ResNet50,head_model,6,0.96875,0.5,0.9375
doorway,12_10,pointy,ResNet50,head_model,7,0.9652777777777778,0.5,0.9305555555555556
doorway,12_10,pointy,ResNet50,head_model,8,0.9722222222222222,0.5,0.9444444444444444
doorway,12_10,pointy,ResNet50,head_model,9,0.96875,0.5,0.9375
doorway,12_10,pointy,ResNet50,head_model,10,0.96875,0.5,0.9375
doorway,12_10,pointy,VGG11,full_model,1,1.0,0.5,1.0
doorway,12_10,pointy,VGG11,full_model,2,1.0,0.5,1.0
doorway,12_10,pointy,VGG11,full_model,3,1.0,0.5,1.0
doorway,12_10,pointy,VGG11,full_model,4,1.0,0.5,1.0
doorway,12_10,pointy,VGG11,full_model,5,1.0,0.5,1.0
doorway,12_10,pointy,VGG11,full_model,6,1.0,0.5,1.0
doorway,12_10,pointy,VGG11,full_model,7,1.0,0.5,1.0
doorway,12_10,pointy,VGG11,full_model,8,1.0,0.5,1.0
doorway,12_10,pointy,VGG11,full_model,9,1.0,0.5,1.0
doorway,12_10,pointy,VGG11,full_model,10,1.0,0.5,1.0
doorway,12_10,pointy,VGG11,head_model,1,0.9930555555555556,0.5,0.9861111111111112
doorway,12_10,pointy,VGG11,head_model,2,0.9930555555555556,0.5,0.9861111111111112
doorway,12_10,pointy,VGG11,head_model,3,0.9930555555555556,0.5,0.9861111111111112
doorway,12_10,pointy,VGG11,head_model,4,0.9965277777777778,0.5,0.9930555555555556
doorway,12_10,pointy,VGG11,head_model,5,0.9930555555555556,0.5,0.9861111111111112
doorway,12_10,pointy,VGG11,head_model,6,0.9965277777777778,0.5,0.9930555555555556
doorway,12_10,pointy,VGG11,head_model,7,0.9930555555555556,0.5,0.9861111111111112
doorway,12_10,pointy,VGG11,head_model,8,0.9965277777777778,0.5,0.9930555555555556
doorway,12_10,pointy,VGG11,head_model,9,0.9895833333333334,0.5,0.9791666666666667
doorway,12_10,pointy,VGG11,head_model,10,0.9930555555555556,0.5,0.9861111111111112
doorway,12_10,pointy,VGG13,full_model,1,1.0,0.5,1.0
doorway,12_10,pointy,VGG13,full_model,2,1.0,0.5,1.0
doorway,12_10,pointy,VGG13,full_model,3,1.0,0.5,1.0
doorway,12_10,pointy,VGG13,full_model,4,1.0,0.5,1.0
doorway,12_10,pointy,VGG13,full_model,5,1.0,0.5,1.0
doorway,12_10,pointy,VGG13,full_model,6,1.0,0.5,1.0
doorway,12_10,pointy,VGG13,full_model,7,1.0,0.5,1.0
doorway,12_10,pointy,VGG13,full_model,8,1.0,0.5,1.0
doorway,12_10,pointy,VGG13,full_model,9,1.0,0.5,1.0
doorway,12_10,pointy,VGG13,full_model,10,1.0,0.5,1.0
doorway,12_10,pointy,VGG13,head_model,1,0.9965277777777778,0.5,0.9930555555555556
doorway,12_10,pointy,VGG13,head_model,2,1.0,0.5,1.0
doorway,12_10,pointy,VGG13,head_model,3,1.0,0.5,1.0
doorway,12_10,pointy,VGG13,head_model,4,1.0,0.5,1.0
doorway,12_10,pointy,VGG13,head_model,5,0.9965277777777778,0.5,0.9930555555555556
doorway,12_10,pointy,VGG13,head_model,6,0.9965277777777778,0.5,0.9930555555555556
doorway,12_10,pointy,VGG13,head_model,7,0.9965277777777778,0.5,0.9930555555555556
doorway,12_10,pointy,VGG13,head_model,8,1.0,0.5,1.0
doorway,12_10,pointy,VGG13,head_model,9,0.9965277777777778,0.5,0.9930555555555556
doorway,12_10,pointy,VGG13,head_model,10,0.9965277777777778,0.5,0.9930555555555556
doorway,12_10,pointy,VGG16,full_model,1,1.0,0.5,1.0
doorway,12_10,pointy,VGG16,full_model,2,1.0,0.5,1.0
doorway,12_10,pointy,VGG16,full_model,3,1.0,0.5,1.0
doorway,12_10,pointy,VGG16,full_model,4,1.0,0.5,1.0
doorway,12_10,pointy,VGG16,full_model,5,1.0,0.5,1.0
doorway,12_10,pointy,VGG16,full_model,6,1.0,0.5,1.0
doorway,12_10,pointy,VGG16,full_model,7,1.0,0.5,1.0
doorway,12_10,pointy,VGG16,full_model,8,1.0,0.5,1.0
doorway,12_10,pointy,VGG16,full_model,9,1.0,0.5,1.0
doorway,12_10,pointy,VGG16,full_model,10,1.0,0.5,1.0
doorway,12_10,pointy,VGG16,head_model,1,0.9965277777777778,0.5,0.9930555555555556
doorway,12_10,pointy,VGG16,head_model,2,0.9965277777777778,0.5,0.9930555555555556
doorway,12_10,pointy,VGG16,head_model,3,1.0,0.5,1.0
doorway,12_10,pointy,VGG16,head_model,4,1.0,0.5,1.0
doorway,12_10,pointy,VGG16,head_model,5,1.0,0.5,1.0
doorway,12_10,pointy,VGG16,head_model,6,1.0,0.5,1.0
doorway,12_10,pointy,VGG16,head_model,7,0.9965277777777778,0.5,0.9930555555555556
doorway,12_10,pointy,VGG16,head_model,8,1.0,0.5,1.0
doorway,12_10,pointy,VGG16,head_model,9,1.0,0.5,1.0
doorway,12_10,pointy,VGG16,head_model,10,1.0,0.5,1.0
doorway,12_10,pointy,VGG19,full_model,1,1.0,0.5,1.0
doorway,12_10,pointy,VGG19,full_model,2,1.0,0.5,1.0
doorway,12_10,pointy,VGG19,full_model,3,1.0,0.5,1.0
doorway,12_10,pointy,VGG19,full_model,4,1.0,0.5,1.0
doorway,12_10,pointy,VGG19,full_model,5,1.0,0.5,1.0
doorway,12_10,pointy,VGG19,full_model,6,1.0,0.5,1.0
doorway,12_10,pointy,VGG19,full_model,7,1.0,0.5,1.0
doorway,12_10,pointy,VGG19,full_model,8,1.0,0.5,1.0
doorway,12_10,pointy,VGG19,full_model,9,1.0,0.5,1.0
doorway,12_10,pointy,VGG19,full_model,10,1.0,0.5,1.0
doorway,12_10,pointy,VGG19,head_model,1,0.9930555555555556,0.5,0.9861111111111112
doorway,12_10,pointy,VGG19,head_model,2,0.9965277777777778,0.5,0.9930555555555556
doorway,12_10,pointy,VGG19,head_model,3,0.9930555555555556,0.5,0.9861111111111112
doorway,12_10,pointy,VGG19,head_model,4,0.9965277777777778,0.5,0.9930555555555556
doorway,12_10,pointy,VGG19,head_model,5,0.9965277777777778,0.5,0.9930555555555556
doorway,12_10,pointy,VGG19,head_model,6,0.9965277777777778,0.5,0.9930555555555556
doorway,12_10,pointy,VGG19,head_model,7,0.9930555555555556,0.5,0.9861111111111112
doorway,12_10,pointy,VGG19,head_model,8,0.9965277777777778,0.5,0.9930555555555556
doorway,12_10,pointy,VGG19,head_model,9,0.9965277777777778,0.5,0.9930555555555556
doorway,12_10,pointy,VGG19,head_model,10,0.9965277777777778,0.5,0.9930555555555556
doorway,12_10,pointy,ViT Base,full_model,1,1.0,0.5,1.0
doorway,12_10,pointy,ViT Base,full_model,2,1.0,0.5,1.0
doorway,12_10,pointy,ViT Base,full_model,3,1.0,0.5,1.0
doorway,12_10,pointy,ViT Base,full_model,4,1.0,0.5,1.0
doorway,12_10,pointy,ViT Base,full_model,5,1.0,0.5,1.0
doorway,12_10,pointy,ViT Base,full_model,6,1.0,0.5,1.0
doorway,12_10,pointy,ViT Base,full_model,7,1.0,0.5,1.0
doorway,12_10,pointy,ViT Base,full_model,8,1.0,0.5,1.0
doorway,12_10,pointy,ViT Base,full_model,9,1.0,0.5,1.0
doorway,12_10,pointy,ViT Base,full_model,10,1.0,0.5,1.0
doorway,12_10,pointy,ViT Base,head_model,1,0.9965277777777778,0.5,0.9930555555555556
doorway,12_10,pointy,ViT Base,head_model,2,1.0,0.5,1.0
doorway,12_10,pointy,ViT Base,head_model,3,1.0,0.5,1.0
doorway,12_10,pointy,ViT Base,head_model,4,1.0,0.5,1.0
doorway,12_10,pointy,ViT Base,head_model,5,1.0,0.5,1.0
doorway,12_10,pointy,ViT Base,head_model,6,1.0,0.5,1.0
doorway,12_10,pointy,ViT Base,head_model,7,0.9965277777777778,0.5,0.9930555555555556
doorway,12_10,pointy,ViT Base,head_model,8,1.0,0.5,1.0
doorway,12_10,pointy,ViT Base,head_model,9,1.0,0.5,1.0
doorway,12_10,pointy,ViT Base,head_model,10,1.0,0.5,1.0
doorway,12_10,pointy,ViT Large,full_model,1,1.0,0.5,1.0
doorway,12_10,pointy,ViT Large,full_model,2,1.0,0.5,1.0
doorway,12_10,pointy,ViT Large,full_model,3,1.0,0.5,1.0
doorway,12_10,pointy,ViT Large,full_model,4,1.0,0.5,1.0
doorway,12_10,pointy,ViT Large,full_model,5,1.0,0.5,1.0
doorway,12_10,pointy,ViT Large,full_model,6,1.0,0.5,1.0
doorway,12_10,pointy,ViT Large,full_model,7,1.0,0.5,1.0
doorway,12_10,pointy,ViT Large,full_model,8,1.0,0.5,1.0
doorway,12_10,pointy,ViT Large,full_model,9,1.0,0.5,1.0
doorway,12_10,pointy,ViT Large,full_model,10,1.0,0.5,1.0
doorway,12_10,pointy,ViT Large,head_model,1,1.0,0.5,1.0
doorway,12_10,pointy,ViT Large,head_model,2,0.9965277777777778,0.5,0.9930555555555556
doorway,12_10,pointy,ViT Large,head_model,3,0.9930555555555556,0.5,0.9861111111111112
doorway,12_10,pointy,ViT Large,head_model,4,0.9965277777777778,0.5,0.9930555555555556
doorway,12_10,pointy,ViT Large,head_model,5,0.9930555555555556,0.5,0.9861111111111112
doorway,12_10,pointy,ViT Large,head_model,6,0.9965277777777778,0.5,0.9930555555555556
doorway,12_10,pointy,ViT Large,head_model,7,0.9965277777777778,0.5,0.9930555555555556
doorway,12_10,pointy,ViT Large,head_model,8,0.9965277777777778,0.5,0.9930555555555556
doorway,12_10,pointy,ViT Large,head_model,9,1.0,0.5,1.0
doorway,12_10,pointy,ViT Large,head_model,10,0.9965277777777778,0.5,0.9930555555555556
doorway,12_10,pointy,ViT Small,full_model,1,1.0,0.5,1.0
doorway,12_10,pointy,ViT Small,full_model,2,1.0,0.5,1.0
doorway,12_10,pointy,ViT Small,full_model,3,1.0,0.5,1.0
doorway,12_10,pointy,ViT Small,full_model,4,1.0,0.5,1.0
doorway,12_10,pointy,ViT Small,full_model,5,1.0,0.5,1.0
doorway,12_10,pointy,ViT Small,full_model,6,1.0,0.5,1.0
doorway,12_10,pointy,ViT Small,full_model,7,1.0,0.5,1.0
doorway,12_10,pointy,ViT Small,full_model,8,1.0,0.5,1.0
doorway,12_10,pointy,ViT Small,full_model,9,1.0,0.5,1.0
doorway,12_10,pointy,ViT Small,full_model,10,1.0,0.5,1.0
doorway,12_10,pointy,ViT Small,head_model,1,0.9965277777777778,0.5,0.9930555555555556
doorway,12_10,pointy,ViT Small,head_model,2,1.0,0.5,1.0
doorway,12_10,pointy,ViT Small,head_model,3,1.0,0.5,1.0
doorway,12_10,pointy,ViT Small,head_model,4,0.9965277777777778,0.5,0.9930555555555556
doorway,12_10,pointy,ViT Small,head_model,5,1.0,0.5,1.0
doorway,12_10,pointy,ViT Small,head_model,6,1.0,0.5,1.0
doorway,12_10,pointy,ViT Small,head_model,7,0.9965277777777778,0.5,0.9930555555555556
doorway,12_10,pointy,ViT Small,head_model,8,1.0,0.5,1.0
doorway,12_10,pointy,ViT Small,head_model,9,0.9965277777777778,0.5,0.9930555555555556
doorway,12_10,pointy,ViT Small,head_model,10,1.0,0.5,1.0
doorway,12_10,streaky,ConvNeXt Base,full_model,1,1.0,0.5,1.0
doorway,12_10,streaky,ConvNeXt Base,full_model,2,1.0,0.5,1.0
doorway,12_10,streaky,ConvNeXt Base,full_model,3,1.0,0.5,1.0
doorway,12_10,streaky,ConvNeXt Base,full_model,4,1.0,0.5,1.0
doorway,12_10,streaky,ConvNeXt Base,full_model,5,1.0,0.5,1.0
doorway,12_10,streaky,ConvNeXt Base,full_model,6,1.0,0.5,1.0
doorway,12_10,streaky,ConvNeXt Base,full_model,7,1.0,0.5,1.0
doorway,12_10,streaky,ConvNeXt Base,full_model,8,1.0,0.5,1.0
doorway,12_10,streaky,ConvNeXt Base,full_model,9,1.0,0.5,1.0
doorway,12_10,streaky,ConvNeXt Base,full_model,10,1.0,0.5,1.0
doorway,12_10,streaky,ConvNeXt Base,head_model,1,1.0,0.5,1.0
doorway,12_10,streaky,ConvNeXt Base,head_model,2,0.9930555555555556,0.5,0.9861111111111112
doorway,12_10,streaky,ConvNeXt Base,head_model,3,1.0,0.5,1.0
doorway,12_10,streaky,ConvNeXt Base,head_model,4,1.0,0.5,1.0
doorway,12_10,streaky,ConvNeXt Base,head_model,5,1.0,0.5,1.0
doorway,12_10,streaky,ConvNeXt Base,head_model,6,1.0,0.5,1.0
doorway,12_10,streaky,ConvNeXt Base,head_model,7,0.9930555555555556,0.5,0.9861111111111112
doorway,12_10,streaky,ConvNeXt Base,head_model,8,1.0,0.5,1.0
doorway,12_10,streaky,ConvNeXt Base,head_model,9,1.0,0.5,1.0
doorway,12_10,streaky,ConvNeXt Base,head_model,10,0.9930555555555556,0.5,0.9861111111111112
doorway,12_10,streaky,ConvNeXt Large,full_model,1,1.0,0.5,1.0
doorway,12_10,streaky,ConvNeXt Large,full_model,2,1.0,0.5,1.0
doorway,12_10,streaky,ConvNeXt Large,full_model,3,1.0,0.5,1.0
doorway,12_10,streaky,ConvNeXt Large,full_model,4,1.0,0.5,1.0
doorway,12_10,streaky,ConvNeXt Large,full_model,5,1.0,0.5,1.0
doorway,12_10,streaky,ConvNeXt Large,full_model,6,1.0,0.5,1.0
doorway,12_10,streaky,ConvNeXt Large,full_model,7,1.0,0.5,1.0
doorway,12_10,streaky,ConvNeXt Large,full_model,8,1.0,0.5,1.0
doorway,12_10,streaky,ConvNeXt Large,full_model,9,1.0,0.5,1.0
doorway,12_10,streaky,ConvNeXt Large,full_model,10,1.0,0.5,1.0
doorway,12_10,streaky,ConvNeXt Large,head_model,1,1.0,0.5,1.0
doorway,12_10,streaky,ConvNeXt Large,head_model,2,1.0,0.5,1.0
doorway,12_10,streaky,ConvNeXt Large,head_model,3,1.0,0.5,1.0
doorway,12_10,streaky,ConvNeXt Large,head_model,4,1.0,0.5,1.0
doorway,12_10,streaky,ConvNeXt Large,head_model,5,1.0,0.5,1.0
doorway,12_10,streaky,ConvNeXt Large,head_model,6,1.0,0.5,1.0
doorway,12_10,streaky,ConvNeXt Large,head_model,7,1.0,0.5,1.0
doorway,12_10,streaky,ConvNeXt Large,head_model,8,1.0,0.5,1.0
doorway,12_10,streaky,ConvNeXt Large,head_model,9,1.0,0.5,1.0
doorway,12_10,streaky,ConvNeXt Large,head_model,10,1.0,0.5,1.0
doorway,12_10,streaky,ConvNeXt Small,full_model,1,1.0,0.5,1.0
doorway,12_10,streaky,ConvNeXt Small,full_model,2,1.0,0.5,1.0
doorway,12_10,streaky,ConvNeXt Small,full_model,3,1.0,0.5,1.0
doorway,12_10,streaky,ConvNeXt Small,full_model,4,1.0,0.5,1.0
doorway,12_10,streaky,ConvNeXt Small,full_model,5,1.0,0.5,1.0
doorway,12_10,streaky,ConvNeXt Small,full_model,6,1.0,0.5,1.0
doorway,12_10,streaky,ConvNeXt Small,full_model,7,1.0,0.5,1.0
doorway,12_10,streaky,ConvNeXt Small,full_model,8,1.0,0.5,1.0
doorway,12_10,streaky,ConvNeXt Small,full_model,9,1.0,0.5,1.0
doorway,12_10,streaky,ConvNeXt Small,full_model,10,1.0,0.5,1.0
doorway,12_10,streaky,ConvNeXt Small,head_model,1,0.9965277777777778,0.5,0.9930555555555556
doorway,12_10,streaky,ConvNeXt Small,head_model,2,0.9965277777777778,0.5,0.9930555555555556
doorway,12_10,streaky,ConvNeXt Small,head_model,3,1.0,0.5,1.0
doorway,12_10,streaky,ConvNeXt Small,head_model,4,0.9965277777777778,0.5,0.9930555555555556
doorway,12_10,streaky,ConvNeXt Small,head_model,5,0.9965277777777778,0.5,0.9930555555555556
doorway,12_10,streaky,ConvNeXt Small,head_model,6,0.9965277777777778,0.5,0.9930555555555556
doorway,12_10,streaky,ConvNeXt Small,head_model,7,0.9965277777777778,0.5,0.9930555555555556
doorway,12_10,streaky,ConvNeXt Small,head_model,8,0.9965277777777778,0.5,0.9930555555555556
doorway,12_10,streaky,ConvNeXt Small,head_model,9,0.9965277777777778,0.5,0.9930555555555556
doorway,12_10,streaky,ConvNeXt Small,head_model,10,0.9965277777777778,0.5,0.9930555555555556
doorway,12_10,streaky,ConvNeXt Tiny,full_model,1,1.0,0.5,1.0
doorway,12_10,streaky,ConvNeXt Tiny,full_model,2,1.0,0.5,1.0
doorway,12_10,streaky,ConvNeXt Tiny,full_model,3,1.0,0.5,1.0
doorway,12_10,streaky,ConvNeXt Tiny,full_model,4,1.0,0.5,1.0
doorway,12_10,streaky,ConvNeXt Tiny,full_model,5,1.0,0.5,1.0
doorway,12_10,streaky,ConvNeXt Tiny,full_model,6,1.0,0.5,1.0
doorway,12_10,streaky,ConvNeXt Tiny,full_model,7,1.0,0.5,1.0
doorway,12_10,streaky,ConvNeXt Tiny,full_model,8,1.0,0.5,1.0
doorway,12_10,streaky,ConvNeXt Tiny,full_model,9,1.0,0.5,1.0
doorway,12_10,streaky,ConvNeXt Tiny,full_model,10,1.0,0.5,1.0
doorway,12_10,streaky,ConvNeXt Tiny,head_model,1,0.9965277777777778,0.5,0.9930555555555556
doorway,12_10,streaky,ConvNeXt Tiny,head_model,2,0.9965277777777778,0.5,0.9930555555555556
doorway,12_10,streaky,ConvNeXt Tiny,head_model,3,1.0,0.5,1.0
doorway,12_10,streaky,ConvNeXt Tiny,head_model,4,0.9965277777777778,0.5,0.9930555555555556
doorway,12_10,streaky,ConvNeXt Tiny,head_model,5,0.9965277777777778,0.5,0.9930555555555556
doorway,12_10,streaky,ConvNeXt Tiny,head_model,6,0.9965277777777778,0.5,0.9930555555555556
doorway,12_10,streaky,ConvNeXt Tiny,head_model,7,0.9930555555555556,0.5,0.9861111111111112
doorway,12_10,streaky,ConvNeXt Tiny,head_model,8,0.9965277777777778,0.5,0.9930555555555556
doorway,12_10,streaky,ConvNeXt Tiny,head_model,9,0.9965277777777778,0.5,0.9930555555555556
doorway,12_10,streaky,ConvNeXt Tiny,head_model,10,0.9965277777777778,0.5,0.9930555555555556
doorway,12_10,streaky,DINOv3 ViT Base,full_model,1,1.0,0.5,1.0
doorway,12_10,streaky,DINOv3 ViT Base,full_model,2,1.0,0.5,1.0
doorway,12_10,streaky,DINOv3 ViT Base,full_model,3,1.0,0.5,1.0
doorway,12_10,streaky,DINOv3 ViT Base,full_model,4,1.0,0.5,1.0
doorway,12_10,streaky,DINOv3 ViT Base,full_model,5,1.0,0.5,1.0
doorway,12_10,streaky,DINOv3 ViT Base,full_model,6,1.0,0.5,1.0
doorway,12_10,streaky,DINOv3 ViT Base,full_model,7,1.0,0.5,1.0
doorway,12_10,streaky,DINOv3 ViT Base,full_model,8,1.0,0.5,1.0
doorway,12_10,streaky,DINOv3 ViT Base,full_model,9,1.0,0.5,1.0
doorway,12_10,streaky,DINOv3 ViT Base,full_model,10,1.0,0.5,1.0
doorway,12_10,streaky,DINOv3 ViT Base,head_model,1,1.0,0.5,1.0
doorway,12_10,streaky,DINOv3 ViT Base,head_model,2,1.0,0.5,1.0
doorway,12_10,streaky,DINOv3 ViT Base,head_model,3,1.0,0.5,1.0
doorway,12_10,streaky,DINOv3 ViT Base,head_model,4,1.0,0.5,1.0
doorway,12_10,streaky,DINOv3 ViT Base,head_model,5,1.0,0.5,1.0
doorway,12_10,streaky,DINOv3 ViT Base,head_model,6,1.0,0.5,1.0
doorway,12_10,streaky,DINOv3 ViT Base,head_model,7,1.0,0.5,1.0
doorway,12_10,streaky,DINOv3 ViT Base,head_model,8,1.0,0.5,1.0
doorway,12_10,streaky,DINOv3 ViT Base,head_model,9,1.0,0.5,1.0
doorway,12_10,streaky,DINOv3 ViT Base,head_model,10,1.0,0.5,1.0
doorway,12_10,streaky,ResNet18,full_model,1,1.0,0.5,1.0
doorway,12_10,streaky,ResNet18,full_model,2,1.0,0.5,1.0
doorway,12_10,streaky,ResNet18,full_model,3,1.0,0.5,1.0
doorway,12_10,streaky,ResNet18,full_model,4,1.0,0.5,1.0
doorway,12_10,streaky,ResNet18,full_model,5,1.0,0.5,1.0
doorway,12_10,streaky,ResNet18,full_model,6,1.0,0.5,1.0
doorway,12_10,streaky,ResNet18,full_model,7,1.0,0.5,1.0
doorway,12_10,streaky,ResNet18,full_model,8,1.0,0.5,1.0
doorway,12_10,streaky,ResNet18,full_model,9,1.0,0.5,1.0
doorway,12_10,streaky,ResNet18,full_model,10,1.0,0.5,1.0
doorway,12_10,streaky,ResNet18,head_model,1,0.9895833333333334,0.5,0.9791666666666667
doorway,12_10,streaky,ResNet18,head_model,2,0.9930555555555556,0.5,0.9861111111111112
doorway,12_10,streaky,ResNet18,head_model,3,0.9895833333333334,0.5,0.9791666666666667
doorway,12_10,streaky,ResNet18,head_model,4,0.9930555555555556,0.5,0.9861111111111112
doorway,12_10,streaky,ResNet18,head_model,5,0.9895833333333334,0.5,0.9791666666666667
doorway,12_10,streaky,ResNet18,head_model,6,0.9965277777777778,0.5,0.9930555555555556
doorway,12_10,streaky,ResNet18,head_model,7,0.9930555555555556,0.5,0.9861111111111112
doorway,12_10,streaky,ResNet18,head_model,8,0.9930555555555556,0.5,0.9861111111111112
doorway,12_10,streaky,ResNet18,head_model,9,0.9930555555555556,0.5,0.9861111111111112
doorway,12_10,streaky,ResNet18,head_model,10,0.9965277777777778,0.5,0.9930555555555556
doorway,12_10,streaky,ResNet50,full_model,1,1.0,0.5,1.0
doorway,12_10,streaky,ResNet50,full_model,2,1.0,0.5,1.0
doorway,12_10,streaky,ResNet50,full_model,3,1.0,0.5,1.0
doorway,12_10,streaky,ResNet50,full_model,4,1.0,0.5,1.0
doorway,12_10,streaky,ResNet50,full_model,5,1.0,0.5,1.0
doorway,12_10,streaky,ResNet50,full_model,6,1.0,0.5,1.0
doorway,12_10,streaky,ResNet50,full_model,7,1.0,0.5,1.0
doorway,12_10,streaky,ResNet50,full_model,8,1.0,0.5,1.0
doorway,12_10,streaky,ResNet50,full_model,9,1.0,0.5,1.0
doorway,12_10,streaky,ResNet50,full_model,10,1.0,0.5,1.0
doorway,12_10,streaky,ResNet50,head_model,1,0.9826388888888888,0.5,0.9652777777777777
doorway,12_10,streaky,ResNet50,head_model,2,0.9722222222222222,0.5,0.9444444444444444
doorway,12_10,streaky,ResNet50,head_model,3,0.9826388888888888,0.5,0.9652777777777777
doorway,12_10,streaky,ResNet50,head_model,4,0.9722222222222222,0.5,0.9444444444444444
doorway,12_10,streaky,ResNet50,head_model,5,0.9722222222222222,0.5,0.9444444444444444
doorway,12_10,streaky,ResNet50,head_model,6,0.96875,0.5,0.9375
doorway,12_10,streaky,ResNet50,head_model,7,0.9722222222222222,0.5,0.9444444444444444
doorway,12_10,streaky,ResNet50,head_model,8,0.96875,0.5,0.9375
doorway,12_10,streaky,ResNet50,head_model,9,0.9722222222222222,0.5,0.9444444444444444
doorway,12_10,streaky,ResNet50,head_model,10,0.9722222222222222,0.5,0.9444444444444444
doorway,12_10,streaky,VGG11,full_model,1,1.0,0.5,1.0
doorway,12_10,streaky,VGG11,full_model,2,1.0,0.5,1.0
doorway,12_10,streaky,VGG11,full_model,3,1.0,0.5,1.0
doorway,12_10,streaky,VGG11,full_model,4,1.0,0.5,1.0
doorway,12_10,streaky,VGG11,full_model,5,1.0,0.5,1.0
doorway,12_10,streaky,VGG11,full_model,6,1.0,0.5,1.0
doorway,12_10,streaky,VGG11,full_model,7,1.0,0.5,1.0
doorway,12_10,streaky,VGG11,full_model,8,1.0,0.5,1.0
doorway,12_10,streaky,VGG11,full_model,9,1.0,0.5,1.0
doorway,12_10,streaky,VGG11,full_model,10,1.0,0.5,1.0
doorway,12_10,streaky,VGG11,head_model,1,0.9965277777777778,0.5,0.9930555555555556
doorway,12_10,streaky,VGG11,head_model,2,0.9965277777777778,0.5,0.9930555555555556
doorway,12_10,streaky,VGG11,head_model,3,0.9965277777777778,0.5,0.9930555555555556
doorway,12_10,streaky,VGG11,head_model,4,0.9930555555555556,0.5,0.9861111111111112
doorway,12_10,streaky,VGG11,head_model,5,0.9965277777777778,0.5,0.9930555555555556
doorway,12_10,streaky,VGG11,head_model,6,0.9965277777777778,0.5,0.9930555555555556
doorway,12_10,streaky,VGG11,head_model,7,0.9965277777777778,0.5,0.9930555555555556
doorway,12_10,streaky,VGG11,head_model,8,0.9965277777777778,0.5,0.9930555555555556
doorway,12_10,streaky,VGG11,head_model,9,0.9965277777777778,0.5,0.9930555555555556
doorway,12_10,streaky,VGG11,head_model,10,0.9930555555555556,0.5,0.9861111111111112
doorway,12_10,streaky,VGG13,full_model,1,1.0,0.5,1.0
doorway,12_10,streaky,VGG13,full_model,2,1.0,0.5,1.0
doorway,12_10,streaky,VGG13,full_model,3,1.0,0.5,1.0
doorway,12_10,streaky,VGG13,full_model,4,1.0,0.5,1.0
doorway,12_10,streaky,VGG13,full_model,5,1.0,0.5,1.0
doorway,12_10,streaky,VGG13,full_model,6,1.0,0.5,1.0
doorway,12_10,streaky,VGG13,full_model,7,1.0,0.5,1.0
doorway,12_10,streaky,VGG13,full_model,8,1.0,0.5,1.0
doorway,12_10,streaky,VGG13,full_model,9,1.0,0.5,1.0
doorway,12_10,streaky,VGG13,full_model,10,1.0,0.5,1.0
doorway,12_10,streaky,VGG13,head_model,1,1.0,0.5,1.0
doorway,12_10,streaky,VGG13,head_model,2,1.0,0.5,1.0
doorway,12_10,streaky,VGG13,head_model,3,1.0,0.5,1.0
doorway,12_10,streaky,VGG13,head_model,4,1.0,0.5,1.0
doorway,12_10,streaky,VGG13,head_model,5,1.0,0.5,1.0
doorway,12_10,streaky,VGG13,head_model,6,1.0,0.5,1.0
doorway,12_10,streaky,VGG13,head_model,7,1.0,0.5,1.0
doorway,12_10,streaky,VGG13,head_model,8,1.0,0.5,1.0
doorway,12_10,streaky,VGG13,head_model,9,1.0,0.5,1.0
doorway,12_10,streaky,VGG13,head_model,10,1.0,0.5,1.0
doorway,12_10,streaky,VGG16,full_model,1,1.0,0.5,1.0
doorway,12_10,streaky,VGG16,full_model,2,1.0,0.5,1.0
doorway,12_10,streaky,VGG16,full_model,3,1.0,0.5,1.0
doorway,12_10,streaky,VGG16,full_model,4,1.0,0.5,1.0
doorway,12_10,streaky,VGG16,full_model,5,1.0,0.5,1.0
doorway,12_10,streaky,VGG16,full_model,6,1.0,0.5,1.0
doorway,12_10,streaky,VGG16,full_model,7,1.0,0.5,1.0
doorway,12_10,streaky,VGG16,full_model,8,1.0,0.5,1.0
doorway,12_10,streaky,VGG16,full_model,9,1.0,0.5,1.0
doorway,12_10,streaky,VGG16,full_model,10,1.0,0.5,1.0
doorway,12_10,streaky,VGG16,head_model,1,1.0,0.5,1.0
doorway,12_10,streaky,VGG16,head_model,2,1.0,0.5,1.0
doorway,12_10,streaky,VGG16,head_model,3,1.0,0.5,1.0
doorway,12_10,streaky,VGG16,head_model,4,0.9930555555555556,0.5,0.9861111111111112
doorway,12_10,streaky,VGG16,head_model,5,1.0,0.5,1.0
doorway,12_10,streaky,VGG16,head_model,6,1.0,0.5,1.0
doorway,12_10,streaky,VGG16,head_model,7,0.9965277777777778,0.5,0.9930555555555556
doorway,12_10,streaky,VGG16,head_model,8,1.0,0.5,1.0
doorway,12_10,streaky,VGG16,head_model,9,0.9965277777777778,0.5,0.9930555555555556
doorway,12_10,streaky,VGG16,head_model,10,0.9965277777777778,0.5,0.9930555555555556
doorway,12_10,streaky,VGG19,full_model,1,1.0,0.5,1.0
doorway,12_10,streaky,VGG19,full_model,2,1.0,0.5,1.0
doorway,12_10,streaky,VGG19,full_model,3,1.0,0.5,1.0
doorway,12_10,streaky,VGG19,full_model,4,1.0,0.5,1.0
doorway,12_10,streaky,VGG19,full_model,5,1.0,0.5,1.0
doorway,12_10,streaky,VGG19,full_model,6,1.0,0.5,1.0
doorway,12_10,streaky,VGG19,full_model,7,1.0,0.5,1.0
doorway,12_10,streaky,VGG19,full_model,8,1.0,0.5,1.0
doorway,12_10,streaky,VGG19,full_model,9,1.0,0.5,1.0
doorway,12_10,streaky,VGG19,full_model,10,1.0,0.5,1.0
doorway,12_10,streaky,VGG19,head_model,1,1.0,0.5,1.0
doorway,12_10,streaky,VGG19,head_model,2,1.0,0.5,1.0
doorway,12_10,streaky,VGG19,head_model,3,1.0,0.5,1.0
doorway,12_10,streaky,VGG19,head_model,4,1.0,0.5,1.0
doorway,12_10,streaky,VGG19,head_model,5,1.0,0.5,1.0
doorway,12_10,streaky,VGG19,head_model,6,1.0,0.5,1.0
doorway,12_10,streaky,VGG19,head_model,7,0.9965277777777778,0.5,0.9930555555555556
doorway,12_10,streaky,VGG19,head_model,8,1.0,0.5,1.0
doorway,12_10,streaky,VGG19,head_model,9,1.0,0.5,1.0
doorway,12_10,streaky,VGG19,head_model,10,0.9965277777777778,0.5,0.9930555555555556
doorway,12_10,streaky,ViT Base,full_model,1,1.0,0.5,1.0
doorway,12_10,streaky,ViT Base,full_model,2,1.0,0.5,1.0
doorway,12_10,streaky,ViT Base,full_model,3,1.0,0.5,1.0
doorway,12_10,streaky,ViT Base,full_model,4,1.0,0.5,1.0
doorway,12_10,streaky,ViT Base,full_model,5,1.0,0.5,1.0
doorway,12_10,streaky,ViT Base,full_model,6,1.0,0.5,1.0
doorway,12_10,streaky,ViT Base,full_model,7,1.0,0.5,1.0
doorway,12_10,streaky,ViT Base,full_model,8,1.0,0.5,1.0
doorway,12_10,streaky,ViT Base,full_model,9,1.0,0.5,1.0
doorway,12_10,streaky,ViT Base,full_model,10,1.0,0.5,1.0
doorway,12_10,streaky,ViT Base,head_model,1,0.9965277777777778,0.5,0.9930555555555556
doorway,12_10,streaky,ViT Base,head_model,2,1.0,0.5,1.0
doorway,12_10,streaky,ViT Base,head_model,3,0.9965277777777778,0.5,0.9930555555555556
doorway,12_10,streaky,ViT Base,head_model,4,1.0,0.5,1.0
doorway,12_10,streaky,ViT Base,head_model,5,1.0,0.5,1.0
doorway,12_10,streaky,ViT Base,head_model,6,0.9965277777777778,0.5,0.9930555555555556
doorway,12_10,streaky,ViT Base,head_model,7,1.0,0.5,1.0
doorway,12_10,streaky,ViT Base,head_model,8,0.9965277777777778,0.5,0.9930555555555556
doorway,12_10,streaky,ViT Base,head_model,9,1.0,0.5,1.0
doorway,12_10,streaky,ViT Base,head_model,10,0.9965277777777778,0.5,0.9930555555555556
doorway,12_10,streaky,ViT Large,full_model,1,1.0,0.5,1.0
doorway,12_10,streaky,ViT Large,full_model,2,1.0,0.5,1.0
doorway,12_10,streaky,ViT Large,full_model,3,1.0,0.5,1.0
doorway,12_10,streaky,ViT Large,full_model,4,1.0,0.5,1.0
doorway,12_10,streaky,ViT Large,full_model,5,1.0,0.5,1.0
doorway,12_10,streaky,ViT Large,full_model,6,1.0,0.5,1.0
doorway,12_10,streaky,ViT Large,full_model,7,1.0,0.5,1.0
doorway,12_10,streaky,ViT Large,full_model,8,1.0,0.5,1.0
doorway,12_10,streaky,ViT Large,full_model,9,1.0,0.5,1.0
doorway,12_10,streaky,ViT Large,full_model,10,1.0,0.5,1.0
doorway,12_10,streaky,ViT Large,head_model,1,0.9965277777777778,0.5,0.9930555555555556
doorway,12_10,streaky,ViT Large,head_model,2,1.0,0.5,1.0
doorway,12_10,streaky,ViT Large,head_model,3,1.0,0.5,1.0
doorway,12_10,streaky,ViT Large,head_model,4,1.0,0.5,1.0
doorway,12_10,streaky,ViT Large,head_model,5,1.0,0.5,1.0
doorway,12_10,streaky,ViT Large,head_model,6,1.0,0.5,1.0
doorway,12_10,streaky,ViT Large,head_model,7,1.0,0.5,1.0
doorway,12_10,streaky,ViT Large,head_model,8,1.0,0.5,1.0
doorway,12_10,streaky,ViT Large,head_model,9,1.0,0.5,1.0
doorway,12_10,streaky,ViT Large,head_model,10,1.0,0.5,1.0
doorway,12_10,streaky,ViT Small,full_model,1,1.0,0.5,1.0
doorway,12_10,streaky,ViT Small,full_model,2,1.0,0.5,1.0
doorway,12_10,streaky,ViT Small,full_model,3,1.0,0.5,1.0
doorway,12_10,streaky,ViT Small,full_model,4,1.0,0.5,1.0
doorway,12_10,streaky,ViT Small,full_model,5,1.0,0.5,1.0
doorway,12_10,streaky,ViT Small,full_model,6,1.0,0.5,1.0
doorway,12_10,streaky,ViT Small,full_model,7,1.0,0.5,1.0
doorway,12_10,streaky,ViT Small,full_model,8,1.0,0.5,1.0
doorway,12_10,streaky,ViT Small,full_model,9,1.0,0.5,1.0
doorway,12_10,streaky,ViT Small,full_model,10,1.0,0.5,1.0
doorway,12_10,streaky,ViT Small,head_model,1,0.9965277777777778,0.5,0.9930555555555556
doorway,12_10,streaky,ViT Small,head_model,2,1.0,0.5,1.0
doorway,12_10,streaky,ViT Small,head_model,3,0.9965277777777778,0.5,0.9930555555555556
doorway,12_10,streaky,ViT Small,head_model,4,1.0,0.5,1.0
doorway,12_10,streaky,ViT Small,head_model,5,1.0,0.5,1.0
doorway,12_10,streaky,ViT Small,head_model,6,0.9965277777777778,0.5,0.9930555555555556
doorway,12_10,streaky,ViT Small,head_model,7,1.0,0.5,1.0
doorway,12_10,streaky,ViT Small,head_model,8,1.0,0.5,1.0
doorway,12_10,streaky,ViT Small,head_model,9,1.0,0.5,1.0
doorway,12_10,streaky,ViT Small,head_model,10,1.0,0.5,1.0
doorway,12_20,pointy,ConvNeXt Base,full_model,1,1.0,0.5,1.0
doorway,12_20,pointy,ConvNeXt Base,full_model,2,1.0,0.5,1.0
doorway,12_20,pointy,ConvNeXt Base,full_model,3,1.0,0.5,1.0
doorway,12_20,pointy,ConvNeXt Base,full_model,4,1.0,0.5,1.0
doorway,12_20,pointy,ConvNeXt Base,full_model,5,1.0,0.5,1.0
doorway,12_20,pointy,ConvNeXt Base,full_model,6,1.0,0.5,1.0
doorway,12_20,pointy,ConvNeXt Base,full_model,7,1.0,0.5,1.0
doorway,12_20,pointy,ConvNeXt Base,full_model,8,1.0,0.5,1.0
doorway,12_20,pointy,ConvNeXt Base,full_model,9,1.0,0.5,1.0
doorway,12_20,pointy,ConvNeXt Base,full_model,10,1.0,0.5,1.0
doorway,12_20,pointy,ConvNeXt Base,head_model,1,0.9166666666666666,0.5,0.8333333333333333
doorway,12_20,pointy,ConvNeXt Base,head_model,2,0.8784722222222222,0.5,0.7569444444444444
doorway,12_20,pointy,ConvNeXt Base,head_model,3,0.9201388888888888,0.5,0.8402777777777777
doorway,12_20,pointy,ConvNeXt Base,head_model,4,0.9097222222222222,0.5,0.8194444444444444
doorway,12_20,pointy,ConvNeXt Base,head_model,5,0.9236111111111112,0.5,0.8472222222222223
doorway,12_20,pointy,ConvNeXt Base,head_model,6,0.9131944444444444,0.5,0.8263888888888888
doorway,12_20,pointy,ConvNeXt Base,head_model,7,0.9201388888888888,0.5,0.8402777777777777
doorway,12_20,pointy,ConvNeXt Base,head_model,8,0.9131944444444444,0.5,0.8263888888888888
doorway,12_20,pointy,ConvNeXt Base,head_model,9,0.9131944444444444,0.5,0.8263888888888888
doorway,12_20,pointy,ConvNeXt Base,head_model,10,0.9097222222222222,0.5,0.8194444444444444
doorway,12_20,pointy,ConvNeXt Large,full_model,1,1.0,0.5,1.0
doorway,12_20,pointy,ConvNeXt Large,full_model,2,1.0,0.5,1.0
doorway,12_20,pointy,ConvNeXt Large,full_model,3,1.0,0.5,1.0
doorway,12_20,pointy,ConvNeXt Large,full_model,4,1.0,0.5,1.0
doorway,12_20,pointy,ConvNeXt Large,full_model,5,1.0,0.5,1.0
doorway,12_20,pointy,ConvNeXt Large,full_model,6,1.0,0.5,1.0
doorway,12_20,pointy,ConvNeXt Large,full_model,7,1.0,0.5,1.0
doorway,12_20,pointy,ConvNeXt Large,full_model,8,1.0,0.5,1.0
doorway,12_20,pointy,ConvNeXt Large,full_model,9,1.0,0.5,1.0
doorway,12_20,pointy,ConvNeXt Large,full_model,10,1.0,0.5,1.0
doorway,12_20,pointy,ConvNeXt Large,head_model,1,0.9895833333333334,0.5,0.9791666666666667
doorway,12_20,pointy,ConvNeXt Large,head_model,2,0.9895833333333334,0.5,0.9791666666666667
doorway,12_20,pointy,ConvNeXt Large,head_model,3,0.9895833333333334,0.5,0.9791666666666667
doorway,12_20,pointy,ConvNeXt Large,head_model,4,0.9930555555555556,0.5,0.9861111111111112
doorway,12_20,pointy,ConvNeXt Large,head_model,5,0.9791666666666666,0.5,0.9583333333333333
doorway,12_20,pointy,ConvNeXt Large,head_model,6,0.9895833333333334,0.5,0.9791666666666667
doorway,12_20,pointy,ConvNeXt Large,head_model,7,0.9965277777777778,0.5,0.9930555555555556
doorway,12_20,pointy,ConvNeXt Large,head_model,8,0.9965277777777778,0.5,0.9930555555555556
doorway,12_20,pointy,ConvNeXt Large,head_model,9,0.9826388888888888,0.5,0.9652777777777777
doorway,12_20,pointy,ConvNeXt Large,head_model,10,0.9930555555555556,0.5,0.9861111111111112
doorway,12_20,pointy,ConvNeXt Small,full_model,1,1.0,0.5,1.0
doorway,12_20,pointy,ConvNeXt Small,full_model,2,1.0,0.5,1.0
doorway,12_20,pointy,ConvNeXt Small,full_model,3,1.0,0.5,1.0
doorway,12_20,pointy,ConvNeXt Small,full_model,4,1.0,0.5,1.0
doorway,12_20,pointy,ConvNeXt Small,full_model,5,1.0,0.5,1.0
doorway,12_20,pointy,ConvNeXt Small,full_model,6,1.0,0.5,1.0
doorway,12_20,pointy,ConvNeXt Small,full_model,7,1.0,0.5,1.0
doorway,12_20,pointy,ConvNeXt Small,full_model,8,1.0,0.5,1.0
doorway,12_20,pointy,ConvNeXt Small,full_model,9,1.0,0.5,1.0
doorway,12_20,pointy,ConvNeXt Small,full_model,10,1.0,0.5,1.0
doorway,12_20,pointy,ConvNeXt Small,head_model,1,0.9583333333333334,0.5,0.9166666666666667
doorway,12_20,pointy,ConvNeXt Small,head_model,2,0.9583333333333334,0.5,0.9166666666666667
doorway,12_20,pointy,ConvNeXt Small,head_model,3,0.9791666666666666,0.5,0.9583333333333333
doorway,12_20,pointy,ConvNeXt Small,head_model,4,0.9722222222222222,0.5,0.9444444444444444
doorway,12_20,pointy,ConvNeXt Small,head_model,5,0.9583333333333334,0.5,0.9166666666666667
doorway,12_20,pointy,ConvNeXt Small,head_model,6,0.9583333333333334,0.5,0.9166666666666667
doorway,12_20,pointy,ConvNeXt Small,head_model,7,0.9826388888888888,0.5,0.9652777777777777
doorway,12_20,pointy,ConvNeXt Small,head_model,8,0.9895833333333334,0.5,0.9791666666666667
doorway,12_20,pointy,ConvNeXt Small,head_model,9,0.9618055555555556,0.5,0.9236111111111112
doorway,12_20,pointy,ConvNeXt Small,head_model,10,0.9791666666666666,0.5,0.9583333333333333
doorway,12_20,pointy,ConvNeXt Tiny,full_model,1,1.0,0.5,1.0
doorway,12_20,pointy,ConvNeXt Tiny,full_model,2,1.0,0.5,1.0
doorway,12_20,pointy,ConvNeXt Tiny,full_model,3,1.0,0.5,1.0
doorway,12_20,pointy,ConvNeXt Tiny,full_model,4,1.0,0.5,1.0
doorway,12_20,pointy,ConvNeXt Tiny,full_model,5,1.0,0.5,1.0
doorway,12_20,pointy,ConvNeXt Tiny,full_model,6,1.0,0.5,1.0
doorway,12_20,pointy,ConvNeXt Tiny,full_model,7,1.0,0.5,1.0
doorway,12_20,pointy,ConvNeXt Tiny,full_model,8,1.0,0.5,1.0
doorway,12_20,pointy,ConvNeXt Tiny,full_model,9,1.0,0.5,1.0
doorway,12_20,pointy,ConvNeXt Tiny,full_model,10,1.0,0.5,1.0
doorway,12_20,pointy,ConvNeXt Tiny,head_model,1,0.9861111111111112,0.5,0.9722222222222223
doorway,12_20,pointy,ConvNeXt Tiny,head_model,2,0.9722222222222222,0.5,0.9444444444444444
doorway,12_20,pointy,ConvNeXt Tiny,head_model,3,0.9861111111111112,0.5,0.9722222222222223
doorway,12_20,pointy,ConvNeXt Tiny,head_model,4,0.96875,0.5,0.9375
doorway,12_20,pointy,ConvNeXt Tiny,head_model,5,0.9756944444444444,0.5,0.9513888888888888
doorway,12_20,pointy,ConvNeXt Tiny,head_model,6,0.9791666666666666,0.5,0.9583333333333333
doorway,12_20,pointy,ConvNeXt Tiny,head_model,7,0.9722222222222222,0.5,0.9444444444444444
doorway,12_20,pointy,ConvNeXt Tiny,head_model,8,0.9722222222222222,0.5,0.9444444444444444
doorway,12_20,pointy,ConvNeXt Tiny,head_model,9,0.9583333333333334,0.5,0.9166666666666667
doorway,12_20,pointy,ConvNeXt Tiny,head_model,10,0.9895833333333334,0.5,0.9791666666666667
doorway,12_20,pointy,DINOv3 ViT Base,full_model,1,1.0,0.5,1.0
doorway,12_20,pointy,DINOv3 ViT Base,full_model,2,1.0,0.5,1.0
doorway,12_20,pointy,DINOv3 ViT Base,full_model,3,1.0,0.5,1.0
doorway,12_20,pointy,DINOv3 ViT Base,full_model,4,1.0,0.5,1.0
doorway,12_20,pointy,DINOv3 ViT Base,full_model,5,1.0,0.5,1.0
doorway,12_20,pointy,DINOv3 ViT Base,full_model,6,1.0,0.5,1.0
doorway,12_20,pointy,DINOv3 ViT Base,full_model,7,1.0,0.5,1.0
doorway,12_20,pointy,DINOv3 ViT Base,full_model,8,1.0,0.5,1.0
doorway,12_20,pointy,DINOv3 ViT Base,full_model,9,1.0,0.5,1.0
doorway,12_20,pointy,DINOv3 ViT Base,full_model,10,1.0,0.5,1.0
doorway,12_20,pointy,DINOv3 ViT Base,head_model,1,1.0,0.5,1.0
doorway,12_20,pointy,DINOv3 ViT Base,head_model,2,1.0,0.5,1.0
doorway,12_20,pointy,DINOv3 ViT Base,head_model,3,1.0,0.5,1.0
doorway,12_20,pointy,DINOv3 ViT Base,head_model,4,1.0,0.5,1.0
doorway,12_20,pointy,DINOv3 ViT Base,head_model,5,1.0,0.5,1.0
doorway,12_20,pointy,DINOv3 ViT Base,head_model,6,1.0,0.5,1.0
doorway,12_20,pointy,DINOv3 ViT Base,head_model,7,1.0,0.5,1.0
doorway,12_20,pointy,DINOv3 ViT Base,head_model,8,1.0,0.5,1.0
doorway,12_20,pointy,DINOv3 ViT Base,head_model,9,1.0,0.5,1.0
doorway,12_20,pointy,DINOv3 ViT Base,head_model,10,1.0,0.5,1.0
doorway,12_20,pointy,ResNet18,full_model,1,1.0,0.5,1.0
doorway,12_20,pointy,ResNet18,full_model,2,1.0,0.5,1.0
doorway,12_20,pointy,ResNet18,full_model,3,1.0,0.5,1.0
doorway,12_20,pointy,ResNet18,full_model,4,1.0,0.5,1.0
doorway,12_20,pointy,ResNet18,full_model,5,1.0,0.5,1.0
doorway,12_20,pointy,ResNet18,full_model,6,1.0,0.5,1.0
doorway,12_20,pointy,ResNet18,full_model,7,1.0,0.5,1.0
doorway,12_20,pointy,ResNet18,full_model,8,1.0,0.5,1.0
doorway,12_20,pointy,ResNet18,full_model,9,1.0,0.5,1.0
doorway,12_20,pointy,ResNet18,full_model,10,1.0,0.5,1.0
doorway,12_20,pointy,ResNet18,head_model,1,0.9895833333333334,0.5,0.9791666666666667
doorway,12_20,pointy,ResNet18,head_model,2,0.9895833333333334,0.5,0.9791666666666667
doorway,12_20,pointy,ResNet18,head_model,3,0.9895833333333334,0.5,0.9791666666666667
doorway,12_20,pointy,ResNet18,head_model,4,0.9895833333333334,0.5,0.9791666666666667
doorway,12_20,pointy,ResNet18,head_model,5,0.9895833333333334,0.5,0.9791666666666667
doorway,12_20,pointy,ResNet18,head_model,6,0.9895833333333334,0.5,0.9791666666666667
doorway,12_20,pointy,ResNet18,head_model,7,0.9895833333333334,0.5,0.9791666666666667
doorway,12_20,pointy,ResNet18,head_model,8,0.9861111111111112,0.5,0.9722222222222223
doorway,12_20,pointy,ResNet18,head_model,9,0.9895833333333334,0.5,0.9791666666666667
doorway,12_20,pointy,ResNet18,head_model,10,0.9895833333333334,0.5,0.9791666666666667
doorway,12_20,pointy,ResNet50,full_model,1,1.0,0.5,1.0
doorway,12_20,pointy,ResNet50,full_model,2,1.0,0.5,1.0
doorway,12_20,pointy,ResNet50,full_model,3,1.0,0.5,1.0
doorway,12_20,pointy,ResNet50,full_model,4,1.0,0.5,1.0
doorway,12_20,pointy,ResNet50,full_model,5,1.0,0.5,1.0
doorway,12_20,pointy,ResNet50,full_model,6,1.0,0.5,1.0
doorway,12_20,pointy,ResNet50,full_model,7,1.0,0.5,1.0
doorway,12_20,pointy,ResNet50,full_model,8,1.0,0.5,1.0
doorway,12_20,pointy,ResNet50,full_model,9,1.0,0.5,1.0
doorway,12_20,pointy,ResNet50,full_model,10,1.0,0.5,1.0
doorway,12_20,pointy,ResNet50,head_model,1,1.0,0.5,1.0
doorway,12_20,pointy,ResNet50,head_model,2,1.0,0.5,1.0
doorway,12_20,pointy,ResNet50,head_model,3,1.0,0.5,1.0
doorway,12_20,pointy,ResNet50,head_model,4,1.0,0.5,1.0
doorway,12_20,pointy,ResNet50,head_model,5,1.0,0.5,1.0
doorway,12_20,pointy,ResNet50,head_model,6,1.0,0.5,1.0
doorway,12_20,pointy,ResNet50,head_model,7,1.0,0.5,1.0
doorway,12_20,pointy,ResNet50,head_model,8,1.0,0.5,1.0
doorway,12_20,pointy,ResNet50,head_model,9,1.0,0.5,1.0
doorway,12_20,pointy,ResNet50,head_model,10,1.0,0.5,1.0
doorway,12_20,pointy,VGG11,full_model,1,1.0,0.5,1.0
doorway,12_20,pointy,VGG11,full_model,2,1.0,0.5,1.0
doorway,12_20,pointy,VGG11,full_model,3,1.0,0.5,1.0
doorway,12_20,pointy,VGG11,full_model,4,1.0,0.5,1.0
doorway,12_20,pointy,VGG11,full_model,5,1.0,0.5,1.0
doorway,12_20,pointy,VGG11,full_model,6,1.0,0.5,1.0
doorway,12_20,pointy,VGG11,full_model,7,1.0,0.5,1.0
doorway,12_20,pointy,VGG11,full_model,8,1.0,0.5,1.0
doorway,12_20,pointy,VGG11,full_model,9,1.0,0.5,1.0
doorway,12_20,pointy,VGG11,full_model,10,1.0,0.5,1.0
doorway,12_20,pointy,VGG11,head_model,1,0.9965277777777778,0.5,0.9930555555555556
doorway,12_20,pointy,VGG11,head_model,2,1.0,0.5,1.0
doorway,12_20,pointy,VGG11,head_model,3,0.9965277777777778,0.5,0.9930555555555556
doorway,12_20,pointy,VGG11,head_model,4,0.9965277777777778,0.5,0.9930555555555556
doorway,12_20,pointy,VGG11,head_model,5,1.0,0.5,1.0
doorway,12_20,pointy,VGG11,head_model,6,0.9965277777777778,0.5,0.9930555555555556
doorway,12_20,pointy,VGG11,head_model,7,0.9965277777777778,0.5,0.9930555555555556
doorway,12_20,pointy,VGG11,head_model,8,1.0,0.5,1.0
doorway,12_20,pointy,VGG11,head_model,9,0.9965277777777778,0.5,0.9930555555555556
doorway,12_20,pointy,VGG11,head_model,10,1.0,0.5,1.0
doorway,12_20,pointy,VGG13,full_model,1,1.0,0.5,1.0
doorway,12_20,pointy,VGG13,full_model,2,1.0,0.5,1.0
doorway,12_20,pointy,VGG13,full_model,3,1.0,0.5,1.0
doorway,12_20,pointy,VGG13,full_model,4,1.0,0.5,1.0
doorway,12_20,pointy,VGG13,full_model,5,1.0,0.5,1.0
doorway,12_20,pointy,VGG13,full_model,6,1.0,0.5,1.0
doorway,12_20,pointy,VGG13,full_model,7,1.0,0.5,1.0
doorway,12_20,pointy,VGG13,full_model,8,1.0,0.5,1.0
doorway,12_20,pointy,VGG13,full_model,9,1.0,0.5,1.0
doorway,12_20,pointy,VGG13,full_model,10,1.0,0.5,1.0
doorway,12_20,pointy,VGG13,head_model,1,1.0,0.5,1.0
doorway,12_20,pointy,VGG13,head_model,2,1.0,0.5,1.0
doorway,12_20,pointy,VGG13,head_model,3,1.0,0.5,1.0
doorway,12_20,pointy,VGG13,head_model,4,1.0,0.5,1.0
doorway,12_20,pointy,VGG13,head_model,5,1.0,0.5,1.0
doorway,12_20,pointy,VGG13,head_model,6,1.0,0.5,1.0
doorway,12_20,pointy,VGG13,head_model,7,1.0,0.5,1.0
doorway,12_20,pointy,VGG13,head_model,8,1.0,0.5,1.0
doorway,12_20,pointy,VGG13,head_model,9,1.0,0.5,1.0
doorway,12_20,pointy,VGG13,head_model,10,1.0,0.5,1.0
doorway,12_20,pointy,VGG16,full_model,1,1.0,0.5,1.0
doorway,12_20,pointy,VGG16,full_model,2,1.0,0.5,1.0
doorway,12_20,pointy,VGG16,full_model,3,1.0,0.5,1.0
doorway,12_20,pointy,VGG16,full_model,4,1.0,0.5,1.0
doorway,12_20,pointy,VGG16,full_model,5,1.0,0.5,1.0
doorway,12_20,pointy,VGG16,full_model,6,1.0,0.5,1.0
doorway,12_20,pointy,VGG16,full_model,7,1.0,0.5,1.0
doorway,12_20,pointy,VGG16,full_model,8,1.0,0.5,1.0
doorway,12_20,pointy,VGG16,full_model,9,1.0,0.5,1.0
doorway,12_20,pointy,VGG16,full_model,10,1.0,0.5,1.0
doorway,12_20,pointy,VGG16,head_model,1,1.0,0.5,1.0
doorway,12_20,pointy,VGG16,head_model,2,1.0,0.5,1.0
doorway,12_20,pointy,VGG16,head_model,3,1.0,0.5,1.0
doorway,12_20,pointy,VGG16,head_model,4,1.0,0.5,1.0
doorway,12_20,pointy,VGG16,head_model,5,1.0,0.5,1.0
doorway,12_20,pointy,VGG16,head_model,6,1.0,0.5,1.0
doorway,12_20,pointy,VGG16,head_model,7,1.0,0.5,1.0
doorway,12_20,pointy,VGG16,head_model,8,1.0,0.5,1.0
doorway,12_20,pointy,VGG16,head_model,9,1.0,0.5,1.0
doorway,12_20,pointy,VGG16,head_model,10,1.0,0.5,1.0
doorway,12_20,pointy,VGG19,full_model,1,1.0,0.5,1.0
doorway,12_20,pointy,VGG19,full_model,2,1.0,0.5,1.0
doorway,12_20,pointy,VGG19,full_model,3,1.0,0.5,1.0
doorway,12_20,pointy,VGG19,full_model,4,1.0,0.5,1.0
doorway,12_20,pointy,VGG19,full_model,5,1.0,0.5,1.0
doorway,12_20,pointy,VGG19,full_model,6,1.0,0.5,1.0
doorway,12_20,pointy,VGG19,full_model,7,1.0,0.5,1.0
doorway,12_20,pointy,VGG19,full_model,8,1.0,0.5,1.0
doorway,12_20,pointy,VGG19,full_model,9,1.0,0.5,1.0
doorway,12_20,pointy,VGG19,full_model,10,1.0,0.5,1.0
doorway,12_20,pointy,VGG19,head_model,1,1.0,0.5,1.0
doorway,12_20,pointy,VGG19,head_model,2,1.0,0.5,1.0
doorway,12_20,pointy,VGG19,head_model,3,1.0,0.5,1.0
doorway,12_20,pointy,VGG19,head_model,4,1.0,0.5,1.0
doorway,12_20,pointy,VGG19,head_model,5,1.0,0.5,1.0
doorway,12_20,pointy,VGG19,head_model,6,1.0,0.5,1.0
doorway,12_20,pointy,VGG19,head_model,7,1.0,0.5,1.0
doorway,12_20,pointy,VGG19,head_model,8,1.0,0.5,1.0
doorway,12_20,pointy,VGG19,head_model,9,1.0,0.5,1.0
doorway,12_20,pointy,VGG19,head_model,10,1.0,0.5,1.0
doorway,12_20,pointy,ViT Base,full_model,1,1.0,0.5,1.0
doorway,12_20,pointy,ViT Base,full_model,2,1.0,0.5,1.0
doorway,12_20,pointy,ViT Base,full_model,3,1.0,0.5,1.0
doorway,12_20,pointy,ViT Base,full_model,4,1.0,0.5,1.0
doorway,12_20,pointy,ViT Base,full_model,5,1.0,0.5,1.0
doorway,12_20,pointy,ViT Base,full_model,6,1.0,0.5,1.0
doorway,12_20,pointy,ViT Base,full_model,7,1.0,0.5,1.0
doorway,12_20,pointy,ViT Base,full_model,8,1.0,0.5,1.0
doorway,12_20,pointy,ViT Base,full_model,9,1.0,0.5,1.0
doorway,12_20,pointy,ViT Base,full_model,10,1.0,0.5,1.0
doorway,12_20,pointy,ViT Base,head_model,1,1.0,0.5,1.0
doorway,12_20,pointy,ViT Base,head_model,2,1.0,0.5,1.0
doorway,12_20,pointy,ViT Base,head_model,3,1.0,0.5,1.0
doorway,12_20,pointy,ViT Base,head_model,4,1.0,0.5,1.0
doorway,12_20,pointy,ViT Base,head_model,5,1.0,0.5,1.0
doorway,12_20,pointy,ViT Base,head_model,6,1.0,0.5,1.0
doorway,12_20,pointy,ViT Base,head_model,7,1.0,0.5,1.0
doorway,12_20,pointy,ViT Base,head_model,8,1.0,0.5,1.0
doorway,12_20,pointy,ViT Base,head_model,9,1.0,0.5,1.0
doorway,12_20,pointy,ViT Base,head_model,10,1.0,0.5,1.0
doorway,12_20,pointy,ViT Large,full_model,1,1.0,0.5,1.0
doorway,12_20,pointy,ViT Large,full_model,2,1.0,0.5,1.0
doorway,12_20,pointy,ViT Large,full_model,3,1.0,0.5,1.0
doorway,12_20,pointy,ViT Large,full_model,4,1.0,0.5,1.0
doorway,12_20,pointy,ViT Large,full_model,5,1.0,0.5,1.0
doorway,12_20,pointy,ViT Large,full_model,6,1.0,0.5,1.0
doorway,12_20,pointy,ViT Large,full_model,7,1.0,0.5,1.0
doorway,12_20,pointy,ViT Large,full_model,8,1.0,0.5,1.0
doorway,12_20,pointy,ViT Large,full_model,9,1.0,0.5,1.0
doorway,12_20,pointy,ViT Large,full_model,10,1.0,0.5,1.0
doorway,12_20,pointy,ViT Large,head_model,1,1.0,0.5,1.0
doorway,12_20,pointy,ViT Large,head_model,2,1.0,0.5,1.0
doorway,12_20,pointy,ViT Large,head_model,3,1.0,0.5,1.0
doorway,12_20,pointy,ViT Large,head_model,4,1.0,0.5,1.0
doorway,12_20,pointy,ViT Large,head_model,5,1.0,0.5,1.0
doorway,12_20,pointy,ViT Large,head_model,6,1.0,0.5,1.0
doorway,12_20,pointy,ViT Large,head_model,7,0.9965277777777778,0.5,0.9930555555555556
doorway,12_20,pointy,ViT Large,head_model,8,1.0,0.5,1.0
doorway,12_20,pointy,ViT Large,head_model,9,1.0,0.5,1.0
doorway,12_20,pointy,ViT Large,head_model,10,1.0,0.5,1.0
doorway,12_20,pointy,ViT Small,full_model,1,1.0,0.5,1.0
doorway,12_20,pointy,ViT Small,full_model,2,1.0,0.5,1.0
doorway,12_20,pointy,ViT Small,full_model,3,1.0,0.5,1.0
doorway,12_20,pointy,ViT Small,full_model,4,1.0,0.5,1.0
doorway,12_20,pointy,ViT Small,full_model,5,1.0,0.5,1.0
doorway,12_20,pointy,ViT Small,full_model,6,1.0,0.5,1.0
doorway,12_20,pointy,ViT Small,full_model,7,1.0,0.5,1.0
doorway,12_20,pointy,ViT Small,full_model,8,1.0,0.5,1.0
doorway,12_20,pointy,ViT Small,full_model,9,1.0,0.5,1.0
doorway,12_20,pointy,ViT Small,full_model,10,1.0,0.5,1.0
doorway,12_20,pointy,ViT Small,head_model,1,1.0,0.5,1.0
doorway,12_20,pointy,ViT Small,head_model,2,1.0,0.5,1.0
doorway,12_20,pointy,ViT Small,head_model,3,1.0,0.5,1.0
doorway,12_20,pointy,ViT Small,head_model,4,1.0,0.5,1.0
doorway,12_20,pointy,ViT Small,head_model,5,1.0,0.5,1.0
doorway,12_20,pointy,ViT Small,head_model,6,0.9965277777777778,0.5,0.9930555555555556
doorway,12_20,pointy,ViT Small,head_model,7,1.0,0.5,1.0
doorway,12_20,pointy,ViT Small,head_model,8,1.0,0.5,1.0
doorway,12_20,pointy,ViT Small,head_model,9,1.0,0.5,1.0
doorway,12_20,pointy,ViT Small,head_model,10,1.0,0.5,1.0
doorway,12_20,streaky,ConvNeXt Base,full_model,1,1.0,0.5,1.0
doorway,12_20,streaky,ConvNeXt Base,full_model,2,1.0,0.5,1.0
doorway,12_20,streaky,ConvNeXt Base,full_model,3,1.0,0.5,1.0
doorway,12_20,streaky,ConvNeXt Base,full_model,4,1.0,0.5,1.0
doorway,12_20,streaky,ConvNeXt Base,full_model,5,1.0,0.5,1.0
doorway,12_20,streaky,ConvNeXt Base,full_model,6,1.0,0.5,1.0
doorway,12_20,streaky,ConvNeXt Base,full_model,7,1.0,0.5,1.0
doorway,12_20,streaky,ConvNeXt Base,full_model,8,1.0,0.5,1.0
doorway,12_20,streaky,ConvNeXt Base,full_model,9,1.0,0.5,1.0
doorway,12_20,streaky,ConvNeXt Base,full_model,10,1.0,0.5,1.0
doorway,12_20,streaky,ConvNeXt Base,head_model,1,1.0,0.5,1.0
doorway,12_20,streaky,ConvNeXt Base,head_model,2,1.0,0.5,1.0
doorway,12_20,streaky,ConvNeXt Base,head_model,3,1.0,0.5,1.0
doorway,12_20,streaky,ConvNeXt Base,head_model,4,1.0,0.5,1.0
doorway,12_20,streaky,ConvNeXt Base,head_model,5,1.0,0.5,1.0
doorway,12_20,streaky,ConvNeXt Base,head_model,6,1.0,0.5,1.0
doorway,12_20,streaky,ConvNeXt Base,head_model,7,1.0,0.5,1.0
doorway,12_20,streaky,ConvNeXt Base,head_model,8,1.0,0.5,1.0
doorway,12_20,streaky,ConvNeXt Base,head_model,9,1.0,0.5,1.0
doorway,12_20,streaky,ConvNeXt Base,head_model,10,1.0,0.5,1.0
doorway,12_20,streaky,ConvNeXt Large,full_model,1,1.0,0.5,1.0
doorway,12_20,streaky,ConvNeXt Large,full_model,2,1.0,0.5,1.0
doorway,12_20,streaky,ConvNeXt Large,full_model,3,1.0,0.5,1.0
doorway,12_20,streaky,ConvNeXt Large,full_model,4,1.0,0.5,1.0
doorway,12_20,streaky,ConvNeXt Large,full_model,5,1.0,0.5,1.0
doorway,12_20,streaky,ConvNeXt Large,full_model,6,1.0,0.5,1.0
doorway,12_20,streaky,ConvNeXt Large,full_model,7,1.0,0.5,1.0
doorway,12_20,streaky,ConvNeXt Large,full_model,8,1.0,0.5,1.0
doorway,12_20,streaky,ConvNeXt Large,full_model,9,1.0,0.5,1.0
doorway,12_20,streaky,ConvNeXt Large,full_model,10,1.0,0.5,1.0
doorway,12_20,streaky,ConvNeXt Large,head_model,1,0.9965277777777778,0.5,0.9930555555555556
doorway,12_20,streaky,ConvNeXt Large,head_model,2,0.9930555555555556,0.5,0.9861111111111112
doorway,12_20,streaky,ConvNeXt Large,head_model,3,0.9965277777777778,0.5,0.9930555555555556
doorway,12_20,streaky,ConvNeXt Large,head_model,4,0.9965277777777778,0.5,0.9930555555555556
doorway,12_20,streaky,ConvNeXt Large,head_model,5,1.0,0.5,1.0
doorway,12_20,streaky,ConvNeXt Large,head_model,6,0.9965277777777778,0.5,0.9930555555555556
doorway,12_20,streaky,ConvNeXt Large,head_model,7,0.9930555555555556,0.5,0.9861111111111112
doorway,12_20,streaky,ConvNeXt Large,head_model,8,0.9930555555555556,0.5,0.9861111111111112
doorway,12_20,streaky,ConvNeXt Large,head_model,9,0.9965277777777778,0.5,0.9930555555555556
doorway,12_20,streaky,ConvNeXt Large,head_model,10,0.9965277777777778,0.5,0.9930555555555556
doorway,12_20,streaky,ConvNeXt Small,full_model,1,1.0,0.5,1.0
doorway,12_20,streaky,ConvNeXt Small,full_model,2,1.0,0.5,1.0
doorway,12_20,streaky,ConvNeXt Small,full_model,3,1.0,0.5,1.0
doorway,12_20,streaky,ConvNeXt Small,full_model,4,1.0,0.5,1.0
doorway,12_20,streaky,ConvNeXt Small,full_model,5,1.0,0.5,1.0
doorway,12_20,streaky,ConvNeXt Small,full_model,6,1.0,0.5,1.0
doorway,12_20,streaky,ConvNeXt Small,full_model,7,1.0,0.5,1.0
doorway,12_20,streaky,ConvNeXt Small,full_model,8,1.0,0.5,1.0
doorway,12_20,streaky,ConvNeXt Small,full_model,9,1.0,0.5,1.0
doorway,12_20,streaky,ConvNeXt Small,full_model,10,1.0,0.5,1.0
doorway,12_20,streaky,ConvNeXt Small,head_model,1,0.9930555555555556,0.5,0.9861111111111112
doorway,12_20,streaky,ConvNeXt Small,head_model,2,0.9826388888888888,0.5,0.9652777777777777
doorway,12_20,streaky,ConvNeXt Small,head_model,3,0.9861111111111112,0.5,0.9722222222222223
doorway,12_20,streaky,ConvNeXt Small,head_model,4,0.9965277777777778,0.5,0.9930555555555556
doorway,12_20,streaky,ConvNeXt Small,head_model,5,1.0,0.5,1.0
doorway,12_20,streaky,ConvNeXt Small,head_model,6,0.9861111111111112,0.5,0.9722222222222223
doorway,12_20,streaky,ConvNeXt Small,head_model,7,0.9861111111111112,0.5,0.9722222222222223
doorway,12_20,streaky,ConvNeXt Small,head_model,8,0.9861111111111112,0.5,0.9722222222222223
doorway,12_20,streaky,ConvNeXt Small,head_model,9,0.9861111111111112,0.5,0.9722222222222223
doorway,12_20,streaky,ConvNeXt Small,head_model,10,1.0,0.5,1.0
doorway,12_20,streaky,ConvNeXt Tiny,full_model,1,1.0,0.5,1.0
doorway,12_20,streaky,ConvNeXt Tiny,full_model,2,1.0,0.5,1.0
doorway,12_20,streaky,ConvNeXt Tiny,full_model,3,1.0,0.5,1.0
doorway,12_20,streaky,ConvNeXt Tiny,full_model,4,1.0,0.5,1.0
doorway,12_20,streaky,ConvNeXt Tiny,full_model,5,1.0,0.5,1.0
doorway,12_20,streaky,ConvNeXt Tiny,full_model,6,1.0,0.5,1.0
doorway,12_20,streaky,ConvNeXt Tiny,full_model,7,1.0,0.5,1.0
doorway,12_20,streaky,ConvNeXt Tiny,full_model,8,1.0,0.5,1.0
doorway,12_20,streaky,ConvNeXt Tiny,full_model,9,1.0,0.5,1.0
doorway,12_20,streaky,ConvNeXt Tiny,full_model,10,1.0,0.5,1.0
doorway,12_20,streaky,ConvNeXt Tiny,head_model,1,1.0,0.5,1.0
doorway,12_20,streaky,ConvNeXt Tiny,head_model,2,0.9965277777777778,0.5,0.9930555555555556
doorway,12_20,streaky,ConvNeXt Tiny,head_model,3,1.0,0.5,1.0
doorway,12_20,streaky,ConvNeXt Tiny,head_model,4,1.0,0.5,1.0
doorway,12_20,streaky,ConvNeXt Tiny,head_model,5,1.0,0.5,1.0
doorway,12_20,streaky,ConvNeXt Tiny,head_model,6,0.9895833333333334,0.5,0.9791666666666667
doorway,12_20,streaky,ConvNeXt Tiny,head_model,7,0.9895833333333334,0.5,0.9791666666666667
doorway,12_20,streaky,ConvNeXt Tiny,head_model,8,1.0,0.5,1.0
doorway,12_20,streaky,ConvNeXt Tiny,head_model,9,0.9965277777777778,0.5,0.9930555555555556
doorway,12_20,streaky,ConvNeXt Tiny,head_model,10,1.0,0.5,1.0
doorway,12_20,streaky,DINOv3 ViT Base,full_model,1,1.0,0.5,1.0
doorway,12_20,streaky,DINOv3 ViT Base,full_model,2,1.0,0.5,1.0
doorway,12_20,streaky,DINOv3 ViT Base,full_model,3,1.0,0.5,1.0
doorway,12_20,streaky,DINOv3 ViT Base,full_model,4,1.0,0.5,1.0
doorway,12_20,streaky,DINOv3 ViT Base,full_model,5,1.0,0.5,1.0
doorway,12_20,streaky,DINOv3 ViT Base,full_model,6,1.0,0.5,1.0
doorway,12_20,streaky,DINOv3 ViT Base,full_model,7,1.0,0.5,1.0
doorway,12_20,streaky,DINOv3 ViT Base,full_model,8,1.0,0.5,1.0
doorway,12_20,streaky,DINOv3 ViT Base,full_model,9,1.0,0.5,1.0
doorway,12_20,streaky,DINOv3 ViT Base,full_model,10,1.0,0.5,1.0
doorway,12_20,streaky,DINOv3 ViT Base,head_model,1,1.0,0.5,1.0
doorway,12_20,streaky,DINOv3 ViT Base,head_model,2,1.0,0.5,1.0
doorway,12_20,streaky,DINOv3 ViT Base,head_model,3,1.0,0.5,1.0
doorway,12_20,streaky,DINOv3 ViT Base,head_model,4,1.0,0.5,1.0
doorway,12_20,streaky,DINOv3 ViT Base,head_model,5,1.0,0.5,1.0
doorway,12_20,streaky,DINOv3 ViT Base,head_model,6,1.0,0.5,1.0
doorway,12_20,streaky,DINOv3 ViT Base,head_model,7,1.0,0.5,1.0
doorway,12_20,streaky,DINOv3 ViT Base,head_model,8,1.0,0.5,1.0
doorway,12_20,streaky,DINOv3 ViT Base,head_model,9,1.0,0.5,1.0
doorway,12_20,streaky,DINOv3 ViT Base,head_model,10,1.0,0.5,1.0
doorway,12_20,streaky,ResNet18,full_model,1,1.0,0.5,1.0
doorway,12_20,streaky,ResNet18,full_model,2,1.0,0.5,1.0
doorway,12_20,streaky,ResNet18,full_model,3,1.0,0.5,1.0
doorway,12_20,streaky,ResNet18,full_model,4,1.0,0.5,1.0
doorway,12_20,streaky,ResNet18,full_model,5,1.0,0.5,1.0
doorway,12_20,streaky,ResNet18,full_model,6,1.0,0.5,1.0
doorway,12_20,streaky,ResNet18,full_model,7,1.0,0.5,1.0
doorway,12_20,streaky,ResNet18,full_model,8,1.0,0.5,1.0
doorway,12_20,streaky,ResNet18,full_model,9,1.0,0.5,1.0
doorway,12_20,streaky,ResNet18,full_model,10,1.0,0.5,1.0
doorway,12_20,streaky,ResNet18,head_model,1,0.9930555555555556,0.5,0.9861111111111112
doorway,12_20,streaky,ResNet18,head_model,2,0.9930555555555556,0.5,0.9861111111111112
doorway,12_20,streaky,ResNet18,head_model,3,0.9930555555555556,0.5,0.9861111111111112
doorway,12_20,streaky,ResNet18,head_model,4,0.9930555555555556,0.5,0.9861111111111112
doorway,12_20,streaky,ResNet18,head_model,5,0.9930555555555556,0.5,0.9861111111111112
doorway,12_20,streaky,ResNet18,head_model,6,0.9930555555555556,0.5,0.9861111111111112
doorway,12_20,streaky,ResNet18,head_model,7,0.9930555555555556,0.5,0.9861111111111112
doorway,12_20,streaky,ResNet18,head_model,8,0.9930555555555556,0.5,0.9861111111111112
doorway,12_20,streaky,ResNet18,head_model,9,0.9930555555555556,0.5,0.9861111111111112
doorway,12_20,streaky,ResNet18,head_model,10,0.9930555555555556,0.5,0.9861111111111112
doorway,12_20,streaky,ResNet50,full_model,1,1.0,0.5,1.0
doorway,12_20,streaky,ResNet50,full_model,2,1.0,0.5,1.0
doorway,12_20,streaky,ResNet50,full_model,3,1.0,0.5,1.0
doorway,12_20,streaky,ResNet50,full_model,4,1.0,0.5,1.0
doorway,12_20,streaky,ResNet50,full_model,5,1.0,0.5,1.0
doorway,12_20,streaky,ResNet50,full_model,6,1.0,0.5,1.0
doorway,12_20,streaky,ResNet50,full_model,7,1.0,0.5,1.0
doorway,12_20,streaky,ResNet50,full_model,8,1.0,0.5,1.0
doorway,12_20,streaky,ResNet50,full_model,9,1.0,0.5,1.0
doorway,12_20,streaky,ResNet50,full_model,10,1.0,0.5,1.0
doorway,12_20,streaky,ResNet50,head_model,1,0.9826388888888888,0.5,0.9652777777777777
doorway,12_20,streaky,ResNet50,head_model,2,0.9756944444444444,0.5,0.9513888888888888
doorway,12_20,streaky,ResNet50,head_model,3,0.9791666666666666,0.5,0.9583333333333333
doorway,12_20,streaky,ResNet50,head_model,4,0.9756944444444444,0.5,0.9513888888888888
doorway,12_20,streaky,ResNet50,head_model,5,0.9791666666666666,0.5,0.9583333333333333
doorway,12_20,streaky,ResNet50,head_model,6,0.9791666666666666,0.5,0.9583333333333333
doorway,12_20,streaky,ResNet50,head_model,7,0.9756944444444444,0.5,0.9513888888888888
doorway,12_20,streaky,ResNet50,head_model,8,0.9756944444444444,0.5,0.9513888888888888
doorway,12_20,streaky,ResNet50,head_model,9,0.9791666666666666,0.5,0.9583333333333333
doorway,12_20,streaky,ResNet50,head_model,10,0.9791666666666666,0.5,0.9583333333333333
doorway,12_20,streaky,VGG11,full_model,1,1.0,0.5,1.0
doorway,12_20,streaky,VGG11,full_model,2,1.0,0.5,1.0
doorway,12_20,streaky,VGG11,full_model,3,1.0,0.5,1.0
doorway,12_20,streaky,VGG11,full_model,4,1.0,0.5,1.0
doorway,12_20,streaky,VGG11,full_model,5,1.0,0.5,1.0
doorway,12_20,streaky,VGG11,full_model,6,1.0,0.5,1.0
doorway,12_20,streaky,VGG11,full_model,7,1.0,0.5,1.0
doorway,12_20,streaky,VGG11,full_model,8,1.0,0.5,1.0
doorway,12_20,streaky,VGG11,full_model,9,1.0,0.5,1.0
doorway,12_20,streaky,VGG11,full_model,10,1.0,0.5,1.0
doorway,12_20,streaky,VGG11,head_model,1,1.0,0.5,1.0
doorway,12_20,streaky,VGG11,head_model,2,1.0,0.5,1.0
doorway,12_20,streaky,VGG11,head_model,3,1.0,0.5,1.0
doorway,12_20,streaky,VGG11,head_model,4,1.0,0.5,1.0
doorway,12_20,streaky,VGG11,head_model,5,0.9965277777777778,0.5,0.9930555555555556
doorway,12_20,streaky,VGG11,head_model,6,1.0,0.5,1.0
doorway,12_20,streaky,VGG11,head_model,7,1.0,0.5,1.0
doorway,12_20,streaky,VGG11,head_model,8,1.0,0.5,1.0
doorway,12_20,streaky,VGG11,head_model,9,1.0,0.5,1.0
doorway,12_20,streaky,VGG11,head_model,10,1.0,0.5,1.0
doorway,12_20,streaky,VGG13,full_model,1,1.0,0.5,1.0
doorway,12_20,streaky,VGG13,full_model,2,1.0,0.5,1.0
doorway,12_20,streaky,VGG13,full_model,3,1.0,0.5,1.0
doorway,12_20,streaky,VGG13,full_model,4,1.0,0.5,1.0
doorway,12_20,streaky,VGG13,full_model,5,1.0,0.5,1.0
doorway,12_20,streaky,VGG13,full_model,6,1.0,0.5,1.0
doorway,12_20,streaky,VGG13,full_model,7,1.0,0.5,1.0
doorway,12_20,streaky,VGG13,full_model,8,1.0,0.5,1.0
doorway,12_20,streaky,VGG13,full_model,9,1.0,0.5,1.0
doorway,12_20,streaky,VGG13,full_model,10,1.0,0.5,1.0
doorway,12_20,streaky,VGG13,head_model,1,1.0,0.5,1.0
doorway,12_20,streaky,VGG13,head_model,2,1.0,0.5,1.0
doorway,12_20,streaky,VGG13,head_model,3,1.0,0.5,1.0
doorway,12_20,streaky,VGG13,head_model,4,1.0,0.5,1.0
doorway,12_20,streaky,VGG13,head_model,5,1.0,0.5,1.0
doorway,12_20,streaky,VGG13,head_model,6,1.0,0.5,1.0
doorway,12_20,streaky,VGG13,head_model,7,1.0,0.5,1.0
doorway,12_20,streaky,VGG13,head_model,8,1.0,0.5,1.0
doorway,12_20,streaky,VGG13,head_model,9,1.0,0.5,1.0
doorway,12_20,streaky,VGG13,head_model,10,1.0,0.5,1.0
doorway,12_20,streaky,VGG16,full_model,1,1.0,0.5,1.0
doorway,12_20,streaky,VGG16,full_model,2,1.0,0.5,1.0
doorway,12_20,streaky,VGG16,full_model,3,1.0,0.5,1.0
doorway,12_20,streaky,VGG16,full_model,4,1.0,0.5,1.0
doorway,12_20,streaky,VGG16,full_model,5,1.0,0.5,1.0
doorway,12_20,streaky,VGG16,full_model,6,1.0,0.5,1.0
doorway,12_20,streaky,VGG16,full_model,7,1.0,0.5,1.0
doorway,12_20,streaky,VGG16,full_model,8,1.0,0.5,1.0
doorway,12_20,streaky,VGG16,full_model,9,1.0,0.5,1.0
doorway,12_20,streaky,VGG16,full_model,10,1.0,0.5,1.0
doorway,12_20,streaky,VGG16,head_model,1,1.0,0.5,1.0
doorway,12_20,streaky,VGG16,head_model,2,1.0,0.5,1.0
doorway,12_20,streaky,VGG16,head_model,3,1.0,0.5,1.0
doorway,12_20,streaky,VGG16,head_model,4,1.0,0.5,1.0
doorway,12_20,streaky,VGG16,head_model,5,1.0,0.5,1.0
doorway,12_20,streaky,VGG16,head_model,6,1.0,0.5,1.0
doorway,12_20,streaky,VGG16,head_model,7,1.0,0.5,1.0
doorway,12_20,streaky,VGG16,head_model,8,1.0,0.5,1.0
doorway,12_20,streaky,VGG16,head_model,9,1.0,0.5,1.0
doorway,12_20,streaky,VGG16,head_model,10,1.0,0.5,1.0
doorway,12_20,streaky,VGG19,full_model,1,1.0,0.5,1.0
doorway,12_20,streaky,VGG19,full_model,2,1.0,0.5,1.0
doorway,12_20,streaky,VGG19,full_model,3,1.0,0.5,1.0
doorway,12_20,streaky,VGG19,full_model,4,1.0,0.5,1.0
doorway,12_20,streaky,VGG19,full_model,5,1.0,0.5,1.0
doorway,12_20,streaky,VGG19,full_model,6,1.0,0.5,1.0
doorway,12_20,streaky,VGG19,full_model,7,1.0,0.5,1.0
doorway,12_20,streaky,VGG19,full_model,8,1.0,0.5,1.0
doorway,12_20,streaky,VGG19,full_model,9,1.0,0.5,1.0
doorway,12_20,streaky,VGG19,full_model,10,1.0,0.5,1.0
doorway,12_20,streaky,VGG19,head_model,1,0.9965277777777778,0.5,0.9930555555555556
doorway,12_20,streaky,VGG19,head_model,2,0.9965277777777778,0.5,0.9930555555555556
doorway,12_20,streaky,VGG19,head_model,3,0.9965277777777778,0.5,0.9930555555555556
doorway,12_20,streaky,VGG19,head_model,4,0.9965277777777778,0.5,0.9930555555555556
doorway,12_20,streaky,VGG19,head_model,5,0.9965277777777778,0.5,0.9930555555555556
doorway,12_20,streaky,VGG19,head_model,6,0.9965277777777778,0.5,0.9930555555555556
doorway,12_20,streaky,VGG19,head_model,7,0.9861111111111112,0.5,0.9722222222222223
doorway,12_20,streaky,VGG19,head_model,8,0.9965277777777778,0.5,0.9930555555555556
doorway,12_20,streaky,VGG19,head_model,9,0.9965277777777778,0.5,0.9930555555555556
doorway,12_20,streaky,VGG19,head_model,10,0.9965277777777778,0.5,0.9930555555555556
doorway,12_20,streaky,ViT Base,full_model,1,1.0,0.5,1.0
doorway,12_20,streaky,ViT Base,full_model,2,1.0,0.5,1.0
doorway,12_20,streaky,ViT Base,full_model,3,1.0,0.5,1.0
doorway,12_20,streaky,ViT Base,full_model,4,1.0,0.5,1.0
doorway,12_20,streaky,ViT Base,full_model,5,1.0,0.5,1.0
doorway,12_20,streaky,ViT Base,full_model,6,1.0,0.5,1.0
doorway,12_20,streaky,ViT Base,full_model,7,1.0,0.5,1.0
doorway,12_20,streaky,ViT Base,full_model,8,1.0,0.5,1.0
doorway,12_20,streaky,ViT Base,full_model,9,1.0,0.5,1.0
doorway,12_20,streaky,ViT Base,full_model,10,1.0,0.5,1.0
doorway,12_20,streaky,ViT Base,head_model,1,1.0,0.5,1.0
doorway,12_20,streaky,ViT Base,head_model,2,1.0,0.5,1.0
doorway,12_20,streaky,ViT Base,head_model,3,1.0,0.5,1.0
doorway,12_20,streaky,ViT Base,head_model,4,1.0,0.5,1.0
doorway,12_20,streaky,ViT Base,head_model,5,1.0,0.5,1.0
doorway,12_20,streaky,ViT Base,head_model,6,1.0,0.5,1.0
doorway,12_20,streaky,ViT Base,head_model,7,1.0,0.5,1.0
doorway,12_20,streaky,ViT Base,head_model,8,1.0,0.5,1.0
doorway,12_20,streaky,ViT Base,head_model,9,1.0,0.5,1.0
doorway,12_20,streaky,ViT Base,head_model,10,1.0,0.5,1.0
doorway,12_20,streaky,ViT Large,full_model,1,1.0,0.5,1.0
doorway,12_20,streaky,ViT Large,full_model,2,1.0,0.5,1.0
doorway,12_20,streaky,ViT Large,full_model,3,1.0,0.5,1.0
doorway,12_20,streaky,ViT Large,full_model,4,1.0,0.5,1.0
doorway,12_20,streaky,ViT Large,full_model,5,1.0,0.5,1.0
doorway,12_20,streaky,ViT Large,full_model,6,1.0,0.5,1.0
doorway,12_20,streaky,ViT Large,full_model,7,1.0,0.5,1.0
doorway,12_20,streaky,ViT Large,full_model,8,1.0,0.5,1.0
doorway,12_20,streaky,ViT Large,full_model,9,1.0,0.5,1.0
doorway,12_20,streaky,ViT Large,full_model,10,1.0,0.5,1.0
doorway,12_20,streaky,ViT Large,head_model,1,1.0,0.5,1.0
doorway,12_20,streaky,ViT Large,head_model,2,1.0,0.5,1.0
doorway,12_20,streaky,ViT Large,head_model,3,1.0,0.5,1.0
doorway,12_20,streaky,ViT Large,head_model,4,1.0,0.5,1.0
doorway,12_20,streaky,ViT Large,head_model,5,1.0,0.5,1.0
doorway,12_20,streaky,ViT Large,head_model,6,1.0,0.5,1.0
doorway,12_20,streaky,ViT Large,head_model,7,1.0,0.5,1.0
doorway,12_20,streaky,ViT Large,head_model,8,0.9965277777777778,0.5,0.9930555555555556
doorway,12_20,streaky,ViT Large,head_model,9,1.0,0.5,1.0
doorway,12_20,streaky,ViT Large,head_model,10,1.0,0.5,1.0
doorway,12_20,streaky,ViT Small,full_model,1,1.0,0.5,1.0
doorway,12_20,streaky,ViT Small,full_model,2,1.0,0.5,1.0
doorway,12_20,streaky,ViT Small,full_model,3,1.0,0.5,1.0
doorway,12_20,streaky,ViT Small,full_model,4,1.0,0.5,1.0
doorway,12_20,streaky,ViT Small,full_model,5,1.0,0.5,1.0
doorway,12_20,streaky,ViT Small,full_model,6,1.0,0.5,1.0
doorway,12_20,streaky,ViT Small,full_model,7,1.0,0.5,1.0
doorway,12_20,streaky,ViT Small,full_model,8,1.0,0.5,1.0
doorway,12_20,streaky,ViT Small,full_model,9,1.0,0.5,1.0
doorway,12_20,streaky,ViT Small,full_model,10,1.0,0.5,1.0
doorway,12_20,streaky,ViT Small,head_model,1,1.0,0.5,1.0
doorway,12_20,streaky,ViT Small,head_model,2,1.0,0.5,1.0
doorway,12_20,streaky,ViT Small,head_model,3,1.0,0.5,1.0
doorway,12_20,streaky,ViT Small,head_model,4,1.0,0.5,1.0
doorway,12_20,streaky,ViT Small,head_model,5,1.0,0.5,1.0
doorway,12_20,streaky,ViT Small,head_model,6,1.0,0.5,1.0
doorway,12_20,streaky,ViT Small,head_model,7,1.0,0.5,1.0
doorway,12_20,streaky,ViT Small,head_model,8,1.0,0.5,1.0
doorway,12_20,streaky,ViT Small,head_model,9,1.0,0.5,1.0
doorway,12_20,streaky,ViT Small,head_model,10,1.0,0.5,1.0
doorway,6_10,pointy,ConvNeXt Base,full_model,1,1.0,0.5,1.0
doorway,6_10,pointy,ConvNeXt Base,full_model,2,1.0,0.5,1.0
doorway,6_10,pointy,ConvNeXt Base,full_model,3,1.0,0.5,1.0
doorway,6_10,pointy,ConvNeXt Base,full_model,4,1.0,0.5,1.0
doorway,6_10,pointy,ConvNeXt Base,full_model,5,1.0,0.5,1.0
doorway,6_10,pointy,ConvNeXt Base,full_model,6,1.0,0.5,1.0
doorway,6_10,pointy,ConvNeXt Base,full_model,7,1.0,0.5,1.0
doorway,6_10,pointy,ConvNeXt Base,full_model,8,1.0,0.5,1.0
doorway,6_10,pointy,ConvNeXt Base,full_model,9,1.0,0.5,1.0
doorway,6_10,pointy,ConvNeXt Base,full_model,10,1.0,0.5,1.0
doorway,6_10,pointy,ConvNeXt Base,head_model,1,0.9027777777777778,0.5,0.8055555555555556
doorway,6_10,pointy,ConvNeXt Base,head_model,2,0.9027777777777778,0.5,0.8055555555555556
doorway,6_10,pointy,ConvNeXt Base,head_model,3,0.9027777777777778,0.5,0.8055555555555556
doorway,6_10,pointy,ConvNeXt Base,head_model,4,0.8958333333333334,0.5,0.7916666666666667
doorway,6_10,pointy,ConvNeXt Base,head_model,5,0.9027777777777778,0.5,0.8055555555555556
doorway,6_10,pointy,ConvNeXt Base,head_model,6,0.9131944444444444,0.5,0.8263888888888888
doorway,6_10,pointy,ConvNeXt Base,head_model,7,0.90625,0.5,0.8125
doorway,6_10,pointy,ConvNeXt Base,head_model,8,0.9166666666666666,0.5,0.8333333333333333
doorway,6_10,pointy,ConvNeXt Base,head_model,9,0.9097222222222222,0.5,0.8194444444444444
doorway,6_10,pointy,ConvNeXt Base,head_model,10,0.9131944444444444,0.5,0.8263888888888888
doorway,6_10,pointy,ConvNeXt Large,full_model,1,1.0,0.5,1.0
doorway,6_10,pointy,ConvNeXt Large,full_model,2,1.0,0.5,1.0
doorway,6_10,pointy,ConvNeXt Large,full_model,3,1.0,0.5,1.0
doorway,6_10,pointy,ConvNeXt Large,full_model,4,1.0,0.5,1.0
doorway,6_10,pointy,ConvNeXt Large,full_model,5,1.0,0.5,1.0
doorway,6_10,pointy,ConvNeXt Large,full_model,6,1.0,0.5,1.0
doorway,6_10,pointy,ConvNeXt Large,full_model,7,1.0,0.5,1.0
doorway,6_10,pointy,ConvNeXt Large,full_model,8,1.0,0.5,1.0
doorway,6_10,pointy,ConvNeXt Large,full_model,9,1.0,0.5,1.0
doorway,6_10,pointy,ConvNeXt Large,full_model,10,1.0,0.5,1.0
doorway,6_10,pointy,ConvNeXt Large,head_model,1,0.9305555555555556,0.5,0.8611111111111112
doorway,6_10,pointy,ConvNeXt Large,head_model,2,0.9409722222222222,0.5,0.8819444444444444
doorway,6_10,pointy,ConvNeXt Large,head_model,3,0.9340277777777778,0.5,0.8680555555555556
doorway,6_10,pointy,ConvNeXt Large,head_model,4,0.9479166666666666,0.5,0.8958333333333333
doorway,6_10,pointy,ConvNeXt Large,head_model,5,0.9270833333333334,0.5,0.8541666666666667
doorway,6_10,pointy,ConvNeXt Large,head_model,6,0.9375,0.5,0.875
doorway,6_10,pointy,ConvNeXt Large,head_model,7,0.9513888888888888,0.5,0.9027777777777777
doorway,6_10,pointy,ConvNeXt Large,head_model,8,0.9479166666666666,0.5,0.8958333333333333
doorway,6_10,pointy,ConvNeXt Large,head_model,9,0.9375,0.5,0.875
doorway,6_10,pointy,ConvNeXt Large,head_model,10,0.9479166666666666,0.5,0.8958333333333333
doorway,6_10,pointy,ConvNeXt Small,full_model,1,1.0,0.5,1.0
doorway,6_10,pointy,ConvNeXt Small,full_model,2,1.0,0.5,1.0
doorway,6_10,pointy,ConvNeXt Small,full_model,3,1.0,0.5,1.0
doorway,6_10,pointy,ConvNeXt Small,full_model,4,1.0,0.5,1.0
doorway,6_10,pointy,ConvNeXt Small,full_model,5,1.0,0.5,1.0
doorway,6_10,pointy,ConvNeXt Small,full_model,6,1.0,0.5,1.0
doorway,6_10,pointy,ConvNeXt Small,full_model,7,1.0,0.5,1.0
doorway,6_10,pointy,ConvNeXt Small,full_model,8,1.0,0.5,1.0
doorway,6_10,pointy,ConvNeXt Small,full_model,9,1.0,0.5,1.0
doorway,6_10,pointy,ConvNeXt Small,full_model,10,1.0,0.5,1.0
doorway,6_10,pointy,ConvNeXt Small,head_model,1,0.90625,0.5,0.8125
doorway,6_10,pointy,ConvNeXt Small,head_model,2,0.9375,0.5,0.875
doorway,6_10,pointy,ConvNeXt Small,head_model,3,0.9270833333333334,0.5,0.8541666666666667
doorway,6_10,pointy,ConvNeXt Small,head_model,4,0.9236111111111112,0.5,0.8472222222222223
doorway,6_10,pointy,ConvNeXt Small,head_model,5,0.8923611111111112,0.5,0.7847222222222223
doorway,6_10,pointy,ConvNeXt Small,head_model,6,0.9305555555555556,0.5,0.8611111111111112
doorway,6_10,pointy,ConvNeXt Small,head_model,7,0.9409722222222222,0.5,0.8819444444444444
doorway,6_10,pointy,ConvNeXt Small,head_model,8,0.9375,0.5,0.875
doorway,6_10,pointy,ConvNeXt Small,head_model,9,0.9236111111111112,0.5,0.8472222222222223
doorway,6_10,pointy,ConvNeXt Small,head_model,10,0.9375,0.5,0.875
doorway,6_10,pointy,ConvNeXt Tiny,full_model,1,1.0,0.5,1.0
doorway,6_10,pointy,ConvNeXt Tiny,full_model,2,1.0,0.5,1.0
doorway,6_10,pointy,ConvNeXt Tiny,full_model,3,1.0,0.5,1.0
doorway,6_10,pointy,ConvNeXt Tiny,full_model,4,1.0,0.5,1.0
doorway,6_10,pointy,ConvNeXt Tiny,full_model,5,1.0,0.5,1.0
doorway,6_10,pointy,ConvNeXt Tiny,full_model,6,1.0,0.5,1.0
doorway,6_10,pointy,ConvNeXt Tiny,full_model,7,1.0,0.5,1.0
doorway,6_10,pointy,ConvNeXt Tiny,full_model,8,1.0,0.5,1.0
doorway,6_10,pointy,ConvNeXt Tiny,full_model,9,1.0,0.5,1.0
doorway,6_10,pointy,ConvNeXt Tiny,full_model,10,1.0,0.5,1.0
doorway,6_10,pointy,ConvNeXt Tiny,head_model,1,0.9375,0.5,0.875
doorway,6_10,pointy,ConvNeXt Tiny,head_model,2,0.9236111111111112,0.5,0.8472222222222223
doorway,6_10,pointy,ConvNeXt Tiny,head_model,3,0.9375,0.5,0.875
doorway,6_10,pointy,ConvNeXt Tiny,head_model,4,0.8784722222222222,0.5,0.7569444444444444
doorway,6_10,pointy,ConvNeXt Tiny,head_model,5,0.9375,0.5,0.875
doorway,6_10,pointy,ConvNeXt Tiny,head_model,6,0.9340277777777778,0.5,0.8680555555555556
doorway,6_10,pointy,ConvNeXt Tiny,head_model,7,0.8854166666666666,0.5,0.7708333333333333
doorway,6_10,pointy,ConvNeXt Tiny,head_model,8,0.9236111111111112,0.5,0.8472222222222223
doorway,6_10,pointy,ConvNeXt Tiny,head_model,9,0.9375,0.5,0.875
doorway,6_10,pointy,ConvNeXt Tiny,head_model,10,0.9270833333333334,0.5,0.8541666666666667
doorway,6_10,pointy,DINOv3 ViT Base,full_model,1,1.0,0.5,1.0
doorway,6_10,pointy,DINOv3 ViT Base,full_model,2,1.0,0.5,1.0
doorway,6_10,pointy,DINOv3 ViT Base,full_model,3,1.0,0.5,1.0
doorway,6_10,pointy,DINOv3 ViT Base,full_model,4,1.0,0.5,1.0
doorway,6_10,pointy,DINOv3 ViT Base,full_model,5,1.0,0.5,1.0
doorway,6_10,pointy,DINOv3 ViT Base,full_model,6,1.0,0.5,1.0
doorway,6_10,pointy,DINOv3 ViT Base,full_model,7,1.0,0.5,1.0
doorway,6_10,pointy,DINOv3 ViT Base,full_model,8,1.0,0.5,1.0
doorway,6_10,pointy,DINOv3 ViT Base,full_model,9,1.0,0.5,1.0
doorway,6_10,pointy,DINOv3 ViT Base,full_model,10,1.0,0.5,1.0
doorway,6_10,pointy,DINOv3 ViT Base,head_model,1,1.0,0.5,1.0
doorway,6_10,pointy,DINOv3 ViT Base,head_model,2,1.0,0.5,1.0
doorway,6_10,pointy,DINOv3 ViT Base,head_model,3,0.9965277777777778,0.5,0.9930555555555556
doorway,6_10,pointy,DINOv3 ViT Base,head_model,4,1.0,0.5,1.0
doorway,6_10,pointy,DINOv3 ViT Base,head_model,5,1.0,0.5,1.0
doorway,6_10,pointy,DINOv3 ViT Base,head_model,6,1.0,0.5,1.0
doorway,6_10,pointy,DINOv3 ViT Base,head_model,7,1.0,0.5,1.0
doorway,6_10,pointy,DINOv3 ViT Base,head_model,8,1.0,0.5,1.0
doorway,6_10,pointy,DINOv3 ViT Base,head_model,9,1.0,0.5,1.0
doorway,6_10,pointy,DINOv3 ViT Base,head_model,10,1.0,0.5,1.0
doorway,6_10,pointy,ResNet18,full_model,1,1.0,0.5,1.0
doorway,6_10,pointy,ResNet18,full_model,2,1.0,0.5,1.0
doorway,6_10,pointy,ResNet18,full_model,3,1.0,0.5,1.0
doorway,6_10,pointy,ResNet18,full_model,4,1.0,0.5,1.0
doorway,6_10,pointy,ResNet18,full_model,5,1.0,0.5,1.0
doorway,6_10,pointy,ResNet18,full_model,6,1.0,0.5,1.0
doorway,6_10,pointy,ResNet18,full_model,7,1.0,0.5,1.0
doorway,6_10,pointy,ResNet18,full_model,8,1.0,0.5,1.0
doorway,6_10,pointy,ResNet18,full_model,9,1.0,0.5,1.0
doorway,6_10,pointy,ResNet18,full_model,10,1.0,0.5,1.0
doorway,6_10,pointy,ResNet18,head_model,1,0.9201388888888888,0.5,0.8402777777777777
doorway,6_10,pointy,ResNet18,head_model,2,0.9166666666666666,0.5,0.8333333333333333
doorway,6_10,pointy,ResNet18,head_model,3,0.9166666666666666,0.5,0.8333333333333333
doorway,6_10,pointy,ResNet18,head_model,4,0.9236111111111112,0.5,0.8472222222222223
doorway,6_10,pointy,ResNet18,head_model,5,0.9166666666666666,0.5,0.8333333333333333
doorway,6_10,pointy,ResNet18,head_model,6,0.9201388888888888,0.5,0.8402777777777777
doorway,6_10,pointy,ResNet18,head_model,7,0.9201388888888888,0.5,0.8402777777777777
doorway,6_10,pointy,ResNet18,head_model,8,0.9166666666666666,0.5,0.8333333333333333
doorway,6_10,pointy,ResNet18,head_model,9,0.9201388888888888,0.5,0.8402777777777777
doorway,6_10,pointy,ResNet18,head_model,10,0.9201388888888888,0.5,0.8402777777777777
doorway,6_10,pointy,ResNet50,full_model,1,1.0,0.5,1.0
doorway,6_10,pointy,ResNet50,full_model,2,1.0,0.5,1.0
doorway,6_10,pointy,ResNet50,full_model,3,1.0,0.5,1.0
doorway,6_10,pointy,ResNet50,full_model,4,1.0,0.5,1.0
doorway,6_10,pointy,ResNet50,full_model,5,1.0,0.5,1.0
doorway,6_10,pointy,ResNet50,full_model,6,1.0,0.5,1.0
doorway,6_10,pointy,ResNet50,full_model,7,1.0,0.5,1.0
doorway,6_10,pointy,ResNet50,full_model,8,1.0,0.5,1.0
doorway,6_10,pointy,ResNet50,full_model,9,1.0,0.5,1.0
doorway,6_10,pointy,ResNet50,full_model,10,1.0,0.5,1.0
doorway,6_10,pointy,ResNet50,head_model,1,0.9340277777777778,0.5,0.8680555555555556
doorway,6_10,pointy,ResNet50,head_model,2,0.9305555555555556,0.5,0.8611111111111112
doorway,6_10,pointy,ResNet50,head_model,3,0.9305555555555556,0.5,0.8611111111111112
doorway,6_10,pointy,ResNet50,head_model,4,0.9201388888888888,0.5,0.8402777777777777
doorway,6_10,pointy,ResNet50,head_model,5,0.9270833333333334,0.5,0.8541666666666667
doorway,6_10,pointy,ResNet50,head_model,6,0.9305555555555556,0.5,0.8611111111111112
doorway,6_10,pointy,ResNet50,head_model,7,0.9270833333333334,0.5,0.8541666666666667
doorway,6_10,pointy,ResNet50,head_model,8,0.9305555555555556,0.5,0.8611111111111112
doorway,6_10,pointy,ResNet50,head_model,9,0.9236111111111112,0.5,0.8472222222222223
doorway,6_10,pointy,ResNet50,head_model,10,0.9305555555555556,0.5,0.8611111111111112
doorway,6_10,pointy,VGG11,full_model,1,1.0,0.5,1.0
doorway,6_10,pointy,VGG11,full_model,2,1.0,0.5,1.0
doorway,6_10,pointy,VGG11,full_model,3,1.0,0.5,1.0
doorway,6_10,pointy,VGG11,full_model,4,1.0,0.5,1.0
doorway,6_10,pointy,VGG11,full_model,5,1.0,0.5,1.0
doorway,6_10,pointy,VGG11,full_model,6,1.0,0.5,1.0
doorway,6_10,pointy,VGG11,full_model,7,1.0,0.5,1.0
doorway,6_10,pointy,VGG11,full_model,8,1.0,0.5,1.0
doorway,6_10,pointy,VGG11,full_model,9,1.0,0.5,1.0
doorway,6_10,pointy,VGG11,full_model,10,1.0,0.5,1.0
doorway,6_10,pointy,VGG11,head_model,1,0.9375,0.5,0.875
doorway,6_10,pointy,VGG11,head_model,2,0.9548611111111112,0.5,0.9097222222222223
doorway,6_10,pointy,VGG11,head_model,3,0.9513888888888888,0.5,0.9027777777777777
doorway,6_10,pointy,VGG11,head_model,4,0.9479166666666666,0.5,0.8958333333333333
doorway,6_10,pointy,VGG11,head_model,5,0.9444444444444444,0.5,0.8888888888888888
doorway,6_10,pointy,VGG11,head_model,6,0.9583333333333334,0.5,0.9166666666666667
doorway,6_10,pointy,VGG11,head_model,7,0.9548611111111112,0.5,0.9097222222222223
doorway,6_10,pointy,VGG11,head_model,8,0.9583333333333334,0.5,0.9166666666666667
doorway,6_10,pointy,VGG11,head_model,9,0.9513888888888888,0.5,0.9027777777777777
doorway,6_10,pointy,VGG11,head_model,10,0.9583333333333334,0.5,0.9166666666666667
doorway,6_10,pointy,VGG13,full_model,1,1.0,0.5,1.0
doorway,6_10,pointy,VGG13,full_model,2,1.0,0.5,1.0
doorway,6_10,pointy,VGG13,full_model,3,1.0,0.5,1.0
doorway,6_10,pointy,VGG13,full_model,4,1.0,0.5,1.0
doorway,6_10,pointy,VGG13,full_model,5,1.0,0.5,1.0
doorway,6_10,pointy,VGG13,full_model,6,1.0,0.5,1.0
doorway,6_10,pointy,VGG13,full_model,7,1.0,0.5,1.0
doorway,6_10,pointy,VGG13,full_model,8,1.0,0.5,1.0
doorway,6_10,pointy,VGG13,full_model,9,1.0,0.5,1.0
doorway,6_10,pointy,VGG13,full_model,10,1.0,0.5,1.0
doorway,6_10,pointy,VGG13,head_model,1,0.9548611111111112,0.5,0.9097222222222223
doorway,6_10,pointy,VGG13,head_model,2,0.9548611111111112,0.5,0.9097222222222223
doorway,6_10,pointy,VGG13,head_model,3,0.9618055555555556,0.5,0.9236111111111112
doorway,6_10,pointy,VGG13,head_model,4,0.9513888888888888,0.5,0.9027777777777777
doorway,6_10,pointy,VGG13,head_model,5,0.9513888888888888,0.5,0.9027777777777777
doorway,6_10,pointy,VGG13,head_model,6,0.9548611111111112,0.5,0.9097222222222223
doorway,6_10,pointy,VGG13,head_model,7,0.9548611111111112,0.5,0.9097222222222223
doorway,6_10,pointy,VGG13,head_model,8,0.9548611111111112,0.5,0.9097222222222223
doorway,6_10,pointy,VGG13,head_model,9,0.9513888888888888,0.5,0.9027777777777777
doorway,6_10,pointy,VGG13,head_model,10,0.9548611111111112,0.5,0.9097222222222223
doorway,6_10,pointy,VGG16,full_model,1,1.0,0.5,1.0
doorway,6_10,pointy,VGG16,full_model,2,1.0,0.5,1.0
doorway,6_10,pointy,VGG16,full_model,3,1.0,0.5,1.0
doorway,6_10,pointy,VGG16,full_model,4,1.0,0.5,1.0
doorway,6_10,pointy,VGG16,full_model,5,1.0,0.5,1.0
doorway,6_10,pointy,VGG16,full_model,6,1.0,0.5,1.0
doorway,6_10,pointy,VGG16,full_model,7,1.0,0.5,1.0
doorway,6_10,pointy,VGG16,full_model,8,1.0,0.5,1.0
doorway,6_10,pointy,VGG16,full_model,9,1.0,0.5,1.0
doorway,6_10,pointy,VGG16,full_model,10,1.0,0.5,1.0
doorway,6_10,pointy,VGG16,head_model,1,0.9791666666666666,0.5,0.9583333333333333
doorway,6_10,pointy,VGG16,head_model,2,0.9722222222222222,0.5,0.9444444444444444
doorway,6_10,pointy,VGG16,head_model,3,0.9826388888888888,0.5,0.9652777777777777
doorway,6_10,pointy,VGG16,head_model,4,0.9722222222222222,0.5,0.9444444444444444
doorway,6_10,pointy,VGG16,head_model,5,0.9791666666666666,0.5,0.9583333333333333
doorway,6_10,pointy,VGG16,head_model,6,0.9861111111111112,0.5,0.9722222222222223
doorway,6_10,pointy,VGG16,head_model,7,0.9756944444444444,0.5,0.9513888888888888
doorway,6_10,pointy,VGG16,head_model,8,0.9826388888888888,0.5,0.9652777777777777
doorway,6_10,pointy,VGG16,head_model,9,0.9826388888888888,0.5,0.9652777777777777
doorway,6_10,pointy,VGG16,head_model,10,0.9826388888888888,0.5,0.9652777777777777
doorway,6_10,pointy,VGG19,full_model,1,1.0,0.5,1.0
doorway,6_10,pointy,VGG19,full_model,2,1.0,0.5,1.0
doorway,6_10,pointy,VGG19,full_model,3,1.0,0.5,1.0
doorway,6_10,pointy,VGG19,full_model,4,1.0,0.5,1.0
doorway,6_10,pointy,VGG19,full_model,5,1.0,0.5,1.0
doorway,6_10,pointy,VGG19,full_model,6,1.0,0.5,1.0
doorway,6_10,pointy,VGG19,full_model,7,1.0,0.5,1.0
doorway,6_10,pointy,VGG19,full_model,8,1.0,0.5,1.0
doorway,6_10,pointy,VGG19,full_model,9,1.0,0.5,1.0
doorway,6_10,pointy,VGG19,full_model,10,1.0,0.5,1.0
doorway,6_10,pointy,VGG19,head_model,1,0.9479166666666666,0.5,0.8958333333333333
doorway,6_10,pointy,VGG19,head_model,2,0.9583333333333334,0.5,0.9166666666666667
doorway,6_10,pointy,VGG19,head_model,3,0.9583333333333334,0.5,0.9166666666666667
doorway,6_10,pointy,VGG19,head_model,4,0.9583333333333334,0.5,0.9166666666666667
doorway,6_10,pointy,VGG19,head_model,5,0.9479166666666666,0.5,0.8958333333333333
doorway,6_10,pointy,VGG19,head_model,6,0.9583333333333334,0.5,0.9166666666666667
doorway,6_10,pointy,VGG19,head_model,7,0.9618055555555556,0.5,0.9236111111111112
doorway,6_10,pointy,VGG19,head_model,8,0.9583333333333334,0.5,0.9166666666666667
doorway,6_10,pointy,VGG19,head_model,9,0.9583333333333334,0.5,0.9166666666666667
doorway,6_10,pointy,VGG19,head_model,10,0.9583333333333334,0.5,0.9166666666666667
doorway,6_10,pointy,ViT Base,full_model,1,1.0,0.5,1.0
doorway,6_10,pointy,ViT Base,full_model,2,1.0,0.5,1.0
doorway,6_10,pointy,ViT Base,full_model,3,1.0,0.5,1.0
doorway,6_10,pointy,ViT Base,full_model,4,1.0,0.5,1.0
doorway,6_10,pointy,ViT Base,full_model,5,1.0,0.5,1.0
doorway,6_10,pointy,ViT Base,full_model,6,1.0,0.5,1.0
doorway,6_10,pointy,ViT Base,full_model,7,1.0,0.5,1.0
doorway,6_10,pointy,ViT Base,full_model,8,1.0,0.5,1.0
doorway,6_10,pointy,ViT Base,full_model,9,1.0,0.5,1.0
doorway,6_10,pointy,ViT Base,full_model,10,1.0,0.5,1.0
doorway,6_10,pointy,ViT Base,head_model,1,1.0,0.5,1.0
doorway,6_10,pointy,ViT Base,head_model,2,1.0,0.5,1.0
doorway,6_10,pointy,ViT Base,head_model,3,1.0,0.5,1.0
doorway,6_10,pointy,ViT Base,head_model,4,1.0,0.5,1.0
doorway,6_10,pointy,ViT Base,head_model,5,1.0,0.5,1.0
doorway,6_10,pointy,ViT Base,head_model,6,1.0,0.5,1.0
doorway,6_10,pointy,ViT Base,head_model,7,1.0,0.5,1.0
doorway,6_10,pointy,ViT Base,head_model,8,1.0,0.5,1.0
doorway,6_10,pointy,ViT Base,head_model,9,1.0,0.5,1.0
doorway,6_10,pointy,ViT Base,head_model,10,0.9965277777777778,0.5,0.9930555555555556
doorway,6_10,pointy,ViT Large,full_model,1,1.0,0.5,1.0
doorway,6_10,pointy,ViT Large,full_model,2,1.0,0.5,1.0
doorway,6_10,pointy,ViT Large,full_model,3,1.0,0.5,1.0
doorway,6_10,pointy,ViT Large,full_model,4,1.0,0.5,1.0
doorway,6_10,pointy,ViT Large,full_model,5,1.0,0.5,1.0
doorway,6_10,pointy,ViT Large,full_model,6,1.0,0.5,1.0
doorway,6_10,pointy,ViT Large,full_model,7,1.0,0.5,1.0
doorway,6_10,pointy,ViT Large,full_model,8,1.0,0.5,1.0
doorway,6_10,pointy,ViT Large,full_model,9,1.0,0.5,1.0
doorway,6_10,pointy,ViT Large,full_model,10,1.0,0.5,1.0
doorway,6_10,pointy,ViT Large,head_model,1,1.0,0.5,1.0
doorway,6_10,pointy,ViT Large,head_model,2,1.0,0.5,1.0
doorway,6_10,pointy,ViT Large,head_model,3,1.0,0.5,1.0
doorway,6_10,pointy,ViT Large,head_model,4,1.0,0.5,1.0
doorway,6_10,pointy,ViT Large,head_model,5,1.0,0.5,1.0
doorway,6_10,pointy,ViT Large,head_model,6,1.0,0.5,1.0
doorway,6_10,pointy,ViT Large,head_model,7,1.0,0.5,1.0
doorway,6_10,pointy,ViT Large,head_model,8,1.0,0.5,1.0
doorway,6_10,pointy,ViT Large,head_model,9,1.0,0.5,1.0
doorway,6_10,pointy,ViT Large,head_model,10,1.0,0.5,1.0
doorway,6_10,pointy,ViT Small,full_model,1,1.0,0.5,1.0
doorway,6_10,pointy,ViT Small,full_model,2,1.0,0.5,1.0
doorway,6_10,pointy,ViT Small,full_model,3,1.0,0.5,1.0
doorway,6_10,pointy,ViT Small,full_model,4,1.0,0.5,1.0
doorway,6_10,pointy,ViT Small,full_model,5,1.0,0.5,1.0
doorway,6_10,pointy,ViT Small,full_model,6,1.0,0.5,1.0
doorway,6_10,pointy,ViT Small,full_model,7,1.0,0.5,1.0
doorway,6_10,pointy,ViT Small,full_model,8,1.0,0.5,1.0
doorway,6_10,pointy,ViT Small,full_model,9,1.0,0.5,1.0
doorway,6_10,pointy,ViT Small,full_model,10,1.0,0.5,1.0
doorway,6_10,pointy,ViT Small,head_model,1,1.0,0.5,1.0
doorway,6_10,pointy,ViT Small,head_model,2,1.0,0.5,1.0
doorway,6_10,pointy,ViT Small,head_model,3,0.9965277777777778,0.5,0.9930555555555556
doorway,6_10,pointy,ViT Small,head_model,4,1.0,0.5,1.0
doorway,6_10,pointy,ViT Small,head_model,5,1.0,0.5,1.0
doorway,6_10,pointy,ViT Small,head_model,6,1.0,0.5,1.0
doorway,6_10,pointy,ViT Small,head_model,7,1.0,0.5,1.0
doorway,6_10,pointy,ViT Small,head_model,8,1.0,0.5,1.0
doorway,6_10,pointy,ViT Small,head_model,9,1.0,0.5,1.0
doorway,6_10,pointy,ViT Small,head_model,10,1.0,0.5,1.0
doorway,6_10,streaky,ConvNeXt Base,full_model,1,1.0,0.5,1.0
doorway,6_10,streaky,ConvNeXt Base,full_model,2,1.0,0.5,1.0
doorway,6_10,streaky,ConvNeXt Base,full_model,3,1.0,0.5,1.0
doorway,6_10,streaky,ConvNeXt Base,full_model,4,1.0,0.5,1.0
doorway,6_10,streaky,ConvNeXt Base,full_model,5,1.0,0.5,1.0
doorway,6_10,streaky,ConvNeXt Base,full_model,6,1.0,0.5,1.0
doorway,6_10,streaky,ConvNeXt Base,full_model,7,1.0,0.5,1.0
doorway,6_10,streaky,ConvNeXt Base,full_model,8,1.0,0.5,1.0
doorway,6_10,streaky,ConvNeXt Base,full_model,9,1.0,0.5,1.0
doorway,6_10,streaky,ConvNeXt Base,full_model,10,1.0,0.5,1.0
doorway,6_10,streaky,ConvNeXt Base,head_model,1,0.9895833333333334,0.5,0.9791666666666667
doorway,6_10,streaky,ConvNeXt Base,head_model,2,0.9895833333333334,0.5,0.9791666666666667
doorway,6_10,streaky,ConvNeXt Base,head_model,3,0.9895833333333334,0.5,0.9791666666666667
doorway,6_10,streaky,ConvNeXt Base,head_model,4,0.9965277777777778,0.5,0.9930555555555556
doorway,6_10,streaky,ConvNeXt Base,head_model,5,0.9895833333333334,0.5,0.9791666666666667
doorway,6_10,streaky,ConvNeXt Base,head_model,6,0.9861111111111112,0.5,0.9722222222222223
doorway,6_10,streaky,ConvNeXt Base,head_model,7,0.9965277777777778,0.5,0.9930555555555556
doorway,6_10,streaky,ConvNeXt Base,head_model,8,0.9965277777777778,0.5,0.9930555555555556
doorway,6_10,streaky,ConvNeXt Base,head_model,9,0.9895833333333334,0.5,0.9791666666666667
doorway,6_10,streaky,ConvNeXt Base,head_model,10,1.0,0.5,1.0
doorway,6_10,streaky,ConvNeXt Large,full_model,1,1.0,0.5,1.0
doorway,6_10,streaky,ConvNeXt Large,full_model,2,1.0,0.5,1.0
doorway,6_10,streaky,ConvNeXt Large,full_model,3,1.0,0.5,1.0
doorway,6_10,streaky,ConvNeXt Large,full_model,4,1.0,0.5,1.0
doorway,6_10,streaky,ConvNeXt Large,full_model,5,1.0,0.5,1.0
doorway,6_10,streaky,ConvNeXt Large,full_model,6,1.0,0.5,1.0
doorway,6_10,streaky,ConvNeXt Large,full_model,7,1.0,0.5,1.0
doorway,6_10,streaky,ConvNeXt Large,full_model,8,1.0,0.5,1.0
doorway,6_10,streaky,ConvNeXt Large,full_model,9,1.0,0.5,1.0
doorway,6_10,streaky,ConvNeXt Large,full_model,10,1.0,0.5,1.0
doorway,6_10,streaky,ConvNeXt Large,head_model,1,0.9930555555555556,0.5,0.9861111111111112
doorway,6_10,streaky,ConvNeXt Large,head_model,2,0.9965277777777778,0.5,0.9930555555555556
doorway,6_10,streaky,ConvNeXt Large,head_model,3,1.0,0.5,1.0
doorway,6_10,streaky,ConvNeXt Large,head_model,4,0.9930555555555556,0.5,0.9861111111111112
doorway,6_10,streaky,ConvNeXt Large,head_model,5,1.0,0.5,1.0
doorway,6_10,streaky,ConvNeXt Large,head_model,6,1.0,0.5,1.0
doorway,6_10,streaky,ConvNeXt Large,head_model,7,1.0,0.5,1.0
doorway,6_10,streaky,ConvNeXt Large,head_model,8,1.0,0.5,1.0
doorway,6_10,streaky,ConvNeXt Large,head_model,9,1.0,0.5,1.0
doorway,6_10,streaky,ConvNeXt Large,head_model,10,0.9930555555555556,0.5,0.9861111111111112
doorway,6_10,streaky,ConvNeXt Small,full_model,1,1.0,0.5,1.0
doorway,6_10,streaky,ConvNeXt Small,full_model,2,1.0,0.5,1.0
doorway,6_10,streaky,ConvNeXt Small,full_model,3,1.0,0.5,1.0
doorway,6_10,streaky,ConvNeXt Small,full_model,4,1.0,0.5,1.0
doorway,6_10,streaky,ConvNeXt Small,full_model,5,1.0,0.5,1.0
doorway,6_10,streaky,ConvNeXt Small,full_model,6,1.0,0.5,1.0
doorway,6_10,streaky,ConvNeXt Small,full_model,7,1.0,0.5,1.0
doorway,6_10,streaky,ConvNeXt Small,full_model,8,1.0,0.5,1.0
doorway,6_10,streaky,ConvNeXt Small,full_model,9,1.0,0.5,1.0
doorway,6_10,streaky,ConvNeXt Small,full_model,10,1.0,0.5,1.0
doorway,6_10,streaky,ConvNeXt Small,head_model,1,0.9895833333333334,0.5,0.9791666666666667
doorway,6_10,streaky,ConvNeXt Small,head_model,2,0.9895833333333334,0.5,0.9791666666666667
doorway,6_10,streaky,ConvNeXt Small,head_model,3,0.9895833333333334,0.5,0.9791666666666667
doorway,6_10,streaky,ConvNeXt Small,head_model,4,0.9895833333333334,0.5,0.9791666666666667
doorway,6_10,streaky,ConvNeXt Small,head_model,5,0.9930555555555556,0.5,0.9861111111111112
doorway,6_10,streaky,ConvNeXt Small,head_model,6,0.9930555555555556,0.5,0.9861111111111112
doorway,6_10,streaky,ConvNeXt Small,head_model,7,0.9895833333333334,0.5,0.9791666666666667
doorway,6_10,streaky,ConvNeXt Small,head_model,8,0.9895833333333334,0.5,0.9791666666666667
doorway,6_10,streaky,ConvNeXt Small,head_model,9,0.9895833333333334,0.5,0.9791666666666667
doorway,6_10,streaky,ConvNeXt Small,head_model,10,0.9895833333333334,0.5,0.9791666666666667
doorway,6_10,streaky,ConvNeXt Tiny,full_model,1,1.0,0.5,1.0
doorway,6_10,streaky,ConvNeXt Tiny,full_model,2,1.0,0.5,1.0
doorway,6_10,streaky,ConvNeXt Tiny,full_model,3,1.0,0.5,1.0
doorway,6_10,streaky,ConvNeXt Tiny,full_model,4,1.0,0.5,1.0
doorway,6_10,streaky,ConvNeXt Tiny,full_model,5,1.0,0.5,1.0
doorway,6_10,streaky,ConvNeXt Tiny,full_model,6,1.0,0.5,1.0
doorway,6_10,streaky,ConvNeXt Tiny,full_model,7,1.0,0.5,1.0
doorway,6_10,streaky,ConvNeXt Tiny,full_model,8,1.0,0.5,1.0
doorway,6_10,streaky,ConvNeXt Tiny,full_model,9,1.0,0.5,1.0
doorway,6_10,streaky,ConvNeXt Tiny,full_model,10,1.0,0.5,1.0
doorway,6_10,streaky,ConvNeXt Tiny,head_model,1,0.9861111111111112,0.5,0.9722222222222223
doorway,6_10,streaky,ConvNeXt Tiny,head_model,2,0.9861111111111112,0.5,0.9722222222222223
doorway,6_10,streaky,ConvNeXt Tiny,head_model,3,0.9861111111111112,0.5,0.9722222222222223
doorway,6_10,streaky,ConvNeXt Tiny,head_model,4,0.9791666666666666,0.5,0.9583333333333333
doorway,6_10,streaky,ConvNeXt Tiny,head_model,5,0.9861111111111112,0.5,0.9722222222222223
doorway,6_10,streaky,ConvNeXt Tiny,head_model,6,0.9861111111111112,0.5,0.9722222222222223
doorway,6_10,streaky,ConvNeXt Tiny,head_model,7,0.9826388888888888,0.5,0.9652777777777777
doorway,6_10,streaky,ConvNeXt Tiny,head_model,8,0.9895833333333334,0.5,0.9791666666666667
doorway,6_10,streaky,ConvNeXt Tiny,head_model,9,0.9861111111111112,0.5,0.9722222222222223
doorway,6_10,streaky,ConvNeXt Tiny,head_model,10,0.9791666666666666,0.5,0.9583333333333333
doorway,6_10,streaky,DINOv3 ViT Base,full_model,1,1.0,0.5,1.0
doorway,6_10,streaky,DINOv3 ViT Base,full_model,2,1.0,0.5,1.0
doorway,6_10,streaky,DINOv3 ViT Base,full_model,3,1.0,0.5,1.0
doorway,6_10,streaky,DINOv3 ViT Base,full_model,4,1.0,0.5,1.0
doorway,6_10,streaky,DINOv3 ViT Base,full_model,5,1.0,0.5,1.0
doorway,6_10,streaky,DINOv3 ViT Base,full_model,6,1.0,0.5,1.0
doorway,6_10,streaky,DINOv3 ViT Base,full_model,7,1.0,0.5,1.0
doorway,6_10,streaky,DINOv3 ViT Base,full_model,8,1.0,0.5,1.0
doorway,6_10,streaky,DINOv3 ViT Base,full_model,9,1.0,0.5,1.0
doorway,6_10,streaky,DINOv3 ViT Base,full_model,10,1.0,0.5,1.0
doorway,6_10,streaky,DINOv3 ViT Base,head_model,1,1.0,0.5,1.0
doorway,6_10,streaky,DINOv3 ViT Base,head_model,2,1.0,0.5,1.0
doorway,6_10,streaky,DINOv3 ViT Base,head_model,3,1.0,0.5,1.0
doorway,6_10,streaky,DINOv3 ViT Base,head_model,4,1.0,0.5,1.0
doorway,6_10,streaky,DINOv3 ViT Base,head_model,5,1.0,0.5,1.0
doorway,6_10,streaky,DINOv3 ViT Base,head_model,6,1.0,0.5,1.0
doorway,6_10,streaky,DINOv3 ViT Base,head_model,7,1.0,0.5,1.0
doorway,6_10,streaky,DINOv3 ViT Base,head_model,8,1.0,0.5,1.0
doorway,6_10,streaky,DINOv3 ViT Base,head_model,9,1.0,0.5,1.0
doorway,6_10,streaky,DINOv3 ViT Base,head_model,10,1.0,0.5,1.0
doorway,6_10,streaky,ResNet18,full_model,1,1.0,0.5,1.0
doorway,6_10,streaky,ResNet18,full_model,2,1.0,0.5,1.0
doorway,6_10,streaky,ResNet18,full_model,3,1.0,0.5,1.0
doorway,6_10,streaky,ResNet18,full_model,4,1.0,0.5,1.0
doorway,6_10,streaky,ResNet18,full_model,5,1.0,0.5,1.0
doorway,6_10,streaky,ResNet18,full_model,6,1.0,0.5,1.0
doorway,6_10,streaky,ResNet18,full_model,7,1.0,0.5,1.0
doorway,6_10,streaky,ResNet18,full_model,8,1.0,0.5,1.0
doorway,6_10,streaky,ResNet18,full_model,9,1.0,0.5,1.0
doorway,6_10,streaky,ResNet18,full_model,10,1.0,0.5,1.0
doorway,6_10,streaky,ResNet18,head_model,1,0.9722222222222222,0.5,0.9444444444444444
doorway,6_10,streaky,ResNet18,head_model,2,0.9756944444444444,0.5,0.9513888888888888
doorway,6_10,streaky,ResNet18,head_model,3,0.9722222222222222,0.5,0.9444444444444444
doorway,6_10,streaky,ResNet18,head_model,4,0.9756944444444444,0.5,0.9513888888888888
doorway,6_10,streaky,ResNet18,head_model,5,0.9756944444444444,0.5,0.9513888888888888
doorway,6_10,streaky,ResNet18,head_model,6,0.9756944444444444,0.5,0.9513888888888888
doorway,6_10,streaky,ResNet18,head_model,7,0.9756944444444444,0.5,0.9513888888888888
doorway,6_10,streaky,ResNet18,head_model,8,0.9722222222222222,0.5,0.9444444444444444
doorway,6_10,streaky,ResNet18,head_model,9,0.9756944444444444,0.5,0.9513888888888888
doorway,6_10,streaky,ResNet18,head_model,10,0.9756944444444444,0.5,0.9513888888888888
doorway,6_10,streaky,ResNet50,full_model,1,1.0,0.5,1.0
doorway,6_10,streaky,ResNet50,full_model,2,1.0,0.5,1.0
doorway,6_10,streaky,ResNet50,full_model,3,1.0,0.5,1.0
doorway,6_10,streaky,ResNet50,full_model,4,1.0,0.5,1.0
doorway,6_10,streaky,ResNet50,full_model,5,1.0,0.5,1.0
doorway,6_10,streaky,ResNet50,full_model,6,1.0,0.5,1.0
doorway,6_10,streaky,ResNet50,full_model,7,1.0,0.5,1.0
doorway,6_10,streaky,ResNet50,full_model,8,1.0,0.5,1.0
doorway,6_10,streaky,ResNet50,full_model,9,1.0,0.5,1.0
doorway,6_10,streaky,ResNet50,full_model,10,1.0,0.5,1.0
doorway,6_10,streaky,ResNet50,head_model,1,0.9826388888888888,0.5,0.9652777777777777
doorway,6_10,streaky,ResNet50,head_model,2,0.9826388888888888,0.5,0.9652777777777777
doorway,6_10,streaky,ResNet50,head_model,3,0.9826388888888888,0.5,0.9652777777777777
doorway,6_10,streaky,ResNet50,head_model,4,0.9861111111111112,0.5,0.9722222222222223
doorway,6_10,streaky,ResNet50,head_model,5,0.9861111111111112,0.5,0.9722222222222223
doorway,6_10,streaky,ResNet50,head_model,6,0.9826388888888888,0.5,0.9652777777777777
doorway,6_10,streaky,ResNet50,head_model,7,0.9826388888888888,0.5,0.9652777777777777
doorway,6_10,streaky,ResNet50,head_model,8,0.9826388888888888,0.5,0.9652777777777777
doorway,6_10,streaky,ResNet50,head_model,9,0.9826388888888888,0.5,0.9652777777777777
doorway,6_10,streaky,ResNet50,head_model,10,0.9861111111111112,0.5,0.9722222222222223
doorway,6_10,streaky,VGG11,full_model,1,1.0,0.5,1.0
doorway,6_10,streaky,VGG11,full_model,2,1.0,0.5,1.0
doorway,6_10,streaky,VGG11,full_model,3,1.0,0.5,1.0
doorway,6_10,streaky,VGG11,full_model,4,1.0,0.5,1.0
doorway,6_10,streaky,VGG11,full_model,5,1.0,0.5,1.0
doorway,6_10,streaky,VGG11,full_model,6,1.0,0.5,1.0
doorway,6_10,streaky,VGG11,full_model,7,1.0,0.5,1.0
doorway,6_10,streaky,VGG11,full_model,8,1.0,0.5,1.0
doorway,6_10,streaky,VGG11,full_model,9,1.0,0.5,1.0
doorway,6_10,streaky,VGG11,full_model,10,1.0,0.5,1.0
doorway,6_10,streaky,VGG11,head_model,1,0.9930555555555556,0.5,0.9861111111111112
doorway,6_10,streaky,VGG11,head_model,2,0.9930555555555556,0.5,0.9861111111111112
doorway,6_10,streaky,VGG11,head_model,3,0.9930555555555556,0.5,0.9861111111111112
doorway,6_10,streaky,VGG11,head_model,4,0.9965277777777778,0.5,0.9930555555555556
doorway,6_10,streaky,VGG11,head_model,5,0.9930555555555556,0.5,0.9861111111111112
doorway,6_10,streaky,VGG11,head_model,6,0.9930555555555556,0.5,0.9861111111111112
doorway,6_10,streaky,VGG11,head_model,7,0.9965277777777778,0.5,0.9930555555555556
doorway,6_10,streaky,VGG11,head_model,8,0.9930555555555556,0.5,0.9861111111111112
doorway,6_10,streaky,VGG11,head_model,9,0.9930555555555556,0.5,0.9861111111111112
doorway,6_10,streaky,VGG11,head_model,10,0.9930555555555556,0.5,0.9861111111111112
doorway,6_10,streaky,VGG13,full_model,1,1.0,0.5,1.0
doorway,6_10,streaky,VGG13,full_model,2,1.0,0.5,1.0
doorway,6_10,streaky,VGG13,full_model,3,1.0,0.5,1.0
doorway,6_10,streaky,VGG13,full_model,4,1.0,0.5,1.0
doorway,6_10,streaky,VGG13,full_model,5,1.0,0.5,1.0
doorway,6_10,streaky,VGG13,full_model,6,1.0,0.5,1.0
doorway,6_10,streaky,VGG13,full_model,7,1.0,0.5,1.0
doorway,6_10,streaky,VGG13,full_model,8,1.0,0.5,1.0
doorway,6_10,streaky,VGG13,full_model,9,1.0,0.5,1.0
doorway,6_10,streaky,VGG13,full_model,10,1.0,0.5,1.0
doorway,6_10,streaky,VGG13,head_model,1,0.9930555555555556,0.5,0.9861111111111112
doorway,6_10,streaky,VGG13,head_model,2,0.9930555555555556,0.5,0.9861111111111112
doorway,6_10,streaky,VGG13,head_model,3,0.9930555555555556,0.5,0.9861111111111112
doorway,6_10,streaky,VGG13,head_model,4,1.0,0.5,1.0
doorway,6_10,streaky,VGG13,head_model,5,0.9965277777777778,0.5,0.9930555555555556
doorway,6_10,streaky,VGG13,head_model,6,0.9930555555555556,0.5,0.9861111111111112
doorway,6_10,streaky,VGG13,head_model,7,1.0,0.5,1.0
doorway,6_10,streaky,VGG13,head_model,8,0.9930555555555556,0.5,0.9861111111111112
doorway,6_10,streaky,VGG13,head_model,9,0.9930555555555556,0.5,0.9861111111111112
doorway,6_10,streaky,VGG13,head_model,10,1.0,0.5,1.0
doorway,6_10,streaky,VGG16,full_model,1,1.0,0.5,1.0
doorway,6_10,streaky,VGG16,full_model,2,1.0,0.5,1.0
doorway,6_10,streaky,VGG16,full_model,3,1.0,0.5,1.0
doorway,6_10,streaky,VGG16,full_model,4,1.0,0.5,1.0
doorway,6_10,streaky,VGG16,full_model,5,1.0,0.5,1.0
doorway,6_10,streaky,VGG16,full_model,6,1.0,0.5,1.0
doorway,6_10,streaky,VGG16,full_model,7,1.0,0.5,1.0
doorway,6_10,streaky,VGG16,full_model,8,1.0,0.5,1.0
doorway,6_10,streaky,VGG16,full_model,9,1.0,0.5,1.0
doorway,6_10,streaky,VGG16,full_model,10,1.0,0.5,1.0
doorway,6_10,streaky,VGG16,head_model,1,1.0,0.5,1.0
doorway,6_10,streaky,VGG16,head_model,2,1.0,0.5,1.0
doorway,6_10,streaky,VGG16,head_model,3,1.0,0.5,1.0
doorway,6_10,streaky,VGG16,head_model,4,1.0,0.5,1.0
doorway,6_10,streaky,VGG16,head_model,5,1.0,0.5,1.0
doorway,6_10,streaky,VGG16,head_model,6,1.0,0.5,1.0
doorway,6_10,streaky,VGG16,head_model,7,1.0,0.5,1.0
doorway,6_10,streaky,VGG16,head_model,8,1.0,0.5,1.0
doorway,6_10,streaky,VGG16,head_model,9,1.0,0.5,1.0
doorway,6_10,streaky,VGG16,head_model,10,1.0,0.5,1.0
doorway,6_10,streaky,VGG19,full_model,1,1.0,0.5,1.0
doorway,6_10,streaky,VGG19,full_model,2,1.0,0.5,1.0
doorway,6_10,streaky,VGG19,full_model,3,1.0,0.5,1.0
doorway,6_10,streaky,VGG19,full_model,4,1.0,0.5,1.0
doorway,6_10,streaky,VGG19,full_model,5,1.0,0.5,1.0
doorway,6_10,streaky,VGG19,full_model,6,1.0,0.5,1.0
doorway,6_10,streaky,VGG19,full_model,7,1.0,0.5,1.0
doorway,6_10,streaky,VGG19,full_model,8,1.0,0.5,1.0
doorway,6_10,streaky,VGG19,full_model,9,1.0,0.5,1.0
doorway,6_10,streaky,VGG19,full_model,10,1.0,0.5,1.0
doorway,6_10,streaky,VGG19,head_model,1,0.9965277777777778,0.5,0.9930555555555556
doorway,6_10,streaky,VGG19,head_model,2,0.9930555555555556,0.5,0.9861111111111112
doorway,6_10,streaky,VGG19,head_model,3,1.0,0.5,1.0
doorway,6_10,streaky,VGG19,head_model,4,1.0,0.5,1.0
doorway,6_10,streaky,VGG19,head_model,5,1.0,0.5,1.0
doorway,6_10,streaky,VGG19,head_model,6,0.9965277777777778,0.5,0.9930555555555556
doorway,6_10,streaky,VGG19,head_model,7,1.0,0.5,1.0
doorway,6_10,streaky,VGG19,head_model,8,1.0,0.5,1.0
doorway,6_10,streaky,VGG19,head_model,9,0.9965277777777778,0.5,0.9930555555555556
doorway,6_10,streaky,VGG19,head_model,10,1.0,0.5,1.0
doorway,6_10,streaky,ViT Base,full_model,1,1.0,0.5,1.0
doorway,6_10,streaky,ViT Base,full_model,2,1.0,0.5,1.0
doorway,6_10,streaky,ViT Base,full_model,3,1.0,0.5,1.0
doorway,6_10,streaky,ViT Base,full_model,4,1.0,0.5,1.0
doorway,6_10,streaky,ViT Base,full_model,5,1.0,0.5,1.0
doorway,6_10,streaky,ViT Base,full_model,6,1.0,0.5,1.0
doorway,6_10,streaky,ViT Base,full_model,7,1.0,0.5,1.0
doorway,6_10,streaky,ViT Base,full_model,8,1.0,0.5,1.0
doorway,6_10,streaky,ViT Base,full_model,9,1.0,0.5,1.0
doorway,6_10,streaky,ViT Base,full_model,10,1.0,0.5,1.0
doorway,6_10,streaky,ViT Base,head_model,1,1.0,0.5,1.0
doorway,6_10,streaky,ViT Base,head_model,2,1.0,0.5,1.0
doorway,6_10,streaky,ViT Base,head_model,3,1.0,0.5,1.0
doorway,6_10,streaky,ViT Base,head_model,4,1.0,0.5,1.0
doorway,6_10,streaky,ViT Base,head_model,5,1.0,0.5,1.0
doorway,6_10,streaky,ViT Base,head_model,6,0.9965277777777778,0.5,0.9930555555555556
doorway,6_10,streaky,ViT Base,head_model,7,1.0,0.5,1.0
doorway,6_10,streaky,ViT Base,head_model,8,1.0,0.5,1.0
doorway,6_10,streaky,ViT Base,head_model,9,1.0,0.5,1.0
doorway,6_10,streaky,ViT Base,head_model,10,1.0,0.5,1.0
doorway,6_10,streaky,ViT Large,full_model,1,1.0,0.5,1.0
doorway,6_10,streaky,ViT Large,full_model,2,1.0,0.5,1.0
doorway,6_10,streaky,ViT Large,full_model,3,1.0,0.5,1.0
doorway,6_10,streaky,ViT Large,full_model,4,1.0,0.5,1.0
doorway,6_10,streaky,ViT Large,full_model,5,1.0,0.5,1.0
doorway,6_10,streaky,ViT Large,full_model,6,1.0,0.5,1.0
doorway,6_10,streaky,ViT Large,full_model,7,1.0,0.5,1.0
doorway,6_10,streaky,ViT Large,full_model,8,1.0,0.5,1.0
doorway,6_10,streaky,ViT Large,full_model,9,1.0,0.5,1.0
doorway,6_10,streaky,ViT Large,full_model,10,1.0,0.5,1.0
doorway,6_10,streaky,ViT Large,head_model,1,1.0,0.5,1.0
doorway,6_10,streaky,ViT Large,head_model,2,0.9965277777777778,0.5,0.9930555555555556
doorway,6_10,streaky,ViT Large,head_model,3,0.9965277777777778,0.5,0.9930555555555556
doorway,6_10,streaky,ViT Large,head_model,4,0.9965277777777778,0.5,0.9930555555555556
doorway,6_10,streaky,ViT Large,head_model,5,0.9965277777777778,0.5,0.9930555555555556
doorway,6_10,streaky,ViT Large,head_model,6,1.0,0.5,1.0
doorway,6_10,streaky,ViT Large,head_model,7,1.0,0.5,1.0
doorway,6_10,streaky,ViT Large,head_model,8,1.0,0.5,1.0
doorway,6_10,streaky,ViT Large,head_model,9,1.0,0.5,1.0
doorway,6_10,streaky,ViT Large,head_model,10,1.0,0.5,1.0
doorway,6_10,streaky,ViT Small,full_model,1,1.0,0.5,1.0
doorway,6_10,streaky,ViT Small,full_model,2,1.0,0.5,1.0
doorway,6_10,streaky,ViT Small,full_model,3,1.0,0.5,1.0
doorway,6_10,streaky,ViT Small,full_model,4,1.0,0.5,1.0
doorway,6_10,streaky,ViT Small,full_model,5,1.0,0.5,1.0
doorway,6_10,streaky,ViT Small,full_model,6,1.0,0.5,1.0
doorway,6_10,streaky,ViT Small,full_model,7,1.0,0.5,1.0
doorway,6_10,streaky,ViT Small,full_model,8,1.0,0.5,1.0
doorway,6_10,streaky,ViT Small,full_model,9,1.0,0.5,1.0
doorway,6_10,streaky,ViT Small,full_model,10,1.0,0.5,1.0
doorway,6_10,streaky,ViT Small,head_model,1,1.0,0.5,1.0
doorway,6_10,streaky,ViT Small,head_model,2,1.0,0.5,1.0
doorway,6_10,streaky,ViT Small,head_model,3,0.9965277777777778,0.5,0.9930555555555556
doorway,6_10,streaky,ViT Small,head_model,4,1.0,0.5,1.0
doorway,6_10,streaky,ViT Small,head_model,5,1.0,0.5,1.0
doorway,6_10,streaky,ViT Small,head_model,6,1.0,0.5,1.0
doorway,6_10,streaky,ViT Small,head_model,7,1.0,0.5,1.0
doorway,6_10,streaky,ViT Small,head_model,8,1.0,0.5,1.0
doorway,6_10,streaky,ViT Small,head_model,9,1.0,0.5,1.0
doorway,6_10,streaky,ViT Small,head_model,10,1.0,0.5,1.0
doorway,6_15,pointy,ConvNeXt Base,full_model,1,1.0,0.5,1.0
doorway,6_15,pointy,ConvNeXt Base,full_model,2,1.0,0.5,1.0
doorway,6_15,pointy,ConvNeXt Base,full_model,3,1.0,0.5,1.0
doorway,6_15,pointy,ConvNeXt Base,full_model,4,1.0,0.5,1.0
doorway,6_15,pointy,ConvNeXt Base,full_model,5,1.0,0.5,1.0
doorway,6_15,pointy,ConvNeXt Base,full_model,6,1.0,0.5,1.0
doorway,6_15,pointy,ConvNeXt Base,full_model,7,1.0,0.5,1.0
doorway,6_15,pointy,ConvNeXt Base,full_model,8,1.0,0.5,1.0
doorway,6_15,pointy,ConvNeXt Base,full_model,9,1.0,0.5,1.0
doorway,6_15,pointy,ConvNeXt Base,full_model,10,1.0,0.5,1.0
doorway,6_15,pointy,ConvNeXt Base,head_model,1,0.9340277777777778,0.5,0.8680555555555556
doorway,6_15,pointy,ConvNeXt Base,head_model,2,0.9305555555555556,0.5,0.8611111111111112
doorway,6_15,pointy,ConvNeXt Base,head_model,3,0.9340277777777778,0.5,0.8680555555555556
doorway,6_15,pointy,ConvNeXt Base,head_model,4,0.9305555555555556,0.5,0.8611111111111112
doorway,6_15,pointy,ConvNeXt Base,head_model,5,0.9131944444444444,0.5,0.8263888888888888
doorway,6_15,pointy,ConvNeXt Base,head_model,6,0.9201388888888888,0.5,0.8402777777777777
doorway,6_15,pointy,ConvNeXt Base,head_model,7,0.9375,0.5,0.875
doorway,6_15,pointy,ConvNeXt Base,head_model,8,0.9166666666666666,0.5,0.8333333333333333
doorway,6_15,pointy,ConvNeXt Base,head_model,9,0.9340277777777778,0.5,0.8680555555555556
doorway,6_15,pointy,ConvNeXt Base,head_model,10,0.9236111111111112,0.5,0.8472222222222223
doorway,6_15,pointy,ConvNeXt Large,full_model,1,1.0,0.5,1.0
doorway,6_15,pointy,ConvNeXt Large,full_model,2,1.0,0.5,1.0
doorway,6_15,pointy,ConvNeXt Large,full_model,3,1.0,0.5,1.0
doorway,6_15,pointy,ConvNeXt Large,full_model,4,1.0,0.5,1.0
doorway,6_15,pointy,ConvNeXt Large,full_model,5,1.0,0.5,1.0
doorway,6_15,pointy,ConvNeXt Large,full_model,6,1.0,0.5,1.0
doorway,6_15,pointy,ConvNeXt Large,full_model,7,1.0,0.5,1.0
doorway,6_15,pointy,ConvNeXt Large,full_model,8,1.0,0.5,1.0
doorway,6_15,pointy,ConvNeXt Large,full_model,9,1.0,0.5,1.0
doorway,6_15,pointy,ConvNeXt Large,full_model,10,1.0,0.5,1.0
doorway,6_15,pointy,ConvNeXt Large,head_model,1,0.9409722222222222,0.5,0.8819444444444444
doorway,6_15,pointy,ConvNeXt Large,head_model,2,0.9409722222222222,0.5,0.8819444444444444
doorway,6_15,pointy,ConvNeXt Large,head_model,3,0.9409722222222222,0.5,0.8819444444444444
doorway,6_15,pointy,ConvNeXt Large,head_model,4,0.9548611111111112,0.5,0.9097222222222223
doorway,6_15,pointy,ConvNeXt Large,head_model,5,0.9409722222222222,0.5,0.8819444444444444
doorway,6_15,pointy,ConvNeXt Large,head_model,6,0.9409722222222222,0.5,0.8819444444444444
doorway,6_15,pointy,ConvNeXt Large,head_model,7,0.9270833333333334,0.5,0.8541666666666667
doorway,6_15,pointy,ConvNeXt Large,head_model,8,0.9583333333333334,0.5,0.9166666666666667
doorway,6_15,pointy,ConvNeXt Large,head_model,9,0.9409722222222222,0.5,0.8819444444444444
doorway,6_15,pointy,ConvNeXt Large,head_model,10,0.9548611111111112,0.5,0.9097222222222223
doorway,6_15,pointy,ConvNeXt Small,full_model,1,1.0,0.5,1.0
doorway,6_15,pointy,ConvNeXt Small,full_model,2,1.0,0.5,1.0
doorway,6_15,pointy,ConvNeXt Small,full_model,3,1.0,0.5,1.0
doorway,6_15,pointy,ConvNeXt Small,full_model,4,1.0,0.5,1.0
doorway,6_15,pointy,ConvNeXt Small,full_model,5,1.0,0.5,1.0
doorway,6_15,pointy,ConvNeXt Small,full_model,6,1.0,0.5,1.0
doorway,6_15,pointy,ConvNeXt Small,full_model,7,1.0,0.5,1.0
doorway,6_15,pointy,ConvNeXt Small,full_model,8,1.0,0.5,1.0
doorway,6_15,pointy,ConvNeXt Small,full_model,9,1.0,0.5,1.0
doorway,6_15,pointy,ConvNeXt Small,full_model,10,1.0,0.5,1.0
doorway,6_15,pointy,ConvNeXt Small,head_model,1,0.9756944444444444,0.5,0.9513888888888888
doorway,6_15,pointy,ConvNeXt Small,head_model,2,0.96875,0.5,0.9375
doorway,6_15,pointy,ConvNeXt Small,head_model,3,0.9756944444444444,0.5,0.9513888888888888
doorway,6_15,pointy,ConvNeXt Small,head_model,4,0.9791666666666666,0.5,0.9583333333333333
doorway,6_15,pointy,ConvNeXt Small,head_model,5,0.9652777777777778,0.5,0.9305555555555556
doorway,6_15,pointy,ConvNeXt Small,head_model,6,0.9826388888888888,0.5,0.9652777777777777
doorway,6_15,pointy,ConvNeXt Small,head_model,7,0.9756944444444444,0.5,0.9513888888888888
doorway,6_15,pointy,ConvNeXt Small,head_model,8,0.9756944444444444,0.5,0.9513888888888888
doorway,6_15,pointy,ConvNeXt Small,head_model,9,0.9756944444444444,0.5,0.9513888888888888
doorway,6_15,pointy,ConvNeXt Small,head_model,10,0.9826388888888888,0.5,0.9652777777777777
doorway,6_15,pointy,ConvNeXt Tiny,full_model,1,1.0,0.5,1.0
doorway,6_15,pointy,ConvNeXt Tiny,full_model,2,1.0,0.5,1.0
doorway,6_15,pointy,ConvNeXt Tiny,full_model,3,1.0,0.5,1.0
doorway,6_15,pointy,ConvNeXt Tiny,full_model,4,1.0,0.5,1.0
doorway,6_15,pointy,ConvNeXt Tiny,full_model,5,1.0,0.5,1.0
doorway,6_15,pointy,ConvNeXt Tiny,full_model,6,1.0,0.5,1.0
doorway,6_15,pointy,ConvNeXt Tiny,full_model,7,1.0,0.5,1.0
doorway,6_15,pointy,ConvNeXt Tiny,full_model,8,1.0,0.5,1.0
doorway,6_15,pointy,ConvNeXt Tiny,full_model,9,1.0,0.5,1.0
doorway,6_15,pointy,ConvNeXt Tiny,full_model,10,1.0,0.5,1.0
doorway,6_15,pointy,ConvNeXt Tiny,head_model,1,0.9583333333333334,0.5,0.9166666666666667
doorway,6_15,pointy,ConvNeXt Tiny,head_model,2,0.9618055555555556,0.5,0.9236111111111112
doorway,6_15,pointy,ConvNeXt Tiny,head_model,3,0.9548611111111112,0.5,0.9097222222222223
doorway,6_15,pointy,ConvNeXt Tiny,head_model,4,0.9618055555555556,0.5,0.9236111111111112
doorway,6_15,pointy,ConvNeXt Tiny,head_model,5,0.9479166666666666,0.5,0.8958333333333333
doorway,6_15,pointy,ConvNeXt Tiny,head_model,6,0.9618055555555556,0.5,0.9236111111111112
doorway,6_15,pointy,ConvNeXt Tiny,head_model,7,0.9583333333333334,0.5,0.9166666666666667
doorway,6_15,pointy,ConvNeXt Tiny,head_model,8,0.9513888888888888,0.5,0.9027777777777777
doorway,6_15,pointy,ConvNeXt Tiny,head_model,9,0.9618055555555556,0.5,0.9236111111111112
doorway,6_15,pointy,ConvNeXt Tiny,head_model,10,0.9444444444444444,0.5,0.8888888888888888
doorway,6_15,pointy,DINOv3 ViT Base,full_model,1,1.0,0.5,1.0
doorway,6_15,pointy,DINOv3 ViT Base,full_model,2,0.9965277777777778,0.5,0.9930555555555556
doorway,6_15,pointy,DINOv3 ViT Base,full_model,3,1.0,0.5,1.0
doorway,6_15,pointy,DINOv3 ViT Base,full_model,4,0.9965277777777778,0.5,0.9930555555555556
doorway,6_15,pointy,DINOv3 ViT Base,full_model,5,1.0,0.5,1.0
doorway,6_15,pointy,DINOv3 ViT Base,full_model,6,0.9965277777777778,0.5,0.9930555555555556
doorway,6_15,pointy,DINOv3 ViT Base,full_model,7,0.9965277777777778,0.5,0.9930555555555556
doorway,6_15,pointy,DINOv3 ViT Base,full_model,8,1.0,0.5,1.0
doorway,6_15,pointy,DINOv3 ViT Base,full_model,9,0.9965277777777778,0.5,0.9930555555555556
doorway,6_15,pointy,DINOv3 ViT Base,full_model,10,1.0,0.5,1.0
doorway,6_15,pointy,DINOv3 ViT Base,head_model,1,1.0,0.5,1.0
doorway,6_15,pointy,DINOv3 ViT Base,head_model,2,1.0,0.5,1.0
doorway,6_15,pointy,DINOv3 ViT Base,head_model,3,1.0,0.5,1.0
doorway,6_15,pointy,DINOv3 ViT Base,head_model,4,1.0,0.5,1.0
doorway,6_15,pointy,DINOv3 ViT Base,head_model,5,1.0,0.5,1.0
doorway,6_15,pointy,DINOv3 ViT Base,head_model,6,1.0,0.5,1.0
doorway,6_15,pointy,DINOv3 ViT Base,head_model,7,1.0,0.5,1.0
doorway,6_15,pointy,DINOv3 ViT Base,head_model,8,0.9965277777777778,0.5,0.9930555555555556
doorway,6_15,pointy,DINOv3 ViT Base,head_model,9,0.9965277777777778,0.5,0.9930555555555556
doorway,6_15,pointy,DINOv3 ViT Base,head_model,10,1.0,0.5,1.0
doorway,6_15,pointy,ResNet18,full_model,1,1.0,0.5,1.0
doorway,6_15,pointy,ResNet18,full_model,2,1.0,0.5,1.0
doorway,6_15,pointy,ResNet18,full_model,3,1.0,0.5,1.0
doorway,6_15,pointy,ResNet18,full_model,4,1.0,0.5,1.0
doorway,6_15,pointy,ResNet18,full_model,5,1.0,0.5,1.0
doorway,6_15,pointy,ResNet18,full_model,6,1.0,0.5,1.0
doorway,6_15,pointy,ResNet18,full_model,7,1.0,0.5,1.0
doorway,6_15,pointy,ResNet18,full_model,8,1.0,0.5,1.0
doorway,6_15,pointy,ResNet18,full_model,9,1.0,0.5,1.0
doorway,6_15,pointy,ResNet18,full_model,10,1.0,0.5,1.0
doorway,6_15,pointy,ResNet18,head_model,1,0.9131944444444444,0.5,0.8263888888888888
doorway,6_15,pointy,ResNet18,head_model,2,0.9131944444444444,0.5,0.8263888888888888
doorway,6_15,pointy,ResNet18,head_model,3,0.9131944444444444,0.5,0.8263888888888888
doorway,6_15,pointy,ResNet18,head_model,4,0.9131944444444444,0.5,0.8263888888888888
doorway,6_15,pointy,ResNet18,head_model,5,0.9131944444444444,0.5,0.8263888888888888
doorway,6_15,pointy,ResNet18,head_model,6,0.9166666666666666,0.5,0.8333333333333333
doorway,6_15,pointy,ResNet18,head_model,7,0.9131944444444444,0.5,0.8263888888888888
doorway,6_15,pointy,ResNet18,head_model,8,0.9131944444444444,0.5,0.8263888888888888
doorway,6_15,pointy,ResNet18,head_model,9,0.9097222222222222,0.5,0.8194444444444444
doorway,6_15,pointy,ResNet18,head_model,10,0.9131944444444444,0.5,0.8263888888888888
doorway,6_15,pointy,ResNet50,full_model,1,1.0,0.5,1.0
doorway,6_15,pointy,ResNet50,full_model,2,1.0,0.5,1.0
doorway,6_15,pointy,ResNet50,full_model,3,1.0,0.5,1.0
doorway,6_15,pointy,ResNet50,full_model,4,1.0,0.5,1.0
doorway,6_15,pointy,ResNet50,full_model,5,1.0,0.5,1.0
doorway,6_15,pointy,ResNet50,full_model,6,1.0,0.5,1.0
doorway,6_15,pointy,ResNet50,full_model,7,1.0,0.5,1.0
doorway,6_15,pointy,ResNet50,full_model,8,1.0,0.5,1.0
doorway,6_15,pointy,ResNet50,full_model,9,1.0,0.5,1.0
doorway,6_15,pointy,ResNet50,full_model,10,0.9965277777777778,0.5,0.9930555555555556
doorway,6_15,pointy,ResNet50,head_model,1,0.9375,0.5,0.875
doorway,6_15,pointy,ResNet50,head_model,2,0.9548611111111112,0.5,0.9097222222222223
doorway,6_15,pointy,ResNet50,head_model,3,0.9513888888888888,0.5,0.9027777777777777
doorway,6_15,pointy,ResNet50,head_model,4,0.9618055555555556,0.5,0.9236111111111112
doorway,6_15,pointy,ResNet50,head_model,5,0.9548611111111112,0.5,0.9097222222222223
doorway,6_15,pointy,ResNet50,head_model,6,0.9548611111111112,0.5,0.9097222222222223
doorway,6_15,pointy,ResNet50,head_model,7,0.9618055555555556,0.5,0.9236111111111112
doorway,6_15,pointy,ResNet50,head_model,8,0.9548611111111112,0.5,0.9097222222222223
doorway,6_15,pointy,ResNet50,head_model,9,0.9479166666666666,0.5,0.8958333333333333
doorway,6_15,pointy,ResNet50,head_model,10,0.9548611111111112,0.5,0.9097222222222223
doorway,6_15,pointy,VGG11,full_model,1,1.0,0.5,1.0
doorway,6_15,pointy,VGG11,full_model,2,1.0,0.5,1.0
doorway,6_15,pointy,VGG11,full_model,3,1.0,0.5,1.0
doorway,6_15,pointy,VGG11,full_model,4,1.0,0.5,1.0
doorway,6_15,pointy,VGG11,full_model,5,1.0,0.5,1.0
doorway,6_15,pointy,VGG11,full_model,6,1.0,0.5,1.0
doorway,6_15,pointy,VGG11,full_model,7,1.0,0.5,1.0
doorway,6_15,pointy,VGG11,full_model,8,1.0,0.5,1.0
doorway,6_15,pointy,VGG11,full_model,9,1.0,0.5,1.0
doorway,6_15,pointy,VGG11,full_model,10,1.0,0.5,1.0
doorway,6_15,pointy,VGG11,head_model,1,0.9791666666666666,0.5,0.9583333333333333
doorway,6_15,pointy,VGG11,head_model,2,0.9791666666666666,0.5,0.9583333333333333
doorway,6_15,pointy,VGG11,head_model,3,0.9791666666666666,0.5,0.9583333333333333
doorway,6_15,pointy,VGG11,head_model,4,0.9791666666666666,0.5,0.9583333333333333
doorway,6_15,pointy,VGG11,head_model,5,0.9791666666666666,0.5,0.9583333333333333
doorway,6_15,pointy,VGG11,head_model,6,0.9861111111111112,0.5,0.9722222222222223
doorway,6_15,pointy,VGG11,head_model,7,0.9791666666666666,0.5,0.9583333333333333
doorway,6_15,pointy,VGG11,head_model,8,0.9826388888888888,0.5,0.9652777777777777
doorway,6_15,pointy,VGG11,head_model,9,0.9791666666666666,0.5,0.9583333333333333
doorway,6_15,pointy,VGG11,head_model,10,0.9826388888888888,0.5,0.9652777777777777
doorway,6_15,pointy,VGG13,full_model,1,1.0,0.5,1.0
doorway,6_15,pointy,VGG13,full_model,2,1.0,0.5,1.0
doorway,6_15,pointy,VGG13,full_model,3,1.0,0.5,1.0
doorway,6_15,pointy,VGG13,full_model,4,1.0,0.5,1.0
doorway,6_15,pointy,VGG13,full_model,5,1.0,0.5,1.0
doorway,6_15,pointy,VGG13,full_model,6,1.0,0.5,1.0
doorway,6_15,pointy,VGG13,full_model,7,1.0,0.5,1.0
doorway,6_15,pointy,VGG13,full_model,8,1.0,0.5,1.0
doorway,6_15,pointy,VGG13,full_model,9,1.0,0.5,1.0
doorway,6_15,pointy,VGG13,full_model,10,1.0,0.5,1.0
doorway,6_15,pointy,VGG13,head_model,1,0.9861111111111112,0.5,0.9722222222222223
doorway,6_15,pointy,VGG13,head_model,2,0.9826388888888888,0.5,0.9652777777777777
doorway,6_15,pointy,VGG13,head_model,3,0.9791666666666666,0.5,0.9583333333333333
doorway,6_15,pointy,VGG13,head_model,4,0.9826388888888888,0.5,0.9652777777777777
doorway,6_15,pointy,VGG13,head_model,5,0.9652777777777778,0.5,0.9305555555555556
doorway,6_15,pointy,VGG13,head_model,6,0.9826388888888888,0.5,0.9652777777777777
doorway,6_15,pointy,VGG13,head_model,7,0.9861111111111112,0.5,0.9722222222222223
doorway,6_15,pointy,VGG13,head_model,8,0.9826388888888888,0.5,0.9652777777777777
doorway,6_15,pointy,VGG13,head_model,9,0.9861111111111112,0.5,0.9722222222222223
doorway,6_15,pointy,VGG13,head_model,10,0.9826388888888888,0.5,0.9652777777777777
doorway,6_15,pointy,VGG16,full_model,1,1.0,0.5,1.0
doorway,6_15,pointy,VGG16,full_model,2,1.0,0.5,1.0
doorway,6_15,pointy,VGG16,full_model,3,1.0,0.5,1.0
doorway,6_15,pointy,VGG16,full_model,4,1.0,0.5,1.0
doorway,6_15,pointy,VGG16,full_model,5,1.0,0.5,1.0
doorway,6_15,pointy,VGG16,full_model,6,1.0,0.5,1.0
doorway,6_15,pointy,VGG16,full_model,7,1.0,0.5,1.0
doorway,6_15,pointy,VGG16,full_model,8,1.0,0.5,1.0
doorway,6_15,pointy,VGG16,full_model,9,1.0,0.5,1.0
doorway,6_15,pointy,VGG16,full_model,10,1.0,0.5,1.0
doorway,6_15,pointy,VGG16,head_model,1,0.9791666666666666,0.5,0.9583333333333333
doorway,6_15,pointy,VGG16,head_model,2,0.9791666666666666,0.5,0.9583333333333333
doorway,6_15,pointy,VGG16,head_model,3,0.9826388888888888,0.5,0.9652777777777777
doorway,6_15,pointy,VGG16,head_model,4,0.9791666666666666,0.5,0.9583333333333333
doorway,6_15,pointy,VGG16,head_model,5,0.9791666666666666,0.5,0.9583333333333333
doorway,6_15,pointy,VGG16,head_model,6,0.9791666666666666,0.5,0.9583333333333333
doorway,6_15,pointy,VGG16,head_model,7,0.9826388888888888,0.5,0.9652777777777777
doorway,6_15,pointy,VGG16,head_model,8,0.9791666666666666,0.5,0.9583333333333333
doorway,6_15,pointy,VGG16,head_model,9,0.9826388888888888,0.5,0.9652777777777777
doorway,6_15,pointy,VGG16,head_model,10,0.9826388888888888,0.5,0.9652777777777777
doorway,6_15,pointy,VGG19,full_model,1,1.0,0.5,1.0
doorway,6_15,pointy,VGG19,full_model,2,1.0,0.5,1.0
doorway,6_15,pointy,VGG19,full_model,3,1.0,0.5,1.0
doorway,6_15,pointy,VGG19,full_model,4,1.0,0.5,1.0
doorway,6_15,pointy,VGG19,full_model,5,1.0,0.5,1.0
doorway,6_15,pointy,VGG19,full_model,6,1.0,0.5,1.0
doorway,6_15,pointy,VGG19,full_model,7,1.0,0.5,1.0
doorway,6_15,pointy,VGG19,full_model,8,1.0,0.5,1.0
doorway,6_15,pointy,VGG19,full_model,9,1.0,0.5,1.0
doorway,6_15,pointy,VGG19,full_model,10,1.0,0.5,1.0
doorway,6_15,pointy,VGG19,head_model,1,1.0,0.5,1.0
doorway,6_15,pointy,VGG19,head_model,2,1.0,0.5,1.0
doorway,6_15,pointy,VGG19,head_model,3,0.9965277777777778,0.5,0.9930555555555556
doorway,6_15,pointy,VGG19,head_model,4,1.0,0.5,1.0
doorway,6_15,pointy,VGG19,head_model,5,1.0,0.5,1.0
doorway,6_15,pointy,VGG19,head_model,6,1.0,0.5,1.0
doorway,6_15,pointy,VGG19,head_model,7,1.0,0.5,1.0
doorway,6_15,pointy,VGG19,head_model,8,1.0,0.5,1.0
doorway,6_15,pointy,VGG19,head_model,9,0.9965277777777778,0.5,0.9930555555555556
doorway,6_15,pointy,VGG19,head_model,10,1.0,0.5,1.0
doorway,6_15,pointy,ViT Base,full_model,1,1.0,0.5,1.0
doorway,6_15,pointy,ViT Base,full_model,2,1.0,0.5,1.0
doorway,6_15,pointy,ViT Base,full_model,3,1.0,0.5,1.0
doorway,6_15,pointy,ViT Base,full_model,4,1.0,0.5,1.0
doorway,6_15,pointy,ViT Base,full_model,5,1.0,0.5,1.0
doorway,6_15,pointy,ViT Base,full_model,6,1.0,0.5,1.0
doorway,6_15,pointy,ViT Base,full_model,7,1.0,0.5,1.0
doorway,6_15,pointy,ViT Base,full_model,8,1.0,0.5,1.0
doorway,6_15,pointy,ViT Base,full_model,9,1.0,0.5,1.0
doorway,6_15,pointy,ViT Base,full_model,10,1.0,0.5,1.0
doorway,6_15,pointy,ViT Base,head_model,1,1.0,0.5,1.0
doorway,6_15,pointy,ViT Base,head_model,2,1.0,0.5,1.0
doorway,6_15,pointy,ViT Base,head_model,3,1.0,0.5,1.0
doorway,6_15,pointy,ViT Base,head_model,4,1.0,0.5,1.0
doorway,6_15,pointy,ViT Base,head_model,5,1.0,0.5,1.0
doorway,6_15,pointy,ViT Base,head_model,6,1.0,0.5,1.0
doorway,6_15,pointy,ViT Base,head_model,7,1.0,0.5,1.0
doorway,6_15,pointy,ViT Base,head_model,8,1.0,0.5,1.0
doorway,6_15,pointy,ViT Base,head_model,9,1.0,0.5,1.0
doorway,6_15,pointy,ViT Base,head_model,10,1.0,0.5,1.0
doorway,6_15,pointy,ViT Large,full_model,1,1.0,0.5,1.0
doorway,6_15,pointy,ViT Large,full_model,2,1.0,0.5,1.0
doorway,6_15,pointy,ViT Large,full_model,3,1.0,0.5,1.0
doorway,6_15,pointy,ViT Large,full_model,4,1.0,0.5,1.0
doorway,6_15,pointy,ViT Large,full_model,5,1.0,0.5,1.0
doorway,6_15,pointy,ViT Large,full_model,6,1.0,0.5,1.0
doorway,6_15,pointy,ViT Large,full_model,7,1.0,0.5,1.0
doorway,6_15,pointy,ViT Large,full_model,8,1.0,0.5,1.0
doorway,6_15,pointy,ViT Large,full_model,9,1.0,0.5,1.0
doorway,6_15,pointy,ViT Large,full_model,10,1.0,0.5,1.0
doorway,6_15,pointy,ViT Large,head_model,1,1.0,0.5,1.0
doorway,6_15,pointy,ViT Large,head_model,2,1.0,0.5,1.0
doorway,6_15,pointy,ViT Large,head_model,3,1.0,0.5,1.0
doorway,6_15,pointy,ViT Large,head_model,4,1.0,0.5,1.0
doorway,6_15,pointy,ViT Large,head_model,5,1.0,0.5,1.0
doorway,6_15,pointy,ViT Large,head_model,6,1.0,0.5,1.0
doorway,6_15,pointy,ViT Large,head_model,7,1.0,0.5,1.0
doorway,6_15,pointy,ViT Large,head_model,8,1.0,0.5,1.0
doorway,6_15,pointy,ViT Large,head_model,9,1.0,0.5,1.0
doorway,6_15,pointy,ViT Large,head_model,10,1.0,0.5,1.0
doorway,6_15,pointy,ViT Small,full_model,1,1.0,0.5,1.0
doorway,6_15,pointy,ViT Small,full_model,2,1.0,0.5,1.0
doorway,6_15,pointy,ViT Small,full_model,3,1.0,0.5,1.0
doorway,6_15,pointy,ViT Small,full_model,4,1.0,0.5,1.0
doorway,6_15,pointy,ViT Small,full_model,5,1.0,0.5,1.0
doorway,6_15,pointy,ViT Small,full_model,6,1.0,0.5,1.0
doorway,6_15,pointy,ViT Small,full_model,7,1.0,0.5,1.0
doorway,6_15,pointy,ViT Small,full_model,8,1.0,0.5,1.0
doorway,6_15,pointy,ViT Small,full_model,9,1.0,0.5,1.0
doorway,6_15,pointy,ViT Small,full_model,10,1.0,0.5,1.0
doorway,6_15,pointy,ViT Small,head_model,1,1.0,0.5,1.0
doorway,6_15,pointy,ViT Small,head_model,2,1.0,0.5,1.0
doorway,6_15,pointy,ViT Small,head_model,3,1.0,0.5,1.0
doorway,6_15,pointy,ViT Small,head_model,4,1.0,0.5,1.0
doorway,6_15,pointy,ViT Small,head_model,5,1.0,0.5,1.0
doorway,6_15,pointy,ViT Small,head_model,6,1.0,0.5,1.0
doorway,6_15,pointy,ViT Small,head_model,7,1.0,0.5,1.0
doorway,6_15,pointy,ViT Small,head_model,8,1.0,0.5,1.0
doorway,6_15,pointy,ViT Small,head_model,9,1.0,0.5,1.0
doorway,6_15,pointy,ViT Small,head_model,10,1.0,0.5,1.0
doorway,6_15,streaky,ConvNeXt Base,full_model,1,1.0,0.5,1.0
doorway,6_15,streaky,ConvNeXt Base,full_model,2,1.0,0.5,1.0
doorway,6_15,streaky,ConvNeXt Base,full_model,3,1.0,0.5,1.0
doorway,6_15,streaky,ConvNeXt Base,full_model,4,1.0,0.5,1.0
doorway,6_15,streaky,ConvNeXt Base,full_model,5,1.0,0.5,1.0
doorway,6_15,streaky,ConvNeXt Base,full_model,6,1.0,0.5,1.0
doorway,6_15,streaky,ConvNeXt Base,full_model,7,1.0,0.5,1.0
doorway,6_15,streaky,ConvNeXt Base,full_model,8,1.0,0.5,1.0
doorway,6_15,streaky,ConvNeXt Base,full_model,9,1.0,0.5,1.0
doorway,6_15,streaky,ConvNeXt Base,full_model,10,1.0,0.5,1.0
doorway,6_15,streaky,ConvNeXt Base,head_model,1,0.9965277777777778,0.5,0.9930555555555556
doorway,6_15,streaky,ConvNeXt Base,head_model,2,0.9965277777777778,0.5,0.9930555555555556
doorway,6_15,streaky,ConvNeXt Base,head_model,3,0.9965277777777778,0.5,0.9930555555555556
doorway,6_15,streaky,ConvNeXt Base,head_model,4,0.9965277777777778,0.5,0.9930555555555556
doorway,6_15,streaky,ConvNeXt Base,head_model,5,0.9965277777777778,0.5,0.9930555555555556
doorway,6_15,streaky,ConvNeXt Base,head_model,6,0.9965277777777778,0.5,0.9930555555555556
doorway,6_15,streaky,ConvNeXt Base,head_model,7,0.9965277777777778,0.5,0.9930555555555556
doorway,6_15,streaky,ConvNeXt Base,head_model,8,0.9965277777777778,0.5,0.9930555555555556
doorway,6_15,streaky,ConvNeXt Base,head_model,9,0.9965277777777778,0.5,0.9930555555555556
doorway,6_15,streaky,ConvNeXt Base,head_model,10,0.9965277777777778,0.5,0.9930555555555556
doorway,6_15,streaky,ConvNeXt Large,full_model,1,1.0,0.5,1.0
doorway,6_15,streaky,ConvNeXt Large,full_model,2,1.0,0.5,1.0
doorway,6_15,streaky,ConvNeXt Large,full_model,3,1.0,0.5,1.0
doorway,6_15,streaky,ConvNeXt Large,full_model,4,1.0,0.5,1.0
doorway,6_15,streaky,ConvNeXt Large,full_model,5,1.0,0.5,1.0
doorway,6_15,streaky,ConvNeXt Large,full_model,6,1.0,0.5,1.0
doorway,6_15,streaky,ConvNeXt Large,full_model,7,1.0,0.5,1.0
doorway,6_15,streaky,ConvNeXt Large,full_model,8,1.0,0.5,1.0
doorway,6_15,streaky,ConvNeXt Large,full_model,9,1.0,0.5,1.0
doorway,6_15,streaky,ConvNeXt Large,full_model,10,1.0,0.5,1.0
doorway,6_15,streaky,ConvNeXt Large,head_model,1,1.0,0.5,1.0
doorway,6_15,streaky,ConvNeXt Large,head_model,2,1.0,0.5,1.0
doorway,6_15,streaky,ConvNeXt Large,head_model,3,1.0,0.5,1.0
doorway,6_15,streaky,ConvNeXt Large,head_model,4,1.0,0.5,1.0
doorway,6_15,streaky,ConvNeXt Large,head_model,5,1.0,0.5,1.0
doorway,6_15,streaky,ConvNeXt Large,head_model,6,1.0,0.5,1.0
doorway,6_15,streaky,ConvNeXt Large,head_model,7,1.0,0.5,1.0
doorway,6_15,streaky,ConvNeXt Large,head_model,8,1.0,0.5,1.0
doorway,6_15,streaky,ConvNeXt Large,head_model,9,1.0,0.5,1.0
doorway,6_15,streaky,ConvNeXt Large,head_model,10,1.0,0.5,1.0
doorway,6_15,streaky,ConvNeXt Small,full_model,1,1.0,0.5,1.0
doorway,6_15,streaky,ConvNeXt Small,full_model,2,1.0,0.5,1.0
doorway,6_15,streaky,ConvNeXt Small,full_model,3,1.0,0.5,1.0
doorway,6_15,streaky,ConvNeXt Small,full_model,4,1.0,0.5,1.0
doorway,6_15,streaky,ConvNeXt Small,full_model,5,1.0,0.5,1.0
doorway,6_15,streaky,ConvNeXt Small,full_model,6,1.0,0.5,1.0
doorway,6_15,streaky,ConvNeXt Small,full_model,7,1.0,0.5,1.0
doorway,6_15,streaky,ConvNeXt Small,full_model,8,1.0,0.5,1.0
doorway,6_15,streaky,ConvNeXt Small,full_model,9,1.0,0.5,1.0
doorway,6_15,streaky,ConvNeXt Small,full_model,10,1.0,0.5,1.0
doorway,6_15,streaky,ConvNeXt Small,head_model,1,0.9930555555555556,0.5,0.9861111111111112
doorway,6_15,streaky,ConvNeXt Small,head_model,2,0.9965277777777778,0.5,0.9930555555555556
doorway,6_15,streaky,ConvNeXt Small,head_model,3,0.9965277777777778,0.5,0.9930555555555556
doorway,6_15,streaky,ConvNeXt Small,head_model,4,0.9965277777777778,0.5,0.9930555555555556
doorway,6_15,streaky,ConvNeXt Small,head_model,5,0.9965277777777778,0.5,0.9930555555555556
doorway,6_15,streaky,ConvNeXt Small,head_model,6,0.9965277777777778,0.5,0.9930555555555556
doorway,6_15,streaky,ConvNeXt Small,head_model,7,0.9965277777777778,0.5,0.9930555555555556
doorway,6_15,streaky,ConvNeXt Small,head_model,8,0.9930555555555556,0.5,0.9861111111111112
doorway,6_15,streaky,ConvNeXt Small,head_model,9,0.9930555555555556,0.5,0.9861111111111112
doorway,6_15,streaky,ConvNeXt Small,head_model,10,0.9965277777777778,0.5,0.9930555555555556
doorway,6_15,streaky,ConvNeXt Tiny,full_model,1,1.0,0.5,1.0
doorway,6_15,streaky,ConvNeXt Tiny,full_model,2,1.0,0.5,1.0
doorway,6_15,streaky,ConvNeXt Tiny,full_model,3,1.0,0.5,1.0
doorway,6_15,streaky,ConvNeXt Tiny,full_model,4,1.0,0.5,1.0
doorway,6_15,streaky,ConvNeXt Tiny,full_model,5,1.0,0.5,1.0
doorway,6_15,streaky,ConvNeXt Tiny,full_model,6,1.0,0.5,1.0
doorway,6_15,streaky,ConvNeXt Tiny,full_model,7,1.0,0.5,1.0
doorway,6_15,streaky,ConvNeXt Tiny,full_model,8,1.0,0.5,1.0
doorway,6_15,streaky,ConvNeXt Tiny,full_model,9,1.0,0.5,1.0
doorway,6_15,streaky,ConvNeXt Tiny,full_model,10,1.0,0.5,1.0
doorway,6_15,streaky,ConvNeXt Tiny,head_model,1,0.9965277777777778,0.5,0.9930555555555556
doorway,6_15,streaky,ConvNeXt Tiny,head_model,2,0.9965277777777778,0.5,0.9930555555555556
doorway,6_15,streaky,ConvNeXt Tiny,head_model,3,1.0,0.5,1.0
doorway,6_15,streaky,ConvNeXt Tiny,head_model,4,1.0,0.5,1.0
doorway,6_15,streaky,ConvNeXt Tiny,head_model,5,1.0,0.5,1.0
doorway,6_15,streaky,ConvNeXt Tiny,head_model,6,1.0,0.5,1.0
doorway,6_15,streaky,ConvNeXt Tiny,head_model,7,1.0,0.5,1.0
doorway,6_15,streaky,ConvNeXt Tiny,head_model,8,1.0,0.5,1.0
doorway,6_15,streaky,ConvNeXt Tiny,head_model,9,1.0,0.5,1.0
doorway,6_15,streaky,ConvNeXt Tiny,head_model,10,1.0,0.5,1.0
doorway,6_15,streaky,DINOv3 ViT Base,full_model,1,1.0,0.5,1.0
doorway,6_15,streaky,DINOv3 ViT Base,full_model,2,1.0,0.5,1.0
doorway,6_15,streaky,DINOv3 ViT Base,full_model,3,1.0,0.5,1.0
doorway,6_15,streaky,DINOv3 ViT Base,full_model,4,1.0,0.5,1.0
doorway,6_15,streaky,DINOv3 ViT Base,full_model,5,1.0,0.5,1.0
doorway,6_15,streaky,DINOv3 ViT Base,full_model,6,1.0,0.5,1.0
doorway,6_15,streaky,DINOv3 ViT Base,full_model,7,1.0,0.5,1.0
doorway,6_15,streaky,DINOv3 ViT Base,full_model,8,1.0,0.5,1.0
doorway,6_15,streaky,DINOv3 ViT Base,full_model,9,1.0,0.5,1.0
doorway,6_15,streaky,DINOv3 ViT Base,full_model,10,1.0,0.5,1.0
doorway,6_15,streaky,DINOv3 ViT Base,head_model,1,0.9965277777777778,0.5,0.9930555555555556
doorway,6_15,streaky,DINOv3 ViT Base,head_model,2,0.9930555555555556,0.5,0.9861111111111112
doorway,6_15,streaky,DINOv3 ViT Base,head_model,3,0.9965277777777778,0.5,0.9930555555555556
doorway,6_15,streaky,DINOv3 ViT Base,head_model,4,0.9965277777777778,0.5,0.9930555555555556
doorway,6_15,streaky,DINOv3 ViT Base,head_model,5,0.9965277777777778,0.5,0.9930555555555556
doorway,6_15,streaky,DINOv3 ViT Base,head_model,6,1.0,0.5,1.0
doorway,6_15,streaky,DINOv3 ViT Base,head_model,7,0.9965277777777778,0.5,0.9930555555555556
doorway,6_15,streaky,DINOv3 ViT Base,head_model,8,1.0,0.5,1.0
doorway,6_15,streaky,DINOv3 ViT Base,head_model,9,1.0,0.5,1.0
doorway,6_15,streaky,DINOv3 ViT Base,head_model,10,1.0,0.5,1.0
doorway,6_15,streaky,ResNet18,full_model,1,1.0,0.5,1.0
doorway,6_15,streaky,ResNet18,full_model,2,1.0,0.5,1.0
doorway,6_15,streaky,ResNet18,full_model,3,1.0,0.5,1.0
doorway,6_15,streaky,ResNet18,full_model,4,1.0,0.5,1.0
doorway,6_15,streaky,ResNet18,full_model,5,1.0,0.5,1.0
doorway,6_15,streaky,ResNet18,full_model,6,1.0,0.5,1.0
doorway,6_15,streaky,ResNet18,full_model,7,1.0,0.5,1.0
doorway,6_15,streaky,ResNet18,full_model,8,1.0,0.5,1.0
doorway,6_15,streaky,ResNet18,full_model,9,1.0,0.5,1.0
doorway,6_15,streaky,ResNet18,full_model,10,1.0,0.5,1.0
doorway,6_15,streaky,ResNet18,head_model,1,0.9791666666666666,0.5,0.9583333333333333
doorway,6_15,streaky,ResNet18,head_model,2,0.9791666666666666,0.5,0.9583333333333333
doorway,6_15,streaky,ResNet18,head_model,3,0.9826388888888888,0.5,0.9652777777777777
doorway,6_15,streaky,ResNet18,head_model,4,0.9826388888888888,0.5,0.9652777777777777
doorway,6_15,streaky,ResNet18,head_model,5,0.9791666666666666,0.5,0.9583333333333333
doorway,6_15,streaky,ResNet18,head_model,6,0.9791666666666666,0.5,0.9583333333333333
doorway,6_15,streaky,ResNet18,head_model,7,0.9826388888888888,0.5,0.9652777777777777
doorway,6_15,streaky,ResNet18,head_model,8,0.9791666666666666,0.5,0.9583333333333333
doorway,6_15,streaky,ResNet18,head_model,9,0.9791666666666666,0.5,0.9583333333333333
doorway,6_15,streaky,ResNet18,head_model,10,0.9826388888888888,0.5,0.9652777777777777
doorway,6_15,streaky,ResNet50,full_model,1,1.0,0.5,1.0
doorway,6_15,streaky,ResNet50,full_model,2,1.0,0.5,1.0
doorway,6_15,streaky,ResNet50,full_model,3,1.0,0.5,1.0
doorway,6_15,streaky,ResNet50,full_model,4,1.0,0.5,1.0
doorway,6_15,streaky,ResNet50,full_model,5,1.0,0.5,1.0
doorway,6_15,streaky,ResNet50,full_model,6,1.0,0.5,1.0
doorway,6_15,streaky,ResNet50,full_model,7,1.0,0.5,1.0
doorway,6_15,streaky,ResNet50,full_model,8,1.0,0.5,1.0
doorway,6_15,streaky,ResNet50,full_model,9,1.0,0.5,1.0
doorway,6_15,streaky,ResNet50,full_model,10,1.0,0.5,1.0
doorway,6_15,streaky,ResNet50,head_model,1,0.9930555555555556,0.5,0.9861111111111112
doorway,6_15,streaky,ResNet50,head_model,2,0.9930555555555556,0.5,0.9861111111111112
doorway,6_15,streaky,ResNet50,head_model,3,0.9930555555555556,0.5,0.9861111111111112
doorway,6_15,streaky,ResNet50,head_model,4,0.9895833333333334,0.5,0.9791666666666667
doorway,6_15,streaky,ResNet50,head_model,5,0.9930555555555556,0.5,0.9861111111111112
doorway,6_15,streaky,ResNet50,head_model,6,0.9930555555555556,0.5,0.9861111111111112
doorway,6_15,streaky,ResNet50,head_model,7,0.9930555555555556,0.5,0.9861111111111112
doorway,6_15,streaky,ResNet50,head_model,8,0.9930555555555556,0.5,0.9861111111111112
doorway,6_15,streaky,ResNet50,head_model,9,0.9930555555555556,0.5,0.9861111111111112
doorway,6_15,streaky,ResNet50,head_model,10,0.9930555555555556,0.5,0.9861111111111112
doorway,6_15,streaky,VGG11,full_model,1,1.0,0.5,1.0
doorway,6_15,streaky,VGG11,full_model,2,1.0,0.5,1.0
doorway,6_15,streaky,VGG11,full_model,3,1.0,0.5,1.0
doorway,6_15,streaky,VGG11,full_model,4,1.0,0.5,1.0
doorway,6_15,streaky,VGG11,full_model,5,1.0,0.5,1.0
doorway,6_15,streaky,VGG11,full_model,6,1.0,0.5,1.0
doorway,6_15,streaky,VGG11,full_model,7,1.0,0.5,1.0
doorway,6_15,streaky,VGG11,full_model,8,1.0,0.5,1.0
doorway,6_15,streaky,VGG11,full_model,9,1.0,0.5,1.0
doorway,6_15,streaky,VGG11,full_model,10,1.0,0.5,1.0
doorway,6_15,streaky,VGG11,head_model,1,0.9965277777777778,0.5,0.9930555555555556
doorway,6_15,streaky,VGG11,head_model,2,0.9965277777777778,0.5,0.9930555555555556
doorway,6_15,streaky,VGG11,head_model,3,0.9965277777777778,0.5,0.9930555555555556
doorway,6_15,streaky,VGG11,head_model,4,0.9965277777777778,0.5,0.9930555555555556
doorway,6_15,streaky,VGG11,head_model,5,0.9930555555555556,0.5,0.9861111111111112
doorway,6_15,streaky,VGG11,head_model,6,0.9965277777777778,0.5,0.9930555555555556
doorway,6_15,streaky,VGG11,head_model,7,0.9930555555555556,0.5,0.9861111111111112
doorway,6_15,streaky,VGG11,head_model,8,0.9965277777777778,0.5,0.9930555555555556
doorway,6_15,streaky,VGG11,head_model,9,0.9965277777777778,0.5,0.9930555555555556
doorway,6_15,streaky,VGG11,head_model,10,0.9930555555555556,0.5,0.9861111111111112
doorway,6_15,streaky,VGG13,full_model,1,1.0,0.5,1.0
doorway,6_15,streaky,VGG13,full_model,2,1.0,0.5,1.0
doorway,6_15,streaky,VGG13,full_model,3,1.0,0.5,1.0
doorway,6_15,streaky,VGG13,full_model,4,1.0,0.5,1.0
doorway,6_15,streaky,VGG13,full_model,5,1.0,0.5,1.0
doorway,6_15,streaky,VGG13,full_model,6,1.0,0.5,1.0
doorway,6_15,streaky,VGG13,full_model,7,1.0,0.5,1.0
doorway,6_15,streaky,VGG13,full_model,8,1.0,0.5,1.0
doorway,6_15,streaky,VGG13,full_model,9,1.0,0.5,1.0
doorway,6_15,streaky,VGG13,full_model,10,1.0,0.5,1.0
doorway,6_15,streaky,VGG13,head_model,1,1.0,0.5,1.0
doorway,6_15,streaky,VGG13,head_model,2,1.0,0.5,1.0
doorway,6_15,streaky,VGG13,head_model,3,1.0,0.5,1.0
doorway,6_15,streaky,VGG13,head_model,4,1.0,0.5,1.0
doorway,6_15,streaky,VGG13,head_model,5,1.0,0.5,1.0
doorway,6_15,streaky,VGG13,head_model,6,1.0,0.5,1.0
doorway,6_15,streaky,VGG13,head_model,7,1.0,0.5,1.0
doorway,6_15,streaky,VGG13,head_model,8,0.9965277777777778,0.5,0.9930555555555556
doorway,6_15,streaky,VGG13,head_model,9,1.0,0.5,1.0
doorway,6_15,streaky,VGG13,head_model,10,1.0,0.5,1.0
doorway,6_15,streaky,VGG16,full_model,1,1.0,0.5,1.0
doorway,6_15,streaky,VGG16,full_model,2,1.0,0.5,1.0
doorway,6_15,streaky,VGG16,full_model,3,1.0,0.5,1.0
doorway,6_15,streaky,VGG16,full_model,4,1.0,0.5,1.0
doorway,6_15,streaky,VGG16,full_model,5,1.0,0.5,1.0
doorway,6_15,streaky,VGG16,full_model,6,1.0,0.5,1.0
doorway,6_15,streaky,VGG16,full_model,7,1.0,0.5,1.0
doorway,6_15,streaky,VGG16,full_model,8,1.0,0.5,1.0
doorway,6_15,streaky,VGG16,full_model,9,1.0,0.5,1.0
doorway,6_15,streaky,VGG16,full_model,10,1.0,0.5,1.0
doorway,6_15,streaky,VGG16,head_model,1,1.0,0.5,1.0
doorway,6_15,streaky,VGG16,head_model,2,1.0,0.5,1.0
doorway,6_15,streaky,VGG16,head_model,3,0.9930555555555556,0.5,0.9861111111111112
doorway,6_15,streaky,VGG16,head_model,4,1.0,0.5,1.0
doorway,6_15,streaky,VGG16,head_model,5,0.9930555555555556,0.5,0.9861111111111112
doorway,6_15,streaky,VGG16,head_model,6,1.0,0.5,1.0
doorway,6_15,streaky,VGG16,head_model,7,0.9930555555555556,0.5,0.9861111111111112
doorway,6_15,streaky,VGG16,head_model,8,1.0,0.5,1.0
doorway,6_15,streaky,VGG16,head_model,9,1.0,0.5,1.0
doorway,6_15,streaky,VGG16,head_model,10,0.9930555555555556,0.5,0.9861111111111112
doorway,6_15,streaky,VGG19,full_model,1,1.0,0.5,1.0
doorway,6_15,streaky,VGG19,full_model,2,1.0,0.5,1.0
doorway,6_15,streaky,VGG19,full_model,3,1.0,0.5,1.0
doorway,6_15,streaky,VGG19,full_model,4,1.0,0.5,1.0
doorway,6_15,streaky,VGG19,full_model,5,1.0,0.5,1.0
doorway,6_15,streaky,VGG19,full_model,6,1.0,0.5,1.0
doorway,6_15,streaky,VGG19,full_model,7,1.0,0.5,1.0
doorway,6_15,streaky,VGG19,full_model,8,1.0,0.5,1.0
doorway,6_15,streaky,VGG19,full_model,9,1.0,0.5,1.0
doorway,6_15,streaky,VGG19,full_model,10,1.0,0.5,1.0
doorway,6_15,streaky,VGG19,head_model,1,1.0,0.5,1.0
doorway,6_15,streaky,VGG19,head_model,2,1.0,0.5,1.0
doorway,6_15,streaky,VGG19,head_model,3,1.0,0.5,1.0
doorway,6_15,streaky,VGG19,head_model,4,1.0,0.5,1.0
doorway,6_15,streaky,VGG19,head_model,5,1.0,0.5,1.0
doorway,6_15,streaky,VGG19,head_model,6,1.0,0.5,1.0
doorway,6_15,streaky,VGG19,head_model,7,1.0,0.5,1.0
doorway,6_15,streaky,VGG19,head_model,8,1.0,0.5,1.0
doorway,6_15,streaky,VGG19,head_model,9,1.0,0.5,1.0
doorway,6_15,streaky,VGG19,head_model,10,1.0,0.5,1.0
doorway,6_15,streaky,ViT Base,full_model,1,1.0,0.5,1.0
doorway,6_15,streaky,ViT Base,full_model,2,1.0,0.5,1.0
doorway,6_15,streaky,ViT Base,full_model,3,1.0,0.5,1.0
doorway,6_15,streaky,ViT Base,full_model,4,1.0,0.5,1.0
doorway,6_15,streaky,ViT Base,full_model,5,1.0,0.5,1.0
doorway,6_15,streaky,ViT Base,full_model,6,1.0,0.5,1.0
doorway,6_15,streaky,ViT Base,full_model,7,1.0,0.5,1.0
doorway,6_15,streaky,ViT Base,full_model,8,1.0,0.5,1.0
doorway,6_15,streaky,ViT Base,full_model,9,1.0,0.5,1.0
doorway,6_15,streaky,ViT Base,full_model,10,1.0,0.5,1.0
doorway,6_15,streaky,ViT Base,head_model,1,0.9965277777777778,0.5,0.9930555555555556
doorway,6_15,streaky,ViT Base,head_model,2,1.0,0.5,1.0
doorway,6_15,streaky,ViT Base,head_model,3,1.0,0.5,1.0
doorway,6_15,streaky,ViT Base,head_model,4,1.0,0.5,1.0
doorway,6_15,streaky,ViT Base,head_model,5,1.0,0.5,1.0
doorway,6_15,streaky,ViT Base,head_model,6,1.0,0.5,1.0
doorway,6_15,streaky,ViT Base,head_model,7,0.9965277777777778,0.5,0.9930555555555556
doorway,6_15,streaky,ViT Base,head_model,8,1.0,0.5,1.0
doorway,6_15,streaky,ViT Base,head_model,9,1.0,0.5,1.0
doorway,6_15,streaky,ViT Base,head_model,10,0.9965277777777778,0.5,0.9930555555555556
doorway,6_15,streaky,ViT Large,full_model,1,1.0,0.5,1.0
doorway,6_15,streaky,ViT Large,full_model,2,1.0,0.5,1.0
doorway,6_15,streaky,ViT Large,full_model,3,1.0,0.5,1.0
doorway,6_15,streaky,ViT Large,full_model,4,1.0,0.5,1.0
doorway,6_15,streaky,ViT Large,full_model,5,1.0,0.5,1.0
doorway,6_15,streaky,ViT Large,full_model,6,1.0,0.5,1.0
doorway,6_15,streaky,ViT Large,full_model,7,1.0,0.5,1.0
doorway,6_15,streaky,ViT Large,full_model,8,1.0,0.5,1.0
doorway,6_15,streaky,ViT Large,full_model,9,1.0,0.5,1.0
doorway,6_15,streaky,ViT Large,full_model,10,1.0,0.5,1.0
doorway,6_15,streaky,ViT Large,head_model,1,1.0,0.5,1.0
doorway,6_15,streaky,ViT Large,head_model,2,1.0,0.5,1.0
doorway,6_15,streaky,ViT Large,head_model,3,1.0,0.5,1.0
doorway,6_15,streaky,ViT Large,head_model,4,1.0,0.5,1.0
doorway,6_15,streaky,ViT Large,head_model,5,1.0,0.5,1.0
doorway,6_15,streaky,ViT Large,head_model,6,1.0,0.5,1.0
doorway,6_15,streaky,ViT Large,head_model,7,1.0,0.5,1.0
doorway,6_15,streaky,ViT Large,head_model,8,1.0,0.5,1.0
doorway,6_15,streaky,ViT Large,head_model,9,1.0,0.5,1.0
doorway,6_15,streaky,ViT Large,head_model,10,1.0,0.5,1.0
doorway,6_15,streaky,ViT Small,full_model,1,1.0,0.5,1.0
doorway,6_15,streaky,ViT Small,full_model,2,1.0,0.5,1.0
doorway,6_15,streaky,ViT Small,full_model,3,1.0,0.5,1.0
doorway,6_15,streaky,ViT Small,full_model,4,1.0,0.5,1.0
doorway,6_15,streaky,ViT Small,full_model,5,1.0,0.5,1.0
doorway,6_15,streaky,ViT Small,full_model,6,1.0,0.5,1.0
doorway,6_15,streaky,ViT Small,full_model,7,1.0,0.5,1.0
doorway,6_15,streaky,ViT Small,full_model,8,1.0,0.5,1.0
doorway,6_15,streaky,ViT Small,full_model,9,1.0,0.5,1.0
doorway,6_15,streaky,ViT Small,full_model,10,1.0,0.5,1.0
doorway,6_15,streaky,ViT Small,head_model,1,1.0,0.5,1.0
doorway,6_15,streaky,ViT Small,head_model,2,1.0,0.5,1.0
doorway,6_15,streaky,ViT Small,head_model,3,1.0,0.5,1.0
doorway,6_15,streaky,ViT Small,head_model,4,1.0,0.5,1.0
doorway,6_15,streaky,ViT Small,head_model,5,1.0,0.5,1.0
doorway,6_15,streaky,ViT Small,head_model,6,1.0,0.5,1.0
doorway,6_15,streaky,ViT Small,head_model,7,1.0,0.5,1.0
doorway,6_15,streaky,ViT Small,head_model,8,1.0,0.5,1.0
doorway,6_15,streaky,ViT Small,head_model,9,1.0,0.5,1.0
doorway,6_15,streaky,ViT Small,head_model,10,1.0,0.5,1.0
doorway,6_20,pointy,ConvNeXt Base,full_model,1,1.0,0.5,1.0
doorway,6_20,pointy,ConvNeXt Base,full_model,2,1.0,0.5,1.0
doorway,6_20,pointy,ConvNeXt Base,full_model,3,1.0,0.5,1.0
doorway,6_20,pointy,ConvNeXt Base,full_model,4,1.0,0.5,1.0
doorway,6_20,pointy,ConvNeXt Base,full_model,5,1.0,0.5,1.0
doorway,6_20,pointy,ConvNeXt Base,full_model,6,1.0,0.5,1.0
doorway,6_20,pointy,ConvNeXt Base,full_model,7,1.0,0.5,1.0
doorway,6_20,pointy,ConvNeXt Base,full_model,8,1.0,0.5,1.0
doorway,6_20,pointy,ConvNeXt Base,full_model,9,1.0,0.5,1.0
doorway,6_20,pointy,ConvNeXt Base,full_model,10,1.0,0.5,1.0
doorway,6_20,pointy,ConvNeXt Base,head_model,1,0.9513888888888888,0.5,0.9027777777777777
doorway,6_20,pointy,ConvNeXt Base,head_model,2,0.9583333333333334,0.5,0.9166666666666667
doorway,6_20,pointy,ConvNeXt Base,head_model,3,0.9513888888888888,0.5,0.9027777777777777
doorway,6_20,pointy,ConvNeXt Base,head_model,4,0.9444444444444444,0.5,0.8888888888888888
doorway,6_20,pointy,ConvNeXt Base,head_model,5,0.9444444444444444,0.5,0.8888888888888888
doorway,6_20,pointy,ConvNeXt Base,head_model,6,0.9409722222222222,0.5,0.8819444444444444
doorway,6_20,pointy,ConvNeXt Base,head_model,7,0.9548611111111112,0.5,0.9097222222222223
doorway,6_20,pointy,ConvNeXt Base,head_model,8,0.9444444444444444,0.5,0.8888888888888888
doorway,6_20,pointy,ConvNeXt Base,head_model,9,0.9513888888888888,0.5,0.9027777777777777
doorway,6_20,pointy,ConvNeXt Base,head_model,10,0.9513888888888888,0.5,0.9027777777777777
doorway,6_20,pointy,ConvNeXt Large,full_model,1,1.0,0.5,1.0
doorway,6_20,pointy,ConvNeXt Large,full_model,2,1.0,0.5,1.0
doorway,6_20,pointy,ConvNeXt Large,full_model,3,1.0,0.5,1.0
doorway,6_20,pointy,ConvNeXt Large,full_model,4,1.0,0.5,1.0
doorway,6_20,pointy,ConvNeXt Large,full_model,5,1.0,0.5,1.0
doorway,6_20,pointy,ConvNeXt Large,full_model,6,1.0,0.5,1.0
doorway,6_20,pointy,ConvNeXt Large,full_model,7,1.0,0.5,1.0
doorway,6_20,pointy,ConvNeXt Large,full_model,8,1.0,0.5,1.0
doorway,6_20,pointy,ConvNeXt Large,full_model,9,1.0,0.5,1.0
doorway,6_20,pointy,ConvNeXt Large,full_model,10,1.0,0.5,1.0
doorway,6_20,pointy,ConvNeXt Large,head_model,1,0.9583333333333334,0.5,0.9166666666666667
doorway,6_20,pointy,ConvNeXt Large,head_model,2,0.9652777777777778,0.5,0.9305555555555556
doorway,6_20,pointy,ConvNeXt Large,head_model,3,0.9444444444444444,0.5,0.8888888888888888
doorway,6_20,pointy,ConvNeXt Large,head_model,4,0.9375,0.5,0.875
doorway,6_20,pointy,ConvNeXt Large,head_model,5,0.9409722222222222,0.5,0.8819444444444444
doorway,6_20,pointy,ConvNeXt Large,head_model,6,0.9513888888888888,0.5,0.9027777777777777
doorway,6_20,pointy,ConvNeXt Large,head_model,7,0.9583333333333334,0.5,0.9166666666666667
doorway,6_20,pointy,ConvNeXt Large,head_model,8,0.9618055555555556,0.5,0.9236111111111112
doorway,6_20,pointy,ConvNeXt Large,head_model,9,0.9652777777777778,0.5,0.9305555555555556
doorway,6_20,pointy,ConvNeXt Large,head_model,10,0.9583333333333334,0.5,0.9166666666666667
doorway,6_20,pointy,ConvNeXt Small,full_model,1,1.0,0.5,1.0
doorway,6_20,pointy,ConvNeXt Small,full_model,2,1.0,0.5,1.0
doorway,6_20,pointy,ConvNeXt Small,full_model,3,1.0,0.5,1.0
doorway,6_20,pointy,ConvNeXt Small,full_model,4,1.0,0.5,1.0
doorway,6_20,pointy,ConvNeXt Small,full_model,5,1.0,0.5,1.0
doorway,6_20,pointy,ConvNeXt Small,full_model,6,1.0,0.5,1.0
doorway,6_20,pointy,ConvNeXt Small,full_model,7,1.0,0.5,1.0
doorway,6_20,pointy,ConvNeXt Small,full_model,8,1.0,0.5,1.0
doorway,6_20,pointy,ConvNeXt Small,full_model,9,1.0,0.5,1.0
doorway,6_20,pointy,ConvNeXt Small,full_model,10,1.0,0.5,1.0
doorway,6_20,pointy,ConvNeXt Small,head_model,1,0.9861111111111112,0.5,0.9722222222222223
doorway,6_20,pointy,ConvNeXt Small,head_model,2,0.9826388888888888,0.5,0.9652777777777777
doorway,6_20,pointy,ConvNeXt Small,head_model,3,0.9895833333333334,0.5,0.9791666666666667
doorway,6_20,pointy,ConvNeXt Small,head_model,4,0.9930555555555556,0.5,0.9861111111111112
doorway,6_20,pointy,ConvNeXt Small,head_model,5,0.9895833333333334,0.5,0.9791666666666667
doorway,6_20,pointy,ConvNeXt Small,head_model,6,0.9895833333333334,0.5,0.9791666666666667
doorway,6_20,pointy,ConvNeXt Small,head_model,7,0.9722222222222222,0.5,0.9444444444444444
doorway,6_20,pointy,ConvNeXt Small,head_model,8,0.9791666666666666,0.5,0.9583333333333333
doorway,6_20,pointy,ConvNeXt Small,head_model,9,0.9791666666666666,0.5,0.9583333333333333
doorway,6_20,pointy,ConvNeXt Small,head_model,10,0.9895833333333334,0.5,0.9791666666666667
doorway,6_20,pointy,ConvNeXt Tiny,full_model,1,1.0,0.5,1.0
doorway,6_20,pointy,ConvNeXt Tiny,full_model,2,1.0,0.5,1.0
doorway,6_20,pointy,ConvNeXt Tiny,full_model,3,1.0,0.5,1.0
doorway,6_20,pointy,ConvNeXt Tiny,full_model,4,1.0,0.5,1.0
doorway,6_20,pointy,ConvNeXt Tiny,full_model,5,1.0,0.5,1.0
doorway,6_20,pointy,ConvNeXt Tiny,full_model,6,1.0,0.5,1.0
doorway,6_20,pointy,ConvNeXt Tiny,full_model,7,1.0,0.5,1.0
doorway,6_20,pointy,ConvNeXt Tiny,full_model,8,1.0,0.5,1.0
doorway,6_20,pointy,ConvNeXt Tiny,full_model,9,1.0,0.5,1.0
doorway,6_20,pointy,ConvNeXt Tiny,full_model,10,1.0,0.5,1.0
doorway,6_20,pointy,ConvNeXt Tiny,head_model,1,0.9166666666666666,0.5,0.8333333333333333
doorway,6_20,pointy,ConvNeXt Tiny,head_model,2,0.9166666666666666,0.5,0.8333333333333333
doorway,6_20,pointy,ConvNeXt Tiny,head_model,3,0.9305555555555556,0.5,0.8611111111111112
doorway,6_20,pointy,ConvNeXt Tiny,head_model,4,0.9305555555555556,0.5,0.8611111111111112
doorway,6_20,pointy,ConvNeXt Tiny,head_model,5,0.9305555555555556,0.5,0.8611111111111112
doorway,6_20,pointy,ConvNeXt Tiny,head_model,6,0.9166666666666666,0.5,0.8333333333333333
doorway,6_20,pointy,ConvNeXt Tiny,head_model,7,0.9131944444444444,0.5,0.8263888888888888
doorway,6_20,pointy,ConvNeXt Tiny,head_model,8,0.8576388888888888,0.5,0.7152777777777777
doorway,6_20,pointy,ConvNeXt Tiny,head_model,9,0.8958333333333334,0.5,0.7916666666666667
doorway,6_20,pointy,ConvNeXt Tiny,head_model,10,0.9166666666666666,0.5,0.8333333333333333
doorway,6_20,pointy,DINOv3 ViT Base,full_model,1,0.5,0.5,0.0
doorway,6_20,pointy,DINOv3 ViT Base,full_model,2,1.0,0.5,1.0
doorway,6_20,pointy,DINOv3 ViT Base,full_model,3,1.0,0.5,1.0
doorway,6_20,pointy,DINOv3 ViT Base,full_model,4,1.0,0.5,1.0
doorway,6_20,pointy,DINOv3 ViT Base,full_model,5,1.0,0.5,1.0
doorway,6_20,pointy,DINOv3 ViT Base,full_model,6,1.0,0.5,1.0
doorway,6_20,pointy,DINOv3 ViT Base,full_model,7,1.0,0.5,1.0
doorway,6_20,pointy,DINOv3 ViT Base,full_model,8,0.5,0.5,0.0
doorway,6_20,pointy,DINOv3 ViT Base,full_model,9,1.0,0.5,1.0
doorway,6_20,pointy,DINOv3 ViT Base,full_model,10,1.0,0.5,1.0
doorway,6_20,pointy,DINOv3 ViT Base,head_model,1,1.0,0.5,1.0
doorway,6_20,pointy,DINOv3 ViT Base,head_model,2,1.0,0.5,1.0
doorway,6_20,pointy,DINOv3 ViT Base,head_model,3,1.0,0.5,1.0
doorway,6_20,pointy,DINOv3 ViT Base,head_model,4,1.0,0.5,1.0
doorway,6_20,pointy,DINOv3 ViT Base,head_model,5,1.0,0.5,1.0
doorway,6_20,pointy,DINOv3 ViT Base,head_model,6,1.0,0.5,1.0
doorway,6_20,pointy,DINOv3 ViT Base,head_model,7,1.0,0.5,1.0
doorway,6_20,pointy,DINOv3 ViT Base,head_model,8,1.0,0.5,1.0
doorway,6_20,pointy,DINOv3 ViT Base,head_model,9,1.0,0.5,1.0
doorway,6_20,pointy,DINOv3 ViT Base,head_model,10,1.0,0.5,1.0
doorway,6_20,pointy,ResNet18,full_model,1,1.0,0.5,1.0
doorway,6_20,pointy,ResNet18,full_model,2,1.0,0.5,1.0
doorway,6_20,pointy,ResNet18,full_model,3,1.0,0.5,1.0
doorway,6_20,pointy,ResNet18,full_model,4,1.0,0.5,1.0
doorway,6_20,pointy,ResNet18,full_model,5,1.0,0.5,1.0
doorway,6_20,pointy,ResNet18,full_model,6,1.0,0.5,1.0
doorway,6_20,pointy,ResNet18,full_model,7,1.0,0.5,1.0
doorway,6_20,pointy,ResNet18,full_model,8,1.0,0.5,1.0
doorway,6_20,pointy,ResNet18,full_model,9,1.0,0.5,1.0
doorway,6_20,pointy,ResNet18,full_model,10,1.0,0.5,1.0
doorway,6_20,pointy,ResNet18,head_model,1,0.9583333333333334,0.5,0.9166666666666667
doorway,6_20,pointy,ResNet18,head_model,2,0.9548611111111112,0.5,0.9097222222222223
doorway,6_20,pointy,ResNet18,head_model,3,0.9479166666666666,0.5,0.8958333333333333
doorway,6_20,pointy,ResNet18,head_model,4,0.9513888888888888,0.5,0.9027777777777777
doorway,6_20,pointy,ResNet18,head_model,5,0.9548611111111112,0.5,0.9097222222222223
doorway,6_20,pointy,ResNet18,head_model,6,0.9548611111111112,0.5,0.9097222222222223
doorway,6_20,pointy,ResNet18,head_model,7,0.9548611111111112,0.5,0.9097222222222223
doorway,6_20,pointy,ResNet18,head_model,8,0.9513888888888888,0.5,0.9027777777777777
doorway,6_20,pointy,ResNet18,head_model,9,0.9479166666666666,0.5,0.8958333333333333
doorway,6_20,pointy,ResNet18,head_model,10,0.9548611111111112,0.5,0.9097222222222223
doorway,6_20,pointy,ResNet50,full_model,1,1.0,0.5,1.0
doorway,6_20,pointy,ResNet50,full_model,2,1.0,0.5,1.0
doorway,6_20,pointy,ResNet50,full_model,3,1.0,0.5,1.0
doorway,6_20,pointy,ResNet50,full_model,4,1.0,0.5,1.0
doorway,6_20,pointy,ResNet50,full_model,5,1.0,0.5,1.0
doorway,6_20,pointy,ResNet50,full_model,6,1.0,0.5,1.0
doorway,6_20,pointy,ResNet50,full_model,7,1.0,0.5,1.0
doorway,6_20,pointy,ResNet50,full_model,8,1.0,0.5,1.0
doorway,6_20,pointy,ResNet50,full_model,9,1.0,0.5,1.0
doorway,6_20,pointy,ResNet50,full_model,10,1.0,0.5,1.0
doorway,6_20,pointy,ResNet50,head_model,1,0.9722222222222222,0.5,0.9444444444444444
doorway,6_20,pointy,ResNet50,head_model,2,0.9791666666666666,0.5,0.9583333333333333
doorway,6_20,pointy,ResNet50,head_model,3,0.9756944444444444,0.5,0.9513888888888888
doorway,6_20,pointy,ResNet50,head_model,4,0.9756944444444444,0.5,0.9513888888888888
doorway,6_20,pointy,ResNet50,head_model,5,0.9791666666666666,0.5,0.9583333333333333
doorway,6_20,pointy,ResNet50,head_model,6,0.9722222222222222,0.5,0.9444444444444444
doorway,6_20,pointy,ResNet50,head_model,7,0.9791666666666666,0.5,0.9583333333333333
doorway,6_20,pointy,ResNet50,head_model,8,0.9722222222222222,0.5,0.9444444444444444
doorway,6_20,pointy,ResNet50,head_model,9,0.9756944444444444,0.5,0.9513888888888888
doorway,6_20,pointy,ResNet50,head_model,10,0.9791666666666666,0.5,0.9583333333333333
doorway,6_20,pointy,VGG11,full_model,1,1.0,0.5,1.0
doorway,6_20,pointy,VGG11,full_model,2,1.0,0.5,1.0
doorway,6_20,pointy,VGG11,full_model,3,1.0,0.5,1.0
doorway,6_20,pointy,VGG11,full_model,4,1.0,0.5,1.0
doorway,6_20,pointy,VGG11,full_model,5,1.0,0.5,1.0
doorway,6_20,pointy,VGG11,full_model,6,1.0,0.5,1.0
doorway,6_20,pointy,VGG11,full_model,7,1.0,0.5,1.0
doorway,6_20,pointy,VGG11,full_model,8,1.0,0.5,1.0
doorway,6_20,pointy,VGG11,full_model,9,1.0,0.5,1.0
doorway,6_20,pointy,VGG11,full_model,10,1.0,0.5,1.0
doorway,6_20,pointy,VGG11,head_model,1,0.9791666666666666,0.5,0.9583333333333333
doorway,6_20,pointy,VGG11,head_model,2,0.9791666666666666,0.5,0.9583333333333333
doorway,6_20,pointy,VGG11,head_model,3,0.9756944444444444,0.5,0.9513888888888888
doorway,6_20,pointy,VGG11,head_model,4,0.9618055555555556,0.5,0.9236111111111112
doorway,6_20,pointy,VGG11,head_model,5,0.9826388888888888,0.5,0.9652777777777777
doorway,6_20,pointy,VGG11,head_model,6,0.9791666666666666,0.5,0.9583333333333333
doorway,6_20,pointy,VGG11,head_model,7,0.9826388888888888,0.5,0.9652777777777777
doorway,6_20,pointy,VGG11,head_model,8,0.9513888888888888,0.5,0.9027777777777777
doorway,6_20,pointy,VGG11,head_model,9,0.9791666666666666,0.5,0.9583333333333333
doorway,6_20,pointy,VGG11,head_model,10,0.9826388888888888,0.5,0.9652777777777777
doorway,6_20,pointy,VGG13,full_model,1,1.0,0.5,1.0
doorway,6_20,pointy,VGG13,full_model,2,1.0,0.5,1.0
doorway,6_20,pointy,VGG13,full_model,3,1.0,0.5,1.0
doorway,6_20,pointy,VGG13,full_model,4,1.0,0.5,1.0
doorway,6_20,pointy,VGG13,full_model,5,1.0,0.5,1.0
doorway,6_20,pointy,VGG13,full_model,6,1.0,0.5,1.0
doorway,6_20,pointy,VGG13,full_model,7,1.0,0.5,1.0
doorway,6_20,pointy,VGG13,full_model,8,1.0,0.5,1.0
doorway,6_20,pointy,VGG13,full_model,9,1.0,0.5,1.0
doorway,6_20,pointy,VGG13,full_model,10,1.0,0.5,1.0
doorway,6_20,pointy,VGG13,head_model,1,0.9895833333333334,0.5,0.9791666666666667
doorway,6_20,pointy,VGG13,head_model,2,0.9895833333333334,0.5,0.9791666666666667
doorway,6_20,pointy,VGG13,head_model,3,0.9791666666666666,0.5,0.9583333333333333
doorway,6_20,pointy,VGG13,head_model,4,0.9791666666666666,0.5,0.9583333333333333
doorway,6_20,pointy,VGG13,head_model,5,0.9895833333333334,0.5,0.9791666666666667
doorway,6_20,pointy,VGG13,head_model,6,0.9895833333333334,0.5,0.9791666666666667
doorway,6_20,pointy,VGG13,head_model,7,0.9895833333333334,0.5,0.9791666666666667
doorway,6_20,pointy,VGG13,head_model,8,0.9861111111111112,0.5,0.9722222222222223
doorway,6_20,pointy,VGG13,head_model,9,0.9861111111111112,0.5,0.9722222222222223
doorway,6_20,pointy,VGG13,head_model,10,0.9895833333333334,0.5,0.9791666666666667
doorway,6_20,pointy,VGG16,full_model,1,1.0,0.5,1.0
doorway,6_20,pointy,VGG16,full_model,2,1.0,0.5,1.0
doorway,6_20,pointy,VGG16,full_model,3,1.0,0.5,1.0
doorway,6_20,pointy,VGG16,full_model,4,1.0,0.5,1.0
doorway,6_20,pointy,VGG16,full_model,5,1.0,0.5,1.0
doorway,6_20,pointy,VGG16,full_model,6,1.0,0.5,1.0
doorway,6_20,pointy,VGG16,full_model,7,1.0,0.5,1.0
doorway,6_20,pointy,VGG16,full_model,8,1.0,0.5,1.0
doorway,6_20,pointy,VGG16,full_model,9,1.0,0.5,1.0
doorway,6_20,pointy,VGG16,full_model,10,1.0,0.5,1.0
doorway,6_20,pointy,VGG16,head_model,1,0.9930555555555556,0.5,0.9861111111111112
doorway,6_20,pointy,VGG16,head_model,2,0.9895833333333334,0.5,0.9791666666666667
doorway,6_20,pointy,VGG16,head_model,3,0.9861111111111112,0.5,0.9722222222222223
doorway,6_20,pointy,VGG16,head_model,4,0.9861111111111112,0.5,0.9722222222222223
doorway,6_20,pointy,VGG16,head_model,5,0.9895833333333334,0.5,0.9791666666666667
doorway,6_20,pointy,VGG16,head_model,6,0.9895833333333334,0.5,0.9791666666666667
doorway,6_20,pointy,VGG16,head_model,7,0.9895833333333334,0.5,0.9791666666666667
doorway,6_20,pointy,VGG16,head_model,8,0.9965277777777778,0.5,0.9930555555555556
doorway,6_20,pointy,VGG16,head_model,9,0.9895833333333334,0.5,0.9791666666666667
doorway,6_20,pointy,VGG16,head_model,10,0.9895833333333334,0.5,0.9791666666666667
doorway,6_20,pointy,VGG19,full_model,1,1.0,0.5,1.0
doorway,6_20,pointy,VGG19,full_model,2,1.0,0.5,1.0
doorway,6_20,pointy,VGG19,full_model,3,1.0,0.5,1.0
doorway,6_20,pointy,VGG19,full_model,4,1.0,0.5,1.0
doorway,6_20,pointy,VGG19,full_model,5,1.0,0.5,1.0
doorway,6_20,pointy,VGG19,full_model,6,1.0,0.5,1.0
doorway,6_20,pointy,VGG19,full_model,7,1.0,0.5,1.0
doorway,6_20,pointy,VGG19,full_model,8,1.0,0.5,1.0
doorway,6_20,pointy,VGG19,full_model,9,1.0,0.5,1.0
doorway,6_20,pointy,VGG19,full_model,10,1.0,0.5,1.0
doorway,6_20,pointy,VGG19,head_model,1,1.0,0.5,1.0
doorway,6_20,pointy,VGG19,head_model,2,1.0,0.5,1.0
doorway,6_20,pointy,VGG19,head_model,3,0.9965277777777778,0.5,0.9930555555555556
doorway,6_20,pointy,VGG19,head_model,4,0.9930555555555556,0.5,0.9861111111111112
doorway,6_20,pointy,VGG19,head_model,5,1.0,0.5,1.0
doorway,6_20,pointy,VGG19,head_model,6,1.0,0.5,1.0
doorway,6_20,pointy,VGG19,head_model,7,1.0,0.5,1.0
doorway,6_20,pointy,VGG19,head_model,8,1.0,0.5,1.0
doorway,6_20,pointy,VGG19,head_model,9,1.0,0.5,1.0
doorway,6_20,pointy,VGG19,head_model,10,1.0,0.5,1.0
doorway,6_20,pointy,ViT Base,full_model,1,1.0,0.5,1.0
doorway,6_20,pointy,ViT Base,full_model,2,1.0,0.5,1.0
doorway,6_20,pointy,ViT Base,full_model,3,1.0,0.5,1.0
doorway,6_20,pointy,ViT Base,full_model,4,1.0,0.5,1.0
doorway,6_20,pointy,ViT Base,full_model,5,1.0,0.5,1.0
doorway,6_20,pointy,ViT Base,full_model,6,1.0,0.5,1.0
doorway,6_20,pointy,ViT Base,full_model,7,1.0,0.5,1.0
doorway,6_20,pointy,ViT Base,full_model,8,1.0,0.5,1.0
doorway,6_20,pointy,ViT Base,full_model,9,1.0,0.5,1.0
doorway,6_20,pointy,ViT Base,full_model,10,1.0,0.5,1.0
doorway,6_20,pointy,ViT Base,head_model,1,1.0,0.5,1.0
doorway,6_20,pointy,ViT Base,head_model,2,1.0,0.5,1.0
doorway,6_20,pointy,ViT Base,head_model,3,1.0,0.5,1.0
doorway,6_20,pointy,ViT Base,head_model,4,1.0,0.5,1.0
doorway,6_20,pointy,ViT Base,head_model,5,0.9965277777777778,0.5,0.9930555555555556
doorway,6_20,pointy,ViT Base,head_model,6,1.0,0.5,1.0
doorway,6_20,pointy,ViT Base,head_model,7,1.0,0.5,1.0
doorway,6_20,pointy,ViT Base,head_model,8,1.0,0.5,1.0
doorway,6_20,pointy,ViT Base,head_model,9,1.0,0.5,1.0
doorway,6_20,pointy,ViT Base,head_model,10,1.0,0.5,1.0
doorway,6_20,pointy,ViT Large,full_model,1,1.0,0.5,1.0
doorway,6_20,pointy,ViT Large,full_model,2,1.0,0.5,1.0
doorway,6_20,pointy,ViT Large,full_model,3,1.0,0.5,1.0
doorway,6_20,pointy,ViT Large,full_model,4,1.0,0.5,1.0
doorway,6_20,pointy,ViT Large,full_model,5,1.0,0.5,1.0
doorway,6_20,pointy,ViT Large,full_model,6,1.0,0.5,1.0
doorway,6_20,pointy,ViT Large,full_model,7,1.0,0.5,1.0
doorway,6_20,pointy,ViT Large,full_model,8,1.0,0.5,1.0
doorway,6_20,pointy,ViT Large,full_model,9,1.0,0.5,1.0
doorway,6_20,pointy,ViT Large,full_model,10,1.0,0.5,1.0
doorway,6_20,pointy,ViT Large,head_model,1,1.0,0.5,1.0
doorway,6_20,pointy,ViT Large,head_model,2,1.0,0.5,1.0
doorway,6_20,pointy,ViT Large,head_model,3,0.9965277777777778,0.5,0.9930555555555556
doorway,6_20,pointy,ViT Large,head_model,4,1.0,0.5,1.0
doorway,6_20,pointy,ViT Large,head_model,5,1.0,0.5,1.0
doorway,6_20,pointy,ViT Large,head_model,6,0.9965277777777778,0.5,0.9930555555555556
doorway,6_20,pointy,ViT Large,head_model,7,1.0,0.5,1.0
doorway,6_20,pointy,ViT Large,head_model,8,1.0,0.5,1.0
doorway,6_20,pointy,ViT Large,head_model,9,1.0,0.5,1.0
doorway,6_20,pointy,ViT Large,head_model,10,1.0,0.5,1.0
doorway,6_20,pointy,ViT Small,full_model,1,1.0,0.5,1.0
doorway,6_20,pointy,ViT Small,full_model,2,1.0,0.5,1.0
doorway,6_20,pointy,ViT Small,full_model,3,1.0,0.5,1.0
doorway,6_20,pointy,ViT Small,full_model,4,1.0,0.5,1.0
doorway,6_20,pointy,ViT Small,full_model,5,1.0,0.5,1.0
doorway,6_20,pointy,ViT Small,full_model,6,1.0,0.5,1.0
doorway,6_20,pointy,ViT Small,full_model,7,1.0,0.5,1.0
doorway,6_20,pointy,ViT Small,full_model,8,1.0,0.5,1.0
doorway,6_20,pointy,ViT Small,full_model,9,1.0,0.5,1.0
doorway,6_20,pointy,ViT Small,full_model,10,1.0,0.5,1.0
doorway,6_20,pointy,ViT Small,head_model,1,1.0,0.5,1.0
doorway,6_20,pointy,ViT Small,head_model,2,1.0,0.5,1.0
doorway,6_20,pointy,ViT Small,head_model,3,1.0,0.5,1.0
doorway,6_20,pointy,ViT Small,head_model,4,1.0,0.5,1.0
doorway,6_20,pointy,ViT Small,head_model,5,1.0,0.5,1.0
doorway,6_20,pointy,ViT Small,head_model,6,1.0,0.5,1.0
doorway,6_20,pointy,ViT Small,head_model,7,1.0,0.5,1.0
doorway,6_20,pointy,ViT Small,head_model,8,1.0,0.5,1.0
doorway,6_20,pointy,ViT Small,head_model,9,1.0,0.5,1.0
doorway,6_20,pointy,ViT Small,head_model,10,1.0,0.5,1.0
doorway,6_20,streaky,ConvNeXt Base,full_model,1,1.0,0.5,1.0
doorway,6_20,streaky,ConvNeXt Base,full_model,2,1.0,0.5,1.0
doorway,6_20,streaky,ConvNeXt Base,full_model,3,1.0,0.5,1.0
doorway,6_20,streaky,ConvNeXt Base,full_model,4,1.0,0.5,1.0
doorway,6_20,streaky,ConvNeXt Base,full_model,5,1.0,0.5,1.0
doorway,6_20,streaky,ConvNeXt Base,full_model,6,1.0,0.5,1.0
doorway,6_20,streaky,ConvNeXt Base,full_model,7,1.0,0.5,1.0
doorway,6_20,streaky,ConvNeXt Base,full_model,8,1.0,0.5,1.0
doorway,6_20,streaky,ConvNeXt Base,full_model,9,1.0,0.5,1.0
doorway,6_20,streaky,ConvNeXt Base,full_model,10,1.0,0.5,1.0
doorway,6_20,streaky,ConvNeXt Base,head_model,1,1.0,0.5,1.0
doorway,6_20,streaky,ConvNeXt Base,head_model,2,1.0,0.5,1.0
doorway,6_20,streaky,ConvNeXt Base,head_model,3,1.0,0.5,1.0
doorway,6_20,streaky,ConvNeXt Base,head_model,4,1.0,0.5,1.0
doorway,6_20,streaky,ConvNeXt Base,head_model,5,1.0,0.5,1.0
doorway,6_20,streaky,ConvNeXt Base,head_model,6,1.0,0.5,1.0
doorway,6_20,streaky,ConvNeXt Base,head_model,7,1.0,0.5,1.0
doorway,6_20,streaky,ConvNeXt Base,head_model,8,1.0,0.5,1.0
doorway,6_20,streaky,ConvNeXt Base,head_model,9,1.0,0.5,1.0
doorway,6_20,streaky,ConvNeXt Base,head_model,10,0.9965277777777778,0.5,0.9930555555555556
doorway,6_20,streaky,ConvNeXt Large,full_model,1,1.0,0.5,1.0
doorway,6_20,streaky,ConvNeXt Large,full_model,2,1.0,0.5,1.0
doorway,6_20,streaky,ConvNeXt Large,full_model,3,1.0,0.5,1.0
doorway,6_20,streaky,ConvNeXt Large,full_model,4,1.0,0.5,1.0
doorway,6_20,streaky,ConvNeXt Large,full_model,5,1.0,0.5,1.0
doorway,6_20,streaky,ConvNeXt Large,full_model,6,1.0,0.5,1.0
doorway,6_20,streaky,ConvNeXt Large,full_model,7,1.0,0.5,1.0
doorway,6_20,streaky,ConvNeXt Large,full_model,8,1.0,0.5,1.0
doorway,6_20,streaky,ConvNeXt Large,full_model,9,1.0,0.5,1.0
doorway,6_20,streaky,ConvNeXt Large,full_model,10,1.0,0.5,1.0
doorway,6_20,streaky,ConvNeXt Large,head_model,1,1.0,0.5,1.0
doorway,6_20,streaky,ConvNeXt Large,head_model,2,1.0,0.5,1.0
doorway,6_20,streaky,ConvNeXt Large,head_model,3,0.9965277777777778,0.5,0.9930555555555556
doorway,6_20,streaky,ConvNeXt Large,head_model,4,1.0,0.5,1.0
doorway,6_20,streaky,ConvNeXt Large,head_model,5,1.0,0.5,1.0
doorway,6_20,streaky,ConvNeXt Large,head_model,6,1.0,0.5,1.0
doorway,6_20,streaky,ConvNeXt Large,head_model,7,1.0,0.5,1.0
doorway,6_20,streaky,ConvNeXt Large,head_model,8,1.0,0.5,1.0
doorway,6_20,streaky,ConvNeXt Large,head_model,9,1.0,0.5,1.0
doorway,6_20,streaky,ConvNeXt Large,head_model,10,1.0,0.5,1.0
doorway,6_20,streaky,ConvNeXt Small,full_model,1,1.0,0.5,1.0
doorway,6_20,streaky,ConvNeXt Small,full_model,2,1.0,0.5,1.0
doorway,6_20,streaky,ConvNeXt Small,full_model,3,1.0,0.5,1.0
doorway,6_20,streaky,ConvNeXt Small,full_model,4,1.0,0.5,1.0
doorway,6_20,streaky,ConvNeXt Small,full_model,5,1.0,0.5,1.0
doorway,6_20,streaky,ConvNeXt Small,full_model,6,1.0,0.5,1.0
doorway,6_20,streaky,ConvNeXt Small,full_model,7,1.0,0.5,1.0
doorway,6_20,streaky,ConvNeXt Small,full_model,8,1.0,0.5,1.0
doorway,6_20,streaky,ConvNeXt Small,full_model,9,1.0,0.5,1.0
doorway,6_20,streaky,ConvNeXt Small,full_model,10,1.0,0.5,1.0
doorway,6_20,streaky,ConvNeXt Small,head_model,1,0.9930555555555556,0.5,0.9861111111111112
doorway,6_20,streaky,ConvNeXt Small,head_model,2,0.9930555555555556,0.5,0.9861111111111112
doorway,6_20,streaky,ConvNeXt Small,head_model,3,0.9930555555555556,0.5,0.9861111111111112
doorway,6_20,streaky,ConvNeXt Small,head_model,4,0.9930555555555556,0.5,0.9861111111111112
doorway,6_20,streaky,ConvNeXt Small,head_model,5,0.9930555555555556,0.5,0.9861111111111112
doorway,6_20,streaky,ConvNeXt Small,head_model,6,0.9930555555555556,0.5,0.9861111111111112
doorway,6_20,streaky,ConvNeXt Small,head_model,7,0.9930555555555556,0.5,0.9861111111111112
doorway,6_20,streaky,ConvNeXt Small,head_model,8,0.9930555555555556,0.5,0.9861111111111112
doorway,6_20,streaky,ConvNeXt Small,head_model,9,0.9930555555555556,0.5,0.9861111111111112
doorway,6_20,streaky,ConvNeXt Small,head_model,10,0.9930555555555556,0.5,0.9861111111111112
doorway,6_20,streaky,ConvNeXt Tiny,full_model,1,1.0,0.5,1.0
doorway,6_20,streaky,ConvNeXt Tiny,full_model,2,1.0,0.5,1.0
doorway,6_20,streaky,ConvNeXt Tiny,full_model,3,1.0,0.5,1.0
doorway,6_20,streaky,ConvNeXt Tiny,full_model,4,1.0,0.5,1.0
doorway,6_20,streaky,ConvNeXt Tiny,full_model,5,1.0,0.5,1.0
doorway,6_20,streaky,ConvNeXt Tiny,full_model,6,1.0,0.5,1.0
doorway,6_20,streaky,ConvNeXt Tiny,full_model,7,1.0,0.5,1.0
doorway,6_20,streaky,ConvNeXt Tiny,full_model,8,1.0,0.5,1.0
doorway,6_20,streaky,ConvNeXt Tiny,full_model,9,1.0,0.5,1.0
doorway,6_20,streaky,ConvNeXt Tiny,full_model,10,1.0,0.5,1.0
doorway,6_20,streaky,ConvNeXt Tiny,head_model,1,1.0,0.5,1.0
doorway,6_20,streaky,ConvNeXt Tiny,head_model,2,1.0,0.5,1.0
doorway,6_20,streaky,ConvNeXt Tiny,head_model,3,1.0,0.5,1.0
doorway,6_20,streaky,ConvNeXt Tiny,head_model,4,1.0,0.5,1.0
doorway,6_20,streaky,ConvNeXt Tiny,head_model,5,1.0,0.5,1.0
doorway,6_20,streaky,ConvNeXt Tiny,head_model,6,1.0,0.5,1.0
doorway,6_20,streaky,ConvNeXt Tiny,head_model,7,1.0,0.5,1.0
doorway,6_20,streaky,ConvNeXt Tiny,head_model,8,1.0,0.5,1.0
doorway,6_20,streaky,ConvNeXt Tiny,head_model,9,1.0,0.5,1.0
doorway,6_20,streaky,ConvNeXt Tiny,head_model,10,1.0,0.5,1.0
doorway,6_20,streaky,DINOv3 ViT Base,full_model,1,1.0,0.5,1.0
doorway,6_20,streaky,DINOv3 ViT Base,full_model,2,1.0,0.5,1.0
doorway,6_20,streaky,DINOv3 ViT Base,full_model,3,1.0,0.5,1.0
doorway,6_20,streaky,DINOv3 ViT Base,full_model,4,1.0,0.5,1.0
doorway,6_20,streaky,DINOv3 ViT Base,full_model,5,1.0,0.5,1.0
doorway,6_20,streaky,DINOv3 ViT Base,full_model,6,1.0,0.5,1.0
doorway,6_20,streaky,DINOv3 ViT Base,full_model,7,1.0,0.5,1.0
doorway,6_20,streaky,DINOv3 ViT Base,full_model,8,1.0,0.5,1.0
doorway,6_20,streaky,DINOv3 ViT Base,full_model,9,1.0,0.5,1.0
doorway,6_20,streaky,DINOv3 ViT Base,full_model,10,1.0,0.5,1.0
doorway,6_20,streaky,DINOv3 ViT Base,head_model,1,1.0,0.5,1.0
doorway,6_20,streaky,DINOv3 ViT Base,head_model,2,1.0,0.5,1.0
doorway,6_20,streaky,DINOv3 ViT Base,head_model,3,1.0,0.5,1.0
doorway,6_20,streaky,DINOv3 ViT Base,head_model,4,1.0,0.5,1.0
doorway,6_20,streaky,DINOv3 ViT Base,head_model,5,1.0,0.5,1.0
doorway,6_20,streaky,DINOv3 ViT Base,head_model,6,1.0,0.5,1.0
doorway,6_20,streaky,DINOv3 ViT Base,head_model,7,1.0,0.5,1.0
doorway,6_20,streaky,DINOv3 ViT Base,head_model,8,1.0,0.5,1.0
doorway,6_20,streaky,DINOv3 ViT Base,head_model,9,1.0,0.5,1.0
doorway,6_20,streaky,DINOv3 ViT Base,head_model,10,1.0,0.5,1.0
doorway,6_20,streaky,ResNet18,full_model,1,1.0,0.5,1.0
doorway,6_20,streaky,ResNet18,full_model,2,1.0,0.5,1.0
doorway,6_20,streaky,ResNet18,full_model,3,1.0,0.5,1.0
doorway,6_20,streaky,ResNet18,full_model,4,1.0,0.5,1.0
doorway,6_20,streaky,ResNet18,full_model,5,1.0,0.5,1.0
doorway,6_20,streaky,ResNet18,full_model,6,1.0,0.5,1.0
doorway,6_20,streaky,ResNet18,full_model,7,1.0,0.5,1.0
doorway,6_20,streaky,ResNet18,full_model,8,1.0,0.5,1.0
doorway,6_20,streaky,ResNet18,full_model,9,1.0,0.5,1.0
doorway,6_20,streaky,ResNet18,full_model,10,1.0,0.5,1.0
doorway,6_20,streaky,ResNet18,head_model,1,0.9826388888888888,0.5,0.9652777777777777
doorway,6_20,streaky,ResNet18,head_model,2,0.9722222222222222,0.5,0.9444444444444444
doorway,6_20,streaky,ResNet18,head_model,3,0.9722222222222222,0.5,0.9444444444444444
doorway,6_20,streaky,ResNet18,head_model,4,0.9826388888888888,0.5,0.9652777777777777
doorway,6_20,streaky,ResNet18,head_model,5,0.9722222222222222,0.5,0.9444444444444444
doorway,6_20,streaky,ResNet18,head_model,6,0.9722222222222222,0.5,0.9444444444444444
doorway,6_20,streaky,ResNet18,head_model,7,0.9722222222222222,0.5,0.9444444444444444
doorway,6_20,streaky,ResNet18,head_model,8,0.9722222222222222,0.5,0.9444444444444444
doorway,6_20,streaky,ResNet18,head_model,9,0.9756944444444444,0.5,0.9513888888888888
doorway,6_20,streaky,ResNet18,head_model,10,0.9722222222222222,0.5,0.9444444444444444
doorway,6_20,streaky,ResNet50,full_model,1,1.0,0.5,1.0
doorway,6_20,streaky,ResNet50,full_model,2,1.0,0.5,1.0
doorway,6_20,streaky,ResNet50,full_model,3,1.0,0.5,1.0
doorway,6_20,streaky,ResNet50,full_model,4,1.0,0.5,1.0
doorway,6_20,streaky,ResNet50,full_model,5,1.0,0.5,1.0
doorway,6_20,streaky,ResNet50,full_model,6,1.0,0.5,1.0
doorway,6_20,streaky,ResNet50,full_model,7,1.0,0.5,1.0
doorway,6_20,streaky,ResNet50,full_model,8,1.0,0.5,1.0
doorway,6_20,streaky,ResNet50,full_model,9,1.0,0.5,1.0
doorway,6_20,streaky,ResNet50,full_model,10,1.0,0.5,1.0
doorway,6_20,streaky,ResNet50,head_model,1,0.9930555555555556,0.5,0.9861111111111112
doorway,6_20,streaky,ResNet50,head_model,2,0.9930555555555556,0.5,0.9861111111111112
doorway,6_20,streaky,ResNet50,head_model,3,0.9930555555555556,0.5,0.9861111111111112
doorway,6_20,streaky,ResNet50,head_model,4,0.9930555555555556,0.5,0.9861111111111112
doorway,6_20,streaky,ResNet50,head_model,5,0.9930555555555556,0.5,0.9861111111111112
doorway,6_20,streaky,ResNet50,head_model,6,0.9930555555555556,0.5,0.9861111111111112
doorway,6_20,streaky,ResNet50,head_model,7,0.9930555555555556,0.5,0.9861111111111112
doorway,6_20,streaky,ResNet50,head_model,8,0.9930555555555556,0.5,0.9861111111111112
doorway,6_20,streaky,ResNet50,head_model,9,0.9930555555555556,0.5,0.9861111111111112
doorway,6_20,streaky,ResNet50,head_model,10,0.9930555555555556,0.5,0.9861111111111112
doorway,6_20,streaky,VGG11,full_model,1,1.0,0.5,1.0
doorway,6_20,streaky,VGG11,full_model,2,1.0,0.5,1.0
doorway,6_20,streaky,VGG11,full_model,3,1.0,0.5,1.0
doorway,6_20,streaky,VGG11,full_model,4,1.0,0.5,1.0
doorway,6_20,streaky,VGG11,full_model,5,1.0,0.5,1.0
doorway,6_20,streaky,VGG11,full_model,6,1.0,0.5,1.0
doorway,6_20,streaky,VGG11,full_model,7,1.0,0.5,1.0
doorway,6_20,streaky,VGG11,full_model,8,1.0,0.5,1.0
doorway,6_20,streaky,VGG11,full_model,9,1.0,0.5,1.0
doorway,6_20,streaky,VGG11,full_model,10,1.0,0.5,1.0
doorway,6_20,streaky,VGG11,head_model,1,1.0,0.5,1.0
doorway,6_20,streaky,VGG11,head_model,2,1.0,0.5,1.0
doorway,6_20,streaky,VGG11,head_model,3,0.9965277777777778,0.5,0.9930555555555556
doorway,6_20,streaky,VGG11,head_model,4,0.9965277777777778,0.5,0.9930555555555556
doorway,6_20,streaky,VGG11,head_model,5,1.0,0.5,1.0
doorway,6_20,streaky,VGG11,head_model,6,0.9965277777777778,0.5,0.9930555555555556
doorway,6_20,streaky,VGG11,head_model,7,1.0,0.5,1.0
doorway,6_20,streaky,VGG11,head_model,8,1.0,0.5,1.0
doorway,6_20,streaky,VGG11,head_model,9,1.0,0.5,1.0
doorway,6_20,streaky,VGG11,head_model,10,1.0,0.5,1.0
doorway,6_20,streaky,VGG13,full_model,1,1.0,0.5,1.0
doorway,6_20,streaky,VGG13,full_model,2,1.0,0.5,1.0
doorway,6_20,streaky,VGG13,full_model,3,1.0,0.5,1.0
doorway,6_20,streaky,VGG13,full_model,4,1.0,0.5,1.0
doorway,6_20,streaky,VGG13,full_model,5,1.0,0.5,1.0
doorway,6_20,streaky,VGG13,full_model,6,1.0,0.5,1.0
doorway,6_20,streaky,VGG13,full_model,7,1.0,0.5,1.0
doorway,6_20,streaky,VGG13,full_model,8,1.0,0.5,1.0
doorway,6_20,streaky,VGG13,full_model,9,1.0,0.5,1.0
doorway,6_20,streaky,VGG13,full_model,10,1.0,0.5,1.0
doorway,6_20,streaky,VGG13,head_model,1,1.0,0.5,1.0
doorway,6_20,streaky,VGG13,head_model,2,1.0,0.5,1.0
doorway,6_20,streaky,VGG13,head_model,3,1.0,0.5,1.0
doorway,6_20,streaky,VGG13,head_model,4,1.0,0.5,1.0
doorway,6_20,streaky,VGG13,head_model,5,1.0,0.5,1.0
doorway,6_20,streaky,VGG13,head_model,6,1.0,0.5,1.0
doorway,6_20,streaky,VGG13,head_model,7,1.0,0.5,1.0
doorway,6_20,streaky,VGG13,head_model,8,1.0,0.5,1.0
doorway,6_20,streaky,VGG13,head_model,9,1.0,0.5,1.0
doorway,6_20,streaky,VGG13,head_model,10,1.0,0.5,1.0
doorway,6_20,streaky,VGG16,full_model,1,1.0,0.5,1.0
doorway,6_20,streaky,VGG16,full_model,2,1.0,0.5,1.0
doorway,6_20,streaky,VGG16,full_model,3,1.0,0.5,1.0
doorway,6_20,streaky,VGG16,full_model,4,1.0,0.5,1.0
doorway,6_20,streaky,VGG16,full_model,5,1.0,0.5,1.0
doorway,6_20,streaky,VGG16,full_model,6,1.0,0.5,1.0
doorway,6_20,streaky,VGG16,full_model,7,1.0,0.5,1.0
doorway,6_20,streaky,VGG16,full_model,8,1.0,0.5,1.0
doorway,6_20,streaky,VGG16,full_model,9,1.0,0.5,1.0
doorway,6_20,streaky,VGG16,full_model,10,1.0,0.5,1.0
doorway,6_20,streaky,VGG16,head_model,1,1.0,0.5,1.0
doorway,6_20,streaky,VGG16,head_model,2,1.0,0.5,1.0
doorway,6_20,streaky,VGG16,head_model,3,0.9930555555555556,0.5,0.9861111111111112
doorway,6_20,streaky,VGG16,head_model,4,0.9930555555555556,0.5,0.9861111111111112
doorway,6_20,streaky,VGG16,head_model,5,1.0,0.5,1.0
doorway,6_20,streaky,VGG16,head_model,6,1.0,0.5,1.0
doorway,6_20,streaky,VGG16,head_model,7,1.0,0.5,1.0
doorway,6_20,streaky,VGG16,head_model,8,1.0,0.5,1.0
doorway,6_20,streaky,VGG16,head_model,9,1.0,0.5,1.0
doorway,6_20,streaky,VGG16,head_model,10,0.9930555555555556,0.5,0.9861111111111112
doorway,6_20,streaky,VGG19,full_model,1,1.0,0.5,1.0
doorway,6_20,streaky,VGG19,full_model,2,1.0,0.5,1.0
doorway,6_20,streaky,VGG19,full_model,3,1.0,0.5,1.0
doorway,6_20,streaky,VGG19,full_model,4,1.0,0.5,1.0
doorway,6_20,streaky,VGG19,full_model,5,1.0,0.5,1.0
doorway,6_20,streaky,VGG19,full_model,6,1.0,0.5,1.0
doorway,6_20,streaky,VGG19,full_model,7,1.0,0.5,1.0
doorway,6_20,streaky,VGG19,full_model,8,1.0,0.5,1.0
doorway,6_20,streaky,VGG19,full_model,9,1.0,0.5,1.0
doorway,6_20,streaky,VGG19,full_model,10,1.0,0.5,1.0
doorway,6_20,streaky,VGG19,head_model,1,1.0,0.5,1.0
doorway,6_20,streaky,VGG19,head_model,2,1.0,0.5,1.0
doorway,6_20,streaky,VGG19,head_model,3,1.0,0.5,1.0
doorway,6_20,streaky,VGG19,head_model,4,1.0,0.5,1.0
doorway,6_20,streaky,VGG19,head_model,5,1.0,0.5,1.0
doorway,6_20,streaky,VGG19,head_model,6,1.0,0.5,1.0
doorway,6_20,streaky,VGG19,head_model,7,1.0,0.5,1.0
doorway,6_20,streaky,VGG19,head_model,8,1.0,0.5,1.0
doorway,6_20,streaky,VGG19,head_model,9,1.0,0.5,1.0
doorway,6_20,streaky,VGG19,head_model,10,1.0,0.5,1.0
doorway,6_20,streaky,ViT Base,full_model,1,1.0,0.5,1.0
doorway,6_20,streaky,ViT Base,full_model,2,1.0,0.5,1.0
doorway,6_20,streaky,ViT Base,full_model,3,1.0,0.5,1.0
doorway,6_20,streaky,ViT Base,full_model,4,1.0,0.5,1.0
doorway,6_20,streaky,ViT Base,full_model,5,1.0,0.5,1.0
doorway,6_20,streaky,ViT Base,full_model,6,1.0,0.5,1.0
doorway,6_20,streaky,ViT Base,full_model,7,1.0,0.5,1.0
doorway,6_20,streaky,ViT Base,full_model,8,1.0,0.5,1.0
doorway,6_20,streaky,ViT Base,full_model,9,1.0,0.5,1.0
doorway,6_20,streaky,ViT Base,full_model,10,1.0,0.5,1.0
doorway,6_20,streaky,ViT Base,head_model,1,1.0,0.5,1.0
doorway,6_20,streaky,ViT Base,head_model,2,1.0,0.5,1.0
doorway,6_20,streaky,ViT Base,head_model,3,1.0,0.5,1.0
doorway,6_20,streaky,ViT Base,head_model,4,1.0,0.5,1.0
doorway,6_20,streaky,ViT Base,head_model,5,1.0,0.5,1.0
doorway,6_20,streaky,ViT Base,head_model,6,1.0,0.5,1.0
doorway,6_20,streaky,ViT Base,head_model,7,0.9965277777777778,0.5,0.9930555555555556
doorway,6_20,streaky,ViT Base,head_model,8,1.0,0.5,1.0
doorway,6_20,streaky,ViT Base,head_model,9,1.0,0.5,1.0
doorway,6_20,streaky,ViT Base,head_model,10,1.0,0.5,1.0
doorway,6_20,streaky,ViT Large,full_model,1,1.0,0.5,1.0
doorway,6_20,streaky,ViT Large,full_model,2,1.0,0.5,1.0
doorway,6_20,streaky,ViT Large,full_model,3,1.0,0.5,1.0
doorway,6_20,streaky,ViT Large,full_model,4,1.0,0.5,1.0
doorway,6_20,streaky,ViT Large,full_model,5,1.0,0.5,1.0
doorway,6_20,streaky,ViT Large,full_model,6,1.0,0.5,1.0
doorway,6_20,streaky,ViT Large,full_model,7,1.0,0.5,1.0
doorway,6_20,streaky,ViT Large,full_model,8,1.0,0.5,1.0
doorway,6_20,streaky,ViT Large,full_model,9,1.0,0.5,1.0
doorway,6_20,streaky,ViT Large,full_model,10,1.0,0.5,1.0
doorway,6_20,streaky,ViT Large,head_model,1,1.0,0.5,1.0
doorway,6_20,streaky,ViT Large,head_model,2,1.0,0.5,1.0
doorway,6_20,streaky,ViT Large,head_model,3,1.0,0.5,1.0
doorway,6_20,streaky,ViT Large,head_model,4,1.0,0.5,1.0
doorway,6_20,streaky,ViT Large,head_model,5,1.0,0.5,1.0
doorway,6_20,streaky,ViT Large,head_model,6,1.0,0.5,1.0
doorway,6_20,streaky,ViT Large,head_model,7,1.0,0.5,1.0
doorway,6_20,streaky,ViT Large,head_model,8,1.0,0.5,1.0
doorway,6_20,streaky,ViT Large,head_model,9,1.0,0.5,1.0
doorway,6_20,streaky,ViT Large,head_model,10,1.0,0.5,1.0
doorway,6_20,streaky,ViT Small,full_model,1,1.0,0.5,1.0
doorway,6_20,streaky,ViT Small,full_model,2,1.0,0.5,1.0
doorway,6_20,streaky,ViT Small,full_model,3,1.0,0.5,1.0
doorway,6_20,streaky,ViT Small,full_model,4,1.0,0.5,1.0
doorway,6_20,streaky,ViT Small,full_model,5,1.0,0.5,1.0
doorway,6_20,streaky,ViT Small,full_model,6,1.0,0.5,1.0
doorway,6_20,streaky,ViT Small,full_model,7,1.0,0.5,1.0
doorway,6_20,streaky,ViT Small,full_model,8,1.0,0.5,1.0
doorway,6_20,streaky,ViT Small,full_model,9,1.0,0.5,1.0
doorway,6_20,streaky,ViT Small,full_model,10,1.0,0.5,1.0
doorway,6_20,streaky,ViT Small,head_model,1,1.0,0.5,1.0
doorway,6_20,streaky,ViT Small,head_model,2,1.0,0.5,1.0
doorway,6_20,streaky,ViT Small,head_model,3,1.0,0.5,1.0
doorway,6_20,streaky,ViT Small,head_model,4,1.0,0.5,1.0
doorway,6_20,streaky,ViT Small,head_model,5,1.0,0.5,1.0
doorway,6_20,streaky,ViT Small,head_model,6,1.0,0.5,1.0
doorway,6_20,streaky,ViT Small,head_model,7,1.0,0.5,1.0
doorway,6_20,streaky,ViT Small,head_model,8,1.0,0.5,1.0
doorway,6_20,streaky,ViT Small,head_model,9,1.0,0.5,1.0
doorway,6_20,streaky,ViT Small,head_model,10,1.0,0.5,1.0
doorway,9_10,pointy,ConvNeXt Base,full_model,1,1.0,0.5,1.0
doorway,9_10,pointy,ConvNeXt Base,full_model,2,1.0,0.5,1.0
doorway,9_10,pointy,ConvNeXt Base,full_model,3,1.0,0.5,1.0
doorway,9_10,pointy,ConvNeXt Base,full_model,4,1.0,0.5,1.0
doorway,9_10,pointy,ConvNeXt Base,full_model,5,1.0,0.5,1.0
doorway,9_10,pointy,ConvNeXt Base,full_model,6,1.0,0.5,1.0
doorway,9_10,pointy,ConvNeXt Base,full_model,7,1.0,0.5,1.0
doorway,9_10,pointy,ConvNeXt Base,full_model,8,1.0,0.5,1.0
doorway,9_10,pointy,ConvNeXt Base,full_model,9,1.0,0.5,1.0
doorway,9_10,pointy,ConvNeXt Base,full_model,10,1.0,0.5,1.0
doorway,9_10,pointy,ConvNeXt Base,head_model,1,0.9201388888888888,0.5,0.8402777777777777
doorway,9_10,pointy,ConvNeXt Base,head_model,2,0.9201388888888888,0.5,0.8402777777777777
doorway,9_10,pointy,ConvNeXt Base,head_model,3,0.8958333333333334,0.5,0.7916666666666667
doorway,9_10,pointy,ConvNeXt Base,head_model,4,0.8993055555555556,0.5,0.7986111111111112
doorway,9_10,pointy,ConvNeXt Base,head_model,5,0.90625,0.5,0.8125
doorway,9_10,pointy,ConvNeXt Base,head_model,6,0.9166666666666666,0.5,0.8333333333333333
doorway,9_10,pointy,ConvNeXt Base,head_model,7,0.8888888888888888,0.5,0.7777777777777777
doorway,9_10,pointy,ConvNeXt Base,head_model,8,0.9201388888888888,0.5,0.8402777777777777
doorway,9_10,pointy,ConvNeXt Base,head_model,9,0.9270833333333334,0.5,0.8541666666666667
doorway,9_10,pointy,ConvNeXt Base,head_model,10,0.9270833333333334,0.5,0.8541666666666667
doorway,9_10,pointy,ConvNeXt Large,full_model,1,1.0,0.5,1.0
doorway,9_10,pointy,ConvNeXt Large,full_model,2,1.0,0.5,1.0
doorway,9_10,pointy,ConvNeXt Large,full_model,3,1.0,0.5,1.0
doorway,9_10,pointy,ConvNeXt Large,full_model,4,1.0,0.5,1.0
doorway,9_10,pointy,ConvNeXt Large,full_model,5,1.0,0.5,1.0
doorway,9_10,pointy,ConvNeXt Large,full_model,6,1.0,0.5,1.0
doorway,9_10,pointy,ConvNeXt Large,full_model,7,1.0,0.5,1.0
doorway,9_10,pointy,ConvNeXt Large,full_model,8,1.0,0.5,1.0
doorway,9_10,pointy,ConvNeXt Large,full_model,9,1.0,0.5,1.0
doorway,9_10,pointy,ConvNeXt Large,full_model,10,1.0,0.5,1.0
doorway,9_10,pointy,ConvNeXt Large,head_model,1,0.9444444444444444,0.5,0.8888888888888888
doorway,9_10,pointy,ConvNeXt Large,head_model,2,0.9479166666666666,0.5,0.8958333333333333
doorway,9_10,pointy,ConvNeXt Large,head_model,3,0.9305555555555556,0.5,0.8611111111111112
doorway,9_10,pointy,ConvNeXt Large,head_model,4,0.9340277777777778,0.5,0.8680555555555556
doorway,9_10,pointy,ConvNeXt Large,head_model,5,0.9479166666666666,0.5,0.8958333333333333
doorway,9_10,pointy,ConvNeXt Large,head_model,6,0.9444444444444444,0.5,0.8888888888888888
doorway,9_10,pointy,ConvNeXt Large,head_model,7,0.9236111111111112,0.5,0.8472222222222223
doorway,9_10,pointy,ConvNeXt Large,head_model,8,0.9409722222222222,0.5,0.8819444444444444
doorway,9_10,pointy,ConvNeXt Large,head_model,9,0.9340277777777778,0.5,0.8680555555555556
doorway,9_10,pointy,ConvNeXt Large,head_model,10,0.9201388888888888,0.5,0.8402777777777777
doorway,9_10,pointy,ConvNeXt Small,full_model,1,1.0,0.5,1.0
doorway,9_10,pointy,ConvNeXt Small,full_model,2,1.0,0.5,1.0
doorway,9_10,pointy,ConvNeXt Small,full_model,3,1.0,0.5,1.0
doorway,9_10,pointy,ConvNeXt Small,full_model,4,1.0,0.5,1.0
doorway,9_10,pointy,ConvNeXt Small,full_model,5,1.0,0.5,1.0
doorway,9_10,pointy,ConvNeXt Small,full_model,6,1.0,0.5,1.0
doorway,9_10,pointy,ConvNeXt Small,full_model,7,1.0,0.5,1.0
doorway,9_10,pointy,ConvNeXt Small,full_model,8,1.0,0.5,1.0
doorway,9_10,pointy,ConvNeXt Small,full_model,9,1.0,0.5,1.0
doorway,9_10,pointy,ConvNeXt Small,full_model,10,1.0,0.5,1.0
doorway,9_10,pointy,ConvNeXt Small,head_model,1,0.9548611111111112,0.5,0.9097222222222223
doorway,9_10,pointy,ConvNeXt Small,head_model,2,0.9583333333333334,0.5,0.9166666666666667
doorway,9_10,pointy,ConvNeXt Small,head_model,3,0.9548611111111112,0.5,0.9097222222222223
doorway,9_10,pointy,ConvNeXt Small,head_model,4,0.9583333333333334,0.5,0.9166666666666667
doorway,9_10,pointy,ConvNeXt Small,head_model,5,0.9548611111111112,0.5,0.9097222222222223
doorway,9_10,pointy,ConvNeXt Small,head_model,6,0.9583333333333334,0.5,0.9166666666666667
doorway,9_10,pointy,ConvNeXt Small,head_model,7,0.9513888888888888,0.5,0.9027777777777777
doorway,9_10,pointy,ConvNeXt Small,head_model,8,0.9375,0.5,0.875
doorway,9_10,pointy,ConvNeXt Small,head_model,9,0.9583333333333334,0.5,0.9166666666666667
doorway,9_10,pointy,ConvNeXt Small,head_model,10,0.9583333333333334,0.5,0.9166666666666667
doorway,9_10,pointy,ConvNeXt Tiny,full_model,1,1.0,0.5,1.0
doorway,9_10,pointy,ConvNeXt Tiny,full_model,2,1.0,0.5,1.0
doorway,9_10,pointy,ConvNeXt Tiny,full_model,3,1.0,0.5,1.0
doorway,9_10,pointy,ConvNeXt Tiny,full_model,4,1.0,0.5,1.0
doorway,9_10,pointy,ConvNeXt Tiny,full_model,5,1.0,0.5,1.0
doorway,9_10,pointy,ConvNeXt Tiny,full_model,6,1.0,0.5,1.0
doorway,9_10,pointy,ConvNeXt Tiny,full_model,7,1.0,0.5,1.0
doorway,9_10,pointy,ConvNeXt Tiny,full_model,8,1.0,0.5,1.0
doorway,9_10,pointy,ConvNeXt Tiny,full_model,9,1.0,0.5,1.0
doorway,9_10,pointy,ConvNeXt Tiny,full_model,10,1.0,0.5,1.0
doorway,9_10,pointy,ConvNeXt Tiny,head_model,1,0.9618055555555556,0.5,0.9236111111111112
doorway,9_10,pointy,ConvNeXt Tiny,head_model,2,0.9479166666666666,0.5,0.8958333333333333
doorway,9_10,pointy,ConvNeXt Tiny,head_model,3,0.9444444444444444,0.5,0.8888888888888888
doorway,9_10,pointy,ConvNeXt Tiny,head_model,4,0.9444444444444444,0.5,0.8888888888888888
doorway,9_10,pointy,ConvNeXt Tiny,head_model,5,0.9409722222222222,0.5,0.8819444444444444
doorway,9_10,pointy,ConvNeXt Tiny,head_model,6,0.9479166666666666,0.5,0.8958333333333333
doorway,9_10,pointy,ConvNeXt Tiny,head_model,7,0.9409722222222222,0.5,0.8819444444444444
doorway,9_10,pointy,ConvNeXt Tiny,head_model,8,0.9618055555555556,0.5,0.9236111111111112
doorway,9_10,pointy,ConvNeXt Tiny,head_model,9,0.9444444444444444,0.5,0.8888888888888888
doorway,9_10,pointy,ConvNeXt Tiny,head_model,10,0.9201388888888888,0.5,0.8402777777777777
doorway,9_10,pointy,DINOv3 ViT Base,full_model,1,1.0,0.5,1.0
doorway,9_10,pointy,DINOv3 ViT Base,full_model,2,1.0,0.5,1.0
doorway,9_10,pointy,DINOv3 ViT Base,full_model,3,1.0,0.5,1.0
doorway,9_10,pointy,DINOv3 ViT Base,full_model,4,1.0,0.5,1.0
doorway,9_10,pointy,DINOv3 ViT Base,full_model,5,1.0,0.5,1.0
doorway,9_10,pointy,DINOv3 ViT Base,full_model,6,1.0,0.5,1.0
doorway,9_10,pointy,DINOv3 ViT Base,full_model,7,1.0,0.5,1.0
doorway,9_10,pointy,DINOv3 ViT Base,full_model,8,1.0,0.5,1.0
doorway,9_10,pointy,DINOv3 ViT Base,full_model,9,1.0,0.5,1.0
doorway,9_10,pointy,DINOv3 ViT Base,full_model,10,1.0,0.5,1.0
doorway,9_10,pointy,DINOv3 ViT Base,head_model,1,1.0,0.5,1.0
doorway,9_10,pointy,DINOv3 ViT Base,head_model,2,1.0,0.5,1.0
doorway,9_10,pointy,DINOv3 ViT Base,head_model,3,1.0,0.5,1.0
doorway,9_10,pointy,DINOv3 ViT Base,head_model,4,1.0,0.5,1.0
doorway,9_10,pointy,DINOv3 ViT Base,head_model,5,1.0,0.5,1.0
doorway,9_10,pointy,DINOv3 ViT Base,head_model,6,1.0,0.5,1.0
doorway,9_10,pointy,DINOv3 ViT Base,head_model,7,1.0,0.5,1.0
doorway,9_10,pointy,DINOv3 ViT Base,head_model,8,1.0,0.5,1.0
doorway,9_10,pointy,DINOv3 ViT Base,head_model,9,1.0,0.5,1.0
doorway,9_10,pointy,DINOv3 ViT Base,head_model,10,1.0,0.5,1.0
doorway,9_10,pointy,ResNet18,full_model,1,1.0,0.5,1.0
doorway,9_10,pointy,ResNet18,full_model,2,1.0,0.5,1.0
doorway,9_10,pointy,ResNet18,full_model,3,1.0,0.5,1.0
doorway,9_10,pointy,ResNet18,full_model,4,1.0,0.5,1.0
doorway,9_10,pointy,ResNet18,full_model,5,1.0,0.5,1.0
doorway,9_10,pointy,ResNet18,full_model,6,1.0,0.5,1.0
doorway,9_10,pointy,ResNet18,full_model,7,1.0,0.5,1.0
doorway,9_10,pointy,ResNet18,full_model,8,1.0,0.5,1.0
doorway,9_10,pointy,ResNet18,full_model,9,1.0,0.5,1.0
doorway,9_10,pointy,ResNet18,full_model,10,1.0,0.5,1.0
doorway,9_10,pointy,ResNet18,head_model,1,0.9791666666666666,0.5,0.9583333333333333
doorway,9_10,pointy,ResNet18,head_model,2,0.9826388888888888,0.5,0.9652777777777777
doorway,9_10,pointy,ResNet18,head_model,3,0.9756944444444444,0.5,0.9513888888888888
doorway,9_10,pointy,ResNet18,head_model,4,0.9826388888888888,0.5,0.9652777777777777
doorway,9_10,pointy,ResNet18,head_model,5,0.9722222222222222,0.5,0.9444444444444444
doorway,9_10,pointy,ResNet18,head_model,6,0.9826388888888888,0.5,0.9652777777777777
doorway,9_10,pointy,ResNet18,head_model,7,0.96875,0.5,0.9375
doorway,9_10,pointy,ResNet18,head_model,8,0.9791666666666666,0.5,0.9583333333333333
doorway,9_10,pointy,ResNet18,head_model,9,0.96875,0.5,0.9375
doorway,9_10,pointy,ResNet18,head_model,10,0.9826388888888888,0.5,0.9652777777777777
doorway,9_10,pointy,ResNet50,full_model,1,1.0,0.5,1.0
doorway,9_10,pointy,ResNet50,full_model,2,1.0,0.5,1.0
doorway,9_10,pointy,ResNet50,full_model,3,1.0,0.5,1.0
doorway,9_10,pointy,ResNet50,full_model,4,1.0,0.5,1.0
doorway,9_10,pointy,ResNet50,full_model,5,1.0,0.5,1.0
doorway,9_10,pointy,ResNet50,full_model,6,1.0,0.5,1.0
doorway,9_10,pointy,ResNet50,full_model,7,1.0,0.5,1.0
doorway,9_10,pointy,ResNet50,full_model,8,1.0,0.5,1.0
doorway,9_10,pointy,ResNet50,full_model,9,1.0,0.5,1.0
doorway,9_10,pointy,ResNet50,full_model,10,1.0,0.5,1.0
doorway,9_10,pointy,ResNet50,head_model,1,0.9583333333333334,0.5,0.9166666666666667
doorway,9_10,pointy,ResNet50,head_model,2,0.9583333333333334,0.5,0.9166666666666667
doorway,9_10,pointy,ResNet50,head_model,3,0.9548611111111112,0.5,0.9097222222222223
doorway,9_10,pointy,ResNet50,head_model,4,0.9548611111111112,0.5,0.9097222222222223
doorway,9_10,pointy,ResNet50,head_model,5,0.9548611111111112,0.5,0.9097222222222223
doorway,9_10,pointy,ResNet50,head_model,6,0.9548611111111112,0.5,0.9097222222222223
doorway,9_10,pointy,ResNet50,head_model,7,0.9548611111111112,0.5,0.9097222222222223
doorway,9_10,pointy,ResNet50,head_model,8,0.9548611111111112,0.5,0.9097222222222223
doorway,9_10,pointy,ResNet50,head_model,9,0.9513888888888888,0.5,0.9027777777777777
doorway,9_10,pointy,ResNet50,head_model,10,0.9583333333333334,0.5,0.9166666666666667
doorway,9_10,pointy,VGG11,full_model,1,1.0,0.5,1.0
doorway,9_10,pointy,VGG11,full_model,2,1.0,0.5,1.0
doorway,9_10,pointy,VGG11,full_model,3,1.0,0.5,1.0
doorway,9_10,pointy,VGG11,full_model,4,1.0,0.5,1.0
doorway,9_10,pointy,VGG11,full_model,5,1.0,0.5,1.0
doorway,9_10,pointy,VGG11,full_model,6,1.0,0.5,1.0
doorway,9_10,pointy,VGG11,full_model,7,1.0,0.5,1.0
doorway,9_10,pointy,VGG11,full_model,8,1.0,0.5,1.0
doorway,9_10,pointy,VGG11,full_model,9,1.0,0.5,1.0
doorway,9_10,pointy,VGG11,full_model,10,1.0,0.5,1.0
doorway,9_10,pointy,VGG11,head_model,1,0.9930555555555556,0.5,0.9861111111111112
doorway,9_10,pointy,VGG11,head_model,2,0.9965277777777778,0.5,0.9930555555555556
doorway,9_10,pointy,VGG11,head_model,3,0.9965277777777778,0.5,0.9930555555555556
doorway,9_10,pointy,VGG11,head_model,4,0.9965277777777778,0.5,0.9930555555555556
doorway,9_10,pointy,VGG11,head_model,5,0.9965277777777778,0.5,0.9930555555555556
doorway,9_10,pointy,VGG11,head_model,6,0.9965277777777778,0.5,0.9930555555555556
doorway,9_10,pointy,VGG11,head_model,7,0.9930555555555556,0.5,0.9861111111111112
doorway,9_10,pointy,VGG11,head_model,8,0.9930555555555556,0.5,0.9861111111111112
doorway,9_10,pointy,VGG11,head_model,9,0.9930555555555556,0.5,0.9861111111111112
doorway,9_10,pointy,VGG11,head_model,10,0.9930555555555556,0.5,0.9861111111111112
doorway,9_10,pointy,VGG13,full_model,1,1.0,0.5,1.0
doorway,9_10,pointy,VGG13,full_model,2,1.0,0.5,1.0
doorway,9_10,pointy,VGG13,full_model,3,1.0,0.5,1.0
doorway,9_10,pointy,VGG13,full_model,4,1.0,0.5,1.0
doorway,9_10,pointy,VGG13,full_model,5,1.0,0.5,1.0
doorway,9_10,pointy,VGG13,full_model,6,1.0,0.5,1.0
doorway,9_10,pointy,VGG13,full_model,7,1.0,0.5,1.0
doorway,9_10,pointy,VGG13,full_model,8,1.0,0.5,1.0
doorway,9_10,pointy,VGG13,full_model,9,1.0,0.5,1.0
doorway,9_10,pointy,VGG13,full_model,10,1.0,0.5,1.0
doorway,9_10,pointy,VGG13,head_model,1,0.9895833333333334,0.5,0.9791666666666667
doorway,9_10,pointy,VGG13,head_model,2,0.9895833333333334,0.5,0.9791666666666667
doorway,9_10,pointy,VGG13,head_model,3,0.9930555555555556,0.5,0.9861111111111112
doorway,9_10,pointy,VGG13,head_model,4,0.9895833333333334,0.5,0.9791666666666667
doorway,9_10,pointy,VGG13,head_model,5,0.9930555555555556,0.5,0.9861111111111112
doorway,9_10,pointy,VGG13,head_model,6,0.9930555555555556,0.5,0.9861111111111112
doorway,9_10,pointy,VGG13,head_model,7,0.9895833333333334,0.5,0.9791666666666667
doorway,9_10,pointy,VGG13,head_model,8,0.9861111111111112,0.5,0.9722222222222223
doorway,9_10,pointy,VGG13,head_model,9,0.9861111111111112,0.5,0.9722222222222223
doorway,9_10,pointy,VGG13,head_model,10,0.9930555555555556,0.5,0.9861111111111112
doorway,9_10,pointy,VGG16,full_model,1,1.0,0.5,1.0
doorway,9_10,pointy,VGG16,full_model,2,1.0,0.5,1.0
doorway,9_10,pointy,VGG16,full_model,3,1.0,0.5,1.0
doorway,9_10,pointy,VGG16,full_model,4,1.0,0.5,1.0
doorway,9_10,pointy,VGG16,full_model,5,1.0,0.5,1.0
doorway,9_10,pointy,VGG16,full_model,6,1.0,0.5,1.0
doorway,9_10,pointy,VGG16,full_model,7,1.0,0.5,1.0
doorway,9_10,pointy,VGG16,full_model,8,1.0,0.5,1.0
doorway,9_10,pointy,VGG16,full_model,9,1.0,0.5,1.0
doorway,9_10,pointy,VGG16,full_model,10,1.0,0.5,1.0
doorway,9_10,pointy,VGG16,head_model,1,0.9965277777777778,0.5,0.9930555555555556
doorway,9_10,pointy,VGG16,head_model,2,0.9965277777777778,0.5,0.9930555555555556
doorway,9_10,pointy,VGG16,head_model,3,0.9965277777777778,0.5,0.9930555555555556
doorway,9_10,pointy,VGG16,head_model,4,0.9965277777777778,0.5,0.9930555555555556
doorway,9_10,pointy,VGG16,head_model,5,0.9965277777777778,0.5,0.9930555555555556
doorway,9_10,pointy,VGG16,head_model,6,0.9930555555555556,0.5,0.9861111111111112
doorway,9_10,pointy,VGG16,head_model,7,0.9965277777777778,0.5,0.9930555555555556
doorway,9_10,pointy,VGG16,head_model,8,0.9930555555555556,0.5,0.9861111111111112
doorway,9_10,pointy,VGG16,head_model,9,0.9965277777777778,0.5,0.9930555555555556
doorway,9_10,pointy,VGG16,head_model,10,0.9965277777777778,0.5,0.9930555555555556
doorway,9_10,pointy,VGG19,full_model,1,1.0,0.5,1.0
doorway,9_10,pointy,VGG19,full_model,2,1.0,0.5,1.0
doorway,9_10,pointy,VGG19,full_model,3,1.0,0.5,1.0
doorway,9_10,pointy,VGG19,full_model,4,1.0,0.5,1.0
doorway,9_10,pointy,VGG19,full_model,5,1.0,0.5,1.0
doorway,9_10,pointy,VGG19,full_model,6,1.0,0.5,1.0
doorway,9_10,pointy,VGG19,full_model,7,1.0,0.5,1.0
doorway,9_10,pointy,VGG19,full_model,8,1.0,0.5,1.0
doorway,9_10,pointy,VGG19,full_model,9,1.0,0.5,1.0
doorway,9_10,pointy,VGG19,full_model,10,1.0,0.5,1.0
doorway,9_10,pointy,VGG19,head_model,1,0.9965277777777778,0.5,0.9930555555555556
doorway,9_10,pointy,VGG19,head_model,2,0.9965277777777778,0.5,0.9930555555555556
doorway,9_10,pointy,VGG19,head_model,3,0.9965277777777778,0.5,0.9930555555555556
doorway,9_10,pointy,VGG19,head_model,4,0.9826388888888888,0.5,0.9652777777777777
doorway,9_10,pointy,VGG19,head_model,5,0.9965277777777778,0.5,0.9930555555555556
doorway,9_10,pointy,VGG19,head_model,6,0.9965277777777778,0.5,0.9930555555555556
doorway,9_10,pointy,VGG19,head_model,7,0.9930555555555556,0.5,0.9861111111111112
doorway,9_10,pointy,VGG19,head_model,8,0.9965277777777778,0.5,0.9930555555555556
doorway,9_10,pointy,VGG19,head_model,9,0.9861111111111112,0.5,0.9722222222222223
doorway,9_10,pointy,VGG19,head_model,10,0.9930555555555556,0.5,0.9861111111111112
doorway,9_10,pointy,ViT Base,full_model,1,1.0,0.5,1.0
doorway,9_10,pointy,ViT Base,full_model,2,1.0,0.5,1.0
doorway,9_10,pointy,ViT Base,full_model,3,1.0,0.5,1.0
doorway,9_10,pointy,ViT Base,full_model,4,1.0,0.5,1.0
doorway,9_10,pointy,ViT Base,full_model,5,1.0,0.5,1.0
doorway,9_10,pointy,ViT Base,full_model,6,1.0,0.5,1.0
doorway,9_10,pointy,ViT Base,full_model,7,1.0,0.5,1.0
doorway,9_10,pointy,ViT Base,full_model,8,1.0,0.5,1.0
doorway,9_10,pointy,ViT Base,full_model,9,1.0,0.5,1.0
doorway,9_10,pointy,ViT Base,full_model,10,1.0,0.5,1.0
doorway,9_10,pointy,ViT Base,head_model,1,0.9965277777777778,0.5,0.9930555555555556
doorway,9_10,pointy,ViT Base,head_model,2,1.0,0.5,1.0
doorway,9_10,pointy,ViT Base,head_model,3,0.9965277777777778,0.5,0.9930555555555556
doorway,9_10,pointy,ViT Base,head_model,4,1.0,0.5,1.0
doorway,9_10,pointy,ViT Base,head_model,5,1.0,0.5,1.0
doorway,9_10,pointy,ViT Base,head_model,6,0.9965277777777778,0.5,0.9930555555555556
doorway,9_10,pointy,ViT Base,head_model,7,1.0,0.5,1.0
doorway,9_10,pointy,ViT Base,head_model,8,0.9965277777777778,0.5,0.9930555555555556
doorway,9_10,pointy,ViT Base,head_model,9,1.0,0.5,1.0
doorway,9_10,pointy,ViT Base,head_model,10,0.9965277777777778,0.5,0.9930555555555556
doorway,9_10,pointy,ViT Large,full_model,1,1.0,0.5,1.0
doorway,9_10,pointy,ViT Large,full_model,2,1.0,0.5,1.0
doorway,9_10,pointy,ViT Large,full_model,3,1.0,0.5,1.0
doorway,9_10,pointy,ViT Large,full_model,4,1.0,0.5,1.0
doorway,9_10,pointy,ViT Large,full_model,5,1.0,0.5,1.0
doorway,9_10,pointy,ViT Large,full_model,6,1.0,0.5,1.0
doorway,9_10,pointy,ViT Large,full_model,7,1.0,0.5,1.0
doorway,9_10,pointy,ViT Large,full_model,8,1.0,0.5,1.0
doorway,9_10,pointy,ViT Large,full_model,9,1.0,0.5,1.0
doorway,9_10,pointy,ViT Large,full_model,10,1.0,0.5,1.0
doorway,9_10,pointy,ViT Large,head_model,1,1.0,0.5,1.0
doorway,9_10,pointy,ViT Large,head_model,2,0.9965277777777778,0.5,0.9930555555555556
doorway,9_10,pointy,ViT Large,head_model,3,1.0,0.5,1.0
doorway,9_10,pointy,ViT Large,head_model,4,1.0,0.5,1.0
doorway,9_10,pointy,ViT Large,head_model,5,0.9965277777777778,0.5,0.9930555555555556
doorway,9_10,pointy,ViT Large,head_model,6,1.0,0.5,1.0
doorway,9_10,pointy,ViT Large,head_model,7,0.9965277777777778,0.5,0.9930555555555556
doorway,9_10,pointy,ViT Large,head_model,8,0.9965277777777778,0.5,0.9930555555555556
doorway,9_10,pointy,ViT Large,head_model,9,1.0,0.5,1.0
doorway,9_10,pointy,ViT Large,head_model,10,1.0,0.5,1.0
doorway,9_10,pointy,ViT Small,full_model,1,1.0,0.5,1.0
doorway,9_10,pointy,ViT Small,full_model,2,1.0,0.5,1.0
doorway,9_10,pointy,ViT Small,full_model,3,1.0,0.5,1.0
doorway,9_10,pointy,ViT Small,full_model,4,1.0,0.5,1.0
doorway,9_10,pointy,ViT Small,full_model,5,1.0,0.5,1.0
doorway,9_10,pointy,ViT Small,full_model,6,1.0,0.5,1.0
doorway,9_10,pointy,ViT Small,full_model,7,1.0,0.5,1.0
doorway,9_10,pointy,ViT Small,full_model,8,1.0,0.5,1.0
doorway,9_10,pointy,ViT Small,full_model,9,1.0,0.5,1.0
doorway,9_10,pointy,ViT Small,full_model,10,1.0,0.5,1.0
doorway,9_10,pointy,ViT Small,head_model,1,1.0,0.5,1.0
doorway,9_10,pointy,ViT Small,head_model,2,1.0,0.5,1.0
doorway,9_10,pointy,ViT Small,head_model,3,1.0,0.5,1.0
doorway,9_10,pointy,ViT Small,head_model,4,0.9965277777777778,0.5,0.9930555555555556
doorway,9_10,pointy,ViT Small,head_model,5,1.0,0.5,1.0
doorway,9_10,pointy,ViT Small,head_model,6,1.0,0.5,1.0
doorway,9_10,pointy,ViT Small,head_model,7,0.9965277777777778,0.5,0.9930555555555556
doorway,9_10,pointy,ViT Small,head_model,8,0.9965277777777778,0.5,0.9930555555555556
doorway,9_10,pointy,ViT Small,head_model,9,0.9965277777777778,0.5,0.9930555555555556
doorway,9_10,pointy,ViT Small,head_model,10,0.9930555555555556,0.5,0.9861111111111112
doorway,9_10,streaky,ConvNeXt Base,full_model,1,1.0,0.5,1.0
doorway,9_10,streaky,ConvNeXt Base,full_model,2,1.0,0.5,1.0
doorway,9_10,streaky,ConvNeXt Base,full_model,3,1.0,0.5,1.0
doorway,9_10,streaky,ConvNeXt Base,full_model,4,1.0,0.5,1.0
doorway,9_10,streaky,ConvNeXt Base,full_model,5,1.0,0.5,1.0
doorway,9_10,streaky,ConvNeXt Base,full_model,6,1.0,0.5,1.0
doorway,9_10,streaky,ConvNeXt Base,full_model,7,1.0,0.5,1.0
doorway,9_10,streaky,ConvNeXt Base,full_model,8,1.0,0.5,1.0
doorway,9_10,streaky,ConvNeXt Base,full_model,9,1.0,0.5,1.0
doorway,9_10,streaky,ConvNeXt Base,full_model,10,1.0,0.5,1.0
doorway,9_10,streaky,ConvNeXt Base,head_model,1,0.9965277777777778,0.5,0.9930555555555556
doorway,9_10,streaky,ConvNeXt Base,head_model,2,0.9861111111111112,0.5,0.9722222222222223
doorway,9_10,streaky,ConvNeXt Base,head_model,3,0.9895833333333334,0.5,0.9791666666666667
doorway,9_10,streaky,ConvNeXt Base,head_model,4,0.9895833333333334,0.5,0.9791666666666667
doorway,9_10,streaky,ConvNeXt Base,head_model,5,0.9895833333333334,0.5,0.9791666666666667
doorway,9_10,streaky,ConvNeXt Base,head_model,6,0.9826388888888888,0.5,0.9652777777777777
doorway,9_10,streaky,ConvNeXt Base,head_model,7,0.9861111111111112,0.5,0.9722222222222223
doorway,9_10,streaky,ConvNeXt Base,head_model,8,0.9895833333333334,0.5,0.9791666666666667
doorway,9_10,streaky,ConvNeXt Base,head_model,9,0.9826388888888888,0.5,0.9652777777777777
doorway,9_10,streaky,ConvNeXt Base,head_model,10,0.9826388888888888,0.5,0.9652777777777777
doorway,9_10,streaky,ConvNeXt Large,full_model,1,1.0,0.5,1.0
doorway,9_10,streaky,ConvNeXt Large,full_model,2,1.0,0.5,1.0
doorway,9_10,streaky,ConvNeXt Large,full_model,3,1.0,0.5,1.0
doorway,9_10,streaky,ConvNeXt Large,full_model,4,1.0,0.5,1.0
doorway,9_10,streaky,ConvNeXt Large,full_model,5,1.0,0.5,1.0
doorway,9_10,streaky,ConvNeXt Large,full_model,6,1.0,0.5,1.0
doorway,9_10,streaky,ConvNeXt Large,full_model,7,1.0,0.5,1.0
doorway,9_10,streaky,ConvNeXt Large,full_model,8,1.0,0.5,1.0
doorway,9_10,streaky,ConvNeXt Large,full_model,9,1.0,0.5,1.0
doorway,9_10,streaky,ConvNeXt Large,full_model,10,1.0,0.5,1.0
doorway,9_10,streaky,ConvNeXt Large,head_model,1,0.9930555555555556,0.5,0.9861111111111112
doorway,9_10,streaky,ConvNeXt Large,head_model,2,0.9861111111111112,0.5,0.9722222222222223
doorway,9_10,streaky,ConvNeXt Large,head_model,3,0.9895833333333334,0.5,0.9791666666666667
doorway,9_10,streaky,ConvNeXt Large,head_model,4,0.9930555555555556,0.5,0.9861111111111112
doorway,9_10,streaky,ConvNeXt Large,head_model,5,0.9861111111111112,0.5,0.9722222222222223
doorway,9_10,streaky,ConvNeXt Large,head_model,6,0.9861111111111112,0.5,0.9722222222222223
doorway,9_10,streaky,ConvNeXt Large,head_model,7,0.9895833333333334,0.5,0.9791666666666667
doorway,9_10,streaky,ConvNeXt Large,head_model,8,0.9930555555555556,0.5,0.9861111111111112
doorway,9_10,streaky,ConvNeXt Large,head_model,9,0.9861111111111112,0.5,0.9722222222222223
doorway,9_10,streaky,ConvNeXt Large,head_model,10,0.9861111111111112,0.5,0.9722222222222223
doorway,9_10,streaky,ConvNeXt Small,full_model,1,1.0,0.5,1.0
doorway,9_10,streaky,ConvNeXt Small,full_model,2,1.0,0.5,1.0
doorway,9_10,streaky,ConvNeXt Small,full_model,3,1.0,0.5,1.0
doorway,9_10,streaky,ConvNeXt Small,full_model,4,1.0,0.5,1.0
doorway,9_10,streaky,ConvNeXt Small,full_model,5,1.0,0.5,1.0
doorway,9_10,streaky,ConvNeXt Small,full_model,6,1.0,0.5,1.0
doorway,9_10,streaky,ConvNeXt Small,full_model,7,1.0,0.5,1.0
doorway,9_10,streaky,ConvNeXt Small,full_model,8,1.0,0.5,1.0
doorway,9_10,streaky,ConvNeXt Small,full_model,9,1.0,0.5,1.0
doorway,9_10,streaky,ConvNeXt Small,full_model,10,1.0,0.5,1.0
doorway,9_10,streaky,ConvNeXt Small,head_model,1,0.9965277777777778,0.5,0.9930555555555556
doorway,9_10,streaky,ConvNeXt Small,head_model,2,0.9965277777777778,0.5,0.9930555555555556
doorway,9_10,streaky,ConvNeXt Small,head_model,3,0.9930555555555556,0.5,0.9861111111111112
doorway,9_10,streaky,ConvNeXt Small,head_model,4,0.9965277777777778,0.5,0.9930555555555556
doorway,9_10,streaky,ConvNeXt Small,head_model,5,0.9930555555555556,0.5,0.9861111111111112
doorway,9_10,streaky,ConvNeXt Small,head_model,6,0.9895833333333334,0.5,0.9791666666666667
doorway,9_10,streaky,ConvNeXt Small,head_model,7,0.9965277777777778,0.5,0.9930555555555556
doorway,9_10,streaky,ConvNeXt Small,head_model,8,0.9965277777777778,0.5,0.9930555555555556
doorway,9_10,streaky,ConvNeXt Small,head_model,9,0.9895833333333334,0.5,0.9791666666666667
doorway,9_10,streaky,ConvNeXt Small,head_model,10,0.9895833333333334,0.5,0.9791666666666667
doorway,9_10,streaky,ConvNeXt Tiny,full_model,1,1.0,0.5,1.0
doorway,9_10,streaky,ConvNeXt Tiny,full_model,2,1.0,0.5,1.0
doorway,9_10,streaky,ConvNeXt Tiny,full_model,3,1.0,0.5,1.0
doorway,9_10,streaky,ConvNeXt Tiny,full_model,4,1.0,0.5,1.0
doorway,9_10,streaky,ConvNeXt Tiny,full_model,5,1.0,0.5,1.0
doorway,9_10,streaky,ConvNeXt Tiny,full_model,6,1.0,0.5,1.0
doorway,9_10,streaky,ConvNeXt Tiny,full_model,7,1.0,0.5,1.0
doorway,9_10,streaky,ConvNeXt Tiny,full_model,8,1.0,0.5,1.0
doorway,9_10,streaky,ConvNeXt Tiny,full_model,9,1.0,0.5,1.0
doorway,9_10,streaky,ConvNeXt Tiny,full_model,10,1.0,0.5,1.0
doorway,9_10,streaky,ConvNeXt Tiny,head_model,1,0.9965277777777778,0.5,0.9930555555555556
doorway,9_10,streaky,ConvNeXt Tiny,head_model,2,0.9965277777777778,0.5,0.9930555555555556
doorway,9_10,streaky,ConvNeXt Tiny,head_model,3,1.0,0.5,1.0
doorway,9_10,streaky,ConvNeXt Tiny,head_model,4,1.0,0.5,1.0
doorway,9_10,streaky,ConvNeXt Tiny,head_model,5,1.0,0.5,1.0
doorway,9_10,streaky,ConvNeXt Tiny,head_model,6,1.0,0.5,1.0
doorway,9_10,streaky,ConvNeXt Tiny,head_model,7,1.0,0.5,1.0
doorway,9_10,streaky,ConvNeXt Tiny,head_model,8,1.0,0.5,1.0
doorway,9_10,streaky,ConvNeXt Tiny,head_model,9,1.0,0.5,1.0
doorway,9_10,streaky,ConvNeXt Tiny,head_model,10,1.0,0.5,1.0
doorway,9_10,streaky,DINOv3 ViT Base,full_model,1,1.0,0.5,1.0
doorway,9_10,streaky,DINOv3 ViT Base,full_model,2,1.0,0.5,1.0
doorway,9_10,streaky,DINOv3 ViT Base,full_model,3,1.0,0.5,1.0
doorway,9_10,streaky,DINOv3 ViT Base,full_model,4,1.0,0.5,1.0
doorway,9_10,streaky,DINOv3 ViT Base,full_model,5,1.0,0.5,1.0
doorway,9_10,streaky,DINOv3 ViT Base,full_model,6,1.0,0.5,1.0
doorway,9_10,streaky,DINOv3 ViT Base,full_model,7,1.0,0.5,1.0
doorway,9_10,streaky,DINOv3 ViT Base,full_model,8,1.0,0.5,1.0
doorway,9_10,streaky,DINOv3 ViT Base,full_model,9,1.0,0.5,1.0
doorway,9_10,streaky,DINOv3 ViT Base,full_model,10,1.0,0.5,1.0
doorway,9_10,streaky,DINOv3 ViT Base,head_model,1,1.0,0.5,1.0
doorway,9_10,streaky,DINOv3 ViT Base,head_model,2,1.0,0.5,1.0
doorway,9_10,streaky,DINOv3 ViT Base,head_model,3,1.0,0.5,1.0
doorway,9_10,streaky,DINOv3 ViT Base,head_model,4,1.0,0.5,1.0
doorway,9_10,streaky,DINOv3 ViT Base,head_model,5,1.0,0.5,1.0
doorway,9_10,streaky,DINOv3 ViT Base,head_model,6,1.0,0.5,1.0
doorway,9_10,streaky,DINOv3 ViT Base,head_model,7,1.0,0.5,1.0
doorway,9_10,streaky,DINOv3 ViT Base,head_model,8,1.0,0.5,1.0
doorway,9_10,streaky,DINOv3 ViT Base,head_model,9,1.0,0.5,1.0
doorway,9_10,streaky,DINOv3 ViT Base,head_model,10,1.0,0.5,1.0
doorway,9_10,streaky,ResNet18,full_model,1,1.0,0.5,1.0
doorway,9_10,streaky,ResNet18,full_model,2,1.0,0.5,1.0
doorway,9_10,streaky,ResNet18,full_model,3,1.0,0.5,1.0
doorway,9_10,streaky,ResNet18,full_model,4,1.0,0.5,1.0
doorway,9_10,streaky,ResNet18,full_model,5,1.0,0.5,1.0
doorway,9_10,streaky,ResNet18,full_model,6,1.0,0.5,1.0
doorway,9_10,streaky,ResNet18,full_model,7,1.0,0.5,1.0
doorway,9_10,streaky,ResNet18,full_model,8,1.0,0.5,1.0
doorway,9_10,streaky,ResNet18,full_model,9,1.0,0.5,1.0
doorway,9_10,streaky,ResNet18,full_model,10,1.0,0.5,1.0
doorway,9_10,streaky,ResNet18,head_model,1,0.9930555555555556,0.5,0.9861111111111112
doorway,9_10,streaky,ResNet18,head_model,2,0.9930555555555556,0.5,0.9861111111111112
doorway,9_10,streaky,ResNet18,head_model,3,0.9930555555555556,0.5,0.9861111111111112
doorway,9_10,streaky,ResNet18,head_model,4,0.9930555555555556,0.5,0.9861111111111112
doorway,9_10,streaky,ResNet18,head_model,5,0.9930555555555556,0.5,0.9861111111111112
doorway,9_10,streaky,ResNet18,head_model,6,0.9930555555555556,0.5,0.9861111111111112
doorway,9_10,streaky,ResNet18,head_model,7,0.9930555555555556,0.5,0.9861111111111112
doorway,9_10,streaky,ResNet18,head_model,8,0.9930555555555556,0.5,0.9861111111111112
doorway,9_10,streaky,ResNet18,head_model,9,0.9930555555555556,0.5,0.9861111111111112
doorway,9_10,streaky,ResNet18,head_model,10,0.9930555555555556,0.5,0.9861111111111112
doorway,9_10,streaky,ResNet50,full_model,1,1.0,0.5,1.0
doorway,9_10,streaky,ResNet50,full_model,2,1.0,0.5,1.0
doorway,9_10,streaky,ResNet50,full_model,3,1.0,0.5,1.0
doorway,9_10,streaky,ResNet50,full_model,4,1.0,0.5,1.0
doorway,9_10,streaky,ResNet50,full_model,5,1.0,0.5,1.0
doorway,9_10,streaky,ResNet50,full_model,6,1.0,0.5,1.0
doorway,9_10,streaky,ResNet50,full_model,7,1.0,0.5,1.0
doorway,9_10,streaky,ResNet50,full_model,8,1.0,0.5,1.0
doorway,9_10,streaky,ResNet50,full_model,9,1.0,0.5,1.0
doorway,9_10,streaky,ResNet50,full_model,10,1.0,0.5,1.0
doorway,9_10,streaky,ResNet50,head_model,1,0.9930555555555556,0.5,0.9861111111111112
doorway,9_10,streaky,ResNet50,head_model,2,0.9930555555555556,0.5,0.9861111111111112
doorway,9_10,streaky,ResNet50,head_model,3,0.9895833333333334,0.5,0.9791666666666667
doorway,9_10,streaky,ResNet50,head_model,4,0.9930555555555556,0.5,0.9861111111111112
doorway,9_10,streaky,ResNet50,head_model,5,0.9930555555555556,0.5,0.9861111111111112
doorway,9_10,streaky,ResNet50,head_model,6,0.9930555555555556,0.5,0.9861111111111112
doorway,9_10,streaky,ResNet50,head_model,7,0.9930555555555556,0.5,0.9861111111111112
doorway,9_10,streaky,ResNet50,head_model,8,0.9930555555555556,0.5,0.9861111111111112
doorway,9_10,streaky,ResNet50,head_model,9,0.9930555555555556,0.5,0.9861111111111112
doorway,9_10,streaky,ResNet50,head_model,10,0.9895833333333334,0.5,0.9791666666666667
doorway,9_10,streaky,VGG11,full_model,1,1.0,0.5,1.0
doorway,9_10,streaky,VGG11,full_model,2,1.0,0.5,1.0
doorway,9_10,streaky,VGG11,full_model,3,1.0,0.5,1.0
doorway,9_10,streaky,VGG11,full_model,4,1.0,0.5,1.0
doorway,9_10,streaky,VGG11,full_model,5,1.0,0.5,1.0
doorway,9_10,streaky,VGG11,full_model,6,1.0,0.5,1.0
doorway,9_10,streaky,VGG11,full_model,7,1.0,0.5,1.0
doorway,9_10,streaky,VGG11,full_model,8,1.0,0.5,1.0
doorway,9_10,streaky,VGG11,full_model,9,1.0,0.5,1.0
doorway,9_10,streaky,VGG11,full_model,10,1.0,0.5,1.0
doorway,9_10,streaky,VGG11,head_model,1,0.9930555555555556,0.5,0.9861111111111112
doorway,9_10,streaky,VGG11,head_model,2,0.9965277777777778,0.5,0.9930555555555556
doorway,9_10,streaky,VGG11,head_model,3,0.9930555555555556,0.5,0.9861111111111112
doorway,9_10,streaky,VGG11,head_model,4,0.9930555555555556,0.5,0.9861111111111112
doorway,9_10,streaky,VGG11,head_model,5,0.9930555555555556,0.5,0.9861111111111112
doorway,9_10,streaky,VGG11,head_model,6,0.9965277777777778,0.5,0.9930555555555556
doorway,9_10,streaky,VGG11,head_model,7,0.9930555555555556,0.5,0.9861111111111112
doorway,9_10,streaky,VGG11,head_model,8,0.9930555555555556,0.5,0.9861111111111112
doorway,9_10,streaky,VGG11,head_model,9,0.9965277777777778,0.5,0.9930555555555556
doorway,9_10,streaky,VGG11,head_model,10,0.9965277777777778,0.5,0.9930555555555556
doorway,9_10,streaky,VGG13,full_model,1,1.0,0.5,1.0
doorway,9_10,streaky,VGG13,full_model,2,1.0,0.5,1.0
doorway,9_10,streaky,VGG13,full_model,3,1.0,0.5,1.0
doorway,9_10,streaky,VGG13,full_model,4,1.0,0.5,1.0
doorway,9_10,streaky,VGG13,full_model,5,1.0,0.5,1.0
doorway,9_10,streaky,VGG13,full_model,6,1.0,0.5,1.0
doorway,9_10,streaky,VGG13,full_model,7,1.0,0.5,1.0
doorway,9_10,streaky,VGG13,full_model,8,1.0,0.5,1.0
doorway,9_10,streaky,VGG13,full_model,9,1.0,0.5,1.0
doorway,9_10,streaky,VGG13,full_model,10,1.0,0.5,1.0
doorway,9_10,streaky,VGG13,head_model,1,1.0,0.5,1.0
doorway,9_10,streaky,VGG13,head_model,2,1.0,0.5,1.0
doorway,9_10,streaky,VGG13,head_model,3,1.0,0.5,1.0
doorway,9_10,streaky,VGG13,head_model,4,1.0,0.5,1.0
doorway,9_10,streaky,VGG13,head_model,5,1.0,0.5,1.0
doorway,9_10,streaky,VGG13,head_model,6,1.0,0.5,1.0
doorway,9_10,streaky,VGG13,head_model,7,1.0,0.5,1.0
doorway,9_10,streaky,VGG13,head_model,8,1.0,0.5,1.0
doorway,9_10,streaky,VGG13,head_model,9,1.0,0.5,1.0
doorway,9_10,streaky,VGG13,head_model,10,1.0,0.5,1.0
doorway,9_10,streaky,VGG16,full_model,1,1.0,0.5,1.0
doorway,9_10,streaky,VGG16,full_model,2,1.0,0.5,1.0
doorway,9_10,streaky,VGG16,full_model,3,1.0,0.5,1.0
doorway,9_10,streaky,VGG16,full_model,4,1.0,0.5,1.0
doorway,9_10,streaky,VGG16,full_model,5,1.0,0.5,1.0
doorway,9_10,streaky,VGG16,full_model,6,1.0,0.5,1.0
doorway,9_10,streaky,VGG16,full_model,7,1.0,0.5,1.0
doorway,9_10,streaky,VGG16,full_model,8,1.0,0.5,1.0
doorway,9_10,streaky,VGG16,full_model,9,1.0,0.5,1.0
doorway,9_10,streaky,VGG16,full_model,10,1.0,0.5,1.0
doorway,9_10,streaky,VGG16,head_model,1,1.0,0.5,1.0
doorway,9_10,streaky,VGG16,head_model,2,0.9965277777777778,0.5,0.9930555555555556
doorway,9_10,streaky,VGG16,head_model,3,1.0,0.5,1.0
doorway,9_10,streaky,VGG16,head_model,4,1.0,0.5,1.0
doorway,9_10,streaky,VGG16,head_model,5,1.0,0.5,1.0
doorway,9_10,streaky,VGG16,head_model,6,0.9965277777777778,0.5,0.9930555555555556
doorway,9_10,streaky,VGG16,head_model,7,1.0,0.5,1.0
doorway,9_10,streaky,VGG16,head_model,8,1.0,0.5,1.0
doorway,9_10,streaky,VGG16,head_model,9,1.0,0.5,1.0
doorway,9_10,streaky,VGG16,head_model,10,1.0,0.5,1.0
doorway,9_10,streaky,VGG19,full_model,1,1.0,0.5,1.0
doorway,9_10,streaky,VGG19,full_model,2,1.0,0.5,1.0
doorway,9_10,streaky,VGG19,full_model,3,1.0,0.5,1.0
doorway,9_10,streaky,VGG19,full_model,4,1.0,0.5,1.0
doorway,9_10,streaky,VGG19,full_model,5,1.0,0.5,1.0
doorway,9_10,streaky,VGG19,full_model,6,1.0,0.5,1.0
doorway,9_10,streaky,VGG19,full_model,7,1.0,0.5,1.0
doorway,9_10,streaky,VGG19,full_model,8,1.0,0.5,1.0
doorway,9_10,streaky,VGG19,full_model,9,1.0,0.5,1.0
doorway,9_10,streaky,VGG19,full_model,10,1.0,0.5,1.0
doorway,9_10,streaky,VGG19,head_model,1,1.0,0.5,1.0
doorway,9_10,streaky,VGG19,head_model,2,1.0,0.5,1.0
doorway,9_10,streaky,VGG19,head_model,3,0.9965277777777778,0.5,0.9930555555555556
doorway,9_10,streaky,VGG19,head_model,4,1.0,0.5,1.0
doorway,9_10,streaky,VGG19,head_model,5,1.0,0.5,1.0
doorway,9_10,streaky,VGG19,head_model,6,1.0,0.5,1.0
doorway,9_10,streaky,VGG19,head_model,7,1.0,0.5,1.0
doorway,9_10,streaky,VGG19,head_model,8,1.0,0.5,1.0
doorway,9_10,streaky,VGG19,head_model,9,1.0,0.5,1.0
doorway,9_10,streaky,VGG19,head_model,10,1.0,0.5,1.0
doorway,9_10,streaky,ViT Base,full_model,1,1.0,0.5,1.0
doorway,9_10,streaky,ViT Base,full_model,2,1.0,0.5,1.0
doorway,9_10,streaky,ViT Base,full_model,3,1.0,0.5,1.0
doorway,9_10,streaky,ViT Base,full_model,4,1.0,0.5,1.0
doorway,9_10,streaky,ViT Base,full_model,5,1.0,0.5,1.0
doorway,9_10,streaky,ViT Base,full_model,6,1.0,0.5,1.0
doorway,9_10,streaky,ViT Base,full_model,7,1.0,0.5,1.0
doorway,9_10,streaky,ViT Base,full_model,8,1.0,0.5,1.0
doorway,9_10,streaky,ViT Base,full_model,9,1.0,0.5,1.0
doorway,9_10,streaky,ViT Base,full_model,10,1.0,0.5,1.0
doorway,9_10,streaky,ViT Base,head_model,1,0.9965277777777778,0.5,0.9930555555555556
doorway,9_10,streaky,ViT Base,head_model,2,1.0,0.5,1.0
doorway,9_10,streaky,ViT Base,head_model,3,1.0,0.5,1.0
doorway,9_10,streaky,ViT Base,head_model,4,1.0,0.5,1.0
doorway,9_10,streaky,ViT Base,head_model,5,1.0,0.5,1.0
doorway,9_10,streaky,ViT Base,head_model,6,1.0,0.5,1.0
doorway,9_10,streaky,ViT Base,head_model,7,1.0,0.5,1.0
doorway,9_10,streaky,ViT Base,head_model,8,0.9965277777777778,0.5,0.9930555555555556
doorway,9_10,streaky,ViT Base,head_model,9,1.0,0.5,1.0
doorway,9_10,streaky,ViT Base,head_model,10,0.9965277777777778,0.5,0.9930555555555556
doorway,9_10,streaky,ViT Large,full_model,1,1.0,0.5,1.0
doorway,9_10,streaky,ViT Large,full_model,2,1.0,0.5,1.0
doorway,9_10,streaky,ViT Large,full_model,3,1.0,0.5,1.0
doorway,9_10,streaky,ViT Large,full_model,4,1.0,0.5,1.0
doorway,9_10,streaky,ViT Large,full_model,5,1.0,0.5,1.0
doorway,9_10,streaky,ViT Large,full_model,6,1.0,0.5,1.0
doorway,9_10,streaky,ViT Large,full_model,7,1.0,0.5,1.0
doorway,9_10,streaky,ViT Large,full_model,8,1.0,0.5,1.0
doorway,9_10,streaky,ViT Large,full_model,9,1.0,0.5,1.0
doorway,9_10,streaky,ViT Large,full_model,10,1.0,0.5,1.0
doorway,9_10,streaky,ViT Large,head_model,1,1.0,0.5,1.0
doorway,9_10,streaky,ViT Large,head_model,2,1.0,0.5,1.0
doorway,9_10,streaky,ViT Large,head_model,3,0.9965277777777778,0.5,0.9930555555555556
doorway,9_10,streaky,ViT Large,head_model,4,1.0,0.5,1.0
doorway,9_10,streaky,ViT Large,head_model,5,1.0,0.5,1.0
doorway,9_10,streaky,ViT Large,head_model,6,1.0,0.5,1.0
doorway,9_10,streaky,ViT Large,head_model,7,1.0,0.5,1.0
doorway,9_10,streaky,ViT Large,head_model,8,1.0,0.5,1.0
doorway,9_10,streaky,ViT Large,head_model,9,1.0,0.5,1.0
doorway,9_10,streaky,ViT Large,head_model,10,1.0,0.5,1.0
doorway,9_10,streaky,ViT Small,full_model,1,1.0,0.5,1.0
doorway,9_10,streaky,ViT Small,full_model,2,1.0,0.5,1.0
doorway,9_10,streaky,ViT Small,full_model,3,1.0,0.5,1.0
doorway,9_10,streaky,ViT Small,full_model,4,1.0,0.5,1.0
doorway,9_10,streaky,ViT Small,full_model,5,1.0,0.5,1.0
doorway,9_10,streaky,ViT Small,full_model,6,1.0,0.5,1.0
doorway,9_10,streaky,ViT Small,full_model,7,1.0,0.5,1.0
doorway,9_10,streaky,ViT Small,full_model,8,1.0,0.5,1.0
doorway,9_10,streaky,ViT Small,full_model,9,1.0,0.5,1.0
doorway,9_10,streaky,ViT Small,full_model,10,1.0,0.5,1.0
doorway,9_10,streaky,ViT Small,head_model,1,1.0,0.5,1.0
doorway,9_10,streaky,ViT Small,head_model,2,1.0,0.5,1.0
doorway,9_10,streaky,ViT Small,head_model,3,1.0,0.5,1.0
doorway,9_10,streaky,ViT Small,head_model,4,1.0,0.5,1.0
doorway,9_10,streaky,ViT Small,head_model,5,0.9965277777777778,0.5,0.9930555555555556
doorway,9_10,streaky,ViT Small,head_model,6,1.0,0.5,1.0
doorway,9_10,streaky,ViT Small,head_model,7,1.0,0.5,1.0
doorway,9_10,streaky,ViT Small,head_model,8,1.0,0.5,1.0
doorway,9_10,streaky,ViT Small,head_model,9,1.0,0.5,1.0
doorway,9_10,streaky,ViT Small,head_model,10,1.0,0.5,1.0
emotion,12_20,pointy,ConvNeXt Base,full_model,1,0.5916666666666667,0.5,0.18333333333333335
emotion,12_20,pointy,ConvNeXt Base,full_model,2,0.6083333333333333,0.5,0.21666666666666656
emotion,12_20,pointy,ConvNeXt Base,full_model,3,0.6166666666666667,0.5,0.2333333333333334
emotion,12_20,pointy,ConvNeXt Base,full_model,4,0.525,0.5,0.050000000000000044
emotion,12_20,pointy,ConvNeXt Base,full_model,5,0.625,0.5,0.25
emotion,12_20,pointy,ConvNeXt Base,full_model,6,0.5583333333333333,0.5,0.1166666666666667
emotion,12_20,pointy,ConvNeXt Base,full_model,7,0.5666666666666667,0.5,0.1333333333333333
emotion,12_20,pointy,ConvNeXt Base,full_model,8,0.5666666666666667,0.5,0.1333333333333333
emotion,12_20,pointy,ConvNeXt Base,full_model,9,0.575,0.5,0.1499999999999999
emotion,12_20,pointy,ConvNeXt Base,full_model,10,0.5416666666666666,0.5,0.08333333333333326
emotion,12_20,pointy,ConvNeXt Base,head_model,1,0.725,0.5,0.44999999999999996
emotion,12_20,pointy,ConvNeXt Base,head_model,2,0.5416666666666666,0.5,0.08333333333333326
emotion,12_20,pointy,ConvNeXt Base,head_model,3,0.6083333333333333,0.5,0.21666666666666656
emotion,12_20,pointy,ConvNeXt Base,head_model,4,0.675,0.5,0.3500000000000001
emotion,12_20,pointy,ConvNeXt Base,head_model,5,0.675,0.5,0.3500000000000001
emotion,12_20,pointy,ConvNeXt Base,head_model,6,0.6833333333333333,0.5,0.3666666666666667
emotion,12_20,pointy,ConvNeXt Base,head_model,7,0.5666666666666667,0.5,0.1333333333333333
emotion,12_20,pointy,ConvNeXt Base,head_model,8,0.675,0.5,0.3500000000000001
emotion,12_20,pointy,ConvNeXt Base,head_model,9,0.6,0.5,0.19999999999999996
emotion,12_20,pointy,ConvNeXt Base,head_model,10,0.5666666666666667,0.5,0.1333333333333333
emotion,12_20,pointy,ConvNeXt Large,full_model,1,0.5666666666666667,0.5,0.1333333333333333
emotion,12_20,pointy,ConvNeXt Large,full_model,2,0.525,0.5,0.050000000000000044
emotion,12_20,pointy,ConvNeXt Large,full_model,3,0.5583333333333333,0.5,0.1166666666666667
emotion,12_20,pointy,ConvNeXt Large,full_model,4,0.5916666666666667,0.5,0.18333333333333335
emotion,12_20,pointy,ConvNeXt Large,full_model,5,0.49166666666666664,0.5,-0.01666666666666672
emotion,12_20,pointy,ConvNeXt Large,full_model,6,0.5416666666666666,0.5,0.08333333333333326
emotion,12_20,pointy,ConvNeXt Large,full_model,7,0.5833333333333334,0.5,0.16666666666666674
emotion,12_20,pointy,ConvNeXt Large,full_model,8,0.6083333333333333,0.5,0.21666666666666656
emotion,12_20,pointy,ConvNeXt Large,full_model,9,0.5166666666666667,0.5,0.03333333333333344
emotion,12_20,pointy,ConvNeXt Large,full_model,10,0.5083333333333333,0.5,0.016666666666666607
emotion,12_20,pointy,ConvNeXt Large,head_model,1,0.7166666666666667,0.5,0.43333333333333335
emotion,12_20,pointy,ConvNeXt Large,head_model,2,0.6,0.5,0.19999999999999996
emotion,12_20,pointy,ConvNeXt Large,head_model,3,0.6833333333333333,0.5,0.3666666666666667
emotion,12_20,pointy,ConvNeXt Large,head_model,4,0.7333333333333333,0.5,0.46666666666666656
emotion,12_20,pointy,ConvNeXt Large,head_model,5,0.7083333333333334,0.5,0.41666666666666674
emotion,12_20,pointy,ConvNeXt Large,head_model,6,0.7166666666666667,0.5,0.43333333333333335
emotion,12_20,pointy,ConvNeXt Large,head_model,7,0.6416666666666667,0.5,0.28333333333333344
emotion,12_20,pointy,ConvNeXt Large,head_model,8,0.7166666666666667,0.5,0.43333333333333335
emotion,12_20,pointy,ConvNeXt Large,head_model,9,0.65,0.5,0.30000000000000004
emotion,12_20,pointy,ConvNeXt Large,head_model,10,0.7,0.5,0.3999999999999999
emotion,12_20,pointy,ConvNeXt Small,full_model,1,0.575,0.5,0.1499999999999999
emotion,12_20,pointy,ConvNeXt Small,full_model,2,0.575,0.5,0.1499999999999999
emotion,12_20,pointy,ConvNeXt Small,full_model,3,0.5583333333333333,0.5,0.1166666666666667
emotion,12_20,pointy,ConvNeXt Small,full_model,4,0.5916666666666667,0.5,0.18333333333333335
emotion,12_20,pointy,ConvNeXt Small,full_model,5,0.5583333333333333,0.5,0.1166666666666667
emotion,12_20,pointy,ConvNeXt Small,full_model,6,0.5916666666666667,0.5,0.18333333333333335
emotion,12_20,pointy,ConvNeXt Small,full_model,7,0.5583333333333333,0.5,0.1166666666666667
emotion,12_20,pointy,ConvNeXt Small,full_model,8,0.6,0.5,0.19999999999999996
emotion,12_20,pointy,ConvNeXt Small,full_model,9,0.525,0.5,0.050000000000000044
emotion,12_20,pointy,ConvNeXt Small,full_model,10,0.5916666666666667,0.5,0.18333333333333335
emotion,12_20,pointy,ConvNeXt Small,head_model,1,0.6583333333333333,0.5,0.31666666666666665
emotion,12_20,pointy,ConvNeXt Small,head_model,2,0.5833333333333334,0.5,0.16666666666666674
emotion,12_20,pointy,ConvNeXt Small,head_model,3,0.675,0.5,0.3500000000000001
emotion,12_20,pointy,ConvNeXt Small,head_model,4,0.7333333333333333,0.5,0.46666666666666656
emotion,12_20,pointy,ConvNeXt Small,head_model,5,0.6916666666666667,0.5,0.3833333333333333
emotion,12_20,pointy,ConvNeXt Small,head_model,6,0.7166666666666667,0.5,0.43333333333333335
emotion,12_20,pointy,ConvNeXt Small,head_model,7,0.575,0.5,0.1499999999999999
emotion,12_20,pointy,ConvNeXt Small,head_model,8,0.675,0.5,0.3500000000000001
emotion,12_20,pointy,ConvNeXt Small,head_model,9,0.6666666666666666,0.5,0.33333333333333326
emotion,12_20,pointy,ConvNeXt Small,head_model,10,0.675,0.5,0.3500000000000001
emotion,12_20,pointy,ConvNeXt Tiny,full_model,1,0.5666666666666667,0.5,0.1333333333333333
emotion,12_20,pointy,ConvNeXt Tiny,full_model,2,0.5166666666666667,0.5,0.03333333333333344
emotion,12_20,pointy,ConvNeXt Tiny,full_model,3,0.55,0.5,0.10000000000000009
emotion,12_20,pointy,ConvNeXt Tiny,full_model,4,0.55,0.5,0.10000000000000009
emotion,12_20,pointy,ConvNeXt Tiny,full_model,5,0.5666666666666667,0.5,0.1333333333333333
emotion,12_20,pointy,ConvNeXt Tiny,full_model,6,0.5333333333333333,0.5,0.06666666666666665
emotion,12_20,pointy,ConvNeXt Tiny,full_model,7,0.5583333333333333,0.5,0.1166666666666667
emotion,12_20,pointy,ConvNeXt Tiny,full_model,8,0.5,0.5,0.0
emotion,12_20,pointy,ConvNeXt Tiny,full_model,9,0.55,0.5,0.10000000000000009
emotion,12_20,pointy,ConvNeXt Tiny,full_model,10,0.55,0.5,0.10000000000000009
emotion,12_20,pointy,ConvNeXt Tiny,head_model,1,0.6833333333333333,0.5,0.3666666666666667
emotion,12_20,pointy,ConvNeXt Tiny,head_model,2,0.5333333333333333,0.5,0.06666666666666665
emotion,12_20,pointy,ConvNeXt Tiny,head_model,3,0.575,0.5,0.1499999999999999
emotion,12_20,pointy,ConvNeXt Tiny,head_model,4,0.6666666666666666,0.5,0.33333333333333326
emotion,12_20,pointy,ConvNeXt Tiny,head_model,5,0.65,0.5,0.30000000000000004
emotion,12_20,pointy,ConvNeXt Tiny,head_model,6,0.6666666666666666,0.5,0.33333333333333326
emotion,12_20,pointy,ConvNeXt Tiny,head_model,7,0.5666666666666667,0.5,0.1333333333333333
emotion,12_20,pointy,ConvNeXt Tiny,head_model,8,0.5916666666666667,0.5,0.18333333333333335
emotion,12_20,pointy,ConvNeXt Tiny,head_model,9,0.525,0.5,0.050000000000000044
emotion,12_20,pointy,ConvNeXt Tiny,head_model,10,0.575,0.5,0.1499999999999999
emotion,12_20,pointy,DINOv3 ViT Base,full_model,1,0.6,0.5,0.19999999999999996
emotion,12_20,pointy,DINOv3 ViT Base,full_model,2,0.575,0.5,0.1499999999999999
emotion,12_20,pointy,DINOv3 ViT Base,full_model,3,0.5333333333333333,0.5,0.06666666666666665
emotion,12_20,pointy,DINOv3 ViT Base,full_model,4,0.5916666666666667,0.5,0.18333333333333335
emotion,12_20,pointy,DINOv3 ViT Base,full_model,5,0.625,0.5,0.25
emotion,12_20,pointy,DINOv3 ViT Base,full_model,6,0.6166666666666667,0.5,0.2333333333333334
emotion,12_20,pointy,DINOv3 ViT Base,full_model,7,0.55,0.5,0.10000000000000009
emotion,12_20,pointy,DINOv3 ViT Base,full_model,8,0.49166666666666664,0.5,-0.01666666666666672
emotion,12_20,pointy,DINOv3 ViT Base,full_model,9,0.575,0.5,0.1499999999999999
emotion,12_20,pointy,DINOv3 ViT Base,full_model,10,0.5916666666666667,0.5,0.18333333333333335
emotion,12_20,pointy,DINOv3 ViT Base,head_model,1,0.5833333333333334,0.5,0.16666666666666674
emotion,12_20,pointy,DINOv3 ViT Base,head_model,2,0.5416666666666666,0.5,0.08333333333333326
emotion,12_20,pointy,DINOv3 ViT Base,head_model,3,0.5333333333333333,0.5,0.06666666666666665
emotion,12_20,pointy,DINOv3 ViT Base,head_model,4,0.55,0.5,0.10000000000000009
emotion,12_20,pointy,DINOv3 ViT Base,head_model,5,0.55,0.5,0.10000000000000009
emotion,12_20,pointy,DINOv3 ViT Base,head_model,6,0.6083333333333333,0.5,0.21666666666666656
emotion,12_20,pointy,DINOv3 ViT Base,head_model,7,0.5916666666666667,0.5,0.18333333333333335
emotion,12_20,pointy,DINOv3 ViT Base,head_model,8,0.675,0.5,0.3500000000000001
emotion,12_20,pointy,DINOv3 ViT Base,head_model,9,0.5166666666666667,0.5,0.03333333333333344
emotion,12_20,pointy,DINOv3 ViT Base,head_model,10,0.6,0.5,0.19999999999999996
emotion,12_20,pointy,ResNet18,full_model,1,0.5416666666666666,0.5,0.08333333333333326
emotion,12_20,pointy,ResNet18,full_model,2,0.6166666666666667,0.5,0.2333333333333334
emotion,12_20,pointy,ResNet18,full_model,3,0.5666666666666667,0.5,0.1333333333333333
emotion,12_20,pointy,ResNet18,full_model,4,0.5333333333333333,0.5,0.06666666666666665
emotion,12_20,pointy,ResNet18,full_model,5,0.5,0.5,0.0
emotion,12_20,pointy,ResNet18,full_model,6,0.55,0.5,0.10000000000000009
emotion,12_20,pointy,ResNet18,full_model,7,0.5416666666666666,0.5,0.08333333333333326
emotion,12_20,pointy,ResNet18,full_model,8,0.4583333333333333,0.5,-0.08333333333333337
emotion,12_20,pointy,ResNet18,full_model,9,0.55,0.5,0.10000000000000009
emotion,12_20,pointy,ResNet18,full_model,10,0.5333333333333333,0.5,0.06666666666666665
emotion,12_20,pointy,ResNet18,head_model,1,0.5583333333333333,0.5,0.1166666666666667
emotion,12_20,pointy,ResNet18,head_model,2,0.5333333333333333,0.5,0.06666666666666665
emotion,12_20,pointy,ResNet18,head_model,3,0.6,0.5,0.19999999999999996
emotion,12_20,pointy,ResNet18,head_model,4,0.6416666666666667,0.5,0.28333333333333344
emotion,12_20,pointy,ResNet18,head_model,5,0.5083333333333333,0.5,0.016666666666666607
emotion,12_20,pointy,ResNet18,head_model,6,0.5583333333333333,0.5,0.1166666666666667
emotion,12_20,pointy,ResNet18,head_model,7,0.55,0.5,0.10000000000000009
emotion,12_20,pointy,ResNet18,head_model,8,0.5416666666666666,0.5,0.08333333333333326
emotion,12_20,pointy,ResNet18,head_model,9,0.5833333333333334,0.5,0.16666666666666674
emotion,12_20,pointy,ResNet18,head_model,10,0.5583333333333333,0.5,0.1166666666666667
emotion,12_20,pointy,ResNet50,full_model,1,0.4666666666666667,0.5,-0.06666666666666665
emotion,12_20,pointy,ResNet50,full_model,2,0.5583333333333333,0.5,0.1166666666666667
emotion,12_20,pointy,ResNet50,full_model,3,0.525,0.5,0.050000000000000044
emotion,12_20,pointy,ResNet50,full_model,4,0.5666666666666667,0.5,0.1333333333333333
emotion,12_20,pointy,ResNet50,full_model,5,0.5333333333333333,0.5,0.06666666666666665
emotion,12_20,pointy,ResNet50,full_model,6,0.43333333333333335,0.5,-0.1333333333333333
emotion,12_20,pointy,ResNet50,full_model,7,0.5,0.5,0.0
emotion,12_20,pointy,ResNet50,full_model,8,0.48333333333333334,0.5,-0.033333333333333326
emotion,12_20,pointy,ResNet50,full_model,9,0.475,0.5,-0.050000000000000044
emotion,12_20,pointy,ResNet50,full_model,10,0.5833333333333334,0.5,0.16666666666666674
emotion,12_20,pointy,ResNet50,head_model,1,0.5333333333333333,0.5,0.06666666666666665
emotion,12_20,pointy,ResNet50,head_model,2,0.525,0.5,0.050000000000000044
emotion,12_20,pointy,ResNet50,head_model,3,0.5916666666666667,0.5,0.18333333333333335
emotion,12_20,pointy,ResNet50,head_model,4,0.5833333333333334,0.5,0.16666666666666674
emotion,12_20,pointy,ResNet50,head_model,5,0.525,0.5,0.050000000000000044
emotion,12_20,pointy,ResNet50,head_model,6,0.55,0.5,0.10000000000000009
emotion,12_20,pointy,ResNet50,head_model,7,0.525,0.5,0.050000000000000044
emotion,12_20,pointy,ResNet50,head_model,8,0.525,0.5,0.050000000000000044
emotion,12_20,pointy,ResNet50,head_model,9,0.55,0.5,0.10000000000000009
emotion,12_20,pointy,ResNet50,head_model,10,0.5833333333333334,0.5,0.16666666666666674
emotion,12_20,pointy,VGG11,full_model,1,0.55,0.5,0.10000000000000009
emotion,12_20,pointy,VGG11,full_model,2,0.5416666666666666,0.5,0.08333333333333326
emotion,12_20,pointy,VGG11,full_model,3,0.5833333333333334,0.5,0.16666666666666674
emotion,12_20,pointy,VGG11,full_model,4,0.5333333333333333,0.5,0.06666666666666665
emotion,12_20,pointy,VGG11,full_model,5,0.525,0.5,0.050000000000000044
emotion,12_20,pointy,VGG11,full_model,6,0.55,0.5,0.10000000000000009
emotion,12_20,pointy,VGG11,full_model,7,0.5166666666666667,0.5,0.03333333333333344
emotion,12_20,pointy,VGG11,full_model,8,0.5333333333333333,0.5,0.06666666666666665
emotion,12_20,pointy,VGG11,full_model,9,0.55,0.5,0.10000000000000009
emotion,12_20,pointy,VGG11,full_model,10,0.5333333333333333,0.5,0.06666666666666665
emotion,12_20,pointy,VGG11,head_model,1,0.5666666666666667,0.5,0.1333333333333333
emotion,12_20,pointy,VGG11,head_model,2,0.525,0.5,0.050000000000000044
emotion,12_20,pointy,VGG11,head_model,3,0.6583333333333333,0.5,0.31666666666666665
emotion,12_20,pointy,VGG11,head_model,4,0.5833333333333334,0.5,0.16666666666666674
emotion,12_20,pointy,VGG11,head_model,5,0.5666666666666667,0.5,0.1333333333333333
emotion,12_20,pointy,VGG11,head_model,6,0.6083333333333333,0.5,0.21666666666666656
emotion,12_20,pointy,VGG11,head_model,7,0.5166666666666667,0.5,0.03333333333333344
emotion,12_20,pointy,VGG11,head_model,8,0.575,0.5,0.1499999999999999
emotion,12_20,pointy,VGG11,head_model,9,0.5666666666666667,0.5,0.1333333333333333
emotion,12_20,pointy,VGG11,head_model,10,0.6166666666666667,0.5,0.2333333333333334
emotion,12_20,pointy,VGG13,full_model,1,0.5666666666666667,0.5,0.1333333333333333
emotion,12_20,pointy,VGG13,full_model,2,0.5,0.5,0.0
emotion,12_20,pointy,VGG13,full_model,3,0.5,0.5,0.0
emotion,12_20,pointy,VGG13,full_model,4,0.55,0.5,0.10000000000000009
emotion,12_20,pointy,VGG13,full_model,5,0.5583333333333333,0.5,0.1166666666666667
emotion,12_20,pointy,VGG13,full_model,6,0.5833333333333334,0.5,0.16666666666666674
emotion,12_20,pointy,VGG13,full_model,7,0.55,0.5,0.10000000000000009
emotion,12_20,pointy,VGG13,full_model,8,0.5333333333333333,0.5,0.06666666666666665
emotion,12_20,pointy,VGG13,full_model,9,0.5,0.5,0.0
emotion,12_20,pointy,VGG13,full_model,10,0.6333333333333333,0.5,0.2666666666666666
emotion,12_20,pointy,VGG13,head_model,1,0.5,0.5,0.0
emotion,12_20,pointy,VGG13,head_model,2,0.49166666666666664,0.5,-0.01666666666666672
emotion,12_20,pointy,VGG13,head_model,3,0.575,0.5,0.1499999999999999
emotion,12_20,pointy,VGG13,head_model,4,0.5666666666666667,0.5,0.1333333333333333
emotion,12_20,pointy,VGG13,head_model,5,0.525,0.5,0.050000000000000044
emotion,12_20,pointy,VGG13,head_model,6,0.5583333333333333,0.5,0.1166666666666667
emotion,12_20,pointy,VGG13,head_model,7,0.5166666666666667,0.5,0.03333333333333344
emotion,12_20,pointy,VGG13,head_model,8,0.5083333333333333,0.5,0.016666666666666607
emotion,12_20,pointy,VGG13,head_model,9,0.5333333333333333,0.5,0.06666666666666665
emotion,12_20,pointy,VGG13,head_model,10,0.525,0.5,0.050000000000000044
emotion,12_20,pointy,VGG16,full_model,1,0.49166666666666664,0.5,-0.01666666666666672
emotion,12_20,pointy,VGG16,full_model,2,0.575,0.5,0.1499999999999999
emotion,12_20,pointy,VGG16,full_model,3,0.55,0.5,0.10000000000000009
emotion,12_20,pointy,VGG16,full_model,4,0.6083333333333333,0.5,0.21666666666666656
emotion,12_20,pointy,VGG16,full_model,5,0.5833333333333334,0.5,0.16666666666666674
emotion,12_20,pointy,VGG16,full_model,6,0.5166666666666667,0.5,0.03333333333333344
emotion,12_20,pointy,VGG16,full_model,7,0.5333333333333333,0.5,0.06666666666666665
emotion,12_20,pointy,VGG16,full_model,8,0.5666666666666667,0.5,0.1333333333333333
emotion,12_20,pointy,VGG16,full_model,9,0.5083333333333333,0.5,0.016666666666666607
emotion,12_20,pointy,VGG16,full_model,10,0.5083333333333333,0.5,0.016666666666666607
emotion,12_20,pointy,VGG16,head_model,1,0.5583333333333333,0.5,0.1166666666666667
emotion,12_20,pointy,VGG16,head_model,2,0.5583333333333333,0.5,0.1166666666666667
emotion,12_20,pointy,VGG16,head_model,3,0.575,0.5,0.1499999999999999
emotion,12_20,pointy,VGG16,head_model,4,0.6083333333333333,0.5,0.21666666666666656
emotion,12_20,pointy,VGG16,head_model,5,0.55,0.5,0.10000000000000009
emotion,12_20,pointy,VGG16,head_model,6,0.5916666666666667,0.5,0.18333333333333335
emotion,12_20,pointy,VGG16,head_model,7,0.5333333333333333,0.5,0.06666666666666665
emotion,12_20,pointy,VGG16,head_model,8,0.5666666666666667,0.5,0.1333333333333333
emotion,12_20,pointy,VGG16,head_model,9,0.5583333333333333,0.5,0.1166666666666667
emotion,12_20,pointy,VGG16,head_model,10,0.55,0.5,0.10000000000000009
emotion,12_20,pointy,VGG19,full_model,1,0.5333333333333333,0.5,0.06666666666666665
emotion,12_20,pointy,VGG19,full_model,2,0.5333333333333333,0.5,0.06666666666666665
emotion,12_20,pointy,VGG19,full_model,3,0.5833333333333334,0.5,0.16666666666666674
emotion,12_20,pointy,VGG19,full_model,4,0.5916666666666667,0.5,0.18333333333333335
emotion,12_20,pointy,VGG19,full_model,5,0.55,0.5,0.10000000000000009
emotion,12_20,pointy,VGG19,full_model,6,0.5666666666666667,0.5,0.1333333333333333
emotion,12_20,pointy,VGG19,full_model,7,0.5666666666666667,0.5,0.1333333333333333
emotion,12_20,pointy,VGG19,full_model,8,0.6083333333333333,0.5,0.21666666666666656
emotion,12_20,pointy,VGG19,full_model,9,0.6,0.5,0.19999999999999996
emotion,12_20,pointy,VGG19,full_model,10,0.6333333333333333,0.5,0.2666666666666666
emotion,12_20,pointy,VGG19,head_model,1,0.5916666666666667,0.5,0.18333333333333335
emotion,12_20,pointy,VGG19,head_model,2,0.5666666666666667,0.5,0.1333333333333333
emotion,12_20,pointy,VGG19,head_model,3,0.5833333333333334,0.5,0.16666666666666674
emotion,12_20,pointy,VGG19,head_model,4,0.625,0.5,0.25
emotion,12_20,pointy,VGG19,head_model,5,0.5666666666666667,0.5,0.1333333333333333
emotion,12_20,pointy,VGG19,head_model,6,0.6333333333333333,0.5,0.2666666666666666
emotion,12_20,pointy,VGG19,head_model,7,0.5583333333333333,0.5,0.1166666666666667
emotion,12_20,pointy,VGG19,head_model,8,0.575,0.5,0.1499999999999999
emotion,12_20,pointy,VGG19,head_model,9,0.6,0.5,0.19999999999999996
emotion,12_20,pointy,VGG19,head_model,10,0.6,0.5,0.19999999999999996
emotion,12_20,pointy,ViT Base,full_model,1,0.6083333333333333,0.5,0.21666666666666656
emotion,12_20,pointy,ViT Base,full_model,2,0.5916666666666667,0.5,0.18333333333333335
emotion,12_20,pointy,ViT Base,full_model,3,0.575,0.5,0.1499999999999999
emotion,12_20,pointy,ViT Base,full_model,4,0.5583333333333333,0.5,0.1166666666666667
emotion,12_20,pointy,ViT Base,full_model,5,0.5333333333333333,0.5,0.06666666666666665
emotion,12_20,pointy,ViT Base,full_model,6,0.5833333333333334,0.5,0.16666666666666674
emotion,12_20,pointy,ViT Base,full_model,7,0.6,0.5,0.19999999999999996
emotion,12_20,pointy,ViT Base,full_model,8,0.5166666666666667,0.5,0.03333333333333344
emotion,12_20,pointy,ViT Base,full_model,9,0.48333333333333334,0.5,-0.033333333333333326
emotion,12_20,pointy,ViT Base,full_model,10,0.5583333333333333,0.5,0.1166666666666667
emotion,12_20,pointy,ViT Base,head_model,1,0.6083333333333333,0.5,0.21666666666666656
emotion,12_20,pointy,ViT Base,head_model,2,0.675,0.5,0.3500000000000001
emotion,12_20,pointy,ViT Base,head_model,3,0.5416666666666666,0.5,0.08333333333333326
emotion,12_20,pointy,ViT Base,head_model,4,0.6416666666666667,0.5,0.28333333333333344
emotion,12_20,pointy,ViT Base,head_model,5,0.6083333333333333,0.5,0.21666666666666656
emotion,12_20,pointy,ViT Base,head_model,6,0.6166666666666667,0.5,0.2333333333333334
emotion,12_20,pointy,ViT Base,head_model,7,0.6166666666666667,0.5,0.2333333333333334
emotion,12_20,pointy,ViT Base,head_model,8,0.6583333333333333,0.5,0.31666666666666665
emotion,12_20,pointy,ViT Base,head_model,9,0.6166666666666667,0.5,0.2333333333333334
emotion,12_20,pointy,ViT Base,head_model,10,0.625,0.5,0.25
emotion,12_20,pointy,ViT Large,full_model,1,0.55,0.5,0.10000000000000009
emotion,12_20,pointy,ViT Large,full_model,2,0.5583333333333333,0.5,0.1166666666666667
emotion,12_20,pointy,ViT Large,full_model,3,0.5166666666666667,0.5,0.03333333333333344
emotion,12_20,pointy,ViT Large,full_model,4,0.5083333333333333,0.5,0.016666666666666607
emotion,12_20,pointy,ViT Large,full_model,5,0.5666666666666667,0.5,0.1333333333333333
emotion,12_20,pointy,ViT Large,full_model,6,0.475,0.5,-0.050000000000000044
emotion,12_20,pointy,ViT Large,full_model,7,0.5166666666666667,0.5,0.03333333333333344
emotion,12_20,pointy,ViT Large,full_model,8,0.5333333333333333,0.5,0.06666666666666665
emotion,12_20,pointy,ViT Large,full_model,9,0.5666666666666667,0.5,0.1333333333333333
emotion,12_20,pointy,ViT Large,full_model,10,0.5666666666666667,0.5,0.1333333333333333
emotion,12_20,pointy,ViT Large,head_model,1,0.675,0.5,0.3500000000000001
emotion,12_20,pointy,ViT Large,head_model,2,0.5666666666666667,0.5,0.1333333333333333
emotion,12_20,pointy,ViT Large,head_model,3,0.7,0.5,0.3999999999999999
emotion,12_20,pointy,ViT Large,head_model,4,0.525,0.5,0.050000000000000044
emotion,12_20,pointy,ViT Large,head_model,5,0.625,0.5,0.25
emotion,12_20,pointy,ViT Large,head_model,6,0.625,0.5,0.25
emotion,12_20,pointy,ViT Large,head_model,7,0.5666666666666667,0.5,0.1333333333333333
emotion,12_20,pointy,ViT Large,head_model,8,0.5333333333333333,0.5,0.06666666666666665
emotion,12_20,pointy,ViT Large,head_model,9,0.6666666666666666,0.5,0.33333333333333326
emotion,12_20,pointy,ViT Large,head_model,10,0.6833333333333333,0.5,0.3666666666666667
emotion,12_20,pointy,ViT Small,full_model,1,0.6,0.5,0.19999999999999996
emotion,12_20,pointy,ViT Small,full_model,2,0.6083333333333333,0.5,0.21666666666666656
emotion,12_20,pointy,ViT Small,full_model,3,0.5583333333333333,0.5,0.1166666666666667
emotion,12_20,pointy,ViT Small,full_model,4,0.575,0.5,0.1499999999999999
emotion,12_20,pointy,ViT Small,full_model,5,0.55,0.5,0.10000000000000009
emotion,12_20,pointy,ViT Small,full_model,6,0.49166666666666664,0.5,-0.01666666666666672
emotion,12_20,pointy,ViT Small,full_model,7,0.525,0.5,0.050000000000000044
emotion,12_20,pointy,ViT Small,full_model,8,0.6333333333333333,0.5,0.2666666666666666
emotion,12_20,pointy,ViT Small,full_model,9,0.5583333333333333,0.5,0.1166666666666667
emotion,12_20,pointy,ViT Small,full_model,10,0.525,0.5,0.050000000000000044
emotion,12_20,pointy,ViT Small,head_model,1,0.5666666666666667,0.5,0.1333333333333333
emotion,12_20,pointy,ViT Small,head_model,2,0.5583333333333333,0.5,0.1166666666666667
emotion,12_20,pointy,ViT Small,head_model,3,0.5583333333333333,0.5,0.1166666666666667
emotion,12_20,pointy,ViT Small,head_model,4,0.575,0.5,0.1499999999999999
emotion,12_20,pointy,ViT Small,head_model,5,0.575,0.5,0.1499999999999999
emotion,12_20,pointy,ViT Small,head_model,6,0.55,0.5,0.10000000000000009
emotion,12_20,pointy,ViT Small,head_model,7,0.6166666666666667,0.5,0.2333333333333334
emotion,12_20,pointy,ViT Small,head_model,8,0.5833333333333334,0.5,0.16666666666666674
emotion,12_20,pointy,ViT Small,head_model,9,0.525,0.5,0.050000000000000044
emotion,12_20,pointy,ViT Small,head_model,10,0.4583333333333333,0.5,-0.08333333333333337
emotion,12_20,streaky,ConvNeXt Base,full_model,1,0.6833333333333333,0.5,0.3666666666666667
emotion,12_20,streaky,ConvNeXt Base,full_model,2,0.6583333333333333,0.5,0.31666666666666665
emotion,12_20,streaky,ConvNeXt Base,full_model,3,0.625,0.5,0.25
emotion,12_20,streaky,ConvNeXt Base,full_model,4,0.7,0.5,0.3999999999999999
emotion,12_20,streaky,ConvNeXt Base,full_model,5,0.6833333333333333,0.5,0.3666666666666667
emotion,12_20,streaky,ConvNeXt Base,full_model,6,0.7416666666666667,0.5,0.4833333333333334
emotion,12_20,streaky,ConvNeXt Base,full_model,7,0.65,0.5,0.30000000000000004
emotion,12_20,streaky,ConvNeXt Base,full_model,8,0.6666666666666666,0.5,0.33333333333333326
emotion,12_20,streaky,ConvNeXt Base,full_model,9,0.725,0.5,0.44999999999999996
emotion,12_20,streaky,ConvNeXt Base,full_model,10,0.7583333333333333,0.5,0.5166666666666666
emotion,12_20,streaky,ConvNeXt Base,head_model,1,0.725,0.5,0.44999999999999996
emotion,12_20,streaky,ConvNeXt Base,head_model,2,0.575,0.5,0.1499999999999999
emotion,12_20,streaky,ConvNeXt Base,head_model,3,0.6833333333333333,0.5,0.3666666666666667
emotion,12_20,streaky,ConvNeXt Base,head_model,4,0.675,0.5,0.3500000000000001
emotion,12_20,streaky,ConvNeXt Base,head_model,5,0.7416666666666667,0.5,0.4833333333333334
emotion,12_20,streaky,ConvNeXt Base,head_model,6,0.6333333333333333,0.5,0.2666666666666666
emotion,12_20,streaky,ConvNeXt Base,head_model,7,0.7166666666666667,0.5,0.43333333333333335
emotion,12_20,streaky,ConvNeXt Base,head_model,8,0.6666666666666666,0.5,0.33333333333333326
emotion,12_20,streaky,ConvNeXt Base,head_model,9,0.6416666666666667,0.5,0.28333333333333344
emotion,12_20,streaky,ConvNeXt Base,head_model,10,0.6916666666666667,0.5,0.3833333333333333
emotion,12_20,streaky,ConvNeXt Large,full_model,1,0.5666666666666667,0.5,0.1333333333333333
emotion,12_20,streaky,ConvNeXt Large,full_model,2,0.6666666666666666,0.5,0.33333333333333326
emotion,12_20,streaky,ConvNeXt Large,full_model,3,0.725,0.5,0.44999999999999996
emotion,12_20,streaky,ConvNeXt Large,full_model,4,0.7333333333333333,0.5,0.46666666666666656
emotion,12_20,streaky,ConvNeXt Large,full_model,5,0.7083333333333334,0.5,0.41666666666666674
emotion,12_20,streaky,ConvNeXt Large,full_model,6,0.6666666666666666,0.5,0.33333333333333326
emotion,12_20,streaky,ConvNeXt Large,full_model,7,0.6416666666666667,0.5,0.28333333333333344
emotion,12_20,streaky,ConvNeXt Large,full_model,8,0.7,0.5,0.3999999999999999
emotion,12_20,streaky,ConvNeXt Large,full_model,9,0.6333333333333333,0.5,0.2666666666666666
emotion,12_20,streaky,ConvNeXt Large,full_model,10,0.6333333333333333,0.5,0.2666666666666666
emotion,12_20,streaky,ConvNeXt Large,head_model,1,0.8166666666666667,0.5,0.6333333333333333
emotion,12_20,streaky,ConvNeXt Large,head_model,2,0.6666666666666666,0.5,0.33333333333333326
emotion,12_20,streaky,ConvNeXt Large,head_model,3,0.7916666666666666,0.5,0.5833333333333333
emotion,12_20,streaky,ConvNeXt Large,head_model,4,0.775,0.5,0.55
emotion,12_20,streaky,ConvNeXt Large,head_model,5,0.775,0.5,0.55
emotion,12_20,streaky,ConvNeXt Large,head_model,6,0.6916666666666667,0.5,0.3833333333333333
emotion,12_20,streaky,ConvNeXt Large,head_model,7,0.7916666666666666,0.5,0.5833333333333333
emotion,12_20,streaky,ConvNeXt Large,head_model,8,0.7,0.5,0.3999999999999999
emotion,12_20,streaky,ConvNeXt Large,head_model,9,0.7083333333333334,0.5,0.41666666666666674
emotion,12_20,streaky,ConvNeXt Large,head_model,10,0.825,0.5,0.6499999999999999
emotion,12_20,streaky,ConvNeXt Small,full_model,1,0.6916666666666667,0.5,0.3833333333333333
emotion,12_20,streaky,ConvNeXt Small,full_model,2,0.6583333333333333,0.5,0.31666666666666665
emotion,12_20,streaky,ConvNeXt Small,full_model,3,0.65,0.5,0.30000000000000004
emotion,12_20,streaky,ConvNeXt Small,full_model,4,0.725,0.5,0.44999999999999996
emotion,12_20,streaky,ConvNeXt Small,full_model,5,0.6833333333333333,0.5,0.3666666666666667
emotion,12_20,streaky,ConvNeXt Small,full_model,6,0.6833333333333333,0.5,0.3666666666666667
emotion,12_20,streaky,ConvNeXt Small,full_model,7,0.5916666666666667,0.5,0.18333333333333335
emotion,12_20,streaky,ConvNeXt Small,full_model,8,0.7416666666666667,0.5,0.4833333333333334
emotion,12_20,streaky,ConvNeXt Small,full_model,9,0.6833333333333333,0.5,0.3666666666666667
emotion,12_20,streaky,ConvNeXt Small,full_model,10,0.6666666666666666,0.5,0.33333333333333326
emotion,12_20,streaky,ConvNeXt Small,head_model,1,0.7,0.5,0.3999999999999999
emotion,12_20,streaky,ConvNeXt Small,head_model,2,0.5666666666666667,0.5,0.1333333333333333
emotion,12_20,streaky,ConvNeXt Small,head_model,3,0.6416666666666667,0.5,0.28333333333333344
emotion,12_20,streaky,ConvNeXt Small,head_model,4,0.6833333333333333,0.5,0.3666666666666667
emotion,12_20,streaky,ConvNeXt Small,head_model,5,0.6333333333333333,0.5,0.2666666666666666
emotion,12_20,streaky,ConvNeXt Small,head_model,6,0.625,0.5,0.25
emotion,12_20,streaky,ConvNeXt Small,head_model,7,0.6166666666666667,0.5,0.2333333333333334
emotion,12_20,streaky,ConvNeXt Small,head_model,8,0.6333333333333333,0.5,0.2666666666666666
emotion,12_20,streaky,ConvNeXt Small,head_model,9,0.6333333333333333,0.5,0.2666666666666666
emotion,12_20,streaky,ConvNeXt Small,head_model,10,0.675,0.5,0.3500000000000001
emotion,12_20,streaky,ConvNeXt Tiny,full_model,1,0.625,0.5,0.25
emotion,12_20,streaky,ConvNeXt Tiny,full_model,2,0.6666666666666666,0.5,0.33333333333333326
emotion,12_20,streaky,ConvNeXt Tiny,full_model,3,0.675,0.5,0.3500000000000001
emotion,12_20,streaky,ConvNeXt Tiny,full_model,4,0.6583333333333333,0.5,0.31666666666666665
emotion,12_20,streaky,ConvNeXt Tiny,full_model,5,0.7166666666666667,0.5,0.43333333333333335
emotion,12_20,streaky,ConvNeXt Tiny,full_model,6,0.6666666666666666,0.5,0.33333333333333326
emotion,12_20,streaky,ConvNeXt Tiny,full_model,7,0.7416666666666667,0.5,0.4833333333333334
emotion,12_20,streaky,ConvNeXt Tiny,full_model,8,0.6916666666666667,0.5,0.3833333333333333
emotion,12_20,streaky,ConvNeXt Tiny,full_model,9,0.6083333333333333,0.5,0.21666666666666656
emotion,12_20,streaky,ConvNeXt Tiny,full_model,10,0.7166666666666667,0.5,0.43333333333333335
emotion,12_20,streaky,ConvNeXt Tiny,head_model,1,0.7833333333333333,0.5,0.5666666666666667
emotion,12_20,streaky,ConvNeXt Tiny,head_model,2,0.5666666666666667,0.5,0.1333333333333333
emotion,12_20,streaky,ConvNeXt Tiny,head_model,3,0.8083333333333333,0.5,0.6166666666666667
emotion,12_20,streaky,ConvNeXt Tiny,head_model,4,0.7416666666666667,0.5,0.4833333333333334
emotion,12_20,streaky,ConvNeXt Tiny,head_model,5,0.7583333333333333,0.5,0.5166666666666666
emotion,12_20,streaky,ConvNeXt Tiny,head_model,6,0.7083333333333334,0.5,0.41666666666666674
emotion,12_20,streaky,ConvNeXt Tiny,head_model,7,0.775,0.5,0.55
emotion,12_20,streaky,ConvNeXt Tiny,head_model,8,0.7166666666666667,0.5,0.43333333333333335
emotion,12_20,streaky,ConvNeXt Tiny,head_model,9,0.6416666666666667,0.5,0.28333333333333344
emotion,12_20,streaky,ConvNeXt Tiny,head_model,10,0.7666666666666667,0.5,0.5333333333333334
emotion,12_20,streaky,DINOv3 ViT Base,full_model,1,0.6583333333333333,0.5,0.31666666666666665
emotion,12_20,streaky,DINOv3 ViT Base,full_model,2,0.5083333333333333,0.5,0.016666666666666607
emotion,12_20,streaky,DINOv3 ViT Base,full_model,3,0.7166666666666667,0.5,0.43333333333333335
emotion,12_20,streaky,DINOv3 ViT Base,full_model,4,0.575,0.5,0.1499999999999999
emotion,12_20,streaky,DINOv3 ViT Base,full_model,5,0.5,0.5,0.0
emotion,12_20,streaky,DINOv3 ViT Base,full_model,6,0.6833333333333333,0.5,0.3666666666666667
emotion,12_20,streaky,DINOv3 ViT Base,full_model,7,0.6166666666666667,0.5,0.2333333333333334
emotion,12_20,streaky,DINOv3 ViT Base,full_model,8,0.6583333333333333,0.5,0.31666666666666665
emotion,12_20,streaky,DINOv3 ViT Base,full_model,9,0.6666666666666666,0.5,0.33333333333333326
emotion,12_20,streaky,DINOv3 ViT Base,full_model,10,0.675,0.5,0.3500000000000001
emotion,12_20,streaky,DINOv3 ViT Base,head_model,1,0.65,0.5,0.30000000000000004
emotion,12_20,streaky,DINOv3 ViT Base,head_model,2,0.6333333333333333,0.5,0.2666666666666666
emotion,12_20,streaky,DINOv3 ViT Base,head_model,3,0.7666666666666667,0.5,0.5333333333333334
emotion,12_20,streaky,DINOv3 ViT Base,head_model,4,0.6833333333333333,0.5,0.3666666666666667
emotion,12_20,streaky,DINOv3 ViT Base,head_model,5,0.6833333333333333,0.5,0.3666666666666667
emotion,12_20,streaky,DINOv3 ViT Base,head_model,6,0.75,0.5,0.5
emotion,12_20,streaky,DINOv3 ViT Base,head_model,7,0.725,0.5,0.44999999999999996
emotion,12_20,streaky,DINOv3 ViT Base,head_model,8,0.6916666666666667,0.5,0.3833333333333333
emotion,12_20,streaky,DINOv3 ViT Base,head_model,9,0.75,0.5,0.5
emotion,12_20,streaky,DINOv3 ViT Base,head_model,10,0.775,0.5,0.55
emotion,12_20,streaky,ResNet18,full_model,1,0.5916666666666667,0.5,0.18333333333333335
emotion,12_20,streaky,ResNet18,full_model,2,0.6,0.5,0.19999999999999996
emotion,12_20,streaky,ResNet18,full_model,3,0.6333333333333333,0.5,0.2666666666666666
emotion,12_20,streaky,ResNet18,full_model,4,0.65,0.5,0.30000000000000004
emotion,12_20,streaky,ResNet18,full_model,5,0.6416666666666667,0.5,0.28333333333333344
emotion,12_20,streaky,ResNet18,full_model,6,0.6166666666666667,0.5,0.2333333333333334
emotion,12_20,streaky,ResNet18,full_model,7,0.6416666666666667,0.5,0.28333333333333344
emotion,12_20,streaky,ResNet18,full_model,8,0.575,0.5,0.1499999999999999
emotion,12_20,streaky,ResNet18,full_model,9,0.675,0.5,0.3500000000000001
emotion,12_20,streaky,ResNet18,full_model,10,0.7,0.5,0.3999999999999999
emotion,12_20,streaky,ResNet18,head_model,1,0.625,0.5,0.25
emotion,12_20,streaky,ResNet18,head_model,2,0.5916666666666667,0.5,0.18333333333333335
emotion,12_20,streaky,ResNet18,head_model,3,0.5833333333333334,0.5,0.16666666666666674
emotion,12_20,streaky,ResNet18,head_model,4,0.6083333333333333,0.5,0.21666666666666656
emotion,12_20,streaky,ResNet18,head_model,5,0.5916666666666667,0.5,0.18333333333333335
emotion,12_20,streaky,ResNet18,head_model,6,0.7,0.5,0.3999999999999999
emotion,12_20,streaky,ResNet18,head_model,7,0.6916666666666667,0.5,0.3833333333333333
emotion,12_20,streaky,ResNet18,head_model,8,0.5833333333333334,0.5,0.16666666666666674
emotion,12_20,streaky,ResNet18,head_model,9,0.6583333333333333,0.5,0.31666666666666665
emotion,12_20,streaky,ResNet18,head_model,10,0.5833333333333334,0.5,0.16666666666666674
emotion,12_20,streaky,ResNet50,full_model,1,0.6166666666666667,0.5,0.2333333333333334
emotion,12_20,streaky,ResNet50,full_model,2,0.5666666666666667,0.5,0.1333333333333333
emotion,12_20,streaky,ResNet50,full_model,3,0.6666666666666666,0.5,0.33333333333333326
emotion,12_20,streaky,ResNet50,full_model,4,0.6,0.5,0.19999999999999996
emotion,12_20,streaky,ResNet50,full_model,5,0.6,0.5,0.19999999999999996
emotion,12_20,streaky,ResNet50,full_model,6,0.575,0.5,0.1499999999999999
emotion,12_20,streaky,ResNet50,full_model,7,0.5083333333333333,0.5,0.016666666666666607
emotion,12_20,streaky,ResNet50,full_model,8,0.625,0.5,0.25
emotion,12_20,streaky,ResNet50,full_model,9,0.5666666666666667,0.5,0.1333333333333333
emotion,12_20,streaky,ResNet50,full_model,10,0.6333333333333333,0.5,0.2666666666666666
emotion,12_20,streaky,ResNet50,head_model,1,0.7166666666666667,0.5,0.43333333333333335
emotion,12_20,streaky,ResNet50,head_model,2,0.6833333333333333,0.5,0.3666666666666667
emotion,12_20,streaky,ResNet50,head_model,3,0.7083333333333334,0.5,0.41666666666666674
emotion,12_20,streaky,ResNet50,head_model,4,0.725,0.5,0.44999999999999996
emotion,12_20,streaky,ResNet50,head_model,5,0.7166666666666667,0.5,0.43333333333333335
emotion,12_20,streaky,ResNet50,head_model,6,0.7416666666666667,0.5,0.4833333333333334
emotion,12_20,streaky,ResNet50,head_model,7,0.725,0.5,0.44999999999999996
emotion,12_20,streaky,ResNet50,head_model,8,0.7083333333333334,0.5,0.41666666666666674
emotion,12_20,streaky,ResNet50,head_model,9,0.7333333333333333,0.5,0.46666666666666656
emotion,12_20,streaky,ResNet50,head_model,10,0.65,0.5,0.30000000000000004
emotion,12_20,streaky,VGG11,full_model,1,0.6333333333333333,0.5,0.2666666666666666
emotion,12_20,streaky,VGG11,full_model,2,0.6166666666666667,0.5,0.2333333333333334
emotion,12_20,streaky,VGG11,full_model,3,0.625,0.5,0.25
emotion,12_20,streaky,VGG11,full_model,4,0.65,0.5,0.30000000000000004
emotion,12_20,streaky,VGG11,full_model,5,0.65,0.5,0.30000000000000004
emotion,12_20,streaky,VGG11,full_model,6,0.6833333333333333,0.5,0.3666666666666667
emotion,12_20,streaky,VGG11,full_model,7,0.6833333333333333,0.5,0.3666666666666667
emotion,12_20,streaky,VGG11,full_model,8,0.6583333333333333,0.5,0.31666666666666665
emotion,12_20,streaky,VGG11,full_model,9,0.7333333333333333,0.5,0.46666666666666656
emotion,12_20,streaky,VGG11,full_model,10,0.7,0.5,0.3999999999999999
emotion,12_20,streaky,VGG11,head_model,1,0.7333333333333333,0.5,0.46666666666666656
emotion,12_20,streaky,VGG11,head_model,2,0.575,0.5,0.1499999999999999
emotion,12_20,streaky,VGG11,head_model,3,0.6833333333333333,0.5,0.3666666666666667
emotion,12_20,streaky,VGG11,head_model,4,0.6083333333333333,0.5,0.21666666666666656
emotion,12_20,streaky,VGG11,head_model,5,0.6416666666666667,0.5,0.28333333333333344
emotion,12_20,streaky,VGG11,head_model,6,0.6333333333333333,0.5,0.2666666666666666
emotion,12_20,streaky,VGG11,head_model,7,0.6416666666666667,0.5,0.28333333333333344
emotion,12_20,streaky,VGG11,head_model,8,0.7333333333333333,0.5,0.46666666666666656
emotion,12_20,streaky,VGG11,head_model,9,0.6166666666666667,0.5,0.2333333333333334
emotion,12_20,streaky,VGG11,head_model,10,0.725,0.5,0.44999999999999996
emotion,12_20,streaky,VGG13,full_model,1,0.7,0.5,0.3999999999999999
emotion,12_20,streaky,VGG13,full_model,2,0.5833333333333334,0.5,0.16666666666666674
emotion,12_20,streaky,VGG13,full_model,3,0.625,0.5,0.25
emotion,12_20,streaky,VGG13,full_model,4,0.65,0.5,0.30000000000000004
emotion,12_20,streaky,VGG13,full_model,5,0.6416666666666667,0.5,0.28333333333333344
emotion,12_20,streaky,VGG13,full_model,6,0.7,0.5,0.3999999999999999
emotion,12_20,streaky,VGG13,full_model,7,0.6833333333333333,0.5,0.3666666666666667
emotion,12_20,streaky,VGG13,full_model,8,0.575,0.5,0.1499999999999999
emotion,12_20,streaky,VGG13,full_model,9,0.7,0.5,0.3999999999999999
emotion,12_20,streaky,VGG13,full_model,10,0.675,0.5,0.3500000000000001
emotion,12_20,streaky,VGG13,head_model,1,0.7,0.5,0.3999999999999999
emotion,12_20,streaky,VGG13,head_model,2,0.6,0.5,0.19999999999999996
emotion,12_20,streaky,VGG13,head_model,3,0.7,0.5,0.3999999999999999
emotion,12_20,streaky,VGG13,head_model,4,0.65,0.5,0.30000000000000004
emotion,12_20,streaky,VGG13,head_model,5,0.6666666666666666,0.5,0.33333333333333326
emotion,12_20,streaky,VGG13,head_model,6,0.6666666666666666,0.5,0.33333333333333326
emotion,12_20,streaky,VGG13,head_model,7,0.6583333333333333,0.5,0.31666666666666665
emotion,12_20,streaky,VGG13,head_model,8,0.675,0.5,0.3500000000000001
emotion,12_20,streaky,VGG13,head_model,9,0.6583333333333333,0.5,0.31666666666666665
emotion,12_20,streaky,VGG13,head_model,10,0.7,0.5,0.3999999999999999
emotion,12_20,streaky,VGG16,full_model,1,0.7083333333333334,0.5,0.41666666666666674
emotion,12_20,streaky,VGG16,full_model,2,0.675,0.5,0.3500000000000001
emotion,12_20,streaky,VGG16,full_model,3,0.6,0.5,0.19999999999999996
emotion,12_20,streaky,VGG16,full_model,4,0.6333333333333333,0.5,0.2666666666666666
emotion,12_20,streaky,VGG16,full_model,5,0.7083333333333334,0.5,0.41666666666666674
emotion,12_20,streaky,VGG16,full_model,6,0.6583333333333333,0.5,0.31666666666666665
emotion,12_20,streaky,VGG16,full_model,7,0.6833333333333333,0.5,0.3666666666666667
emotion,12_20,streaky,VGG16,full_model,8,0.6083333333333333,0.5,0.21666666666666656
emotion,12_20,streaky,VGG16,full_model,9,0.65,0.5,0.30000000000000004
emotion,12_20,streaky,VGG16,full_model,10,0.65,0.5,0.30000000000000004
emotion,12_20,streaky,VGG16,head_model,1,0.7416666666666667,0.5,0.4833333333333334
emotion,12_20,streaky,VGG16,head_model,2,0.5,0.5,0.0
emotion,12_20,streaky,VGG16,head_model,3,0.5833333333333334,0.5,0.16666666666666674
emotion,12_20,streaky,VGG16,head_model,4,0.6,0.5,0.19999999999999996
emotion,12_20,streaky,VGG16,head_model,5,0.6,0.5,0.19999999999999996
emotion,12_20,streaky,VGG16,head_model,6,0.5916666666666667,0.5,0.18333333333333335
emotion,12_20,streaky,VGG16,head_model,7,0.5916666666666667,0.5,0.18333333333333335
emotion,12_20,streaky,VGG16,head_model,8,0.625,0.5,0.25
emotion,12_20,streaky,VGG16,head_model,9,0.6,0.5,0.19999999999999996
emotion,12_20,streaky,VGG16,head_model,10,0.6583333333333333,0.5,0.31666666666666665
emotion,12_20,streaky,VGG19,full_model,1,0.625,0.5,0.25
emotion,12_20,streaky,VGG19,full_model,2,0.5833333333333334,0.5,0.16666666666666674
emotion,12_20,streaky,VGG19,full_model,3,0.675,0.5,0.3500000000000001
emotion,12_20,streaky,VGG19,full_model,4,0.675,0.5,0.3500000000000001
emotion,12_20,streaky,VGG19,full_model,5,0.725,0.5,0.44999999999999996
emotion,12_20,streaky,VGG19,full_model,6,0.6833333333333333,0.5,0.3666666666666667
emotion,12_20,streaky,VGG19,full_model,7,0.6833333333333333,0.5,0.3666666666666667
emotion,12_20,streaky,VGG19,full_model,8,0.6416666666666667,0.5,0.28333333333333344
emotion,12_20,streaky,VGG19,full_model,9,0.6666666666666666,0.5,0.33333333333333326
emotion,12_20,streaky,VGG19,full_model,10,0.6833333333333333,0.5,0.3666666666666667
emotion,12_20,streaky,VGG19,head_model,1,0.65,0.5,0.30000000000000004
emotion,12_20,streaky,VGG19,head_model,2,0.5666666666666667,0.5,0.1333333333333333
emotion,12_20,streaky,VGG19,head_model,3,0.6,0.5,0.19999999999999996
emotion,12_20,streaky,VGG19,head_model,4,0.6166666666666667,0.5,0.2333333333333334
emotion,12_20,streaky,VGG19,head_model,5,0.5833333333333334,0.5,0.16666666666666674
emotion,12_20,streaky,VGG19,head_model,6,0.6166666666666667,0.5,0.2333333333333334
emotion,12_20,streaky,VGG19,head_model,7,0.5833333333333334,0.5,0.16666666666666674
emotion,12_20,streaky,VGG19,head_model,8,0.6,0.5,0.19999999999999996
emotion,12_20,streaky,VGG19,head_model,9,0.5916666666666667,0.5,0.18333333333333335
emotion,12_20,streaky,VGG19,head_model,10,0.5916666666666667,0.5,0.18333333333333335
emotion,12_20,streaky,ViT Base,full_model,1,0.6583333333333333,0.5,0.31666666666666665
emotion,12_20,streaky,ViT Base,full_model,2,0.725,0.5,0.44999999999999996
emotion,12_20,streaky,ViT Base,full_model,3,0.625,0.5,0.25
emotion,12_20,streaky,ViT Base,full_model,4,0.5833333333333334,0.5,0.16666666666666674
emotion,12_20,streaky,ViT Base,full_model,5,0.6333333333333333,0.5,0.2666666666666666
emotion,12_20,streaky,ViT Base,full_model,6,0.625,0.5,0.25
emotion,12_20,streaky,ViT Base,full_model,7,0.625,0.5,0.25
emotion,12_20,streaky,ViT Base,full_model,8,0.625,0.5,0.25
emotion,12_20,streaky,ViT Base,full_model,9,0.6,0.5,0.19999999999999996
emotion,12_20,streaky,ViT Base,full_model,10,0.6666666666666666,0.5,0.33333333333333326
emotion,12_20,streaky,ViT Base,head_model,1,0.6583333333333333,0.5,0.31666666666666665
emotion,12_20,streaky,ViT Base,head_model,2,0.7166666666666667,0.5,0.43333333333333335
emotion,12_20,streaky,ViT Base,head_model,3,0.7083333333333334,0.5,0.41666666666666674
emotion,12_20,streaky,ViT Base,head_model,4,0.7083333333333334,0.5,0.41666666666666674
emotion,12_20,streaky,ViT Base,head_model,5,0.5416666666666666,0.5,0.08333333333333326
emotion,12_20,streaky,ViT Base,head_model,6,0.5666666666666667,0.5,0.1333333333333333
emotion,12_20,streaky,ViT Base,head_model,7,0.7083333333333334,0.5,0.41666666666666674
emotion,12_20,streaky,ViT Base,head_model,8,0.6916666666666667,0.5,0.3833333333333333
emotion,12_20,streaky,ViT Base,head_model,9,0.5666666666666667,0.5,0.1333333333333333
emotion,12_20,streaky,ViT Base,head_model,10,0.6916666666666667,0.5,0.3833333333333333
emotion,12_20,streaky,ViT Large,full_model,1,0.575,0.5,0.1499999999999999
emotion,12_20,streaky,ViT Large,full_model,2,0.6333333333333333,0.5,0.2666666666666666
emotion,12_20,streaky,ViT Large,full_model,3,0.6,0.5,0.19999999999999996
emotion,12_20,streaky,ViT Large,full_model,4,0.675,0.5,0.3500000000000001
emotion,12_20,streaky,ViT Large,full_model,5,0.55,0.5,0.10000000000000009
emotion,12_20,streaky,ViT Large,full_model,6,0.6,0.5,0.19999999999999996
emotion,12_20,streaky,ViT Large,full_model,7,0.6,0.5,0.19999999999999996
emotion,12_20,streaky,ViT Large,full_model,8,0.6166666666666667,0.5,0.2333333333333334
emotion,12_20,streaky,ViT Large,full_model,9,0.575,0.5,0.1499999999999999
emotion,12_20,streaky,ViT Large,full_model,10,0.625,0.5,0.25
emotion,12_20,streaky,ViT Large,head_model,1,0.7083333333333334,0.5,0.41666666666666674
emotion,12_20,streaky,ViT Large,head_model,2,0.6916666666666667,0.5,0.3833333333333333
emotion,12_20,streaky,ViT Large,head_model,3,0.65,0.5,0.30000000000000004
emotion,12_20,streaky,ViT Large,head_model,4,0.6833333333333333,0.5,0.3666666666666667
emotion,12_20,streaky,ViT Large,head_model,5,0.6333333333333333,0.5,0.2666666666666666
emotion,12_20,streaky,ViT Large,head_model,6,0.625,0.5,0.25
emotion,12_20,streaky,ViT Large,head_model,7,0.625,0.5,0.25
emotion,12_20,streaky,ViT Large,head_model,8,0.6166666666666667,0.5,0.2333333333333334
emotion,12_20,streaky,ViT Large,head_model,9,0.675,0.5,0.3500000000000001
emotion,12_20,streaky,ViT Large,head_model,10,0.6833333333333333,0.5,0.3666666666666667
emotion,12_20,streaky,ViT Small,full_model,1,0.65,0.5,0.30000000000000004
emotion,12_20,streaky,ViT Small,full_model,2,0.7,0.5,0.3999999999999999
emotion,12_20,streaky,ViT Small,full_model,3,0.6166666666666667,0.5,0.2333333333333334
emotion,12_20,streaky,ViT Small,full_model,4,0.75,0.5,0.5
emotion,12_20,streaky,ViT Small,full_model,5,0.6666666666666666,0.5,0.33333333333333326
emotion,12_20,streaky,ViT Small,full_model,6,0.65,0.5,0.30000000000000004
emotion,12_20,streaky,ViT Small,full_model,7,0.625,0.5,0.25
emotion,12_20,streaky,ViT Small,full_model,8,0.6916666666666667,0.5,0.3833333333333333
emotion,12_20,streaky,ViT Small,full_model,9,0.7416666666666667,0.5,0.4833333333333334
emotion,12_20,streaky,ViT Small,full_model,10,0.6916666666666667,0.5,0.3833333333333333
emotion,12_20,streaky,ViT Small,head_model,1,0.7,0.5,0.3999999999999999
emotion,12_20,streaky,ViT Small,head_model,2,0.6416666666666667,0.5,0.28333333333333344
emotion,12_20,streaky,ViT Small,head_model,3,0.65,0.5,0.30000000000000004
emotion,12_20,streaky,ViT Small,head_model,4,0.6416666666666667,0.5,0.28333333333333344
emotion,12_20,streaky,ViT Small,head_model,5,0.65,0.5,0.30000000000000004
emotion,12_20,streaky,ViT Small,head_model,6,0.6583333333333333,0.5,0.31666666666666665
emotion,12_20,streaky,ViT Small,head_model,7,0.7,0.5,0.3999999999999999
emotion,12_20,streaky,ViT Small,head_model,8,0.7083333333333334,0.5,0.41666666666666674
emotion,12_20,streaky,ViT Small,head_model,9,0.6666666666666666,0.5,0.33333333333333326
emotion,12_20,streaky,ViT Small,head_model,10,0.7,0.5,0.3999999999999999
emotion,6_15,pointy,ConvNeXt Base,full_model,1,0.6083333333333333,0.5,0.21666666666666656
emotion,6_15,pointy,ConvNeXt Base,full_model,2,0.575,0.5,0.1499999999999999
emotion,6_15,pointy,ConvNeXt Base,full_model,3,0.575,0.5,0.1499999999999999
emotion,6_15,pointy,ConvNeXt Base,full_model,4,0.6583333333333333,0.5,0.31666666666666665
emotion,6_15,pointy,ConvNeXt Base,full_model,5,0.6083333333333333,0.5,0.21666666666666656
emotion,6_15,pointy,ConvNeXt Base,full_model,6,0.6,0.5,0.19999999999999996
emotion,6_15,pointy,ConvNeXt Base,full_model,7,0.625,0.5,0.25
emotion,6_15,pointy,ConvNeXt Base,full_model,8,0.6166666666666667,0.5,0.2333333333333334
emotion,6_15,pointy,ConvNeXt Base,full_model,9,0.6333333333333333,0.5,0.2666666666666666
emotion,6_15,pointy,ConvNeXt Base,full_model,10,0.65,0.5,0.30000000000000004
emotion,6_15,pointy,ConvNeXt Base,head_model,1,0.6333333333333333,0.5,0.2666666666666666
emotion,6_15,pointy,ConvNeXt Base,head_model,2,0.5666666666666667,0.5,0.1333333333333333
emotion,6_15,pointy,ConvNeXt Base,head_model,3,0.5416666666666666,0.5,0.08333333333333326
emotion,6_15,pointy,ConvNeXt Base,head_model,4,0.6083333333333333,0.5,0.21666666666666656
emotion,6_15,pointy,ConvNeXt Base,head_model,5,0.525,0.5,0.050000000000000044
emotion,6_15,pointy,ConvNeXt Base,head_model,6,0.6583333333333333,0.5,0.31666666666666665
emotion,6_15,pointy,ConvNeXt Base,head_model,7,0.5583333333333333,0.5,0.1166666666666667
emotion,6_15,pointy,ConvNeXt Base,head_model,8,0.65,0.5,0.30000000000000004
emotion,6_15,pointy,ConvNeXt Base,head_model,9,0.55,0.5,0.10000000000000009
emotion,6_15,pointy,ConvNeXt Base,head_model,10,0.5,0.5,0.0
emotion,6_15,pointy,ConvNeXt Large,full_model,1,0.5416666666666666,0.5,0.08333333333333326
emotion,6_15,pointy,ConvNeXt Large,full_model,2,0.6,0.5,0.19999999999999996
emotion,6_15,pointy,ConvNeXt Large,full_model,3,0.6083333333333333,0.5,0.21666666666666656
emotion,6_15,pointy,ConvNeXt Large,full_model,4,0.5916666666666667,0.5,0.18333333333333335
emotion,6_15,pointy,ConvNeXt Large,full_model,5,0.525,0.5,0.050000000000000044
emotion,6_15,pointy,ConvNeXt Large,full_model,6,0.6333333333333333,0.5,0.2666666666666666
emotion,6_15,pointy,ConvNeXt Large,full_model,7,0.5666666666666667,0.5,0.1333333333333333
emotion,6_15,pointy,ConvNeXt Large,full_model,8,0.5833333333333334,0.5,0.16666666666666674
emotion,6_15,pointy,ConvNeXt Large,full_model,9,0.5833333333333334,0.5,0.16666666666666674
emotion,6_15,pointy,ConvNeXt Large,full_model,10,0.525,0.5,0.050000000000000044
emotion,6_15,pointy,ConvNeXt Large,head_model,1,0.7083333333333334,0.5,0.41666666666666674
emotion,6_15,pointy,ConvNeXt Large,head_model,2,0.6583333333333333,0.5,0.31666666666666665
emotion,6_15,pointy,ConvNeXt Large,head_model,3,0.6166666666666667,0.5,0.2333333333333334
emotion,6_15,pointy,ConvNeXt Large,head_model,4,0.65,0.5,0.30000000000000004
emotion,6_15,pointy,ConvNeXt Large,head_model,5,0.625,0.5,0.25
emotion,6_15,pointy,ConvNeXt Large,head_model,6,0.7333333333333333,0.5,0.46666666666666656
emotion,6_15,pointy,ConvNeXt Large,head_model,7,0.6333333333333333,0.5,0.2666666666666666
emotion,6_15,pointy,ConvNeXt Large,head_model,8,0.7083333333333334,0.5,0.41666666666666674
emotion,6_15,pointy,ConvNeXt Large,head_model,9,0.6666666666666666,0.5,0.33333333333333326
emotion,6_15,pointy,ConvNeXt Large,head_model,10,0.5416666666666666,0.5,0.08333333333333326
emotion,6_15,pointy,ConvNeXt Small,full_model,1,0.6,0.5,0.19999999999999996
emotion,6_15,pointy,ConvNeXt Small,full_model,2,0.5833333333333334,0.5,0.16666666666666674
emotion,6_15,pointy,ConvNeXt Small,full_model,3,0.6,0.5,0.19999999999999996
emotion,6_15,pointy,ConvNeXt Small,full_model,4,0.6333333333333333,0.5,0.2666666666666666
emotion,6_15,pointy,ConvNeXt Small,full_model,5,0.6,0.5,0.19999999999999996
emotion,6_15,pointy,ConvNeXt Small,full_model,6,0.5,0.5,0.0
emotion,6_15,pointy,ConvNeXt Small,full_model,7,0.6166666666666667,0.5,0.2333333333333334
emotion,6_15,pointy,ConvNeXt Small,full_model,8,0.6333333333333333,0.5,0.2666666666666666
emotion,6_15,pointy,ConvNeXt Small,full_model,9,0.5833333333333334,0.5,0.16666666666666674
emotion,6_15,pointy,ConvNeXt Small,full_model,10,0.675,0.5,0.3500000000000001
emotion,6_15,pointy,ConvNeXt Small,head_model,1,0.7166666666666667,0.5,0.43333333333333335
emotion,6_15,pointy,ConvNeXt Small,head_model,2,0.6166666666666667,0.5,0.2333333333333334
emotion,6_15,pointy,ConvNeXt Small,head_model,3,0.625,0.5,0.25
emotion,6_15,pointy,ConvNeXt Small,head_model,4,0.625,0.5,0.25
emotion,6_15,pointy,ConvNeXt Small,head_model,5,0.6,0.5,0.19999999999999996
emotion,6_15,pointy,ConvNeXt Small,head_model,6,0.7333333333333333,0.5,0.46666666666666656
emotion,6_15,pointy,ConvNeXt Small,head_model,7,0.625,0.5,0.25
emotion,6_15,pointy,ConvNeXt Small,head_model,8,0.7083333333333334,0.5,0.41666666666666674
emotion,6_15,pointy,ConvNeXt Small,head_model,9,0.625,0.5,0.25
emotion,6_15,pointy,ConvNeXt Small,head_model,10,0.5333333333333333,0.5,0.06666666666666665
emotion,6_15,pointy,ConvNeXt Tiny,full_model,1,0.5916666666666667,0.5,0.18333333333333335
emotion,6_15,pointy,ConvNeXt Tiny,full_model,2,0.49166666666666664,0.5,-0.01666666666666672
emotion,6_15,pointy,ConvNeXt Tiny,full_model,3,0.5916666666666667,0.5,0.18333333333333335
emotion,6_15,pointy,ConvNeXt Tiny,full_model,4,0.6083333333333333,0.5,0.21666666666666656
emotion,6_15,pointy,ConvNeXt Tiny,full_model,5,0.5666666666666667,0.5,0.1333333333333333
emotion,6_15,pointy,ConvNeXt Tiny,full_model,6,0.5583333333333333,0.5,0.1166666666666667
emotion,6_15,pointy,ConvNeXt Tiny,full_model,7,0.5666666666666667,0.5,0.1333333333333333
emotion,6_15,pointy,ConvNeXt Tiny,full_model,8,0.5916666666666667,0.5,0.18333333333333335
emotion,6_15,pointy,ConvNeXt Tiny,full_model,9,0.65,0.5,0.30000000000000004
emotion,6_15,pointy,ConvNeXt Tiny,full_model,10,0.6833333333333333,0.5,0.3666666666666667
emotion,6_15,pointy,ConvNeXt Tiny,head_model,1,0.7166666666666667,0.5,0.43333333333333335
emotion,6_15,pointy,ConvNeXt Tiny,head_model,2,0.6333333333333333,0.5,0.2666666666666666
emotion,6_15,pointy,ConvNeXt Tiny,head_model,3,0.6416666666666667,0.5,0.28333333333333344
emotion,6_15,pointy,ConvNeXt Tiny,head_model,4,0.6833333333333333,0.5,0.3666666666666667
emotion,6_15,pointy,ConvNeXt Tiny,head_model,5,0.575,0.5,0.1499999999999999
emotion,6_15,pointy,ConvNeXt Tiny,head_model,6,0.7083333333333334,0.5,0.41666666666666674
emotion,6_15,pointy,ConvNeXt Tiny,head_model,7,0.6416666666666667,0.5,0.28333333333333344
emotion,6_15,pointy,ConvNeXt Tiny,head_model,8,0.7083333333333334,0.5,0.41666666666666674
emotion,6_15,pointy,ConvNeXt Tiny,head_model,9,0.6583333333333333,0.5,0.31666666666666665
emotion,6_15,pointy,ConvNeXt Tiny,head_model,10,0.5166666666666667,0.5,0.03333333333333344
emotion,6_15,pointy,DINOv3 ViT Base,full_model,1,0.5,0.5,0.0
emotion,6_15,pointy,DINOv3 ViT Base,full_model,2,0.5,0.5,0.0
emotion,6_15,pointy,DINOv3 ViT Base,full_model,3,0.5,0.5,0.0
emotion,6_15,pointy,DINOv3 ViT Base,full_model,4,0.5833333333333334,0.5,0.16666666666666674
emotion,6_15,pointy,DINOv3 ViT Base,full_model,5,0.5,0.5,0.0
emotion,6_15,pointy,DINOv3 ViT Base,full_model,6,0.6333333333333333,0.5,0.2666666666666666
emotion,6_15,pointy,DINOv3 ViT Base,full_model,7,0.5,0.5,0.0
emotion,6_15,pointy,DINOv3 ViT Base,full_model,8,0.6666666666666666,0.5,0.33333333333333326
emotion,6_15,pointy,DINOv3 ViT Base,full_model,9,0.525,0.5,0.050000000000000044
emotion,6_15,pointy,DINOv3 ViT Base,full_model,10,0.5,0.5,0.0
emotion,6_15,pointy,DINOv3 ViT Base,head_model,1,0.675,0.5,0.3500000000000001
emotion,6_15,pointy,DINOv3 ViT Base,head_model,2,0.525,0.5,0.050000000000000044
emotion,6_15,pointy,DINOv3 ViT Base,head_model,3,0.5833333333333334,0.5,0.16666666666666674
emotion,6_15,pointy,DINOv3 ViT Base,head_model,4,0.5416666666666666,0.5,0.08333333333333326
emotion,6_15,pointy,DINOv3 ViT Base,head_model,5,0.7,0.5,0.3999999999999999
emotion,6_15,pointy,DINOv3 ViT Base,head_model,6,0.6166666666666667,0.5,0.2333333333333334
emotion,6_15,pointy,DINOv3 ViT Base,head_model,7,0.5166666666666667,0.5,0.03333333333333344
emotion,6_15,pointy,DINOv3 ViT Base,head_model,8,0.55,0.5,0.10000000000000009
emotion,6_15,pointy,DINOv3 ViT Base,head_model,9,0.6333333333333333,0.5,0.2666666666666666
emotion,6_15,pointy,DINOv3 ViT Base,head_model,10,0.6666666666666666,0.5,0.33333333333333326
emotion,6_15,pointy,ResNet18,full_model,1,0.6583333333333333,0.5,0.31666666666666665
emotion,6_15,pointy,ResNet18,full_model,2,0.6416666666666667,0.5,0.28333333333333344
emotion,6_15,pointy,ResNet18,full_model,3,0.5833333333333334,0.5,0.16666666666666674
emotion,6_15,pointy,ResNet18,full_model,4,0.6333333333333333,0.5,0.2666666666666666
emotion,6_15,pointy,ResNet18,full_model,5,0.625,0.5,0.25
emotion,6_15,pointy,ResNet18,full_model,6,0.75,0.5,0.5
emotion,6_15,pointy,ResNet18,full_model,7,0.6666666666666666,0.5,0.33333333333333326
emotion,6_15,pointy,ResNet18,full_model,8,0.55,0.5,0.10000000000000009
emotion,6_15,pointy,ResNet18,full_model,9,0.7083333333333334,0.5,0.41666666666666674
emotion,6_15,pointy,ResNet18,full_model,10,0.7083333333333334,0.5,0.41666666666666674
emotion,6_15,pointy,ResNet18,head_model,1,0.5083333333333333,0.5,0.016666666666666607
emotion,6_15,pointy,ResNet18,head_model,2,0.5916666666666667,0.5,0.18333333333333335
emotion,6_15,pointy,ResNet18,head_model,3,0.525,0.5,0.050000000000000044
emotion,6_15,pointy,ResNet18,head_model,4,0.525,0.5,0.050000000000000044
emotion,6_15,pointy,ResNet18,head_model,5,0.5416666666666666,0.5,0.08333333333333326
emotion,6_15,pointy,ResNet18,head_model,6,0.5833333333333334,0.5,0.16666666666666674
emotion,6_15,pointy,ResNet18,head_model,7,0.525,0.5,0.050000000000000044
emotion,6_15,pointy,ResNet18,head_model,8,0.525,0.5,0.050000000000000044
emotion,6_15,pointy,ResNet18,head_model,9,0.5166666666666667,0.5,0.03333333333333344
emotion,6_15,pointy,ResNet18,head_model,10,0.5333333333333333,0.5,0.06666666666666665
emotion,6_15,pointy,ResNet50,full_model,1,0.6583333333333333,0.5,0.31666666666666665
emotion,6_15,pointy,ResNet50,full_model,2,0.65,0.5,0.30000000000000004
emotion,6_15,pointy,ResNet50,full_model,3,0.5666666666666667,0.5,0.1333333333333333
emotion,6_15,pointy,ResNet50,full_model,4,0.625,0.5,0.25
emotion,6_15,pointy,ResNet50,full_model,5,0.65,0.5,0.30000000000000004
emotion,6_15,pointy,ResNet50,full_model,6,0.6166666666666667,0.5,0.2333333333333334
emotion,6_15,pointy,ResNet50,full_model,7,0.6833333333333333,0.5,0.3666666666666667
emotion,6_15,pointy,ResNet50,full_model,8,0.575,0.5,0.1499999999999999
emotion,6_15,pointy,ResNet50,full_model,9,0.6583333333333333,0.5,0.31666666666666665
emotion,6_15,pointy,ResNet50,full_model,10,0.5583333333333333,0.5,0.1166666666666667
emotion,6_15,pointy,ResNet50,head_model,1,0.55,0.5,0.10000000000000009
emotion,6_15,pointy,ResNet50,head_model,2,0.6416666666666667,0.5,0.28333333333333344
emotion,6_15,pointy,ResNet50,head_model,3,0.6416666666666667,0.5,0.28333333333333344
emotion,6_15,pointy,ResNet50,head_model,4,0.625,0.5,0.25
emotion,6_15,pointy,ResNet50,head_model,5,0.625,0.5,0.25
emotion,6_15,pointy,ResNet50,head_model,6,0.6416666666666667,0.5,0.28333333333333344
emotion,6_15,pointy,ResNet50,head_model,7,0.625,0.5,0.25
emotion,6_15,pointy,ResNet50,head_model,8,0.6,0.5,0.19999999999999996
emotion,6_15,pointy,ResNet50,head_model,9,0.5916666666666667,0.5,0.18333333333333335
emotion,6_15,pointy,ResNet50,head_model,10,0.6333333333333333,0.5,0.2666666666666666
emotion,6_15,pointy,VGG11,full_model,1,0.5416666666666666,0.5,0.08333333333333326
emotion,6_15,pointy,VGG11,full_model,2,0.5166666666666667,0.5,0.03333333333333344
emotion,6_15,pointy,VGG11,full_model,3,0.55,0.5,0.10000000000000009
emotion,6_15,pointy,VGG11,full_model,4,0.5666666666666667,0.5,0.1333333333333333
emotion,6_15,pointy,VGG11,full_model,5,0.575,0.5,0.1499999999999999
emotion,6_15,pointy,VGG11,full_model,6,0.55,0.5,0.10000000000000009
emotion,6_15,pointy,VGG11,full_model,7,0.575,0.5,0.1499999999999999
emotion,6_15,pointy,VGG11,full_model,8,0.5166666666666667,0.5,0.03333333333333344
emotion,6_15,pointy,VGG11,full_model,9,0.5666666666666667,0.5,0.1333333333333333
emotion,6_15,pointy,VGG11,full_model,10,0.5416666666666666,0.5,0.08333333333333326
emotion,6_15,pointy,VGG11,head_model,1,0.65,0.5,0.30000000000000004
emotion,6_15,pointy,VGG11,head_model,2,0.5666666666666667,0.5,0.1333333333333333
emotion,6_15,pointy,VGG11,head_model,3,0.5666666666666667,0.5,0.1333333333333333
emotion,6_15,pointy,VGG11,head_model,4,0.575,0.5,0.1499999999999999
emotion,6_15,pointy,VGG11,head_model,5,0.625,0.5,0.25
emotion,6_15,pointy,VGG11,head_model,6,0.6666666666666666,0.5,0.33333333333333326
emotion,6_15,pointy,VGG11,head_model,7,0.5583333333333333,0.5,0.1166666666666667
emotion,6_15,pointy,VGG11,head_model,8,0.6,0.5,0.19999999999999996
emotion,6_15,pointy,VGG11,head_model,9,0.5916666666666667,0.5,0.18333333333333335
emotion,6_15,pointy,VGG11,head_model,10,0.5083333333333333,0.5,0.016666666666666607
emotion,6_15,pointy,VGG13,full_model,1,0.5666666666666667,0.5,0.1333333333333333
emotion,6_15,pointy,VGG13,full_model,2,0.5666666666666667,0.5,0.1333333333333333
emotion,6_15,pointy,VGG13,full_model,3,0.55,0.5,0.10000000000000009
emotion,6_15,pointy,VGG13,full_model,4,0.5833333333333334,0.5,0.16666666666666674
emotion,6_15,pointy,VGG13,full_model,5,0.6,0.5,0.19999999999999996
emotion,6_15,pointy,VGG13,full_model,6,0.6333333333333333,0.5,0.2666666666666666
emotion,6_15,pointy,VGG13,full_model,7,0.6,0.5,0.19999999999999996
emotion,6_15,pointy,VGG13,full_model,8,0.575,0.5,0.1499999999999999
emotion,6_15,pointy,VGG13,full_model,9,0.625,0.5,0.25
emotion,6_15,pointy,VGG13,full_model,10,0.6083333333333333,0.5,0.21666666666666656
emotion,6_15,pointy,VGG13,head_model,1,0.6666666666666666,0.5,0.33333333333333326
emotion,6_15,pointy,VGG13,head_model,2,0.5833333333333334,0.5,0.16666666666666674
emotion,6_15,pointy,VGG13,head_model,3,0.5833333333333334,0.5,0.16666666666666674
emotion,6_15,pointy,VGG13,head_model,4,0.6,0.5,0.19999999999999996
emotion,6_15,pointy,VGG13,head_model,5,0.6833333333333333,0.5,0.3666666666666667
emotion,6_15,pointy,VGG13,head_model,6,0.6333333333333333,0.5,0.2666666666666666
emotion,6_15,pointy,VGG13,head_model,7,0.5833333333333334,0.5,0.16666666666666674
emotion,6_15,pointy,VGG13,head_model,8,0.5916666666666667,0.5,0.18333333333333335
emotion,6_15,pointy,VGG13,head_model,9,0.625,0.5,0.25
emotion,6_15,pointy,VGG13,head_model,10,0.525,0.5,0.050000000000000044
emotion,6_15,pointy,VGG16,full_model,1,0.675,0.5,0.3500000000000001
emotion,6_15,pointy,VGG16,full_model,2,0.6666666666666666,0.5,0.33333333333333326
emotion,6_15,pointy,VGG16,full_model,3,0.55,0.5,0.10000000000000009
emotion,6_15,pointy,VGG16,full_model,4,0.6166666666666667,0.5,0.2333333333333334
emotion,6_15,pointy,VGG16,full_model,5,0.625,0.5,0.25
emotion,6_15,pointy,VGG16,full_model,6,0.5083333333333333,0.5,0.016666666666666607
emotion,6_15,pointy,VGG16,full_model,7,0.6083333333333333,0.5,0.21666666666666656
emotion,6_15,pointy,VGG16,full_model,8,0.6333333333333333,0.5,0.2666666666666666
emotion,6_15,pointy,VGG16,full_model,9,0.5916666666666667,0.5,0.18333333333333335
emotion,6_15,pointy,VGG16,full_model,10,0.65,0.5,0.30000000000000004
emotion,6_15,pointy,VGG16,head_model,1,0.55,0.5,0.10000000000000009
emotion,6_15,pointy,VGG16,head_model,2,0.525,0.5,0.050000000000000044
emotion,6_15,pointy,VGG16,head_model,3,0.5333333333333333,0.5,0.06666666666666665
emotion,6_15,pointy,VGG16,head_model,4,0.525,0.5,0.050000000000000044
emotion,6_15,pointy,VGG16,head_model,5,0.5333333333333333,0.5,0.06666666666666665
emotion,6_15,pointy,VGG16,head_model,6,0.5416666666666666,0.5,0.08333333333333326
emotion,6_15,pointy,VGG16,head_model,7,0.525,0.5,0.050000000000000044
emotion,6_15,pointy,VGG16,head_model,8,0.5083333333333333,0.5,0.016666666666666607
emotion,6_15,pointy,VGG16,head_model,9,0.5416666666666666,0.5,0.08333333333333326
emotion,6_15,pointy,VGG16,head_model,10,0.5083333333333333,0.5,0.016666666666666607
emotion,6_15,pointy,VGG19,full_model,1,0.65,0.5,0.30000000000000004
emotion,6_15,pointy,VGG19,full_model,2,0.5833333333333334,0.5,0.16666666666666674
emotion,6_15,pointy,VGG19,full_model,3,0.625,0.5,0.25
emotion,6_15,pointy,VGG19,full_model,4,0.625,0.5,0.25
emotion,6_15,pointy,VGG19,full_model,5,0.5916666666666667,0.5,0.18333333333333335
emotion,6_15,pointy,VGG19,full_model,6,0.6166666666666667,0.5,0.2333333333333334
emotion,6_15,pointy,VGG19,full_model,7,0.575,0.5,0.1499999999999999
emotion,6_15,pointy,VGG19,full_model,8,0.5833333333333334,0.5,0.16666666666666674
emotion,6_15,pointy,VGG19,full_model,9,0.5833333333333334,0.5,0.16666666666666674
emotion,6_15,pointy,VGG19,full_model,10,0.65,0.5,0.30000000000000004
emotion,6_15,pointy,VGG19,head_model,1,0.5916666666666667,0.5,0.18333333333333335
emotion,6_15,pointy,VGG19,head_model,2,0.5916666666666667,0.5,0.18333333333333335
emotion,6_15,pointy,VGG19,head_model,3,0.5916666666666667,0.5,0.18333333333333335
emotion,6_15,pointy,VGG19,head_model,4,0.5833333333333334,0.5,0.16666666666666674
emotion,6_15,pointy,VGG19,head_model,5,0.5583333333333333,0.5,0.1166666666666667
emotion,6_15,pointy,VGG19,head_model,6,0.5916666666666667,0.5,0.18333333333333335
emotion,6_15,pointy,VGG19,head_model,7,0.5833333333333334,0.5,0.16666666666666674
emotion,6_15,pointy,VGG19,head_model,8,0.575,0.5,0.1499999999999999
emotion,6_15,pointy,VGG19,head_model,9,0.5833333333333334,0.5,0.16666666666666674
emotion,6_15,pointy,VGG19,head_model,10,0.5083333333333333,0.5,0.016666666666666607
emotion,6_15,pointy,ViT Base,full_model,1,0.5333333333333333,0.5,0.06666666666666665
emotion,6_15,pointy,ViT Base,full_model,2,0.6,0.5,0.19999999999999996
emotion,6_15,pointy,ViT Base,full_model,3,0.6333333333333333,0.5,0.2666666666666666
emotion,6_15,pointy,ViT Base,full_model,4,0.6,0.5,0.19999999999999996
emotion,6_15,pointy,ViT Base,full_model,5,0.5583333333333333,0.5,0.1166666666666667
emotion,6_15,pointy,ViT Base,full_model,6,0.5833333333333334,0.5,0.16666666666666674
emotion,6_15,pointy,ViT Base,full_model,7,0.6333333333333333,0.5,0.2666666666666666
emotion,6_15,pointy,ViT Base,full_model,8,0.5083333333333333,0.5,0.016666666666666607
emotion,6_15,pointy,ViT Base,full_model,9,0.6333333333333333,0.5,0.2666666666666666
emotion,6_15,pointy,ViT Base,full_model,10,0.575,0.5,0.1499999999999999
emotion,6_15,pointy,ViT Base,head_model,1,0.5833333333333334,0.5,0.16666666666666674
emotion,6_15,pointy,ViT Base,head_model,2,0.525,0.5,0.050000000000000044
emotion,6_15,pointy,ViT Base,head_model,3,0.575,0.5,0.1499999999999999
emotion,6_15,pointy,ViT Base,head_model,4,0.5166666666666667,0.5,0.03333333333333344
emotion,6_15,pointy,ViT Base,head_model,5,0.55,0.5,0.10000000000000009
emotion,6_15,pointy,ViT Base,head_model,6,0.6,0.5,0.19999999999999996
emotion,6_15,pointy,ViT Base,head_model,7,0.6416666666666667,0.5,0.28333333333333344
emotion,6_15,pointy,ViT Base,head_model,8,0.6,0.5,0.19999999999999996
emotion,6_15,pointy,ViT Base,head_model,9,0.6166666666666667,0.5,0.2333333333333334
emotion,6_15,pointy,ViT Base,head_model,10,0.6083333333333333,0.5,0.21666666666666656
emotion,6_15,pointy,ViT Large,full_model,1,0.5166666666666667,0.5,0.03333333333333344
emotion,6_15,pointy,ViT Large,full_model,2,0.6166666666666667,0.5,0.2333333333333334
emotion,6_15,pointy,ViT Large,full_model,3,0.5416666666666666,0.5,0.08333333333333326
emotion,6_15,pointy,ViT Large,full_model,4,0.575,0.5,0.1499999999999999
emotion,6_15,pointy,ViT Large,full_model,5,0.6416666666666667,0.5,0.28333333333333344
emotion,6_15,pointy,ViT Large,full_model,6,0.675,0.5,0.3500000000000001
emotion,6_15,pointy,ViT Large,full_model,7,0.525,0.5,0.050000000000000044
emotion,6_15,pointy,ViT Large,full_model,8,0.5416666666666666,0.5,0.08333333333333326
emotion,6_15,pointy,ViT Large,full_model,9,0.5666666666666667,0.5,0.1333333333333333
emotion,6_15,pointy,ViT Large,full_model,10,0.5333333333333333,0.5,0.06666666666666665
emotion,6_15,pointy,ViT Large,head_model,1,0.6,0.5,0.19999999999999996
emotion,6_15,pointy,ViT Large,head_model,2,0.5916666666666667,0.5,0.18333333333333335
emotion,6_15,pointy,ViT Large,head_model,3,0.5583333333333333,0.5,0.1166666666666667
emotion,6_15,pointy,ViT Large,head_model,4,0.6416666666666667,0.5,0.28333333333333344
emotion,6_15,pointy,ViT Large,head_model,5,0.5833333333333334,0.5,0.16666666666666674
emotion,6_15,pointy,ViT Large,head_model,6,0.65,0.5,0.30000000000000004
emotion,6_15,pointy,ViT Large,head_model,7,0.5916666666666667,0.5,0.18333333333333335
emotion,6_15,pointy,ViT Large,head_model,8,0.575,0.5,0.1499999999999999
emotion,6_15,pointy,ViT Large,head_model,9,0.55,0.5,0.10000000000000009
emotion,6_15,pointy,ViT Large,head_model,10,0.65,0.5,0.30000000000000004
emotion,6_15,pointy,ViT Small,full_model,1,0.6833333333333333,0.5,0.3666666666666667
emotion,6_15,pointy,ViT Small,full_model,2,0.65,0.5,0.30000000000000004
emotion,6_15,pointy,ViT Small,full_model,3,0.6333333333333333,0.5,0.2666666666666666
emotion,6_15,pointy,ViT Small,full_model,4,0.5416666666666666,0.5,0.08333333333333326
emotion,6_15,pointy,ViT Small,full_model,5,0.6083333333333333,0.5,0.21666666666666656
emotion,6_15,pointy,ViT Small,full_model,6,0.625,0.5,0.25
emotion,6_15,pointy,ViT Small,full_model,7,0.625,0.5,0.25
emotion,6_15,pointy,ViT Small,full_model,8,0.5666666666666667,0.5,0.1333333333333333
emotion,6_15,pointy,ViT Small,full_model,9,0.575,0.5,0.1499999999999999
emotion,6_15,pointy,ViT Small,full_model,10,0.6833333333333333,0.5,0.3666666666666667
emotion,6_15,pointy,ViT Small,head_model,1,0.525,0.5,0.050000000000000044
emotion,6_15,pointy,ViT Small,head_model,2,0.5583333333333333,0.5,0.1166666666666667
emotion,6_15,pointy,ViT Small,head_model,3,0.5166666666666667,0.5,0.03333333333333344
emotion,6_15,pointy,ViT Small,head_model,4,0.575,0.5,0.1499999999999999
emotion,6_15,pointy,ViT Small,head_model,5,0.55,0.5,0.10000000000000009
emotion,6_15,pointy,ViT Small,head_model,6,0.5083333333333333,0.5,0.016666666666666607
emotion,6_15,pointy,ViT Small,head_model,7,0.575,0.5,0.1499999999999999
emotion,6_15,pointy,ViT Small,head_model,8,0.5333333333333333,0.5,0.06666666666666665
emotion,6_15,pointy,ViT Small,head_model,9,0.5916666666666667,0.5,0.18333333333333335
emotion,6_15,pointy,ViT Small,head_model,10,0.5416666666666666,0.5,0.08333333333333326
emotion,6_15,streaky,ConvNeXt Base,full_model,1,0.6,0.5,0.19999999999999996
emotion,6_15,streaky,ConvNeXt Base,full_model,2,0.6416666666666667,0.5,0.28333333333333344
emotion,6_15,streaky,ConvNeXt Base,full_model,3,0.5833333333333334,0.5,0.16666666666666674
emotion,6_15,streaky,ConvNeXt Base,full_model,4,0.6583333333333333,0.5,0.31666666666666665
emotion,6_15,streaky,ConvNeXt Base,full_model,5,0.65,0.5,0.30000000000000004
emotion,6_15,streaky,ConvNeXt Base,full_model,6,0.6166666666666667,0.5,0.2333333333333334
emotion,6_15,streaky,ConvNeXt Base,full_model,7,0.6583333333333333,0.5,0.31666666666666665
emotion,6_15,streaky,ConvNeXt Base,full_model,8,0.6166666666666667,0.5,0.2333333333333334
emotion,6_15,streaky,ConvNeXt Base,full_model,9,0.575,0.5,0.1499999999999999
emotion,6_15,streaky,ConvNeXt Base,full_model,10,0.6083333333333333,0.5,0.21666666666666656
emotion,6_15,streaky,ConvNeXt Base,head_model,1,0.6,0.5,0.19999999999999996
emotion,6_15,streaky,ConvNeXt Base,head_model,2,0.6,0.5,0.19999999999999996
emotion,6_15,streaky,ConvNeXt Base,head_model,3,0.6166666666666667,0.5,0.2333333333333334
emotion,6_15,streaky,ConvNeXt Base,head_model,4,0.6,0.5,0.19999999999999996
emotion,6_15,streaky,ConvNeXt Base,head_model,5,0.6,0.5,0.19999999999999996
emotion,6_15,streaky,ConvNeXt Base,head_model,6,0.5666666666666667,0.5,0.1333333333333333
emotion,6_15,streaky,ConvNeXt Base,head_model,7,0.6166666666666667,0.5,0.2333333333333334
emotion,6_15,streaky,ConvNeXt Base,head_model,8,0.6166666666666667,0.5,0.2333333333333334
emotion,6_15,streaky,ConvNeXt Base,head_model,9,0.6166666666666667,0.5,0.2333333333333334
emotion,6_15,streaky,ConvNeXt Base,head_model,10,0.525,0.5,0.050000000000000044
emotion,6_15,streaky,ConvNeXt Large,full_model,1,0.6666666666666666,0.5,0.33333333333333326
emotion,6_15,streaky,ConvNeXt Large,full_model,2,0.6,0.5,0.19999999999999996
emotion,6_15,streaky,ConvNeXt Large,full_model,3,0.6083333333333333,0.5,0.21666666666666656
emotion,6_15,streaky,ConvNeXt Large,full_model,4,0.575,0.5,0.1499999999999999
emotion,6_15,streaky,ConvNeXt Large,full_model,5,0.625,0.5,0.25
emotion,6_15,streaky,ConvNeXt Large,full_model,6,0.625,0.5,0.25
emotion,6_15,streaky,ConvNeXt Large,full_model,7,0.6166666666666667,0.5,0.2333333333333334
emotion,6_15,streaky,ConvNeXt Large,full_model,8,0.6416666666666667,0.5,0.28333333333333344
emotion,6_15,streaky,ConvNeXt Large,full_model,9,0.6333333333333333,0.5,0.2666666666666666
emotion,6_15,streaky,ConvNeXt Large,full_model,10,0.5833333333333334,0.5,0.16666666666666674
emotion,6_15,streaky,ConvNeXt Large,head_model,1,0.65,0.5,0.30000000000000004
emotion,6_15,streaky,ConvNeXt Large,head_model,2,0.6083333333333333,0.5,0.21666666666666656
emotion,6_15,streaky,ConvNeXt Large,head_model,3,0.625,0.5,0.25
emotion,6_15,streaky,ConvNeXt Large,head_model,4,0.6666666666666666,0.5,0.33333333333333326
emotion,6_15,streaky,ConvNeXt Large,head_model,5,0.6416666666666667,0.5,0.28333333333333344
emotion,6_15,streaky,ConvNeXt Large,head_model,6,0.6333333333333333,0.5,0.2666666666666666
emotion,6_15,streaky,ConvNeXt Large,head_model,7,0.6583333333333333,0.5,0.31666666666666665
emotion,6_15,streaky,ConvNeXt Large,head_model,8,0.65,0.5,0.30000000000000004
emotion,6_15,streaky,ConvNeXt Large,head_model,9,0.6,0.5,0.19999999999999996
emotion,6_15,streaky,ConvNeXt Large,head_model,10,0.5666666666666667,0.5,0.1333333333333333
emotion,6_15,streaky,ConvNeXt Small,full_model,1,0.6666666666666666,0.5,0.33333333333333326
emotion,6_15,streaky,ConvNeXt Small,full_model,2,0.575,0.5,0.1499999999999999
emotion,6_15,streaky,ConvNeXt Small,full_model,3,0.6583333333333333,0.5,0.31666666666666665
emotion,6_15,streaky,ConvNeXt Small,full_model,4,0.7166666666666667,0.5,0.43333333333333335
emotion,6_15,streaky,ConvNeXt Small,full_model,5,0.6833333333333333,0.5,0.3666666666666667
emotion,6_15,streaky,ConvNeXt Small,full_model,6,0.6416666666666667,0.5,0.28333333333333344
emotion,6_15,streaky,ConvNeXt Small,full_model,7,0.6833333333333333,0.5,0.3666666666666667
emotion,6_15,streaky,ConvNeXt Small,full_model,8,0.6916666666666667,0.5,0.3833333333333333
emotion,6_15,streaky,ConvNeXt Small,full_model,9,0.7,0.5,0.3999999999999999
emotion,6_15,streaky,ConvNeXt Small,full_model,10,0.675,0.5,0.3500000000000001
emotion,6_15,streaky,ConvNeXt Small,head_model,1,0.625,0.5,0.25
emotion,6_15,streaky,ConvNeXt Small,head_model,2,0.5666666666666667,0.5,0.1333333333333333
emotion,6_15,streaky,ConvNeXt Small,head_model,3,0.5916666666666667,0.5,0.18333333333333335
emotion,6_15,streaky,ConvNeXt Small,head_model,4,0.6833333333333333,0.5,0.3666666666666667
emotion,6_15,streaky,ConvNeXt Small,head_model,5,0.6833333333333333,0.5,0.3666666666666667
emotion,6_15,streaky,ConvNeXt Small,head_model,6,0.6166666666666667,0.5,0.2333333333333334
emotion,6_15,streaky,ConvNeXt Small,head_model,7,0.6916666666666667,0.5,0.3833333333333333
emotion,6_15,streaky,ConvNeXt Small,head_model,8,0.65,0.5,0.30000000000000004
emotion,6_15,streaky,ConvNeXt Small,head_model,9,0.625,0.5,0.25
emotion,6_15,streaky,ConvNeXt Small,head_model,10,0.55,0.5,0.10000000000000009
emotion,6_15,streaky,ConvNeXt Tiny,full_model,1,0.5333333333333333,0.5,0.06666666666666665
emotion,6_15,streaky,ConvNeXt Tiny,full_model,2,0.625,0.5,0.25
emotion,6_15,streaky,ConvNeXt Tiny,full_model,3,0.625,0.5,0.25
emotion,6_15,streaky,ConvNeXt Tiny,full_model,4,0.7166666666666667,0.5,0.43333333333333335
emotion,6_15,streaky,ConvNeXt Tiny,full_model,5,0.6666666666666666,0.5,0.33333333333333326
emotion,6_15,streaky,ConvNeXt Tiny,full_model,6,0.6333333333333333,0.5,0.2666666666666666
emotion,6_15,streaky,ConvNeXt Tiny,full_model,7,0.6416666666666667,0.5,0.28333333333333344
emotion,6_15,streaky,ConvNeXt Tiny,full_model,8,0.6416666666666667,0.5,0.28333333333333344
emotion,6_15,streaky,ConvNeXt Tiny,full_model,9,0.5916666666666667,0.5,0.18333333333333335
emotion,6_15,streaky,ConvNeXt Tiny,full_model,10,0.675,0.5,0.3500000000000001
emotion,6_15,streaky,ConvNeXt Tiny,head_model,1,0.65,0.5,0.30000000000000004
emotion,6_15,streaky,ConvNeXt Tiny,head_model,2,0.55,0.5,0.10000000000000009
emotion,6_15,streaky,ConvNeXt Tiny,head_model,3,0.625,0.5,0.25
emotion,6_15,streaky,ConvNeXt Tiny,head_model,4,0.6,0.5,0.19999999999999996
emotion,6_15,streaky,ConvNeXt Tiny,head_model,5,0.6916666666666667,0.5,0.3833333333333333
emotion,6_15,streaky,ConvNeXt Tiny,head_model,6,0.6083333333333333,0.5,0.21666666666666656
emotion,6_15,streaky,ConvNeXt Tiny,head_model,7,0.6833333333333333,0.5,0.3666666666666667
emotion,6_15,streaky,ConvNeXt Tiny,head_model,8,0.6666666666666666,0.5,0.33333333333333326
emotion,6_15,streaky,ConvNeXt Tiny,head_model,9,0.5833333333333334,0.5,0.16666666666666674
emotion,6_15,streaky,ConvNeXt Tiny,head_model,10,0.5083333333333333,0.5,0.016666666666666607
emotion,6_15,streaky,DINOv3 ViT Base,full_model,1,0.5583333333333333,0.5,0.1166666666666667
emotion,6_15,streaky,DINOv3 ViT Base,full_model,2,0.6833333333333333,0.5,0.3666666666666667
emotion,6_15,streaky,DINOv3 ViT Base,full_model,3,0.6583333333333333,0.5,0.31666666666666665
emotion,6_15,streaky,DINOv3 ViT Base,full_model,4,0.6333333333333333,0.5,0.2666666666666666
emotion,6_15,streaky,DINOv3 ViT Base,full_model,5,0.6333333333333333,0.5,0.2666666666666666
emotion,6_15,streaky,DINOv3 ViT Base,full_model,6,0.6666666666666666,0.5,0.33333333333333326
emotion,6_15,streaky,DINOv3 ViT Base,full_model,7,0.6416666666666667,0.5,0.28333333333333344
emotion,6_15,streaky,DINOv3 ViT Base,full_model,8,0.55,0.5,0.10000000000000009
emotion,6_15,streaky,DINOv3 ViT Base,full_model,9,0.5,0.5,0.0
emotion,6_15,streaky,DINOv3 ViT Base,full_model,10,0.5333333333333333,0.5,0.06666666666666665
emotion,6_15,streaky,DINOv3 ViT Base,head_model,1,0.6166666666666667,0.5,0.2333333333333334
emotion,6_15,streaky,DINOv3 ViT Base,head_model,2,0.5333333333333333,0.5,0.06666666666666665
emotion,6_15,streaky,DINOv3 ViT Base,head_model,3,0.5,0.5,0.0
emotion,6_15,streaky,DINOv3 ViT Base,head_model,4,0.625,0.5,0.25
emotion,6_15,streaky,DINOv3 ViT Base,head_model,5,0.6,0.5,0.19999999999999996
emotion,6_15,streaky,DINOv3 ViT Base,head_model,6,0.5666666666666667,0.5,0.1333333333333333
emotion,6_15,streaky,DINOv3 ViT Base,head_model,7,0.6833333333333333,0.5,0.3666666666666667
emotion,6_15,streaky,DINOv3 ViT Base,head_model,8,0.675,0.5,0.3500000000000001
emotion,6_15,streaky,DINOv3 ViT Base,head_model,9,0.625,0.5,0.25
emotion,6_15,streaky,DINOv3 ViT Base,head_model,10,0.5583333333333333,0.5,0.1166666666666667
emotion,6_15,streaky,ResNet18,full_model,1,0.625,0.5,0.25
emotion,6_15,streaky,ResNet18,full_model,2,0.7416666666666667,0.5,0.4833333333333334
emotion,6_15,streaky,ResNet18,full_model,3,0.55,0.5,0.10000000000000009
emotion,6_15,streaky,ResNet18,full_model,4,0.5666666666666667,0.5,0.1333333333333333
emotion,6_15,streaky,ResNet18,full_model,5,0.55,0.5,0.10000000000000009
emotion,6_15,streaky,ResNet18,full_model,6,0.5833333333333334,0.5,0.16666666666666674
emotion,6_15,streaky,ResNet18,full_model,7,0.7,0.5,0.3999999999999999
emotion,6_15,streaky,ResNet18,full_model,8,0.575,0.5,0.1499999999999999
emotion,6_15,streaky,ResNet18,full_model,9,0.6083333333333333,0.5,0.21666666666666656
emotion,6_15,streaky,ResNet18,full_model,10,0.6416666666666667,0.5,0.28333333333333344
emotion,6_15,streaky,ResNet18,head_model,1,0.55,0.5,0.10000000000000009
emotion,6_15,streaky,ResNet18,head_model,2,0.5166666666666667,0.5,0.03333333333333344
emotion,6_15,streaky,ResNet18,head_model,3,0.525,0.5,0.050000000000000044
emotion,6_15,streaky,ResNet18,head_model,4,0.5916666666666667,0.5,0.18333333333333335
emotion,6_15,streaky,ResNet18,head_model,5,0.5416666666666666,0.5,0.08333333333333326
emotion,6_15,streaky,ResNet18,head_model,6,0.5333333333333333,0.5,0.06666666666666665
emotion,6_15,streaky,ResNet18,head_model,7,0.5583333333333333,0.5,0.1166666666666667
emotion,6_15,streaky,ResNet18,head_model,8,0.5583333333333333,0.5,0.1166666666666667
emotion,6_15,streaky,ResNet18,head_model,9,0.525,0.5,0.050000000000000044
emotion,6_15,streaky,ResNet18,head_model,10,0.5166666666666667,0.5,0.03333333333333344
emotion,6_15,streaky,ResNet50,full_model,1,0.5583333333333333,0.5,0.1166666666666667
emotion,6_15,streaky,ResNet50,full_model,2,0.6083333333333333,0.5,0.21666666666666656
emotion,6_15,streaky,ResNet50,full_model,3,0.5833333333333334,0.5,0.16666666666666674
emotion,6_15,streaky,ResNet50,full_model,4,0.5416666666666666,0.5,0.08333333333333326
emotion,6_15,streaky,ResNet50,full_model,5,0.5416666666666666,0.5,0.08333333333333326
emotion,6_15,streaky,ResNet50,full_model,6,0.5083333333333333,0.5,0.016666666666666607
emotion,6_15,streaky,ResNet50,full_model,7,0.5666666666666667,0.5,0.1333333333333333
emotion,6_15,streaky,ResNet50,full_model,8,0.6,0.5,0.19999999999999996
emotion,6_15,streaky,ResNet50,full_model,9,0.5666666666666667,0.5,0.1333333333333333
emotion,6_15,streaky,ResNet50,full_model,10,0.5166666666666667,0.5,0.03333333333333344
emotion,6_15,streaky,ResNet50,head_model,1,0.675,0.5,0.3500000000000001
emotion,6_15,streaky,ResNet50,head_model,2,0.625,0.5,0.25
emotion,6_15,streaky,ResNet50,head_model,3,0.6166666666666667,0.5,0.2333333333333334
emotion,6_15,streaky,ResNet50,head_model,4,0.6666666666666666,0.5,0.33333333333333326
emotion,6_15,streaky,ResNet50,head_model,5,0.6583333333333333,0.5,0.31666666666666665
emotion,6_15,streaky,ResNet50,head_model,6,0.625,0.5,0.25
emotion,6_15,streaky,ResNet50,head_model,7,0.65,0.5,0.30000000000000004
emotion,6_15,streaky,ResNet50,head_model,8,0.675,0.5,0.3500000000000001
emotion,6_15,streaky,ResNet50,head_model,9,0.6166666666666667,0.5,0.2333333333333334
emotion,6_15,streaky,ResNet50,head_model,10,0.5833333333333334,0.5,0.16666666666666674
emotion,6_15,streaky,VGG11,full_model,1,0.575,0.5,0.1499999999999999
emotion,6_15,streaky,VGG11,full_model,2,0.5583333333333333,0.5,0.1166666666666667
emotion,6_15,streaky,VGG11,full_model,3,0.575,0.5,0.1499999999999999
emotion,6_15,streaky,VGG11,full_model,4,0.6166666666666667,0.5,0.2333333333333334
emotion,6_15,streaky,VGG11,full_model,5,0.5583333333333333,0.5,0.1166666666666667
emotion,6_15,streaky,VGG11,full_model,6,0.65,0.5,0.30000000000000004
emotion,6_15,streaky,VGG11,full_model,7,0.5916666666666667,0.5,0.18333333333333335
emotion,6_15,streaky,VGG11,full_model,8,0.6166666666666667,0.5,0.2333333333333334
emotion,6_15,streaky,VGG11,full_model,9,0.5916666666666667,0.5,0.18333333333333335
emotion,6_15,streaky,VGG11,full_model,10,0.6333333333333333,0.5,0.2666666666666666
emotion,6_15,streaky,VGG11,head_model,1,0.5083333333333333,0.5,0.016666666666666607
emotion,6_15,streaky,VGG11,head_model,2,0.5,0.5,0.0
emotion,6_15,streaky,VGG11,head_model,3,0.525,0.5,0.050000000000000044
emotion,6_15,streaky,VGG11,head_model,4,0.6,0.5,0.19999999999999996
emotion,6_15,streaky,VGG11,head_model,5,0.6166666666666667,0.5,0.2333333333333334
emotion,6_15,streaky,VGG11,head_model,6,0.575,0.5,0.1499999999999999
emotion,6_15,streaky,VGG11,head_model,7,0.5833333333333334,0.5,0.16666666666666674
emotion,6_15,streaky,VGG11,head_model,8,0.575,0.5,0.1499999999999999
emotion,6_15,streaky,VGG11,head_model,9,0.5583333333333333,0.5,0.1166666666666667
emotion,6_15,streaky,VGG11,head_model,10,0.625,0.5,0.25
emotion,6_15,streaky,VGG13,full_model,1,0.725,0.5,0.44999999999999996
emotion,6_15,streaky,VGG13,full_model,2,0.7083333333333334,0.5,0.41666666666666674
emotion,6_15,streaky,VGG13,full_model,3,0.6666666666666666,0.5,0.33333333333333326
emotion,6_15,streaky,VGG13,full_model,4,0.6583333333333333,0.5,0.31666666666666665
emotion,6_15,streaky,VGG13,full_model,5,0.6583333333333333,0.5,0.31666666666666665
emotion,6_15,streaky,VGG13,full_model,6,0.6,0.5,0.19999999999999996
emotion,6_15,streaky,VGG13,full_model,7,0.6416666666666667,0.5,0.28333333333333344
emotion,6_15,streaky,VGG13,full_model,8,0.65,0.5,0.30000000000000004
emotion,6_15,streaky,VGG13,full_model,9,0.65,0.5,0.30000000000000004
emotion,6_15,streaky,VGG13,full_model,10,0.625,0.5,0.25
emotion,6_15,streaky,VGG13,head_model,1,0.5083333333333333,0.5,0.016666666666666607
emotion,6_15,streaky,VGG13,head_model,2,0.5083333333333333,0.5,0.016666666666666607
emotion,6_15,streaky,VGG13,head_model,3,0.5083333333333333,0.5,0.016666666666666607
emotion,6_15,streaky,VGG13,head_model,4,0.525,0.5,0.050000000000000044
emotion,6_15,streaky,VGG13,head_model,5,0.5666666666666667,0.5,0.1333333333333333
emotion,6_15,streaky,VGG13,head_model,6,0.575,0.5,0.1499999999999999
emotion,6_15,streaky,VGG13,head_model,7,0.5166666666666667,0.5,0.03333333333333344
emotion,6_15,streaky,VGG13,head_model,8,0.5083333333333333,0.5,0.016666666666666607
emotion,6_15,streaky,VGG13,head_model,9,0.5,0.5,0.0
emotion,6_15,streaky,VGG13,head_model,10,0.625,0.5,0.25
emotion,6_15,streaky,VGG16,full_model,1,0.6333333333333333,0.5,0.2666666666666666
emotion,6_15,streaky,VGG16,full_model,2,0.675,0.5,0.3500000000000001
emotion,6_15,streaky,VGG16,full_model,3,0.6333333333333333,0.5,0.2666666666666666
emotion,6_15,streaky,VGG16,full_model,4,0.7083333333333334,0.5,0.41666666666666674
emotion,6_15,streaky,VGG16,full_model,5,0.6333333333333333,0.5,0.2666666666666666
emotion,6_15,streaky,VGG16,full_model,6,0.6583333333333333,0.5,0.31666666666666665
emotion,6_15,streaky,VGG16,full_model,7,0.6083333333333333,0.5,0.21666666666666656
emotion,6_15,streaky,VGG16,full_model,8,0.5916666666666667,0.5,0.18333333333333335
emotion,6_15,streaky,VGG16,full_model,9,0.6333333333333333,0.5,0.2666666666666666
emotion,6_15,streaky,VGG16,full_model,10,0.725,0.5,0.44999999999999996
emotion,6_15,streaky,VGG16,head_model,1,0.525,0.5,0.050000000000000044
emotion,6_15,streaky,VGG16,head_model,2,0.525,0.5,0.050000000000000044
emotion,6_15,streaky,VGG16,head_model,3,0.525,0.5,0.050000000000000044
emotion,6_15,streaky,VGG16,head_model,4,0.5833333333333334,0.5,0.16666666666666674
emotion,6_15,streaky,VGG16,head_model,5,0.575,0.5,0.1499999999999999
emotion,6_15,streaky,VGG16,head_model,6,0.525,0.5,0.050000000000000044
emotion,6_15,streaky,VGG16,head_model,7,0.55,0.5,0.10000000000000009
emotion,6_15,streaky,VGG16,head_model,8,0.5416666666666666,0.5,0.08333333333333326
emotion,6_15,streaky,VGG16,head_model,9,0.5333333333333333,0.5,0.06666666666666665
emotion,6_15,streaky,VGG16,head_model,10,0.5916666666666667,0.5,0.18333333333333335
emotion,6_15,streaky,VGG19,full_model,1,0.5833333333333334,0.5,0.16666666666666674
emotion,6_15,streaky,VGG19,full_model,2,0.5583333333333333,0.5,0.1166666666666667
emotion,6_15,streaky,VGG19,full_model,3,0.5916666666666667,0.5,0.18333333333333335
emotion,6_15,streaky,VGG19,full_model,4,0.5833333333333334,0.5,0.16666666666666674
emotion,6_15,streaky,VGG19,full_model,5,0.6333333333333333,0.5,0.2666666666666666
emotion,6_15,streaky,VGG19,full_model,6,0.5666666666666667,0.5,0.1333333333333333
emotion,6_15,streaky,VGG19,full_model,7,0.6333333333333333,0.5,0.2666666666666666
emotion,6_15,streaky,VGG19,full_model,8,0.55,0.5,0.10000000000000009
emotion,6_15,streaky,VGG19,full_model,9,0.5416666666666666,0.5,0.08333333333333326
emotion,6_15,streaky,VGG19,full_model,10,0.65,0.5,0.30000000000000004
emotion,6_15,streaky,VGG19,head_model,1,0.5333333333333333,0.5,0.06666666666666665
emotion,6_15,streaky,VGG19,head_model,2,0.5,0.5,0.0
emotion,6_15,streaky,VGG19,head_model,3,0.5083333333333333,0.5,0.016666666666666607
emotion,6_15,streaky,VGG19,head_model,4,0.5666666666666667,0.5,0.1333333333333333
emotion,6_15,streaky,VGG19,head_model,5,0.5916666666666667,0.5,0.18333333333333335
emotion,6_15,streaky,VGG19,head_model,6,0.525,0.5,0.050000000000000044
emotion,6_15,streaky,VGG19,head_model,7,0.5416666666666666,0.5,0.08333333333333326
emotion,6_15,streaky,VGG19,head_model,8,0.525,0.5,0.050000000000000044
emotion,6_15,streaky,VGG19,head_model,9,0.525,0.5,0.050000000000000044
emotion,6_15,streaky,VGG19,head_model,10,0.5666666666666667,0.5,0.1333333333333333
emotion,6_15,streaky,ViT Base,full_model,1,0.7083333333333334,0.5,0.41666666666666674
emotion,6_15,streaky,ViT Base,full_model,2,0.6333333333333333,0.5,0.2666666666666666
emotion,6_15,streaky,ViT Base,full_model,3,0.725,0.5,0.44999999999999996
emotion,6_15,streaky,ViT Base,full_model,4,0.6583333333333333,0.5,0.31666666666666665
emotion,6_15,streaky,ViT Base,full_model,5,0.7083333333333334,0.5,0.41666666666666674
emotion,6_15,streaky,ViT Base,full_model,6,0.6916666666666667,0.5,0.3833333333333333
emotion,6_15,streaky,ViT Base,full_model,7,0.675,0.5,0.3500000000000001
emotion,6_15,streaky,ViT Base,full_model,8,0.6833333333333333,0.5,0.3666666666666667
emotion,6_15,streaky,ViT Base,full_model,9,0.6666666666666666,0.5,0.33333333333333326
emotion,6_15,streaky,ViT Base,full_model,10,0.7,0.5,0.3999999999999999
emotion,6_15,streaky,ViT Base,head_model,1,0.6083333333333333,0.5,0.21666666666666656
emotion,6_15,streaky,ViT Base,head_model,2,0.5916666666666667,0.5,0.18333333333333335
emotion,6_15,streaky,ViT Base,head_model,3,0.6666666666666666,0.5,0.33333333333333326
emotion,6_15,streaky,ViT Base,head_model,4,0.6083333333333333,0.5,0.21666666666666656
emotion,6_15,streaky,ViT Base,head_model,5,0.6,0.5,0.19999999999999996
emotion,6_15,streaky,ViT Base,head_model,6,0.6416666666666667,0.5,0.28333333333333344
emotion,6_15,streaky,ViT Base,head_model,7,0.6416666666666667,0.5,0.28333333333333344
emotion,6_15,streaky,ViT Base,head_model,8,0.6166666666666667,0.5,0.2333333333333334
emotion,6_15,streaky,ViT Base,head_model,9,0.55,0.5,0.10000000000000009
emotion,6_15,streaky,ViT Base,head_model,10,0.625,0.5,0.25
emotion,6_15,streaky,ViT Large,full_model,1,0.675,0.5,0.3500000000000001
emotion,6_15,streaky,ViT Large,full_model,2,0.6333333333333333,0.5,0.2666666666666666
emotion,6_15,streaky,ViT Large,full_model,3,0.6583333333333333,0.5,0.31666666666666665
emotion,6_15,streaky,ViT Large,full_model,4,0.6583333333333333,0.5,0.31666666666666665
emotion,6_15,streaky,ViT Large,full_model,5,0.675,0.5,0.3500000000000001
emotion,6_15,streaky,ViT Large,full_model,6,0.7166666666666667,0.5,0.43333333333333335
emotion,6_15,streaky,ViT Large,full_model,7,0.6,0.5,0.19999999999999996
emotion,6_15,streaky,ViT Large,full_model,8,0.6083333333333333,0.5,0.21666666666666656
emotion,6_15,streaky,ViT Large,full_model,9,0.6,0.5,0.19999999999999996
emotion,6_15,streaky,ViT Large,full_model,10,0.6,0.5,0.19999999999999996
emotion,6_15,streaky,ViT Large,head_model,1,0.625,0.5,0.25
emotion,6_15,streaky,ViT Large,head_model,2,0.625,0.5,0.25
emotion,6_15,streaky,ViT Large,head_model,3,0.6166666666666667,0.5,0.2333333333333334
emotion,6_15,streaky,ViT Large,head_model,4,0.55,0.5,0.10000000000000009
emotion,6_15,streaky,ViT Large,head_model,5,0.5833333333333334,0.5,0.16666666666666674
emotion,6_15,streaky,ViT Large,head_model,6,0.5583333333333333,0.5,0.1166666666666667
emotion,6_15,streaky,ViT Large,head_model,7,0.6,0.5,0.19999999999999996
emotion,6_15,streaky,ViT Large,head_model,8,0.5166666666666667,0.5,0.03333333333333344
emotion,6_15,streaky,ViT Large,head_model,9,0.6333333333333333,0.5,0.2666666666666666
emotion,6_15,streaky,ViT Large,head_model,10,0.6083333333333333,0.5,0.21666666666666656
emotion,6_15,streaky,ViT Small,full_model,1,0.725,0.5,0.44999999999999996
emotion,6_15,streaky,ViT Small,full_model,2,0.7083333333333334,0.5,0.41666666666666674
emotion,6_15,streaky,ViT Small,full_model,3,0.725,0.5,0.44999999999999996
emotion,6_15,streaky,ViT Small,full_model,4,0.6666666666666666,0.5,0.33333333333333326
emotion,6_15,streaky,ViT Small,full_model,5,0.6666666666666666,0.5,0.33333333333333326
emotion,6_15,streaky,ViT Small,full_model,6,0.6166666666666667,0.5,0.2333333333333334
emotion,6_15,streaky,ViT Small,full_model,7,0.7166666666666667,0.5,0.43333333333333335
emotion,6_15,streaky,ViT Small,full_model,8,0.6333333333333333,0.5,0.2666666666666666
emotion,6_15,streaky,ViT Small,full_model,9,0.6083333333333333,0.5,0.21666666666666656
emotion,6_15,streaky,ViT Small,full_model,10,0.675,0.5,0.3500000000000001
emotion,6_15,streaky,ViT Small,head_model,1,0.6833333333333333,0.5,0.3666666666666667
emotion,6_15,streaky,ViT Small,head_model,2,0.6166666666666667,0.5,0.2333333333333334
emotion,6_15,streaky,ViT Small,head_model,3,0.65,0.5,0.30000000000000004
emotion,6_15,streaky,ViT Small,head_model,4,0.6666666666666666,0.5,0.33333333333333326
emotion,6_15,streaky,ViT Small,head_model,5,0.6583333333333333,0.5,0.31666666666666665
emotion,6_15,streaky,ViT Small,head_model,6,0.5916666666666667,0.5,0.18333333333333335
emotion,6_15,streaky,ViT Small,head_model,7,0.725,0.5,0.44999999999999996
emotion,6_15,streaky,ViT Small,head_model,8,0.6916666666666667,0.5,0.3833333333333333
emotion,6_15,streaky,ViT Small,head_model,9,0.575,0.5,0.1499999999999999
emotion,6_15,streaky,ViT Small,head_model,10,0.7083333333333334,0.5,0.41666666666666674
shape,12_10,pointy,ConvNeXt Base,full_model,1,1.0,0.3333333333333333,1.0
shape,12_10,pointy,ConvNeXt Base,full_model,2,0.9972826086956522,0.3333333333333333,0.9959239130434782
shape,12_10,pointy,ConvNeXt Base,full_model,3,0.9959239130434783,0.3333333333333333,0.9938858695652174
shape,12_10,pointy,ConvNeXt Base,full_model,4,1.0,0.3333333333333333,1.0
shape,12_10,pointy,ConvNeXt Base,full_model,5,1.0,0.3333333333333333,1.0
shape,12_10,pointy,ConvNeXt Base,full_model,6,1.0,0.3333333333333333,1.0
shape,12_10,pointy,ConvNeXt Base,full_model,7,1.0,0.3333333333333333,1.0
shape,12_10,pointy,ConvNeXt Base,full_model,8,1.0,0.3333333333333333,1.0
shape,12_10,pointy,ConvNeXt Base,full_model,9,1.0,0.3333333333333333,1.0
shape,12_10,pointy,ConvNeXt Base,full_model,10,0.9891304347826086,0.3333333333333333,0.983695652173913
shape,12_10,pointy,ConvNeXt Base,head_model,1,0.9592391304347826,0.3333333333333333,0.9388586956521737
shape,12_10,pointy,ConvNeXt Base,head_model,2,0.9320652173913043,0.3333333333333333,0.8980978260869563
shape,12_10,pointy,ConvNeXt Base,head_model,3,0.9497282608695652,0.3333333333333333,0.9245923913043478
shape,12_10,pointy,ConvNeXt Base,head_model,4,0.967391304347826,0.3333333333333333,0.9510869565217389
shape,12_10,pointy,ConvNeXt Base,head_model,5,0.9347826086956522,0.3333333333333333,0.9021739130434782
shape,12_10,pointy,ConvNeXt Base,head_model,6,0.9538043478260869,0.3333333333333333,0.9307065217391304
shape,12_10,pointy,ConvNeXt Base,head_model,7,0.9646739130434783,0.3333333333333333,0.9470108695652174
shape,12_10,pointy,ConvNeXt Base,head_model,8,0.9592391304347826,0.3333333333333333,0.9388586956521737
shape,12_10,pointy,ConvNeXt Base,head_model,9,0.9279891304347826,0.3333333333333333,0.8919836956521737
shape,12_10,pointy,ConvNeXt Base,head_model,10,0.9415760869565217,0.3333333333333333,0.9123641304347826
shape,12_10,pointy,ConvNeXt Large,full_model,1,1.0,0.3333333333333333,1.0
shape,12_10,pointy,ConvNeXt Large,full_model,2,1.0,0.3333333333333333,1.0
shape,12_10,pointy,ConvNeXt Large,full_model,3,1.0,0.3333333333333333,1.0
shape,12_10,pointy,ConvNeXt Large,full_model,4,1.0,0.3333333333333333,1.0
shape,12_10,pointy,ConvNeXt Large,full_model,5,1.0,0.3333333333333333,1.0
shape,12_10,pointy,ConvNeXt Large,full_model,6,1.0,0.3333333333333333,1.0
shape,12_10,pointy,ConvNeXt Large,full_model,7,1.0,0.3333333333333333,1.0
shape,12_10,pointy,ConvNeXt Large,full_model,8,0.998641304347826,0.3333333333333333,0.9979619565217389
shape,12_10,pointy,ConvNeXt Large,full_model,9,1.0,0.3333333333333333,1.0
shape,12_10,pointy,ConvNeXt Large,full_model,10,0.9972826086956522,0.3333333333333333,0.9959239130434782
shape,12_10,pointy,ConvNeXt Large,head_model,1,0.9864130434782609,0.3333333333333333,0.9796195652173911
shape,12_10,pointy,ConvNeXt Large,head_model,2,0.9633152173913043,0.3333333333333333,0.9449728260869563
shape,12_10,pointy,ConvNeXt Large,head_model,3,0.970108695652174,0.3333333333333333,0.9551630434782608
shape,12_10,pointy,ConvNeXt Large,head_model,4,0.970108695652174,0.3333333333333333,0.9551630434782608
shape,12_10,pointy,ConvNeXt Large,head_model,5,0.9728260869565217,0.3333333333333333,0.9592391304347826
shape,12_10,pointy,ConvNeXt Large,head_model,6,0.9619565217391305,0.3333333333333333,0.9429347826086956
shape,12_10,pointy,ConvNeXt Large,head_model,7,0.9877717391304348,0.3333333333333333,0.9816576086956522
shape,12_10,pointy,ConvNeXt Large,head_model,8,0.9769021739130435,0.3333333333333333,0.9653532608695652
shape,12_10,pointy,ConvNeXt Large,head_model,9,0.9714673913043478,0.3333333333333333,0.9572010869565215
shape,12_10,pointy,ConvNeXt Large,head_model,10,0.96875,0.3333333333333333,0.953125
shape,12_10,pointy,ConvNeXt Small,full_model,1,1.0,0.3333333333333333,1.0
shape,12_10,pointy,ConvNeXt Small,full_model,2,1.0,0.3333333333333333,1.0
shape,12_10,pointy,ConvNeXt Small,full_model,3,1.0,0.3333333333333333,1.0
shape,12_10,pointy,ConvNeXt Small,full_model,4,1.0,0.3333333333333333,1.0
shape,12_10,pointy,ConvNeXt Small,full_model,5,1.0,0.3333333333333333,1.0
shape,12_10,pointy,ConvNeXt Small,full_model,6,0.998641304347826,0.3333333333333333,0.9979619565217389
shape,12_10,pointy,ConvNeXt Small,full_model,7,1.0,0.3333333333333333,1.0
shape,12_10,pointy,ConvNeXt Small,full_model,8,1.0,0.3333333333333333,1.0
shape,12_10,pointy,ConvNeXt Small,full_model,9,1.0,0.3333333333333333,1.0
shape,12_10,pointy,ConvNeXt Small,full_model,10,1.0,0.3333333333333333,1.0
shape,12_10,pointy,ConvNeXt Small,head_model,1,0.9646739130434783,0.3333333333333333,0.9470108695652174
shape,12_10,pointy,ConvNeXt Small,head_model,2,0.967391304347826,0.3333333333333333,0.9510869565217389
shape,12_10,pointy,ConvNeXt Small,head_model,3,0.9605978260869565,0.3333333333333333,0.9408967391304348
shape,12_10,pointy,ConvNeXt Small,head_model,4,0.9660326086956522,0.3333333333333333,0.9490489130434782
shape,12_10,pointy,ConvNeXt Small,head_model,5,0.9592391304347826,0.3333333333333333,0.9388586956521737
shape,12_10,pointy,ConvNeXt Small,head_model,6,0.967391304347826,0.3333333333333333,0.9510869565217389
shape,12_10,pointy,ConvNeXt Small,head_model,7,0.96875,0.3333333333333333,0.953125
shape,12_10,pointy,ConvNeXt Small,head_model,8,0.9538043478260869,0.3333333333333333,0.9307065217391304
shape,12_10,pointy,ConvNeXt Small,head_model,9,0.9565217391304348,0.3333333333333333,0.9347826086956522
shape,12_10,pointy,ConvNeXt Small,head_model,10,0.9605978260869565,0.3333333333333333,0.9408967391304348
shape,12_10,pointy,ConvNeXt Tiny,full_model,1,1.0,0.3333333333333333,1.0
shape,12_10,pointy,ConvNeXt Tiny,full_model,2,0.9823369565217391,0.3333333333333333,0.9735054347826085
shape,12_10,pointy,ConvNeXt Tiny,full_model,3,1.0,0.3333333333333333,1.0
shape,12_10,pointy,ConvNeXt Tiny,full_model,4,1.0,0.3333333333333333,1.0
shape,12_10,pointy,ConvNeXt Tiny,full_model,5,1.0,0.3333333333333333,1.0
shape,12_10,pointy,ConvNeXt Tiny,full_model,6,1.0,0.3333333333333333,1.0
shape,12_10,pointy,ConvNeXt Tiny,full_model,7,1.0,0.3333333333333333,1.0
shape,12_10,pointy,ConvNeXt Tiny,full_model,8,1.0,0.3333333333333333,1.0
shape,12_10,pointy,ConvNeXt Tiny,full_model,9,1.0,0.3333333333333333,1.0
shape,12_10,pointy,ConvNeXt Tiny,full_model,10,1.0,0.3333333333333333,1.0
shape,12_10,pointy,ConvNeXt Tiny,head_model,1,0.9307065217391305,0.3333333333333333,0.8960597826086956
shape,12_10,pointy,ConvNeXt Tiny,head_model,2,0.9320652173913043,0.3333333333333333,0.8980978260869563
shape,12_10,pointy,ConvNeXt Tiny,head_model,3,0.9429347826086957,0.3333333333333333,0.9144021739130433
shape,12_10,pointy,ConvNeXt Tiny,head_model,4,0.938858695652174,0.3333333333333333,0.9082880434782608
shape,12_10,pointy,ConvNeXt Tiny,head_model,5,0.9320652173913043,0.3333333333333333,0.8980978260869563
shape,12_10,pointy,ConvNeXt Tiny,head_model,6,0.9375,0.3333333333333333,0.90625
shape,12_10,pointy,ConvNeXt Tiny,head_model,7,0.9334239130434783,0.3333333333333333,0.9001358695652174
shape,12_10,pointy,ConvNeXt Tiny,head_model,8,0.9008152173913043,0.3333333333333333,0.8512228260869563
shape,12_10,pointy,ConvNeXt Tiny,head_model,9,0.9279891304347826,0.3333333333333333,0.8919836956521737
shape,12_10,pointy,ConvNeXt Tiny,head_model,10,0.9497282608695652,0.3333333333333333,0.9245923913043478
shape,12_10,pointy,DINOv3 ViT Base,full_model,1,0.998641304347826,0.3333333333333333,0.9979619565217389
shape,12_10,pointy,DINOv3 ViT Base,full_model,2,1.0,0.3333333333333333,1.0
shape,12_10,pointy,DINOv3 ViT Base,full_model,3,0.9972826086956522,0.3333333333333333,0.9959239130434782
shape,12_10,pointy,DINOv3 ViT Base,full_model,4,0.998641304347826,0.3333333333333333,0.9979619565217389
shape,12_10,pointy,DINOv3 ViT Base,full_model,5,0.9945652173913043,0.3333333333333333,0.9918478260869563
shape,12_10,pointy,DINOv3 ViT Base,full_model,6,0.9850543478260869,0.3333333333333333,0.9775815217391304
shape,12_10,pointy,DINOv3 ViT Base,full_model,7,0.9959239130434783,0.3333333333333333,0.9938858695652174
shape,12_10,pointy,DINOv3 ViT Base,full_model,8,1.0,0.3333333333333333,1.0
shape,12_10,pointy,DINOv3 ViT Base,full_model,9,0.33016304347826086,0.3333333333333333,-0.004755434782608674
shape,12_10,pointy,DINOv3 ViT Base,full_model,10,1.0,0.3333333333333333,1.0
shape,12_10,pointy,DINOv3 ViT Base,head_model,1,0.9171195652173914,0.3333333333333333,0.875679347826087
shape,12_10,pointy,DINOv3 ViT Base,head_model,2,0.9864130434782609,0.3333333333333333,0.9796195652173911
shape,12_10,pointy,DINOv3 ViT Base,head_model,3,0.936141304347826,0.3333333333333333,0.9042119565217389
shape,12_10,pointy,DINOv3 ViT Base,head_model,4,0.9646739130434783,0.3333333333333333,0.9470108695652174
shape,12_10,pointy,DINOv3 ViT Base,head_model,5,0.9809782608695652,0.3333333333333333,0.9714673913043478
shape,12_10,pointy,DINOv3 ViT Base,head_model,6,0.970108695652174,0.3333333333333333,0.9551630434782608
shape,12_10,pointy,DINOv3 ViT Base,head_model,7,0.7894021739130435,0.3333333333333333,0.6841032608695652
shape,12_10,pointy,DINOv3 ViT Base,head_model,8,0.9415760869565217,0.3333333333333333,0.9123641304347826
shape,12_10,pointy,DINOv3 ViT Base,head_model,9,0.967391304347826,0.3333333333333333,0.9510869565217389
shape,12_10,pointy,DINOv3 ViT Base,head_model,10,0.876358695652174,0.3333333333333333,0.8145380434782608
shape,12_10,pointy,ResNet18,full_model,1,0.5570652173913043,0.3333333333333333,0.3355978260869565
shape,12_10,pointy,ResNet18,full_model,2,0.6019021739130435,0.3333333333333333,0.4028532608695652
shape,12_10,pointy,ResNet18,full_model,3,0.5706521739130435,0.3333333333333333,0.3559782608695652
shape,12_10,pointy,ResNet18,full_model,4,0.5557065217391305,0.3333333333333333,0.33355978260869573
shape,12_10,pointy,ResNet18,full_model,5,0.5910326086956522,0.3333333333333333,0.3865489130434783
shape,12_10,pointy,ResNet18,full_model,6,0.5883152173913043,0.3333333333333333,0.3824728260869565
shape,12_10,pointy,ResNet18,full_model,7,0.5991847826086957,0.3333333333333333,0.3987771739130435
shape,12_10,pointy,ResNet18,full_model,8,0.5665760869565217,0.3333333333333333,0.3498641304347826
shape,12_10,pointy,ResNet18,full_model,9,0.5828804347826086,0.3333333333333333,0.37432065217391297
shape,12_10,pointy,ResNet18,full_model,10,0.5597826086956522,0.3333333333333333,0.3396739130434783
shape,12_10,pointy,ResNet18,head_model,1,0.842391304347826,0.3333333333333333,0.7635869565217389
shape,12_10,pointy,ResNet18,head_model,2,0.8328804347826086,0.3333333333333333,0.749320652173913
shape,12_10,pointy,ResNet18,head_model,3,0.8328804347826086,0.3333333333333333,0.749320652173913
shape,12_10,pointy,ResNet18,head_model,4,0.8328804347826086,0.3333333333333333,0.749320652173913
shape,12_10,pointy,ResNet18,head_model,5,0.8315217391304348,0.3333333333333333,0.7472826086956522
shape,12_10,pointy,ResNet18,head_model,6,0.8328804347826086,0.3333333333333333,0.749320652173913
shape,12_10,pointy,ResNet18,head_model,7,0.8342391304347826,0.3333333333333333,0.7513586956521737
shape,12_10,pointy,ResNet18,head_model,8,0.8383152173913043,0.3333333333333333,0.7574728260869563
shape,12_10,pointy,ResNet18,head_model,9,0.8369565217391305,0.3333333333333333,0.7554347826086956
shape,12_10,pointy,ResNet18,head_model,10,0.84375,0.3333333333333333,0.765625
shape,12_10,pointy,ResNet50,full_model,1,0.483695652173913,0.3333333333333333,0.22554347826086954
shape,12_10,pointy,ResNet50,full_model,2,0.5054347826086957,0.3333333333333333,0.2581521739130435
shape,12_10,pointy,ResNet50,full_model,3,0.5081521739130435,0.3333333333333333,0.2622282608695652
shape,12_10,pointy,ResNet50,full_model,4,0.49728260869565216,0.3333333333333333,0.24592391304347824
shape,12_10,pointy,ResNet50,full_model,5,0.5040760869565217,0.3333333333333333,0.2561141304347826
shape,12_10,pointy,ResNet50,full_model,6,0.5108695652173914,0.3333333333333333,0.26630434782608703
shape,12_10,pointy,ResNet50,full_model,7,0.5122282608695652,0.3333333333333333,0.2683423913043478
shape,12_10,pointy,ResNet50,full_model,8,0.49320652173913043,0.3333333333333333,0.23980978260869565
shape,12_10,pointy,ResNet50,full_model,9,0.501358695652174,0.3333333333333333,0.2520380434782609
shape,12_10,pointy,ResNet50,full_model,10,0.5366847826086957,0.3333333333333333,0.3050271739130435
shape,12_10,pointy,ResNet50,head_model,1,0.8355978260869565,0.3333333333333333,0.7533967391304348
shape,12_10,pointy,ResNet50,head_model,2,0.8410326086956522,0.3333333333333333,0.7615489130434782
shape,12_10,pointy,ResNet50,head_model,3,0.8410326086956522,0.3333333333333333,0.7615489130434782
shape,12_10,pointy,ResNet50,head_model,4,0.8301630434782609,0.3333333333333333,0.7452445652173912
shape,12_10,pointy,ResNet50,head_model,5,0.8288043478260869,0.3333333333333333,0.7432065217391304
shape,12_10,pointy,ResNet50,head_model,6,0.8328804347826086,0.3333333333333333,0.749320652173913
shape,12_10,pointy,ResNet50,head_model,7,0.8328804347826086,0.3333333333333333,0.749320652173913
shape,12_10,pointy,ResNet50,head_model,8,0.8464673913043478,0.3333333333333333,0.7697010869565215
shape,12_10,pointy,ResNet50,head_model,9,0.8315217391304348,0.3333333333333333,0.7472826086956522
shape,12_10,pointy,ResNet50,head_model,10,0.8383152173913043,0.3333333333333333,0.7574728260869563
shape,12_10,pointy,VGG11,full_model,1,0.8043478260869565,0.3333333333333333,0.7065217391304348
shape,12_10,pointy,VGG11,full_model,2,0.8002717391304348,0.3333333333333333,0.7004076086956522
shape,12_10,pointy,VGG11,full_model,3,0.7880434782608695,0.3333333333333333,0.6820652173913042
shape,12_10,pointy,VGG11,full_model,4,0.7989130434782609,0.3333333333333333,0.6983695652173912
shape,12_10,pointy,VGG11,full_model,5,0.7907608695652174,0.3333333333333333,0.686141304347826
shape,12_10,pointy,VGG11,full_model,6,0.7744565217391305,0.3333333333333333,0.6616847826086957
shape,12_10,pointy,VGG11,full_model,7,0.8192934782608695,0.3333333333333333,0.7289402173913042
shape,12_10,pointy,VGG11,full_model,8,0.8002717391304348,0.3333333333333333,0.7004076086956522
shape,12_10,pointy,VGG11,full_model,9,0.7404891304347826,0.3333333333333333,0.6107336956521738
shape,12_10,pointy,VGG11,full_model,10,0.7839673913043478,0.3333333333333333,0.6759510869565216
shape,12_10,pointy,VGG11,head_model,1,0.8913043478260869,0.3333333333333333,0.8369565217391304
shape,12_10,pointy,VGG11,head_model,2,0.8845108695652174,0.3333333333333333,0.8267663043478259
shape,12_10,pointy,VGG11,head_model,3,0.8980978260869565,0.3333333333333333,0.8471467391304348
shape,12_10,pointy,VGG11,head_model,4,0.8899456521739131,0.3333333333333333,0.8349184782608696
shape,12_10,pointy,VGG11,head_model,5,0.875,0.3333333333333333,0.8125
shape,12_10,pointy,VGG11,head_model,6,0.8953804347826086,0.3333333333333333,0.843070652173913
shape,12_10,pointy,VGG11,head_model,7,0.8831521739130435,0.3333333333333333,0.8247282608695652
shape,12_10,pointy,VGG11,head_model,8,0.8913043478260869,0.3333333333333333,0.8369565217391304
shape,12_10,pointy,VGG11,head_model,9,0.8546195652173914,0.3333333333333333,0.781929347826087
shape,12_10,pointy,VGG11,head_model,10,0.8967391304347826,0.3333333333333333,0.8451086956521737
shape,12_10,pointy,VGG13,full_model,1,0.8410326086956522,0.3333333333333333,0.7615489130434782
shape,12_10,pointy,VGG13,full_model,2,0.8491847826086957,0.3333333333333333,0.7737771739130433
shape,12_10,pointy,VGG13,full_model,3,0.7866847826086957,0.3333333333333333,0.6800271739130435
shape,12_10,pointy,VGG13,full_model,4,0.8682065217391305,0.3333333333333333,0.8023097826086956
shape,12_10,pointy,VGG13,full_model,5,0.8722826086956522,0.3333333333333333,0.8084239130434782
shape,12_10,pointy,VGG13,full_model,6,0.8709239130434783,0.3333333333333333,0.8063858695652174
shape,12_10,pointy,VGG13,full_model,7,0.8614130434782609,0.3333333333333333,0.7921195652173911
shape,12_10,pointy,VGG13,full_model,8,0.8301630434782609,0.3333333333333333,0.7452445652173912
shape,12_10,pointy,VGG13,full_model,9,0.8396739130434783,0.3333333333333333,0.7595108695652174
shape,12_10,pointy,VGG13,full_model,10,0.8478260869565217,0.3333333333333333,0.7717391304347826
shape,12_10,pointy,VGG13,head_model,1,0.8872282608695652,0.3333333333333333,0.8308423913043478
shape,12_10,pointy,VGG13,head_model,2,0.8410326086956522,0.3333333333333333,0.7615489130434782
shape,12_10,pointy,VGG13,head_model,3,0.8804347826086957,0.3333333333333333,0.8206521739130433
shape,12_10,pointy,VGG13,head_model,4,0.8532608695652174,0.3333333333333333,0.7798913043478259
shape,12_10,pointy,VGG13,head_model,5,0.875,0.3333333333333333,0.8125
shape,12_10,pointy,VGG13,head_model,6,0.8328804347826086,0.3333333333333333,0.749320652173913
shape,12_10,pointy,VGG13,head_model,7,0.8519021739130435,0.3333333333333333,0.7778532608695652
shape,12_10,pointy,VGG13,head_model,8,0.875,0.3333333333333333,0.8125
shape,12_10,pointy,VGG13,head_model,9,0.8247282608695652,0.3333333333333333,0.7370923913043478
shape,12_10,pointy,VGG13,head_model,10,0.8586956521739131,0.3333333333333333,0.7880434782608696
shape,12_10,pointy,VGG16,full_model,1,0.8043478260869565,0.3333333333333333,0.7065217391304348
shape,12_10,pointy,VGG16,full_model,2,0.78125,0.3333333333333333,0.671875
shape,12_10,pointy,VGG16,full_model,3,0.7853260869565217,0.3333333333333333,0.6779891304347826
shape,12_10,pointy,VGG16,full_model,4,0.7785326086956522,0.3333333333333333,0.6677989130434783
shape,12_10,pointy,VGG16,full_model,5,0.8043478260869565,0.3333333333333333,0.7065217391304348
shape,12_10,pointy,VGG16,full_model,6,0.7934782608695652,0.3333333333333333,0.6902173913043478
shape,12_10,pointy,VGG16,full_model,7,0.7323369565217391,0.3333333333333333,0.5985054347826086
shape,12_10,pointy,VGG16,full_model,8,0.7608695652173914,0.3333333333333333,0.641304347826087
shape,12_10,pointy,VGG16,full_model,9,0.7907608695652174,0.3333333333333333,0.686141304347826
shape,12_10,pointy,VGG16,full_model,10,0.7581521739130435,0.3333333333333333,0.6372282608695652
shape,12_10,pointy,VGG16,head_model,1,0.9008152173913043,0.3333333333333333,0.8512228260869563
shape,12_10,pointy,VGG16,head_model,2,0.8967391304347826,0.3333333333333333,0.8451086956521737
shape,12_10,pointy,VGG16,head_model,3,0.8885869565217391,0.3333333333333333,0.8328804347826085
shape,12_10,pointy,VGG16,head_model,4,0.8953804347826086,0.3333333333333333,0.843070652173913
shape,12_10,pointy,VGG16,head_model,5,0.876358695652174,0.3333333333333333,0.8145380434782608
shape,12_10,pointy,VGG16,head_model,6,0.9021739130434783,0.3333333333333333,0.8532608695652174
shape,12_10,pointy,VGG16,head_model,7,0.8980978260869565,0.3333333333333333,0.8471467391304348
shape,12_10,pointy,VGG16,head_model,8,0.907608695652174,0.3333333333333333,0.8614130434782608
shape,12_10,pointy,VGG16,head_model,9,0.8777173913043478,0.3333333333333333,0.8165760869565215
shape,12_10,pointy,VGG16,head_model,10,0.8872282608695652,0.3333333333333333,0.8308423913043478
shape,12_10,pointy,VGG19,full_model,1,0.7038043478260869,0.3333333333333333,0.5557065217391304
shape,12_10,pointy,VGG19,full_model,2,0.6875,0.3333333333333333,0.53125
shape,12_10,pointy,VGG19,full_model,3,0.7377717391304348,0.3333333333333333,0.6066576086956522
shape,12_10,pointy,VGG19,full_model,4,0.7581521739130435,0.3333333333333333,0.6372282608695652
shape,12_10,pointy,VGG19,full_model,5,0.7907608695652174,0.3333333333333333,0.686141304347826
shape,12_10,pointy,VGG19,full_model,6,0.7065217391304348,0.3333333333333333,0.5597826086956522
shape,12_10,pointy,VGG19,full_model,7,0.8002717391304348,0.3333333333333333,0.7004076086956522
shape,12_10,pointy,VGG19,full_model,8,0.720108695652174,0.3333333333333333,0.5801630434782609
shape,12_10,pointy,VGG19,full_model,9,0.7432065217391305,0.3333333333333333,0.6148097826086957
shape,12_10,pointy,VGG19,full_model,10,0.7649456521739131,0.3333333333333333,0.6474184782608696
shape,12_10,pointy,VGG19,head_model,1,0.842391304347826,0.3333333333333333,0.7635869565217389
shape,12_10,pointy,VGG19,head_model,2,0.8464673913043478,0.3333333333333333,0.7697010869565215
shape,12_10,pointy,VGG19,head_model,3,0.8410326086956522,0.3333333333333333,0.7615489130434782
shape,12_10,pointy,VGG19,head_model,4,0.8315217391304348,0.3333333333333333,0.7472826086956522
shape,12_10,pointy,VGG19,head_model,5,0.8220108695652174,0.3333333333333333,0.733016304347826
shape,12_10,pointy,VGG19,head_model,6,0.8546195652173914,0.3333333333333333,0.781929347826087
shape,12_10,pointy,VGG19,head_model,7,0.8682065217391305,0.3333333333333333,0.8023097826086956
shape,12_10,pointy,VGG19,head_model,8,0.8654891304347826,0.3333333333333333,0.7982336956521737
shape,12_10,pointy,VGG19,head_model,9,0.8342391304347826,0.3333333333333333,0.7513586956521737
shape,12_10,pointy,VGG19,head_model,10,0.8505434782608695,0.3333333333333333,0.7758152173913041
shape,12_10,pointy,ViT Base,full_model,1,1.0,0.3333333333333333,1.0
shape,12_10,pointy,ViT Base,full_model,2,1.0,0.3333333333333333,1.0
shape,12_10,pointy,ViT Base,full_model,3,0.9755434782608695,0.3333333333333333,0.9633152173913041
shape,12_10,pointy,ViT Base,full_model,4,1.0,0.3333333333333333,1.0
shape,12_10,pointy,ViT Base,full_model,5,0.9972826086956522,0.3333333333333333,0.9959239130434782
shape,12_10,pointy,ViT Base,full_model,6,1.0,0.3333333333333333,1.0
shape,12_10,pointy,ViT Base,full_model,7,1.0,0.3333333333333333,1.0
shape,12_10,pointy,ViT Base,full_model,8,0.998641304347826,0.3333333333333333,0.9979619565217389
shape,12_10,pointy,ViT Base,full_model,9,0.96875,0.3333333333333333,0.953125
shape,12_10,pointy,ViT Base,full_model,10,1.0,0.3333333333333333,1.0
shape,12_10,pointy,ViT Base,head_model,1,0.9266304347826086,0.3333333333333333,0.889945652173913
shape,12_10,pointy,ViT Base,head_model,2,0.811141304347826,0.3333333333333333,0.716711956521739
shape,12_10,pointy,ViT Base,head_model,3,0.8505434782608695,0.3333333333333333,0.7758152173913041
shape,12_10,pointy,ViT Base,head_model,4,0.90625,0.3333333333333333,0.859375
shape,12_10,pointy,ViT Base,head_model,5,0.9130434782608695,0.3333333333333333,0.8695652173913041
shape,12_10,pointy,ViT Base,head_model,6,0.9035326086956522,0.3333333333333333,0.8552989130434782
shape,12_10,pointy,ViT Base,head_model,7,0.7948369565217391,0.3333333333333333,0.6922554347826086
shape,12_10,pointy,ViT Base,head_model,8,0.842391304347826,0.3333333333333333,0.7635869565217389
shape,12_10,pointy,ViT Base,head_model,9,0.9266304347826086,0.3333333333333333,0.889945652173913
shape,12_10,pointy,ViT Base,head_model,10,0.8953804347826086,0.3333333333333333,0.843070652173913
shape,12_10,pointy,ViT Large,full_model,1,0.998641304347826,0.3333333333333333,0.9979619565217389
shape,12_10,pointy,ViT Large,full_model,2,0.998641304347826,0.3333333333333333,0.9979619565217389
shape,12_10,pointy,ViT Large,full_model,3,0.9972826086956522,0.3333333333333333,0.9959239130434782
shape,12_10,pointy,ViT Large,full_model,4,0.8464673913043478,0.3333333333333333,0.7697010869565215
shape,12_10,pointy,ViT Large,full_model,5,0.998641304347826,0.3333333333333333,0.9979619565217389
shape,12_10,pointy,ViT Large,full_model,6,1.0,0.3333333333333333,1.0
shape,12_10,pointy,ViT Large,full_model,7,1.0,0.3333333333333333,1.0
shape,12_10,pointy,ViT Large,full_model,8,0.9972826086956522,0.3333333333333333,0.9959239130434782
shape,12_10,pointy,ViT Large,full_model,9,1.0,0.3333333333333333,1.0
shape,12_10,pointy,ViT Large,full_model,10,1.0,0.3333333333333333,1.0
shape,12_10,pointy,ViT Large,head_model,1,0.9442934782608695,0.3333333333333333,0.9164402173913041
shape,12_10,pointy,ViT Large,head_model,2,0.9293478260869565,0.3333333333333333,0.8940217391304348
shape,12_10,pointy,ViT Large,head_model,3,0.9510869565217391,0.3333333333333333,0.9266304347826085
shape,12_10,pointy,ViT Large,head_model,4,0.9144021739130435,0.3333333333333333,0.8716032608695652
shape,12_10,pointy,ViT Large,head_model,5,0.936141304347826,0.3333333333333333,0.9042119565217389
shape,12_10,pointy,ViT Large,head_model,6,0.9320652173913043,0.3333333333333333,0.8980978260869563
shape,12_10,pointy,ViT Large,head_model,7,0.9442934782608695,0.3333333333333333,0.9164402173913041
shape,12_10,pointy,ViT Large,head_model,8,0.9225543478260869,0.3333333333333333,0.8838315217391304
shape,12_10,pointy,ViT Large,head_model,9,0.9184782608695652,0.3333333333333333,0.8777173913043478
shape,12_10,pointy,ViT Large,head_model,10,0.9483695652173914,0.3333333333333333,0.922554347826087
shape,12_10,pointy,ViT Small,full_model,1,0.9959239130434783,0.3333333333333333,0.9938858695652174
shape,12_10,pointy,ViT Small,full_model,2,0.998641304347826,0.3333333333333333,0.9979619565217389
shape,12_10,pointy,ViT Small,full_model,3,0.998641304347826,0.3333333333333333,0.9979619565217389
shape,12_10,pointy,ViT Small,full_model,4,0.9972826086956522,0.3333333333333333,0.9959239130434782
shape,12_10,pointy,ViT Small,full_model,5,0.9904891304347826,0.3333333333333333,0.9857336956521737
shape,12_10,pointy,ViT Small,full_model,6,0.9945652173913043,0.3333333333333333,0.9918478260869563
shape,12_10,pointy,ViT Small,full_model,7,0.998641304347826,0.3333333333333333,0.9979619565217389
shape,12_10,pointy,ViT Small,full_model,8,0.9918478260869565,0.3333333333333333,0.9877717391304348
shape,12_10,pointy,ViT Small,full_model,9,1.0,0.3333333333333333,1.0
shape,12_10,pointy,ViT Small,full_model,10,0.9959239130434783,0.3333333333333333,0.9938858695652174
shape,12_10,pointy,ViT Small,head_model,1,0.9483695652173914,0.3333333333333333,0.922554347826087
shape,12_10,pointy,ViT Small,head_model,2,0.8682065217391305,0.3333333333333333,0.8023097826086956
shape,12_10,pointy,ViT Small,head_model,3,0.8491847826086957,0.3333333333333333,0.7737771739130433
shape,12_10,pointy,ViT Small,head_model,4,0.904891304347826,0.3333333333333333,0.8573369565217389
shape,12_10,pointy,ViT Small,head_model,5,0.9415760869565217,0.3333333333333333,0.9123641304347826
shape,12_10,pointy,ViT Small,head_model,6,0.9456521739130435,0.3333333333333333,0.9184782608695652
shape,12_10,pointy,ViT Small,head_model,7,0.9334239130434783,0.3333333333333333,0.9001358695652174
shape,12_10,pointy,ViT Small,head_model,8,0.9483695652173914,0.3333333333333333,0.922554347826087
shape,12_10,pointy,ViT Small,head_model,9,0.9483695652173914,0.3333333333333333,0.922554347826087
shape,12_10,pointy,ViT Small,head_model,10,0.8709239130434783,0.3333333333333333,0.8063858695652174
shape,12_10,streaky,ConvNeXt Base,full_model,1,0.9986206896551724,0.3333333333333333,0.9979310344827585
shape,12_10,streaky,ConvNeXt Base,full_model,2,0.9972413793103448,0.3333333333333333,0.9958620689655171
shape,12_10,streaky,ConvNeXt Base,full_model,3,0.9986206896551724,0.3333333333333333,0.9979310344827585
shape,12_10,streaky,ConvNeXt Base,full_model,4,0.9986206896551724,0.3333333333333333,0.9979310344827585
shape,12_10,streaky,ConvNeXt Base,full_model,5,1.0,0.3333333333333333,1.0
shape,12_10,streaky,ConvNeXt Base,full_model,6,1.0,0.3333333333333333,1.0
shape,12_10,streaky,ConvNeXt Base,full_model,7,0.9972413793103448,0.3333333333333333,0.9958620689655171
shape,12_10,streaky,ConvNeXt Base,full_model,8,1.0,0.3333333333333333,1.0
shape,12_10,streaky,ConvNeXt Base,full_model,9,1.0,0.3333333333333333,1.0
shape,12_10,streaky,ConvNeXt Base,full_model,10,0.9944827586206897,0.3333333333333333,0.9917241379310345
shape,12_10,streaky,ConvNeXt Base,head_model,1,0.8262068965517242,0.3333333333333333,0.7393103448275863
shape,12_10,streaky,ConvNeXt Base,head_model,2,0.8413793103448276,0.3333333333333333,0.7620689655172412
shape,12_10,streaky,ConvNeXt Base,head_model,3,0.8455172413793104,0.3333333333333333,0.7682758620689656
shape,12_10,streaky,ConvNeXt Base,head_model,4,0.8344827586206897,0.3333333333333333,0.7517241379310343
shape,12_10,streaky,ConvNeXt Base,head_model,5,0.8468965517241379,0.3333333333333333,0.7703448275862067
shape,12_10,streaky,ConvNeXt Base,head_model,6,0.8620689655172413,0.3333333333333333,0.793103448275862
shape,12_10,streaky,ConvNeXt Base,head_model,7,0.856551724137931,0.3333333333333333,0.7848275862068965
shape,12_10,streaky,ConvNeXt Base,head_model,8,0.8662068965517241,0.3333333333333333,0.799310344827586
shape,12_10,streaky,ConvNeXt Base,head_model,9,0.84,0.3333333333333333,0.7599999999999998
shape,12_10,streaky,ConvNeXt Base,head_model,10,0.8275862068965517,0.3333333333333333,0.7413793103448275
shape,12_10,streaky,ConvNeXt Large,full_model,1,0.9986206896551724,0.3333333333333333,0.9979310344827585
shape,12_10,streaky,ConvNeXt Large,full_model,2,0.9944827586206897,0.3333333333333333,0.9917241379310345
shape,12_10,streaky,ConvNeXt Large,full_model,3,0.9944827586206897,0.3333333333333333,0.9917241379310345
shape,12_10,streaky,ConvNeXt Large,full_model,4,0.9986206896551724,0.3333333333333333,0.9979310344827585
shape,12_10,streaky,ConvNeXt Large,full_model,5,0.9986206896551724,0.3333333333333333,0.9979310344827585
shape,12_10,streaky,ConvNeXt Large,full_model,6,0.9751724137931035,0.3333333333333333,0.9627586206896552
shape,12_10,streaky,ConvNeXt Large,full_model,7,0.9972413793103448,0.3333333333333333,0.9958620689655171
shape,12_10,streaky,ConvNeXt Large,full_model,8,0.9972413793103448,0.3333333333333333,0.9958620689655171
shape,12_10,streaky,ConvNeXt Large,full_model,9,1.0,0.3333333333333333,1.0
shape,12_10,streaky,ConvNeXt Large,full_model,10,0.9944827586206897,0.3333333333333333,0.9917241379310345
shape,12_10,streaky,ConvNeXt Large,head_model,1,0.903448275862069,0.3333333333333333,0.8551724137931035
shape,12_10,streaky,ConvNeXt Large,head_model,2,0.9255172413793104,0.3333333333333333,0.8882758620689654
shape,12_10,streaky,ConvNeXt Large,head_model,3,0.9213793103448276,0.3333333333333333,0.8820689655172413
shape,12_10,streaky,ConvNeXt Large,head_model,4,0.8744827586206897,0.3333333333333333,0.8117241379310344
shape,12_10,streaky,ConvNeXt Large,head_model,5,0.9227586206896552,0.3333333333333333,0.8841379310344828
shape,12_10,streaky,ConvNeXt Large,head_model,6,0.9393103448275862,0.3333333333333333,0.9089655172413792
shape,12_10,streaky,ConvNeXt Large,head_model,7,0.9089655172413793,0.3333333333333333,0.863448275862069
shape,12_10,streaky,ConvNeXt Large,head_model,8,0.8813793103448276,0.3333333333333333,0.8220689655172413
shape,12_10,streaky,ConvNeXt Large,head_model,9,0.8744827586206897,0.3333333333333333,0.8117241379310344
shape,12_10,streaky,ConvNeXt Large,head_model,10,0.8620689655172413,0.3333333333333333,0.793103448275862
shape,12_10,streaky,ConvNeXt Small,full_model,1,1.0,0.3333333333333333,1.0
shape,12_10,streaky,ConvNeXt Small,full_model,2,1.0,0.3333333333333333,1.0
shape,12_10,streaky,ConvNeXt Small,full_model,3,1.0,0.3333333333333333,1.0
shape,12_10,streaky,ConvNeXt Small,full_model,4,1.0,0.3333333333333333,1.0
shape,12_10,streaky,ConvNeXt Small,full_model,5,1.0,0.3333333333333333,1.0
shape,12_10,streaky,ConvNeXt Small,full_model,6,1.0,0.3333333333333333,1.0
shape,12_10,streaky,ConvNeXt Small,full_model,7,1.0,0.3333333333333333,1.0
shape,12_10,streaky,ConvNeXt Small,full_model,8,1.0,0.3333333333333333,1.0
shape,12_10,streaky,ConvNeXt Small,full_model,9,0.9944827586206897,0.3333333333333333,0.9917241379310345
shape,12_10,streaky,ConvNeXt Small,full_model,10,1.0,0.3333333333333333,1.0
shape,12_10,streaky,ConvNeXt Small,head_model,1,0.9048275862068965,0.3333333333333333,0.8572413793103446
shape,12_10,streaky,ConvNeXt Small,head_model,2,0.8924137931034483,0.3333333333333333,0.8386206896551722
shape,12_10,streaky,ConvNeXt Small,head_model,3,0.9062068965517242,0.3333333333333333,0.8593103448275861
shape,12_10,streaky,ConvNeXt Small,head_model,4,0.8993103448275862,0.3333333333333333,0.8489655172413791
shape,12_10,streaky,ConvNeXt Small,head_model,5,0.9020689655172414,0.3333333333333333,0.853103448275862
shape,12_10,streaky,ConvNeXt Small,head_model,6,0.9020689655172414,0.3333333333333333,0.853103448275862
shape,12_10,streaky,ConvNeXt Small,head_model,7,0.896551724137931,0.3333333333333333,0.8448275862068966
shape,12_10,streaky,ConvNeXt Small,head_model,8,0.88,0.3333333333333333,0.8199999999999998
shape,12_10,streaky,ConvNeXt Small,head_model,9,0.9172413793103448,0.3333333333333333,0.875862068965517
shape,12_10,streaky,ConvNeXt Small,head_model,10,0.9048275862068965,0.3333333333333333,0.8572413793103446
shape,12_10,streaky,ConvNeXt Tiny,full_model,1,1.0,0.3333333333333333,1.0
shape,12_10,streaky,ConvNeXt Tiny,full_model,2,1.0,0.3333333333333333,1.0
shape,12_10,streaky,ConvNeXt Tiny,full_model,3,1.0,0.3333333333333333,1.0
shape,12_10,streaky,ConvNeXt Tiny,full_model,4,1.0,0.3333333333333333,1.0
shape,12_10,streaky,ConvNeXt Tiny,full_model,5,1.0,0.3333333333333333,1.0
shape,12_10,streaky,ConvNeXt Tiny,full_model,6,1.0,0.3333333333333333,1.0
shape,12_10,streaky,ConvNeXt Tiny,full_model,7,1.0,0.3333333333333333,1.0
shape,12_10,streaky,ConvNeXt Tiny,full_model,8,1.0,0.3333333333333333,1.0
shape,12_10,streaky,ConvNeXt Tiny,full_model,9,1.0,0.3333333333333333,1.0
shape,12_10,streaky,ConvNeXt Tiny,full_model,10,1.0,0.3333333333333333,1.0
shape,12_10,streaky,ConvNeXt Tiny,head_model,1,0.9241379310344827,0.3333333333333333,0.8862068965517239
shape,12_10,streaky,ConvNeXt Tiny,head_model,2,0.8979310344827586,0.3333333333333333,0.8468965517241377
shape,12_10,streaky,ConvNeXt Tiny,head_model,3,0.9186206896551724,0.3333333333333333,0.8779310344827584
shape,12_10,streaky,ConvNeXt Tiny,head_model,4,0.8882758620689655,0.3333333333333333,0.8324137931034482
shape,12_10,streaky,ConvNeXt Tiny,head_model,5,0.9117241379310345,0.3333333333333333,0.8675862068965515
shape,12_10,streaky,ConvNeXt Tiny,head_model,6,0.9172413793103448,0.3333333333333333,0.875862068965517
shape,12_10,streaky,ConvNeXt Tiny,head_model,7,0.9186206896551724,0.3333333333333333,0.8779310344827584
shape,12_10,streaky,ConvNeXt Tiny,head_model,8,0.886896551724138,0.3333333333333333,0.8303448275862068
shape,12_10,streaky,ConvNeXt Tiny,head_model,9,0.8882758620689655,0.3333333333333333,0.8324137931034482
shape,12_10,streaky,ConvNeXt Tiny,head_model,10,0.8937931034482759,0.3333333333333333,0.8406896551724137
shape,12_10,streaky,DINOv3 ViT Base,full_model,1,0.7282758620689656,0.3333333333333333,0.5924137931034483
shape,12_10,streaky,DINOv3 ViT Base,full_model,2,0.9972413793103448,0.3333333333333333,0.9958620689655171
shape,12_10,streaky,DINOv3 ViT Base,full_model,3,0.9986206896551724,0.3333333333333333,0.9979310344827585
shape,12_10,streaky,DINOv3 ViT Base,full_model,4,0.9986206896551724,0.3333333333333333,0.9979310344827585
shape,12_10,streaky,DINOv3 ViT Base,full_model,5,0.976551724137931,0.3333333333333333,0.9648275862068963
shape,12_10,streaky,DINOv3 ViT Base,full_model,6,0.9986206896551724,0.3333333333333333,0.9979310344827585
shape,12_10,streaky,DINOv3 ViT Base,full_model,7,0.9806896551724138,0.3333333333333333,0.9710344827586207
shape,12_10,streaky,DINOv3 ViT Base,full_model,8,0.9986206896551724,0.3333333333333333,0.9979310344827585
shape,12_10,streaky,DINOv3 ViT Base,full_model,9,1.0,0.3333333333333333,1.0
shape,12_10,streaky,DINOv3 ViT Base,full_model,10,0.9944827586206897,0.3333333333333333,0.9917241379310345
shape,12_10,streaky,DINOv3 ViT Base,head_model,1,0.88,0.3333333333333333,0.8199999999999998
shape,12_10,streaky,DINOv3 ViT Base,head_model,2,0.9544827586206897,0.3333333333333333,0.9317241379310345
shape,12_10,streaky,DINOv3 ViT Base,head_model,3,0.8165517241379311,0.3333333333333333,0.7248275862068966
shape,12_10,streaky,DINOv3 ViT Base,head_model,4,0.9144827586206896,0.3333333333333333,0.8717241379310344
shape,12_10,streaky,DINOv3 ViT Base,head_model,5,0.8,0.3333333333333333,0.7000000000000001
shape,12_10,streaky,DINOv3 ViT Base,head_model,6,0.8593103448275862,0.3333333333333333,0.7889655172413791
shape,12_10,streaky,DINOv3 ViT Base,head_model,7,0.8289655172413793,0.3333333333333333,0.743448275862069
shape,12_10,streaky,DINOv3 ViT Base,head_model,8,0.863448275862069,0.3333333333333333,0.7951724137931034
shape,12_10,streaky,DINOv3 ViT Base,head_model,9,0.9462068965517242,0.3333333333333333,0.9193103448275861
shape,12_10,streaky,DINOv3 ViT Base,head_model,10,0.9131034482758621,0.3333333333333333,0.869655172413793
shape,12_10,streaky,ResNet18,full_model,1,0.5724137931034483,0.3333333333333333,0.35862068965517246
shape,12_10,streaky,ResNet18,full_model,2,0.6013793103448276,0.3333333333333333,0.4020689655172414
shape,12_10,streaky,ResNet18,full_model,3,0.5903448275862069,0.3333333333333333,0.3855172413793103
shape,12_10,streaky,ResNet18,full_model,4,0.6,0.3333333333333333,0.39999999999999997
shape,12_10,streaky,ResNet18,full_model,5,0.576551724137931,0.3333333333333333,0.3648275862068965
shape,12_10,streaky,ResNet18,full_model,6,0.593103448275862,0.3333333333333333,0.38965517241379305
shape,12_10,streaky,ResNet18,full_model,7,0.6206896551724138,0.3333333333333333,0.4310344827586207
shape,12_10,streaky,ResNet18,full_model,8,0.6013793103448276,0.3333333333333333,0.4020689655172414
shape,12_10,streaky,ResNet18,full_model,9,0.5779310344827586,0.3333333333333333,0.36689655172413793
shape,12_10,streaky,ResNet18,full_model,10,0.6068965517241379,0.3333333333333333,0.4103448275862069
shape,12_10,streaky,ResNet18,head_model,1,0.7627586206896552,0.3333333333333333,0.6441379310344827
shape,12_10,streaky,ResNet18,head_model,2,0.7489655172413793,0.3333333333333333,0.6234482758620689
shape,12_10,streaky,ResNet18,head_model,3,0.7572413793103449,0.3333333333333333,0.6358620689655172
shape,12_10,streaky,ResNet18,head_model,4,0.7613793103448275,0.3333333333333333,0.6420689655172412
shape,12_10,streaky,ResNet18,head_model,5,0.7613793103448275,0.3333333333333333,0.6420689655172412
shape,12_10,streaky,ResNet18,head_model,6,0.7379310344827587,0.3333333333333333,0.6068965517241379
shape,12_10,streaky,ResNet18,head_model,7,0.76,0.3333333333333333,0.64
shape,12_10,streaky,ResNet18,head_model,8,0.7627586206896552,0.3333333333333333,0.6441379310344827
shape,12_10,streaky,ResNet18,head_model,9,0.7641379310344828,0.3333333333333333,0.6462068965517241
shape,12_10,streaky,ResNet18,head_model,10,0.7655172413793103,0.3333333333333333,0.6482758620689655
shape,12_10,streaky,ResNet50,full_model,1,0.5048275862068966,0.3333333333333333,0.2572413793103449
shape,12_10,streaky,ResNet50,full_model,2,0.4924137931034483,0.3333333333333333,0.23862068965517244
shape,12_10,streaky,ResNet50,full_model,3,0.5020689655172413,0.3333333333333333,0.253103448275862
shape,12_10,streaky,ResNet50,full_model,4,0.47172413793103446,0.3333333333333333,0.2075862068965517
shape,12_10,streaky,ResNet50,full_model,5,0.48413793103448277,0.3333333333333333,0.22620689655172416
shape,12_10,streaky,ResNet50,full_model,6,0.4772413793103448,0.3333333333333333,0.21586206896551724
shape,12_10,streaky,ResNet50,full_model,7,0.4786206896551724,0.3333333333333333,0.2179310344827586
shape,12_10,streaky,ResNet50,full_model,8,0.47172413793103446,0.3333333333333333,0.2075862068965517
shape,12_10,streaky,ResNet50,full_model,9,0.4786206896551724,0.3333333333333333,0.2179310344827586
shape,12_10,streaky,ResNet50,full_model,10,0.5241379310344828,0.3333333333333333,0.2862068965517242
shape,12_10,streaky,ResNet50,head_model,1,0.7241379310344828,0.3333333333333333,0.5862068965517241
shape,12_10,streaky,ResNet50,head_model,2,0.7310344827586207,0.3333333333333333,0.596551724137931
shape,12_10,streaky,ResNet50,head_model,3,0.7213793103448276,0.3333333333333333,0.5820689655172414
shape,12_10,streaky,ResNet50,head_model,4,0.7282758620689656,0.3333333333333333,0.5924137931034483
shape,12_10,streaky,ResNet50,head_model,5,0.7268965517241379,0.3333333333333333,0.5903448275862069
shape,12_10,streaky,ResNet50,head_model,6,0.7227586206896551,0.3333333333333333,0.5841379310344826
shape,12_10,streaky,ResNet50,head_model,7,0.7255172413793104,0.3333333333333333,0.5882758620689655
shape,12_10,streaky,ResNet50,head_model,8,0.7213793103448276,0.3333333333333333,0.5820689655172414
shape,12_10,streaky,ResNet50,head_model,9,0.7282758620689656,0.3333333333333333,0.5924137931034483
shape,12_10,streaky,ResNet50,head_model,10,0.7213793103448276,0.3333333333333333,0.5820689655172414
shape,12_10,streaky,VGG11,full_model,1,0.8082758620689655,0.3333333333333333,0.7124137931034482
shape,12_10,streaky,VGG11,full_model,2,0.8248275862068966,0.3333333333333333,0.7372413793103448
shape,12_10,streaky,VGG11,full_model,3,0.8248275862068966,0.3333333333333333,0.7372413793103448
shape,12_10,streaky,VGG11,full_model,4,0.8151724137931035,0.3333333333333333,0.7227586206896551
shape,12_10,streaky,VGG11,full_model,5,0.8096551724137931,0.3333333333333333,0.7144827586206897
shape,12_10,streaky,VGG11,full_model,6,0.8096551724137931,0.3333333333333333,0.7144827586206897
shape,12_10,streaky,VGG11,full_model,7,0.8413793103448276,0.3333333333333333,0.7620689655172412
shape,12_10,streaky,VGG11,full_model,8,0.7862068965517242,0.3333333333333333,0.6793103448275862
shape,12_10,streaky,VGG11,full_model,9,0.8165517241379311,0.3333333333333333,0.7248275862068966
shape,12_10,streaky,VGG11,full_model,10,0.8,0.3333333333333333,0.7000000000000001
shape,12_10,streaky,VGG11,head_model,1,0.8027586206896552,0.3333333333333333,0.7041379310344827
shape,12_10,streaky,VGG11,head_model,2,0.7793103448275862,0.3333333333333333,0.6689655172413793
shape,12_10,streaky,VGG11,head_model,3,0.8179310344827586,0.3333333333333333,0.7268965517241379
shape,12_10,streaky,VGG11,head_model,4,0.7944827586206896,0.3333333333333333,0.6917241379310344
shape,12_10,streaky,VGG11,head_model,5,0.8124137931034483,0.3333333333333333,0.7186206896551725
shape,12_10,streaky,VGG11,head_model,6,0.8193103448275862,0.3333333333333333,0.7289655172413794
shape,12_10,streaky,VGG11,head_model,7,0.8027586206896552,0.3333333333333333,0.7041379310344827
shape,12_10,streaky,VGG11,head_model,8,0.8068965517241379,0.3333333333333333,0.7103448275862068
shape,12_10,streaky,VGG11,head_model,9,0.8055172413793104,0.3333333333333333,0.7082758620689655
shape,12_10,streaky,VGG11,head_model,10,0.8096551724137931,0.3333333333333333,0.7144827586206897
shape,12_10,streaky,VGG13,full_model,1,0.8772413793103448,0.3333333333333333,0.8158620689655173
shape,12_10,streaky,VGG13,full_model,2,0.8827586206896552,0.3333333333333333,0.8241379310344827
shape,12_10,streaky,VGG13,full_model,3,0.8786206896551724,0.3333333333333333,0.8179310344827584
shape,12_10,streaky,VGG13,full_model,4,0.8593103448275862,0.3333333333333333,0.7889655172413791
shape,12_10,streaky,VGG13,full_model,5,0.8896551724137931,0.3333333333333333,0.8344827586206897
shape,12_10,streaky,VGG13,full_model,6,0.8234482758620689,0.3333333333333333,0.7351724137931034
shape,12_10,streaky,VGG13,full_model,7,0.8703448275862069,0.3333333333333333,0.8055172413793104
shape,12_10,streaky,VGG13,full_model,8,0.8744827586206897,0.3333333333333333,0.8117241379310344
shape,12_10,streaky,VGG13,full_model,9,0.8620689655172413,0.3333333333333333,0.793103448275862
shape,12_10,streaky,VGG13,full_model,10,0.863448275862069,0.3333333333333333,0.7951724137931034
shape,12_10,streaky,VGG13,head_model,1,0.7751724137931034,0.3333333333333333,0.6627586206896551
shape,12_10,streaky,VGG13,head_model,2,0.8068965517241379,0.3333333333333333,0.7103448275862068
shape,12_10,streaky,VGG13,head_model,3,0.8303448275862069,0.3333333333333333,0.7455172413793103
shape,12_10,streaky,VGG13,head_model,4,0.7751724137931034,0.3333333333333333,0.6627586206896551
shape,12_10,streaky,VGG13,head_model,5,0.8055172413793104,0.3333333333333333,0.7082758620689655
shape,12_10,streaky,VGG13,head_model,6,0.8165517241379311,0.3333333333333333,0.7248275862068966
shape,12_10,streaky,VGG13,head_model,7,0.7944827586206896,0.3333333333333333,0.6917241379310344
shape,12_10,streaky,VGG13,head_model,8,0.8468965517241379,0.3333333333333333,0.7703448275862067
shape,12_10,streaky,VGG13,head_model,9,0.8234482758620689,0.3333333333333333,0.7351724137931034
shape,12_10,streaky,VGG13,head_model,10,0.8344827586206897,0.3333333333333333,0.7517241379310343
shape,12_10,streaky,VGG16,full_model,1,0.7337931034482759,0.3333333333333333,0.6006896551724138
shape,12_10,streaky,VGG16,full_model,2,0.7682758620689655,0.3333333333333333,0.6524137931034482
shape,12_10,streaky,VGG16,full_model,3,0.7351724137931035,0.3333333333333333,0.6027586206896552
shape,12_10,streaky,VGG16,full_model,4,0.7406896551724138,0.3333333333333333,0.6110344827586207
shape,12_10,streaky,VGG16,full_model,5,0.7627586206896552,0.3333333333333333,0.6441379310344827
shape,12_10,streaky,VGG16,full_model,6,0.743448275862069,0.3333333333333333,0.6151724137931034
shape,12_10,streaky,VGG16,full_model,7,0.7696551724137931,0.3333333333333333,0.6544827586206896
shape,12_10,streaky,VGG16,full_model,8,0.6744827586206896,0.3333333333333333,0.5117241379310344
shape,12_10,streaky,VGG16,full_model,9,0.766896551724138,0.3333333333333333,0.6503448275862069
shape,12_10,streaky,VGG16,full_model,10,0.7186206896551725,0.3333333333333333,0.5779310344827586
shape,12_10,streaky,VGG16,head_model,1,0.7862068965517242,0.3333333333333333,0.6793103448275862
shape,12_10,streaky,VGG16,head_model,2,0.8165517241379311,0.3333333333333333,0.7248275862068966
shape,12_10,streaky,VGG16,head_model,3,0.8275862068965517,0.3333333333333333,0.7413793103448275
shape,12_10,streaky,VGG16,head_model,4,0.8055172413793104,0.3333333333333333,0.7082758620689655
shape,12_10,streaky,VGG16,head_model,5,0.8013793103448276,0.3333333333333333,0.7020689655172413
shape,12_10,streaky,VGG16,head_model,6,0.8206896551724138,0.3333333333333333,0.7310344827586206
shape,12_10,streaky,VGG16,head_model,7,0.8137931034482758,0.3333333333333333,0.7206896551724137
shape,12_10,streaky,VGG16,head_model,8,0.8110344827586207,0.3333333333333333,0.716551724137931
shape,12_10,streaky,VGG16,head_model,9,0.8068965517241379,0.3333333333333333,0.7103448275862068
shape,12_10,streaky,VGG16,head_model,10,0.8413793103448276,0.3333333333333333,0.7620689655172412
shape,12_10,streaky,VGG19,full_model,1,0.6924137931034483,0.3333333333333333,0.5386206896551724
shape,12_10,streaky,VGG19,full_model,2,0.6951724137931035,0.3333333333333333,0.5427586206896552
shape,12_10,streaky,VGG19,full_model,3,0.7282758620689656,0.3333333333333333,0.5924137931034483
shape,12_10,streaky,VGG19,full_model,4,0.7089655172413794,0.3333333333333333,0.563448275862069
shape,12_10,streaky,VGG19,full_model,5,0.7310344827586207,0.3333333333333333,0.596551724137931
shape,12_10,streaky,VGG19,full_model,6,0.7544827586206897,0.3333333333333333,0.6317241379310345
shape,12_10,streaky,VGG19,full_model,7,0.7296551724137931,0.3333333333333333,0.5944827586206896
shape,12_10,streaky,VGG19,full_model,8,0.7310344827586207,0.3333333333333333,0.596551724137931
shape,12_10,streaky,VGG19,full_model,9,0.7558620689655172,0.3333333333333333,0.6337931034482758
shape,12_10,streaky,VGG19,full_model,10,0.7655172413793103,0.3333333333333333,0.6482758620689655
shape,12_10,streaky,VGG19,head_model,1,0.8206896551724138,0.3333333333333333,0.7310344827586206
shape,12_10,streaky,VGG19,head_model,2,0.8537931034482759,0.3333333333333333,0.7806896551724136
shape,12_10,streaky,VGG19,head_model,3,0.8262068965517242,0.3333333333333333,0.7393103448275863
shape,12_10,streaky,VGG19,head_model,4,0.776551724137931,0.3333333333333333,0.6648275862068965
shape,12_10,streaky,VGG19,head_model,5,0.8137931034482758,0.3333333333333333,0.7206896551724137
shape,12_10,streaky,VGG19,head_model,6,0.8248275862068966,0.3333333333333333,0.7372413793103448
shape,12_10,streaky,VGG19,head_model,7,0.8441379310344828,0.3333333333333333,0.7662068965517241
shape,12_10,streaky,VGG19,head_model,8,0.8441379310344828,0.3333333333333333,0.7662068965517241
shape,12_10,streaky,VGG19,head_model,9,0.8124137931034483,0.3333333333333333,0.7186206896551725
shape,12_10,streaky,VGG19,head_model,10,0.8303448275862069,0.3333333333333333,0.7455172413793103
shape,12_10,streaky,ViT Base,full_model,1,1.0,0.3333333333333333,1.0
shape,12_10,streaky,ViT Base,full_model,2,1.0,0.3333333333333333,1.0
shape,12_10,streaky,ViT Base,full_model,3,1.0,0.3333333333333333,1.0
shape,12_10,streaky,ViT Base,full_model,4,1.0,0.3333333333333333,1.0
shape,12_10,streaky,ViT Base,full_model,5,0.9972413793103448,0.3333333333333333,0.9958620689655171
shape,12_10,streaky,ViT Base,full_model,6,0.9820689655172414,0.3333333333333333,0.9731034482758621
shape,12_10,streaky,ViT Base,full_model,7,1.0,0.3333333333333333,1.0
shape,12_10,streaky,ViT Base,full_model,8,1.0,0.3333333333333333,1.0
shape,12_10,streaky,ViT Base,full_model,9,1.0,0.3333333333333333,1.0
shape,12_10,streaky,ViT Base,full_model,10,0.9972413793103448,0.3333333333333333,0.9958620689655171
shape,12_10,streaky,ViT Base,head_model,1,0.9420689655172414,0.3333333333333333,0.9131034482758621
shape,12_10,streaky,ViT Base,head_model,2,0.9379310344827586,0.3333333333333333,0.9068965517241377
shape,12_10,streaky,ViT Base,head_model,3,0.9131034482758621,0.3333333333333333,0.869655172413793
shape,12_10,streaky,ViT Base,head_model,4,0.9558620689655173,0.3333333333333333,0.9337931034482759
shape,12_10,streaky,ViT Base,head_model,5,0.9558620689655173,0.3333333333333333,0.9337931034482759
shape,12_10,streaky,ViT Base,head_model,6,0.9006896551724138,0.3333333333333333,0.8510344827586206
shape,12_10,streaky,ViT Base,head_model,7,0.8220689655172414,0.3333333333333333,0.733103448275862
shape,12_10,streaky,ViT Base,head_model,8,0.9158620689655173,0.3333333333333333,0.8737931034482759
shape,12_10,streaky,ViT Base,head_model,9,0.9282758620689655,0.3333333333333333,0.8924137931034483
shape,12_10,streaky,ViT Base,head_model,10,0.9089655172413793,0.3333333333333333,0.863448275862069
shape,12_10,streaky,ViT Large,full_model,1,0.9889655172413793,0.3333333333333333,0.9834482758620687
shape,12_10,streaky,ViT Large,full_model,2,0.9986206896551724,0.3333333333333333,0.9979310344827585
shape,12_10,streaky,ViT Large,full_model,3,1.0,0.3333333333333333,1.0
shape,12_10,streaky,ViT Large,full_model,4,1.0,0.3333333333333333,1.0
shape,12_10,streaky,ViT Large,full_model,5,0.983448275862069,0.3333333333333333,0.9751724137931033
shape,12_10,streaky,ViT Large,full_model,6,1.0,0.3333333333333333,1.0
shape,12_10,streaky,ViT Large,full_model,7,1.0,0.3333333333333333,1.0
shape,12_10,streaky,ViT Large,full_model,8,0.9944827586206897,0.3333333333333333,0.9917241379310345
shape,12_10,streaky,ViT Large,full_model,9,1.0,0.3333333333333333,1.0
shape,12_10,streaky,ViT Large,full_model,10,1.0,0.3333333333333333,1.0
shape,12_10,streaky,ViT Large,head_model,1,0.9324137931034483,0.3333333333333333,0.8986206896551723
shape,12_10,streaky,ViT Large,head_model,2,0.9434482758620689,0.3333333333333333,0.9151724137931032
shape,12_10,streaky,ViT Large,head_model,3,0.9048275862068965,0.3333333333333333,0.8572413793103446
shape,12_10,streaky,ViT Large,head_model,4,0.9020689655172414,0.3333333333333333,0.853103448275862
shape,12_10,streaky,ViT Large,head_model,5,0.9558620689655173,0.3333333333333333,0.9337931034482759
shape,12_10,streaky,ViT Large,head_model,6,0.9227586206896552,0.3333333333333333,0.8841379310344828
shape,12_10,streaky,ViT Large,head_model,7,0.8937931034482759,0.3333333333333333,0.8406896551724137
shape,12_10,streaky,ViT Large,head_model,8,0.84,0.3333333333333333,0.7599999999999998
shape,12_10,streaky,ViT Large,head_model,9,0.9448275862068966,0.3333333333333333,0.9172413793103447
shape,12_10,streaky,ViT Large,head_model,10,0.926896551724138,0.3333333333333333,0.8903448275862068
shape,12_10,streaky,ViT Small,full_model,1,0.9986206896551724,0.3333333333333333,0.9979310344827585
shape,12_10,streaky,ViT Small,full_model,2,0.9917241379310345,0.3333333333333333,0.9875862068965516
shape,12_10,streaky,ViT Small,full_model,3,0.9972413793103448,0.3333333333333333,0.9958620689655171
shape,12_10,streaky,ViT Small,full_model,4,0.9958620689655172,0.3333333333333333,0.9937931034482756
shape,12_10,streaky,ViT Small,full_model,5,0.9489655172413793,0.3333333333333333,0.923448275862069
shape,12_10,streaky,ViT Small,full_model,6,0.9986206896551724,0.3333333333333333,0.9979310344827585
shape,12_10,streaky,ViT Small,full_model,7,0.9903448275862069,0.3333333333333333,0.9855172413793102
shape,12_10,streaky,ViT Small,full_model,8,0.9889655172413793,0.3333333333333333,0.9834482758620687
shape,12_10,streaky,ViT Small,full_model,9,0.9986206896551724,0.3333333333333333,0.9979310344827585
shape,12_10,streaky,ViT Small,full_model,10,1.0,0.3333333333333333,1.0
shape,12_10,streaky,ViT Small,head_model,1,0.953103448275862,0.3333333333333333,0.929655172413793
shape,12_10,streaky,ViT Small,head_model,2,0.9544827586206897,0.3333333333333333,0.9317241379310345
shape,12_10,streaky,ViT Small,head_model,3,0.8151724137931035,0.3333333333333333,0.7227586206896551
shape,12_10,streaky,ViT Small,head_model,4,0.9572413793103448,0.3333333333333333,0.935862068965517
shape,12_10,streaky,ViT Small,head_model,5,0.9682758620689655,0.3333333333333333,0.9524137931034483
shape,12_10,streaky,ViT Small,head_model,6,0.9324137931034483,0.3333333333333333,0.8986206896551723
shape,12_10,streaky,ViT Small,head_model,7,0.8896551724137931,0.3333333333333333,0.8344827586206897
shape,12_10,streaky,ViT Small,head_model,8,0.9282758620689655,0.3333333333333333,0.8924137931034483
shape,12_10,streaky,ViT Small,head_model,9,0.8937931034482759,0.3333333333333333,0.8406896551724137
shape,12_10,streaky,ViT Small,head_model,10,0.8662068965517241,0.3333333333333333,0.799310344827586
shape,12_20,pointy,ConvNeXt Base,full_model,1,1.0,0.3333333333333333,1.0
shape,12_20,pointy,ConvNeXt Base,full_model,2,1.0,0.3333333333333333,1.0
shape,12_20,pointy,ConvNeXt Base,full_model,3,1.0,0.3333333333333333,1.0
shape,12_20,pointy,ConvNeXt Base,full_model,4,1.0,0.3333333333333333,1.0
shape,12_20,pointy,ConvNeXt Base,full_model,5,1.0,0.3333333333333333,1.0
shape,12_20,pointy,ConvNeXt Base,full_model,6,1.0,0.3333333333333333,1.0
shape,12_20,pointy,ConvNeXt Base,full_model,7,1.0,0.3333333333333333,1.0
shape,12_20,pointy,ConvNeXt Base,full_model,8,1.0,0.3333333333333333,1.0
shape,12_20,pointy,ConvNeXt Base,full_model,9,1.0,0.3333333333333333,1.0
shape,12_20,pointy,ConvNeXt Base,full_model,10,1.0,0.3333333333333333,1.0
shape,12_20,pointy,ConvNeXt Base,head_model,1,0.9986357435197817,0.3333333333333333,0.9979536152796725
shape,12_20,pointy,ConvNeXt Base,head_model,2,1.0,0.3333333333333333,1.0
shape,12_20,pointy,ConvNeXt Base,head_model,3,0.9986357435197817,0.3333333333333333,0.9979536152796725
shape,12_20,pointy,ConvNeXt Base,head_model,4,1.0,0.3333333333333333,1.0
shape,12_20,pointy,ConvNeXt Base,head_model,5,1.0,0.3333333333333333,1.0
shape,12_20,pointy,ConvNeXt Base,head_model,6,1.0,0.3333333333333333,1.0
shape,12_20,pointy,ConvNeXt Base,head_model,7,0.9986357435197817,0.3333333333333333,0.9979536152796725
shape,12_20,pointy,ConvNeXt Base,head_model,8,1.0,0.3333333333333333,1.0
shape,12_20,pointy,ConvNeXt Base,head_model,9,1.0,0.3333333333333333,1.0
shape,12_20,pointy,ConvNeXt Base,head_model,10,0.9986357435197817,0.3333333333333333,0.9979536152796725
shape,12_20,pointy,ConvNeXt Large,full_model,1,1.0,0.3333333333333333,1.0
shape,12_20,pointy,ConvNeXt Large,full_model,2,1.0,0.3333333333333333,1.0
shape,12_20,pointy,ConvNeXt Large,full_model,3,1.0,0.3333333333333333,1.0
shape,12_20,pointy,ConvNeXt Large,full_model,4,1.0,0.3333333333333333,1.0
shape,12_20,pointy,ConvNeXt Large,full_model,5,1.0,0.3333333333333333,1.0
shape,12_20,pointy,ConvNeXt Large,full_model,6,1.0,0.3333333333333333,1.0
shape,12_20,pointy,ConvNeXt Large,full_model,7,1.0,0.3333333333333333,1.0
shape,12_20,pointy,ConvNeXt Large,full_model,8,1.0,0.3333333333333333,1.0
shape,12_20,pointy,ConvNeXt Large,full_model,9,1.0,0.3333333333333333,1.0
shape,12_20,pointy,ConvNeXt Large,full_model,10,1.0,0.3333333333333333,1.0
shape,12_20,pointy,ConvNeXt Large,head_model,1,0.9986357435197817,0.3333333333333333,0.9979536152796725
shape,12_20,pointy,ConvNeXt Large,head_model,2,1.0,0.3333333333333333,1.0
shape,12_20,pointy,ConvNeXt Large,head_model,3,1.0,0.3333333333333333,1.0
shape,12_20,pointy,ConvNeXt Large,head_model,4,1.0,0.3333333333333333,1.0
shape,12_20,pointy,ConvNeXt Large,head_model,5,1.0,0.3333333333333333,1.0
shape,12_20,pointy,ConvNeXt Large,head_model,6,1.0,0.3333333333333333,1.0
shape,12_20,pointy,ConvNeXt Large,head_model,7,1.0,0.3333333333333333,1.0
shape,12_20,pointy,ConvNeXt Large,head_model,8,1.0,0.3333333333333333,1.0
shape,12_20,pointy,ConvNeXt Large,head_model,9,1.0,0.3333333333333333,1.0
shape,12_20,pointy,ConvNeXt Large,head_model,10,1.0,0.3333333333333333,1.0
shape,12_20,pointy,ConvNeXt Small,full_model,1,1.0,0.3333333333333333,1.0
shape,12_20,pointy,ConvNeXt Small,full_model,2,1.0,0.3333333333333333,1.0
shape,12_20,pointy,ConvNeXt Small,full_model,3,1.0,0.3333333333333333,1.0
shape,12_20,pointy,ConvNeXt Small,full_model,4,1.0,0.3333333333333333,1.0
shape,12_20,pointy,ConvNeXt Small,full_model,5,1.0,0.3333333333333333,1.0
shape,12_20,pointy,ConvNeXt Small,full_model,6,1.0,0.3333333333333333,1.0
shape,12_20,pointy,ConvNeXt Small,full_model,7,1.0,0.3333333333333333,1.0
shape,12_20,pointy,ConvNeXt Small,full_model,8,1.0,0.3333333333333333,1.0
shape,12_20,pointy,ConvNeXt Small,full_model,9,1.0,0.3333333333333333,1.0
shape,12_20,pointy,ConvNeXt Small,full_model,10,1.0,0.3333333333333333,1.0
shape,12_20,pointy,ConvNeXt Small,head_model,1,1.0,0.3333333333333333,1.0
shape,12_20,pointy,ConvNeXt Small,head_model,2,1.0,0.3333333333333333,1.0
shape,12_20,pointy,ConvNeXt Small,head_model,3,1.0,0.3333333333333333,1.0
shape,12_20,pointy,ConvNeXt Small,head_model,4,1.0,0.3333333333333333,1.0
shape,12_20,pointy,ConvNeXt Small,head_model,5,1.0,0.3333333333333333,1.0
shape,12_20,pointy,ConvNeXt Small,head_model,6,1.0,0.3333333333333333,1.0
shape,12_20,pointy,ConvNeXt Small,head_model,7,1.0,0.3333333333333333,1.0
shape,12_20,pointy,ConvNeXt Small,head_model,8,0.9986357435197817,0.3333333333333333,0.9979536152796725
shape,12_20,pointy,ConvNeXt Small,head_model,9,1.0,0.3333333333333333,1.0
shape,12_20,pointy,ConvNeXt Small,head_model,10,1.0,0.3333333333333333,1.0
shape,12_20,pointy,ConvNeXt Tiny,full_model,1,1.0,0.3333333333333333,1.0
shape,12_20,pointy,ConvNeXt Tiny,full_model,2,1.0,0.3333333333333333,1.0
shape,12_20,pointy,ConvNeXt Tiny,full_model,3,1.0,0.3333333333333333,1.0
shape,12_20,pointy,ConvNeXt Tiny,full_model,4,1.0,0.3333333333333333,1.0
shape,12_20,pointy,ConvNeXt Tiny,full_model,5,1.0,0.3333333333333333,1.0
shape,12_20,pointy,ConvNeXt Tiny,full_model,6,1.0,0.3333333333333333,1.0
shape,12_20,pointy,ConvNeXt Tiny,full_model,7,1.0,0.3333333333333333,1.0
shape,12_20,pointy,ConvNeXt Tiny,full_model,8,1.0,0.3333333333333333,1.0
shape,12_20,pointy,ConvNeXt Tiny,full_model,9,1.0,0.3333333333333333,1.0
shape,12_20,pointy,ConvNeXt Tiny,full_model,10,1.0,0.3333333333333333,1.0
shape,12_20,pointy,ConvNeXt Tiny,head_model,1,1.0,0.3333333333333333,1.0
shape,12_20,pointy,ConvNeXt Tiny,head_model,2,1.0,0.3333333333333333,1.0
shape,12_20,pointy,ConvNeXt Tiny,head_model,3,1.0,0.3333333333333333,1.0
shape,12_20,pointy,ConvNeXt Tiny,head_model,4,0.9986357435197817,0.3333333333333333,0.9979536152796725
shape,12_20,pointy,ConvNeXt Tiny,head_model,5,1.0,0.3333333333333333,1.0
shape,12_20,pointy,ConvNeXt Tiny,head_model,6,1.0,0.3333333333333333,1.0
shape,12_20,pointy,ConvNeXt Tiny,head_model,7,1.0,0.3333333333333333,1.0
shape,12_20,pointy,ConvNeXt Tiny,head_model,8,0.9986357435197817,0.3333333333333333,0.9979536152796725
shape,12_20,pointy,ConvNeXt Tiny,head_model,9,1.0,0.3333333333333333,1.0
shape,12_20,pointy,ConvNeXt Tiny,head_model,10,1.0,0.3333333333333333,1.0
shape,12_20,pointy,DINOv3 ViT Base,full_model,1,1.0,0.3333333333333333,1.0
shape,12_20,pointy,DINOv3 ViT Base,full_model,2,1.0,0.3333333333333333,1.0
shape,12_20,pointy,DINOv3 ViT Base,full_model,3,1.0,0.3333333333333333,1.0
shape,12_20,pointy,DINOv3 ViT Base,full_model,4,1.0,0.3333333333333333,1.0
shape,12_20,pointy,DINOv3 ViT Base,full_model,5,1.0,0.3333333333333333,1.0
shape,12_20,pointy,DINOv3 ViT Base,full_model,6,1.0,0.3333333333333333,1.0
shape,12_20,pointy,DINOv3 ViT Base,full_model,7,1.0,0.3333333333333333,1.0
shape,12_20,pointy,DINOv3 ViT Base,full_model,8,1.0,0.3333333333333333,1.0
shape,12_20,pointy,DINOv3 ViT Base,full_model,9,1.0,0.3333333333333333,1.0
shape,12_20,pointy,DINOv3 ViT Base,full_model,10,0.9986357435197817,0.3333333333333333,0.9979536152796725
shape,12_20,pointy,DINOv3 ViT Base,head_model,1,1.0,0.3333333333333333,1.0
shape,12_20,pointy,DINOv3 ViT Base,head_model,2,1.0,0.3333333333333333,1.0
shape,12_20,pointy,DINOv3 ViT Base,head_model,3,0.9986357435197817,0.3333333333333333,0.9979536152796725
shape,12_20,pointy,DINOv3 ViT Base,head_model,4,1.0,0.3333333333333333,1.0
shape,12_20,pointy,DINOv3 ViT Base,head_model,5,1.0,0.3333333333333333,1.0
shape,12_20,pointy,DINOv3 ViT Base,head_model,6,1.0,0.3333333333333333,1.0
shape,12_20,pointy,DINOv3 ViT Base,head_model,7,1.0,0.3333333333333333,1.0
shape,12_20,pointy,DINOv3 ViT Base,head_model,8,1.0,0.3333333333333333,1.0
shape,12_20,pointy,DINOv3 ViT Base,head_model,9,1.0,0.3333333333333333,1.0
shape,12_20,pointy,DINOv3 ViT Base,head_model,10,1.0,0.3333333333333333,1.0
shape,12_20,pointy,ResNet18,full_model,1,0.6780354706684857,0.3333333333333333,0.5170532060027285
shape,12_20,pointy,ResNet18,full_model,2,0.6534788540245566,0.3333333333333333,0.48021828103683495
shape,12_20,pointy,ResNet18,full_model,3,0.7203274215552524,0.3333333333333333,0.5804911323328786
shape,12_20,pointy,ResNet18,full_model,4,0.6930422919508867,0.3333333333333333,0.5395634379263301
shape,12_20,pointy,ResNet18,full_model,5,0.713506139154161,0.3333333333333333,0.5702592087312414
shape,12_20,pointy,ResNet18,full_model,6,0.6862210095497954,0.3333333333333333,0.529331514324693
shape,12_20,pointy,ResNet18,full_model,7,0.6875852660300137,0.3333333333333333,0.5313778990450205
shape,12_20,pointy,ResNet18,full_model,8,0.6807639836289222,0.3333333333333333,0.5211459754433833
shape,12_20,pointy,ResNet18,full_model,9,0.6562073669849932,0.3333333333333333,0.48431105047748974
shape,12_20,pointy,ResNet18,full_model,10,0.7107776261937244,0.3333333333333333,0.5661664392905866
shape,12_20,pointy,ResNet18,head_model,1,0.9918144611186903,0.3333333333333333,0.9877216916780355
shape,12_20,pointy,ResNet18,head_model,2,0.9959072305593452,0.3333333333333333,0.9938608458390176
shape,12_20,pointy,ResNet18,head_model,3,0.9918144611186903,0.3333333333333333,0.9877216916780355
shape,12_20,pointy,ResNet18,head_model,4,0.9972714870395635,0.3333333333333333,0.995907230559345
shape,12_20,pointy,ResNet18,head_model,5,0.9931787175989086,0.3333333333333333,0.989768076398363
shape,12_20,pointy,ResNet18,head_model,6,0.9972714870395635,0.3333333333333333,0.995907230559345
shape,12_20,pointy,ResNet18,head_model,7,0.9972714870395635,0.3333333333333333,0.995907230559345
shape,12_20,pointy,ResNet18,head_model,8,0.9918144611186903,0.3333333333333333,0.9877216916780355
shape,12_20,pointy,ResNet18,head_model,9,0.9945429740791268,0.3333333333333333,0.9918144611186901
shape,12_20,pointy,ResNet18,head_model,10,0.9918144611186903,0.3333333333333333,0.9877216916780355
shape,12_20,pointy,ResNet50,full_model,1,0.582537517053206,0.3333333333333333,0.373806275579809
shape,12_20,pointy,ResNet50,full_model,2,0.6111869031377899,0.3333333333333333,0.41678035470668484
shape,12_20,pointy,ResNet50,full_model,3,0.5839017735334243,0.3333333333333333,0.3758526603001365
shape,12_20,pointy,ResNet50,full_model,4,0.592087312414734,0.3333333333333333,0.388130968622101
shape,12_20,pointy,ResNet50,full_model,5,0.6125511596180082,0.3333333333333333,0.4188267394270123
shape,12_20,pointy,ResNet50,full_model,6,0.597544338335607,0.3333333333333333,0.3963165075034106
shape,12_20,pointy,ResNet50,full_model,7,0.5688949522510232,0.3333333333333333,0.35334242837653473
shape,12_20,pointy,ResNet50,full_model,8,0.5866302864938608,0.3333333333333333,0.37994542974079126
shape,12_20,pointy,ResNet50,full_model,9,0.592087312414734,0.3333333333333333,0.388130968622101
shape,12_20,pointy,ResNet50,full_model,10,0.5702592087312415,0.3333333333333333,0.3553888130968622
shape,12_20,pointy,ResNet50,head_model,1,0.990450204638472,0.3333333333333333,0.985675306957708
shape,12_20,pointy,ResNet50,head_model,2,0.990450204638472,0.3333333333333333,0.985675306957708
shape,12_20,pointy,ResNet50,head_model,3,0.990450204638472,0.3333333333333333,0.985675306957708
shape,12_20,pointy,ResNet50,head_model,4,0.9890859481582538,0.3333333333333333,0.9836289222373805
shape,12_20,pointy,ResNet50,head_model,5,0.990450204638472,0.3333333333333333,0.985675306957708
shape,12_20,pointy,ResNet50,head_model,6,0.990450204638472,0.3333333333333333,0.985675306957708
shape,12_20,pointy,ResNet50,head_model,7,0.9877216916780355,0.3333333333333333,0.981582537517053
shape,12_20,pointy,ResNet50,head_model,8,0.990450204638472,0.3333333333333333,0.985675306957708
shape,12_20,pointy,ResNet50,head_model,9,0.990450204638472,0.3333333333333333,0.985675306957708
shape,12_20,pointy,ResNet50,head_model,10,0.990450204638472,0.3333333333333333,0.985675306957708
shape,12_20,pointy,VGG11,full_model,1,0.931787175989086,0.3333333333333333,0.8976807639836288
shape,12_20,pointy,VGG11,full_model,2,0.9263301500682128,0.3333333333333333,0.8894952251023193
shape,12_20,pointy,VGG11,full_model,3,0.9167803547066848,0.3333333333333333,0.8751705320600273
shape,12_20,pointy,VGG11,full_model,4,0.9058663028649386,0.3333333333333333,0.8587994542974078
shape,12_20,pointy,VGG11,full_model,5,0.9208731241473397,0.3333333333333333,0.8813096862210094
shape,12_20,pointy,VGG11,full_model,6,0.9427012278308322,0.3333333333333333,0.9140518417462483
shape,12_20,pointy,VGG11,full_model,7,0.9236016371077762,0.3333333333333333,0.8854024556616643
shape,12_20,pointy,VGG11,full_model,8,0.9208731241473397,0.3333333333333333,0.8813096862210094
shape,12_20,pointy,VGG11,full_model,9,0.8840381991814461,0.3333333333333333,0.8260572987721692
shape,12_20,pointy,VGG11,full_model,10,0.8949522510231923,0.3333333333333333,0.8424283765347883
shape,12_20,pointy,VGG11,head_model,1,0.9972714870395635,0.3333333333333333,0.995907230559345
shape,12_20,pointy,VGG11,head_model,2,0.9945429740791268,0.3333333333333333,0.9918144611186901
shape,12_20,pointy,VGG11,head_model,3,0.9918144611186903,0.3333333333333333,0.9877216916780355
shape,12_20,pointy,VGG11,head_model,4,0.9890859481582538,0.3333333333333333,0.9836289222373805
shape,12_20,pointy,VGG11,head_model,5,0.9918144611186903,0.3333333333333333,0.9877216916780355
shape,12_20,pointy,VGG11,head_model,6,0.9918144611186903,0.3333333333333333,0.9877216916780355
shape,12_20,pointy,VGG11,head_model,7,0.9959072305593452,0.3333333333333333,0.9938608458390176
shape,12_20,pointy,VGG11,head_model,8,0.9890859481582538,0.3333333333333333,0.9836289222373805
shape,12_20,pointy,VGG11,head_model,9,0.9863574351978172,0.3333333333333333,0.9795361527967256
shape,12_20,pointy,VGG11,head_model,10,0.9918144611186903,0.3333333333333333,0.9877216916780355
shape,12_20,pointy,VGG13,full_model,1,0.9768076398362893,0.3333333333333333,0.9652114597544339
shape,12_20,pointy,VGG13,full_model,2,0.9727148703956344,0.3333333333333333,0.9590723055934515
shape,12_20,pointy,VGG13,full_model,3,0.927694406548431,0.3333333333333333,0.8915416098226464
shape,12_20,pointy,VGG13,full_model,4,0.9181446111869032,0.3333333333333333,0.8772169167803547
shape,12_20,pointy,VGG13,full_model,5,0.9822646657571623,0.3333333333333333,0.9733969986357435
shape,12_20,pointy,VGG13,full_model,6,0.9004092769440655,0.3333333333333333,0.8506139154160982
shape,12_20,pointy,VGG13,full_model,7,0.9345156889495225,0.3333333333333333,0.9017735334242838
shape,12_20,pointy,VGG13,full_model,8,0.9645293315143247,0.3333333333333333,0.9467939972714869
shape,12_20,pointy,VGG13,full_model,9,0.927694406548431,0.3333333333333333,0.8915416098226464
shape,12_20,pointy,VGG13,full_model,10,0.9017735334242838,0.3333333333333333,0.8526603001364257
shape,12_20,pointy,VGG13,head_model,1,1.0,0.3333333333333333,1.0
shape,12_20,pointy,VGG13,head_model,2,0.9972714870395635,0.3333333333333333,0.995907230559345
shape,12_20,pointy,VGG13,head_model,3,0.9945429740791268,0.3333333333333333,0.9918144611186901
shape,12_20,pointy,VGG13,head_model,4,0.9945429740791268,0.3333333333333333,0.9918144611186901
shape,12_20,pointy,VGG13,head_model,5,0.9972714870395635,0.3333333333333333,0.995907230559345
shape,12_20,pointy,VGG13,head_model,6,0.9972714870395635,0.3333333333333333,0.995907230559345
shape,12_20,pointy,VGG13,head_model,7,0.9972714870395635,0.3333333333333333,0.995907230559345
shape,12_20,pointy,VGG13,head_model,8,0.9918144611186903,0.3333333333333333,0.9877216916780355
shape,12_20,pointy,VGG13,head_model,9,0.9945429740791268,0.3333333333333333,0.9918144611186901
shape,12_20,pointy,VGG13,head_model,10,0.9945429740791268,0.3333333333333333,0.9918144611186901
shape,12_20,pointy,VGG16,full_model,1,0.8608458390177354,0.3333333333333333,0.791268758526603
shape,12_20,pointy,VGG16,full_model,2,0.8717598908594816,0.3333333333333333,0.8076398362892222
shape,12_20,pointy,VGG16,full_model,3,0.8703956343792633,0.3333333333333333,0.8055934515688947
shape,12_20,pointy,VGG16,full_model,4,0.8717598908594816,0.3333333333333333,0.8076398362892222
shape,12_20,pointy,VGG16,full_model,5,0.8703956343792633,0.3333333333333333,0.8055934515688947
shape,12_20,pointy,VGG16,full_model,6,0.8649386084583902,0.3333333333333333,0.7974079126875852
shape,12_20,pointy,VGG16,full_model,7,0.8744884038199181,0.3333333333333333,0.8117326057298772
shape,12_20,pointy,VGG16,full_model,8,0.859481582537517,0.3333333333333333,0.7892223738062756
shape,12_20,pointy,VGG16,full_model,9,0.8635743519781719,0.3333333333333333,0.7953615279672577
shape,12_20,pointy,VGG16,full_model,10,0.8622100954979536,0.3333333333333333,0.7933151432469302
shape,12_20,pointy,VGG16,head_model,1,0.9986357435197817,0.3333333333333333,0.9979536152796725
shape,12_20,pointy,VGG16,head_model,2,0.9986357435197817,0.3333333333333333,0.9979536152796725
shape,12_20,pointy,VGG16,head_model,3,1.0,0.3333333333333333,1.0
shape,12_20,pointy,VGG16,head_model,4,0.9931787175989086,0.3333333333333333,0.989768076398363
shape,12_20,pointy,VGG16,head_model,5,0.9986357435197817,0.3333333333333333,0.9979536152796725
shape,12_20,pointy,VGG16,head_model,6,0.9986357435197817,0.3333333333333333,0.9979536152796725
shape,12_20,pointy,VGG16,head_model,7,1.0,0.3333333333333333,1.0
shape,12_20,pointy,VGG16,head_model,8,0.9918144611186903,0.3333333333333333,0.9877216916780355
shape,12_20,pointy,VGG16,head_model,9,0.9945429740791268,0.3333333333333333,0.9918144611186901
shape,12_20,pointy,VGG16,head_model,10,0.9986357435197817,0.3333333333333333,0.9979536152796725
shape,12_20,pointy,VGG19,full_model,1,0.8540245566166439,0.3333333333333333,0.7810368349249657
shape,12_20,pointy,VGG19,full_model,2,0.8390177353342428,0.3333333333333333,0.7585266030013641
shape,12_20,pointy,VGG19,full_model,3,0.8021828103683493,0.3333333333333333,0.7032742155525239
shape,12_20,pointy,VGG19,full_model,4,0.7939972714870396,0.3333333333333333,0.6909959072305594
shape,12_20,pointy,VGG19,full_model,5,0.7994542974079127,0.3333333333333333,0.699181446111869
shape,12_20,pointy,VGG19,full_model,6,0.7899045020463847,0.3333333333333333,0.684856753069577
shape,12_20,pointy,VGG19,full_model,7,0.8472032742155525,0.3333333333333333,0.7708049113233286
shape,12_20,pointy,VGG19,full_model,8,0.7939972714870396,0.3333333333333333,0.6909959072305594
shape,12_20,pointy,VGG19,full_model,9,0.849931787175989,0.3333333333333333,0.7748976807639836
shape,12_20,pointy,VGG19,full_model,10,0.8212824010914052,0.3333333333333333,0.7319236016371077
shape,12_20,pointy,VGG19,head_model,1,0.9986357435197817,0.3333333333333333,0.9979536152796725
shape,12_20,pointy,VGG19,head_model,2,0.9945429740791268,0.3333333333333333,0.9918144611186901
shape,12_20,pointy,VGG19,head_model,3,0.9945429740791268,0.3333333333333333,0.9918144611186901
shape,12_20,pointy,VGG19,head_model,4,0.9931787175989086,0.3333333333333333,0.989768076398363
shape,12_20,pointy,VGG19,head_model,5,0.9945429740791268,0.3333333333333333,0.9918144611186901
shape,12_20,pointy,VGG19,head_model,6,0.9945429740791268,0.3333333333333333,0.9918144611186901
shape,12_20,pointy,VGG19,head_model,7,0.9972714870395635,0.3333333333333333,0.995907230559345
shape,12_20,pointy,VGG19,head_model,8,0.9931787175989086,0.3333333333333333,0.989768076398363
shape,12_20,pointy,VGG19,head_model,9,0.9931787175989086,0.3333333333333333,0.989768076398363
shape,12_20,pointy,VGG19,head_model,10,0.9931787175989086,0.3333333333333333,0.989768076398363
shape,12_20,pointy,ViT Base,full_model,1,1.0,0.3333333333333333,1.0
shape,12_20,pointy,ViT Base,full_model,2,0.9945429740791268,0.3333333333333333,0.9918144611186901
shape,12_20,pointy,ViT Base,full_model,3,1.0,0.3333333333333333,1.0
shape,12_20,pointy,ViT Base,full_model,4,1.0,0.3333333333333333,1.0
shape,12_20,pointy,ViT Base,full_model,5,1.0,0.3333333333333333,1.0
shape,12_20,pointy,ViT Base,full_model,6,1.0,0.3333333333333333,1.0
shape,12_20,pointy,ViT Base,full_model,7,1.0,0.3333333333333333,1.0
shape,12_20,pointy,ViT Base,full_model,8,1.0,0.3333333333333333,1.0
shape,12_20,pointy,ViT Base,full_model,9,1.0,0.3333333333333333,1.0
shape,12_20,pointy,ViT Base,full_model,10,1.0,0.3333333333333333,1.0
shape,12_20,pointy,ViT Base,head_model,1,1.0,0.3333333333333333,1.0
shape,12_20,pointy,ViT Base,head_model,2,1.0,0.3333333333333333,1.0
shape,12_20,pointy,ViT Base,head_model,3,0.9986357435197817,0.3333333333333333,0.9979536152796725
shape,12_20,pointy,ViT Base,head_model,4,1.0,0.3333333333333333,1.0
shape,12_20,pointy,ViT Base,head_model,5,1.0,0.3333333333333333,1.0
shape,12_20,pointy,ViT Base,head_model,6,0.9986357435197817,0.3333333333333333,0.9979536152796725
shape,12_20,pointy,ViT Base,head_model,7,1.0,0.3333333333333333,1.0
shape,12_20,pointy,ViT Base,head_model,8,1.0,0.3333333333333333,1.0
shape,12_20,pointy,ViT Base,head_model,9,1.0,0.3333333333333333,1.0
shape,12_20,pointy,ViT Base,head_model,10,1.0,0.3333333333333333,1.0
shape,12_20,pointy,ViT Large,full_model,1,1.0,0.3333333333333333,1.0
shape,12_20,pointy,ViT Large,full_model,2,1.0,0.3333333333333333,1.0
shape,12_20,pointy,ViT Large,full_model,3,1.0,0.3333333333333333,1.0
shape,12_20,pointy,ViT Large,full_model,4,1.0,0.3333333333333333,1.0
shape,12_20,pointy,ViT Large,full_model,5,1.0,0.3333333333333333,1.0
shape,12_20,pointy,ViT Large,full_model,6,1.0,0.3333333333333333,1.0
shape,12_20,pointy,ViT Large,full_model,7,1.0,0.3333333333333333,1.0
shape,12_20,pointy,ViT Large,full_model,8,1.0,0.3333333333333333,1.0
shape,12_20,pointy,ViT Large,full_model,9,1.0,0.3333333333333333,1.0
shape,12_20,pointy,ViT Large,full_model,10,1.0,0.3333333333333333,1.0
shape,12_20,pointy,ViT Large,head_model,1,0.9959072305593452,0.3333333333333333,0.9938608458390176
shape,12_20,pointy,ViT Large,head_model,2,1.0,0.3333333333333333,1.0
shape,12_20,pointy,ViT Large,head_model,3,1.0,0.3333333333333333,1.0
shape,12_20,pointy,ViT Large,head_model,4,0.9945429740791268,0.3333333333333333,0.9918144611186901
shape,12_20,pointy,ViT Large,head_model,5,1.0,0.3333333333333333,1.0
shape,12_20,pointy,ViT Large,head_model,6,0.9986357435197817,0.3333333333333333,0.9979536152796725
shape,12_20,pointy,ViT Large,head_model,7,0.9986357435197817,0.3333333333333333,0.9979536152796725
shape,12_20,pointy,ViT Large,head_model,8,0.9931787175989086,0.3333333333333333,0.989768076398363
shape,12_20,pointy,ViT Large,head_model,9,1.0,0.3333333333333333,1.0
shape,12_20,pointy,ViT Large,head_model,10,1.0,0.3333333333333333,1.0
shape,12_20,pointy,ViT Small,full_model,1,1.0,0.3333333333333333,1.0
shape,12_20,pointy,ViT Small,full_model,2,1.0,0.3333333333333333,1.0
shape,12_20,pointy,ViT Small,full_model,3,1.0,0.3333333333333333,1.0
shape,12_20,pointy,ViT Small,full_model,4,1.0,0.3333333333333333,1.0
shape,12_20,pointy,ViT Small,full_model,5,1.0,0.3333333333333333,1.0
shape,12_20,pointy,ViT Small,full_model,6,1.0,0.3333333333333333,1.0
shape,12_20,pointy,ViT Small,full_model,7,1.0,0.3333333333333333,1.0
shape,12_20,pointy,ViT Small,full_model,8,1.0,0.3333333333333333,1.0
shape,12_20,pointy,ViT Small,full_model,9,1.0,0.3333333333333333,1.0
shape,12_20,pointy,ViT Small,full_model,10,1.0,0.3333333333333333,1.0
shape,12_20,pointy,ViT Small,head_model,1,0.9972714870395635,0.3333333333333333,0.995907230559345
shape,12_20,pointy,ViT Small,head_model,2,0.9822646657571623,0.3333333333333333,0.9733969986357435
shape,12_20,pointy,ViT Small,head_model,3,0.9863574351978172,0.3333333333333333,0.9795361527967256
shape,12_20,pointy,ViT Small,head_model,4,1.0,0.3333333333333333,1.0
shape,12_20,pointy,ViT Small,head_model,5,0.9986357435197817,0.3333333333333333,0.9979536152796725
shape,12_20,pointy,ViT Small,head_model,6,0.9986357435197817,0.3333333333333333,0.9979536152796725
shape,12_20,pointy,ViT Small,head_model,7,0.9972714870395635,0.3333333333333333,0.995907230559345
shape,12_20,pointy,ViT Small,head_model,8,0.9945429740791268,0.3333333333333333,0.9918144611186901
shape,12_20,pointy,ViT Small,head_model,9,0.9986357435197817,0.3333333333333333,0.9979536152796725
shape,12_20,pointy,ViT Small,head_model,10,0.9986357435197817,0.3333333333333333,0.9979536152796725
shape,12_20,streaky,ConvNeXt Base,full_model,1,1.0,0.3333333333333333,1.0
shape,12_20,streaky,ConvNeXt Base,full_model,2,1.0,0.3333333333333333,1.0
shape,12_20,streaky,ConvNeXt Base,full_model,3,1.0,0.3333333333333333,1.0
shape,12_20,streaky,ConvNeXt Base,full_model,4,1.0,0.3333333333333333,1.0
shape,12_20,streaky,ConvNeXt Base,full_model,5,1.0,0.3333333333333333,1.0
shape,12_20,streaky,ConvNeXt Base,full_model,6,1.0,0.3333333333333333,1.0
shape,12_20,streaky,ConvNeXt Base,full_model,7,1.0,0.3333333333333333,1.0
shape,12_20,streaky,ConvNeXt Base,full_model,8,0.9986244841815681,0.3333333333333333,0.9979367262723522
shape,12_20,streaky,ConvNeXt Base,full_model,9,1.0,0.3333333333333333,1.0
shape,12_20,streaky,ConvNeXt Base,full_model,10,1.0,0.3333333333333333,1.0
shape,12_20,streaky,ConvNeXt Base,head_model,1,0.9752407152682255,0.3333333333333333,0.9628610729023381
shape,12_20,streaky,ConvNeXt Base,head_model,2,0.9944979367262724,0.3333333333333333,0.9917469050894084
shape,12_20,streaky,ConvNeXt Base,head_model,3,0.9628610729023384,0.3333333333333333,0.9442916093535075
shape,12_20,streaky,ConvNeXt Base,head_model,4,0.9752407152682255,0.3333333333333333,0.9628610729023381
shape,12_20,streaky,ConvNeXt Base,head_model,5,0.9724896836313618,0.3333333333333333,0.9587345254470425
shape,12_20,streaky,ConvNeXt Base,head_model,6,0.9683631361760661,0.3333333333333333,0.9525447042640991
shape,12_20,streaky,ConvNeXt Base,head_model,7,0.9958734525447043,0.3333333333333333,0.9938101788170562
shape,12_20,streaky,ConvNeXt Base,head_model,8,0.9944979367262724,0.3333333333333333,0.9917469050894084
shape,12_20,streaky,ConvNeXt Base,head_model,9,0.9944979367262724,0.3333333333333333,0.9917469050894084
shape,12_20,streaky,ConvNeXt Base,head_model,10,0.9766162310866575,0.3333333333333333,0.9649243466299863
shape,12_20,streaky,ConvNeXt Large,full_model,1,1.0,0.3333333333333333,1.0
shape,12_20,streaky,ConvNeXt Large,full_model,2,1.0,0.3333333333333333,1.0
shape,12_20,streaky,ConvNeXt Large,full_model,3,1.0,0.3333333333333333,1.0
shape,12_20,streaky,ConvNeXt Large,full_model,4,1.0,0.3333333333333333,1.0
shape,12_20,streaky,ConvNeXt Large,full_model,5,1.0,0.3333333333333333,1.0
shape,12_20,streaky,ConvNeXt Large,full_model,6,1.0,0.3333333333333333,1.0
shape,12_20,streaky,ConvNeXt Large,full_model,7,1.0,0.3333333333333333,1.0
shape,12_20,streaky,ConvNeXt Large,full_model,8,1.0,0.3333333333333333,1.0
shape,12_20,streaky,ConvNeXt Large,full_model,9,1.0,0.3333333333333333,1.0
shape,12_20,streaky,ConvNeXt Large,full_model,10,1.0,0.3333333333333333,1.0
shape,12_20,streaky,ConvNeXt Large,head_model,1,0.9889958734525447,0.3333333333333333,0.9834938101788169
shape,12_20,streaky,ConvNeXt Large,head_model,2,0.9889958734525447,0.3333333333333333,0.9834938101788169
shape,12_20,streaky,ConvNeXt Large,head_model,3,0.9821182943603851,0.3333333333333333,0.9731774415405775
shape,12_20,streaky,ConvNeXt Large,head_model,4,0.9876203576341128,0.3333333333333333,0.9814305364511691
shape,12_20,streaky,ConvNeXt Large,head_model,5,0.9834938101788171,0.3333333333333333,0.9752407152682256
shape,12_20,streaky,ConvNeXt Large,head_model,6,0.9862448418156808,0.3333333333333333,0.9793672627235213
shape,12_20,streaky,ConvNeXt Large,head_model,7,0.9821182943603851,0.3333333333333333,0.9731774415405775
shape,12_20,streaky,ConvNeXt Large,head_model,8,0.9876203576341128,0.3333333333333333,0.9814305364511691
shape,12_20,streaky,ConvNeXt Large,head_model,9,0.9889958734525447,0.3333333333333333,0.9834938101788169
shape,12_20,streaky,ConvNeXt Large,head_model,10,0.9862448418156808,0.3333333333333333,0.9793672627235213
shape,12_20,streaky,ConvNeXt Small,full_model,1,1.0,0.3333333333333333,1.0
shape,12_20,streaky,ConvNeXt Small,full_model,2,1.0,0.3333333333333333,1.0
shape,12_20,streaky,ConvNeXt Small,full_model,3,1.0,0.3333333333333333,1.0
shape,12_20,streaky,ConvNeXt Small,full_model,4,1.0,0.3333333333333333,1.0
shape,12_20,streaky,ConvNeXt Small,full_model,5,1.0,0.3333333333333333,1.0
shape,12_20,streaky,ConvNeXt Small,full_model,6,1.0,0.3333333333333333,1.0
shape,12_20,streaky,ConvNeXt Small,full_model,7,1.0,0.3333333333333333,1.0
shape,12_20,streaky,ConvNeXt Small,full_model,8,0.9986244841815681,0.3333333333333333,0.9979367262723522
shape,12_20,streaky,ConvNeXt Small,full_model,9,1.0,0.3333333333333333,1.0
shape,12_20,streaky,ConvNeXt Small,full_model,10,1.0,0.3333333333333333,1.0
shape,12_20,streaky,ConvNeXt Small,head_model,1,0.9642365887207703,0.3333333333333333,0.9463548830811553
shape,12_20,streaky,ConvNeXt Small,head_model,2,0.9656121045392022,0.3333333333333333,0.9484181568088031
shape,12_20,streaky,ConvNeXt Small,head_model,3,0.9642365887207703,0.3333333333333333,0.9463548830811553
shape,12_20,streaky,ConvNeXt Small,head_model,4,0.9779917469050894,0.3333333333333333,0.9669876203576341
shape,12_20,streaky,ConvNeXt Small,head_model,5,0.9642365887207703,0.3333333333333333,0.9463548830811553
shape,12_20,streaky,ConvNeXt Small,head_model,6,0.9738651994497937,0.3333333333333333,0.9607977991746903
shape,12_20,streaky,ConvNeXt Small,head_model,7,0.9614855570839065,0.3333333333333333,0.9422283356258597
shape,12_20,streaky,ConvNeXt Small,head_model,8,0.9656121045392022,0.3333333333333333,0.9484181568088031
shape,12_20,streaky,ConvNeXt Small,head_model,9,0.9628610729023384,0.3333333333333333,0.9442916093535075
shape,12_20,streaky,ConvNeXt Small,head_model,10,0.9724896836313618,0.3333333333333333,0.9587345254470425
shape,12_20,streaky,ConvNeXt Tiny,full_model,1,1.0,0.3333333333333333,1.0
shape,12_20,streaky,ConvNeXt Tiny,full_model,2,1.0,0.3333333333333333,1.0
shape,12_20,streaky,ConvNeXt Tiny,full_model,3,1.0,0.3333333333333333,1.0
shape,12_20,streaky,ConvNeXt Tiny,full_model,4,1.0,0.3333333333333333,1.0
shape,12_20,streaky,ConvNeXt Tiny,full_model,5,1.0,0.3333333333333333,1.0
shape,12_20,streaky,ConvNeXt Tiny,full_model,6,1.0,0.3333333333333333,1.0
shape,12_20,streaky,ConvNeXt Tiny,full_model,7,1.0,0.3333333333333333,1.0
shape,12_20,streaky,ConvNeXt Tiny,full_model,8,1.0,0.3333333333333333,1.0
shape,12_20,streaky,ConvNeXt Tiny,full_model,9,1.0,0.3333333333333333,1.0
shape,12_20,streaky,ConvNeXt Tiny,full_model,10,1.0,0.3333333333333333,1.0
shape,12_20,streaky,ConvNeXt Tiny,head_model,1,0.9821182943603851,0.3333333333333333,0.9731774415405775
shape,12_20,streaky,ConvNeXt Tiny,head_model,2,0.9766162310866575,0.3333333333333333,0.9649243466299863
shape,12_20,streaky,ConvNeXt Tiny,head_model,3,0.9821182943603851,0.3333333333333333,0.9731774415405775
shape,12_20,streaky,ConvNeXt Tiny,head_model,4,0.9821182943603851,0.3333333333333333,0.9731774415405775
shape,12_20,streaky,ConvNeXt Tiny,head_model,5,0.9834938101788171,0.3333333333333333,0.9752407152682256
shape,12_20,streaky,ConvNeXt Tiny,head_model,6,0.9793672627235214,0.3333333333333333,0.9690508940852819
shape,12_20,streaky,ConvNeXt Tiny,head_model,7,0.9669876203576341,0.3333333333333333,0.950481430536451
shape,12_20,streaky,ConvNeXt Tiny,head_model,8,0.9834938101788171,0.3333333333333333,0.9752407152682256
shape,12_20,streaky,ConvNeXt Tiny,head_model,9,0.9807427785419532,0.3333333333333333,0.9711141678129297
shape,12_20,streaky,ConvNeXt Tiny,head_model,10,0.9738651994497937,0.3333333333333333,0.9607977991746903
shape,12_20,streaky,DINOv3 ViT Base,full_model,1,1.0,0.3333333333333333,1.0
shape,12_20,streaky,DINOv3 ViT Base,full_model,2,1.0,0.3333333333333333,1.0
shape,12_20,streaky,DINOv3 ViT Base,full_model,3,0.9972489683631361,0.3333333333333333,0.995873452544704
shape,12_20,streaky,DINOv3 ViT Base,full_model,4,1.0,0.3333333333333333,1.0
shape,12_20,streaky,DINOv3 ViT Base,full_model,5,1.0,0.3333333333333333,1.0
shape,12_20,streaky,DINOv3 ViT Base,full_model,6,1.0,0.3333333333333333,1.0
shape,12_20,streaky,DINOv3 ViT Base,full_model,7,1.0,0.3333333333333333,1.0
shape,12_20,streaky,DINOv3 ViT Base,full_model,8,1.0,0.3333333333333333,1.0
shape,12_20,streaky,DINOv3 ViT Base,full_model,9,1.0,0.3333333333333333,1.0
shape,12_20,streaky,DINOv3 ViT Base,full_model,10,1.0,0.3333333333333333,1.0
shape,12_20,streaky,DINOv3 ViT Base,head_model,1,0.9931224209078404,0.3333333333333333,0.9896836313617606
shape,12_20,streaky,DINOv3 ViT Base,head_model,2,0.9944979367262724,0.3333333333333333,0.9917469050894084
shape,12_20,streaky,DINOv3 ViT Base,head_model,3,0.9986244841815681,0.3333333333333333,0.9979367262723522
shape,12_20,streaky,DINOv3 ViT Base,head_model,4,0.9958734525447043,0.3333333333333333,0.9938101788170562
shape,12_20,streaky,DINOv3 ViT Base,head_model,5,0.9752407152682255,0.3333333333333333,0.9628610729023381
shape,12_20,streaky,DINOv3 ViT Base,head_model,6,0.9986244841815681,0.3333333333333333,0.9979367262723522
shape,12_20,streaky,DINOv3 ViT Base,head_model,7,0.938101788170564,0.3333333333333333,0.907152682255846
shape,12_20,streaky,DINOv3 ViT Base,head_model,8,0.9903713892709766,0.3333333333333333,0.9855570839064647
shape,12_20,streaky,DINOv3 ViT Base,head_model,9,0.9807427785419532,0.3333333333333333,0.9711141678129297
shape,12_20,streaky,DINOv3 ViT Base,head_model,10,0.9821182943603851,0.3333333333333333,0.9731774415405775
shape,12_20,streaky,ResNet18,full_model,1,0.609353507565337,0.3333333333333333,0.4140302613480055
shape,12_20,streaky,ResNet18,full_model,2,0.6313617606602476,0.3333333333333333,0.44704264099037144
shape,12_20,streaky,ResNet18,full_model,3,0.6079779917469051,0.3333333333333333,0.4119669876203577
shape,12_20,streaky,ResNet18,full_model,4,0.6011004126547456,0.3333333333333333,0.40165061898211835
shape,12_20,streaky,ResNet18,full_model,5,0.6437414030261348,0.3333333333333333,0.4656121045392022
shape,12_20,streaky,ResNet18,full_model,6,0.656121045392022,0.3333333333333333,0.484181568088033
shape,12_20,streaky,ResNet18,full_model,7,0.6671251719394773,0.3333333333333333,0.5006877579092159
shape,12_20,streaky,ResNet18,full_model,8,0.6354883081155434,0.3333333333333333,0.45323246217331503
shape,12_20,streaky,ResNet18,full_model,9,0.6341127922971114,0.3333333333333333,0.45116918844566706
shape,12_20,streaky,ResNet18,full_model,10,0.6437414030261348,0.3333333333333333,0.4656121045392022
shape,12_20,streaky,ResNet18,head_model,1,0.9105914718019257,0.3333333333333333,0.8658872077028885
shape,12_20,streaky,ResNet18,head_model,2,0.9119669876203577,0.3333333333333333,0.8679504814305363
shape,12_20,streaky,ResNet18,head_model,3,0.8995873452544704,0.3333333333333333,0.8493810178817054
shape,12_20,streaky,ResNet18,head_model,4,0.9092159559834938,0.3333333333333333,0.8638239339752407
shape,12_20,streaky,ResNet18,head_model,5,0.8940852819807428,0.3333333333333333,0.8411279229711142
shape,12_20,streaky,ResNet18,head_model,6,0.9105914718019257,0.3333333333333333,0.8658872077028885
shape,12_20,streaky,ResNet18,head_model,7,0.9092159559834938,0.3333333333333333,0.8638239339752407
shape,12_20,streaky,ResNet18,head_model,8,0.8610729023383769,0.3333333333333333,0.7916093535075651
shape,12_20,streaky,ResNet18,head_model,9,0.90646492434663,0.3333333333333333,0.8596973865199448
shape,12_20,streaky,ResNet18,head_model,10,0.8762035763411279,0.3333333333333333,0.8143053645116917
shape,12_20,streaky,ResNet50,full_model,1,0.5735900962861072,0.3333333333333333,0.36038514442916086
shape,12_20,streaky,ResNet50,full_model,2,0.5543328748280605,0.3333333333333333,0.3314993122420907
shape,12_20,streaky,ResNet50,full_model,3,0.5405777166437414,0.3333333333333333,0.31086657496561215
shape,12_20,streaky,ResNet50,full_model,4,0.5845942228335625,0.3333333333333333,0.3768913342503438
shape,12_20,streaky,ResNet50,full_model,5,0.515818431911967,0.3333333333333333,0.27372764786795045
shape,12_20,streaky,ResNet50,full_model,6,0.5584594222833562,0.3333333333333333,0.3376891334250343
shape,12_20,streaky,ResNet50,full_model,7,0.5529573590096286,0.3333333333333333,0.3294360385144429
shape,12_20,streaky,ResNet50,full_model,8,0.547455295735901,0.3333333333333333,0.3211829436038515
shape,12_20,streaky,ResNet50,full_model,9,0.5488308115543329,0.3333333333333333,0.32324621733149933
shape,12_20,streaky,ResNet50,full_model,10,0.5515818431911967,0.3333333333333333,0.3273727647867951
shape,12_20,streaky,ResNet50,head_model,1,0.9037138927097662,0.3333333333333333,0.8555708390646491
shape,12_20,streaky,ResNet50,head_model,2,0.8982118294360385,0.3333333333333333,0.8473177441540576
shape,12_20,streaky,ResNet50,head_model,3,0.9105914718019257,0.3333333333333333,0.8658872077028885
shape,12_20,streaky,ResNet50,head_model,4,0.9078404401650619,0.3333333333333333,0.8617606602475929
shape,12_20,streaky,ResNet50,head_model,5,0.9133425034387895,0.3333333333333333,0.8700137551581841
shape,12_20,streaky,ResNet50,head_model,6,0.8995873452544704,0.3333333333333333,0.8493810178817054
shape,12_20,streaky,ResNet50,head_model,7,0.9023383768913342,0.3333333333333333,0.8535075653370013
shape,12_20,streaky,ResNet50,head_model,8,0.8940852819807428,0.3333333333333333,0.8411279229711142
shape,12_20,streaky,ResNet50,head_model,9,0.9188445667125172,0.3333333333333333,0.8782668500687757
shape,12_20,streaky,ResNet50,head_model,10,0.9009628610729024,0.3333333333333333,0.8514442916093535
shape,12_20,streaky,VGG11,full_model,1,0.951856946354883,0.3333333333333333,0.9277854195323244
shape,12_20,streaky,VGG11,full_model,2,0.9078404401650619,0.3333333333333333,0.8617606602475929
shape,12_20,streaky,VGG11,full_model,3,0.9147180192572214,0.3333333333333333,0.8720770288858319
shape,12_20,streaky,VGG11,full_model,4,0.9160935350756534,0.3333333333333333,0.8741403026134801
shape,12_20,streaky,VGG11,full_model,5,0.9188445667125172,0.3333333333333333,0.8782668500687757
shape,12_20,streaky,VGG11,full_model,6,0.9312242090784044,0.3333333333333333,0.8968363136176066
shape,12_20,streaky,VGG11,full_model,7,0.9325997248968363,0.3333333333333333,0.8988995873452544
shape,12_20,streaky,VGG11,full_model,8,0.8830811554332875,0.3333333333333333,0.824621733149931
shape,12_20,streaky,VGG11,full_model,9,0.8858321870701513,0.3333333333333333,0.828748280605227
shape,12_20,streaky,VGG11,full_model,10,0.8954607977991746,0.3333333333333333,0.843191196698762
shape,12_20,streaky,VGG11,head_model,1,0.9628610729023384,0.3333333333333333,0.9442916093535075
shape,12_20,streaky,VGG11,head_model,2,0.9559834938101788,0.3333333333333333,0.9339752407152682
shape,12_20,streaky,VGG11,head_model,3,0.9614855570839065,0.3333333333333333,0.9422283356258597
shape,12_20,streaky,VGG11,head_model,4,0.9092159559834938,0.3333333333333333,0.8638239339752407
shape,12_20,streaky,VGG11,head_model,5,0.951856946354883,0.3333333333333333,0.9277854195323244
shape,12_20,streaky,VGG11,head_model,6,0.9477303988995873,0.3333333333333333,0.921595598349381
shape,12_20,streaky,VGG11,head_model,7,0.938101788170564,0.3333333333333333,0.907152682255846
shape,12_20,streaky,VGG11,head_model,8,0.9559834938101788,0.3333333333333333,0.9339752407152682
shape,12_20,streaky,VGG11,head_model,9,0.9546079779917469,0.3333333333333333,0.9319119669876204
shape,12_20,streaky,VGG11,head_model,10,0.9573590096286108,0.3333333333333333,0.936038514442916
shape,12_20,streaky,VGG13,full_model,1,0.8844566712517193,0.3333333333333333,0.8266850068775788
shape,12_20,streaky,VGG13,full_model,2,0.9298486932599724,0.3333333333333333,0.8947730398899585
shape,12_20,streaky,VGG13,full_model,3,0.9477303988995873,0.3333333333333333,0.921595598349381
shape,12_20,streaky,VGG13,full_model,4,0.9284731774415406,0.3333333333333333,0.8927097661623107
shape,12_20,streaky,VGG13,full_model,5,0.9394773039889959,0.3333333333333333,0.9092159559834938
shape,12_20,streaky,VGG13,full_model,6,0.9408528198074277,0.3333333333333333,0.9112792297111416
shape,12_20,streaky,VGG13,full_model,7,0.9325997248968363,0.3333333333333333,0.8988995873452544
shape,12_20,streaky,VGG13,full_model,8,0.9050894085281981,0.3333333333333333,0.857634112792297
shape,12_20,streaky,VGG13,full_model,9,0.938101788170564,0.3333333333333333,0.907152682255846
shape,12_20,streaky,VGG13,full_model,10,0.9339752407152683,0.3333333333333333,0.9009628610729022
shape,12_20,streaky,VGG13,head_model,1,0.9669876203576341,0.3333333333333333,0.950481430536451
shape,12_20,streaky,VGG13,head_model,2,0.9821182943603851,0.3333333333333333,0.9731774415405775
shape,12_20,streaky,VGG13,head_model,3,0.9793672627235214,0.3333333333333333,0.9690508940852819
shape,12_20,streaky,VGG13,head_model,4,0.9325997248968363,0.3333333333333333,0.8988995873452544
shape,12_20,streaky,VGG13,head_model,5,0.9862448418156808,0.3333333333333333,0.9793672627235213
shape,12_20,streaky,VGG13,head_model,6,0.9752407152682255,0.3333333333333333,0.9628610729023381
shape,12_20,streaky,VGG13,head_model,7,0.9807427785419532,0.3333333333333333,0.9711141678129297
shape,12_20,streaky,VGG13,head_model,8,0.984869325997249,0.3333333333333333,0.9773039889958735
shape,12_20,streaky,VGG13,head_model,9,0.9257221458046767,0.3333333333333333,0.8885832187070151
shape,12_20,streaky,VGG13,head_model,10,0.9779917469050894,0.3333333333333333,0.9669876203576341
shape,12_20,streaky,VGG16,full_model,1,0.781292984869326,0.3333333333333333,0.671939477303989
shape,12_20,streaky,VGG16,full_model,2,0.8253094910591472,0.3333333333333333,0.7379642365887208
shape,12_20,streaky,VGG16,full_model,3,0.7551581843191196,0.3333333333333333,0.6327372764786794
shape,12_20,streaky,VGG16,full_model,4,0.859697386519945,0.3333333333333333,0.7895460797799173
shape,12_20,streaky,VGG16,full_model,5,0.8198074277854195,0.3333333333333333,0.7297111416781292
shape,12_20,streaky,VGG16,full_model,6,0.8335625859697386,0.3333333333333333,0.750343878954608
shape,12_20,streaky,VGG16,full_model,7,0.8363136176066025,0.3333333333333333,0.7544704264099036
shape,12_20,streaky,VGG16,full_model,8,0.7854195323246217,0.3333333333333333,0.6781292984869325
shape,12_20,streaky,VGG16,full_model,9,0.8363136176066025,0.3333333333333333,0.7544704264099036
shape,12_20,streaky,VGG16,full_model,10,0.7936726272352133,0.3333333333333333,0.6905089408528199
shape,12_20,streaky,VGG16,head_model,1,0.9614855570839065,0.3333333333333333,0.9422283356258597
shape,12_20,streaky,VGG16,head_model,2,0.9587345254470426,0.3333333333333333,0.9381017881705638
shape,12_20,streaky,VGG16,head_model,3,0.9559834938101788,0.3333333333333333,0.9339752407152682
shape,12_20,streaky,VGG16,head_model,4,0.936726272352132,0.3333333333333333,0.9050894085281979
shape,12_20,streaky,VGG16,head_model,5,0.9614855570839065,0.3333333333333333,0.9422283356258597
shape,12_20,streaky,VGG16,head_model,6,0.953232462173315,0.3333333333333333,0.9298486932599725
shape,12_20,streaky,VGG16,head_model,7,0.9449793672627235,0.3333333333333333,0.917469050894085
shape,12_20,streaky,VGG16,head_model,8,0.9491059147180193,0.3333333333333333,0.9236588720770288
shape,12_20,streaky,VGG16,head_model,9,0.9477303988995873,0.3333333333333333,0.921595598349381
shape,12_20,streaky,VGG16,head_model,10,0.9504814305364512,0.3333333333333333,0.9257221458046766
shape,12_20,streaky,VGG19,full_model,1,0.7922971114167813,0.3333333333333333,0.6884456671251719
shape,12_20,streaky,VGG19,full_model,2,0.7854195323246217,0.3333333333333333,0.6781292984869325
shape,12_20,streaky,VGG19,full_model,3,0.8253094910591472,0.3333333333333333,0.7379642365887208
shape,12_20,streaky,VGG19,full_model,4,0.7620357634112792,0.3333333333333333,0.6430536451169188
shape,12_20,streaky,VGG19,full_model,5,0.8308115543328748,0.3333333333333333,0.7462173314993121
shape,12_20,streaky,VGG19,full_model,6,0.8363136176066025,0.3333333333333333,0.7544704264099036
shape,12_20,streaky,VGG19,full_model,7,0.796423658872077,0.3333333333333333,0.6946354883081155
shape,12_20,streaky,VGG19,full_model,8,0.8349381017881705,0.3333333333333333,0.7524071526822558
shape,12_20,streaky,VGG19,full_model,9,0.7689133425034388,0.3333333333333333,0.6533700137551581
shape,12_20,streaky,VGG19,full_model,10,0.8335625859697386,0.3333333333333333,0.750343878954608
shape,12_20,streaky,VGG19,head_model,1,0.9614855570839065,0.3333333333333333,0.9422283356258597
shape,12_20,streaky,VGG19,head_model,2,0.9697386519944979,0.3333333333333333,0.9546079779917469
shape,12_20,streaky,VGG19,head_model,3,0.9697386519944979,0.3333333333333333,0.9546079779917469
shape,12_20,streaky,VGG19,head_model,4,0.922971114167813,0.3333333333333333,0.8844566712517195
shape,12_20,streaky,VGG19,head_model,5,0.9504814305364512,0.3333333333333333,0.9257221458046766
shape,12_20,streaky,VGG19,head_model,6,0.9422283356258597,0.3333333333333333,0.9133425034387894
shape,12_20,streaky,VGG19,head_model,7,0.9394773039889959,0.3333333333333333,0.9092159559834938
shape,12_20,streaky,VGG19,head_model,8,0.9669876203576341,0.3333333333333333,0.950481430536451
shape,12_20,streaky,VGG19,head_model,9,0.9284731774415406,0.3333333333333333,0.8927097661623107
shape,12_20,streaky,VGG19,head_model,10,0.9587345254470426,0.3333333333333333,0.9381017881705638
shape,12_20,streaky,ViT Base,full_model,1,1.0,0.3333333333333333,1.0
shape,12_20,streaky,ViT Base,full_model,2,1.0,0.3333333333333333,1.0
shape,12_20,streaky,ViT Base,full_model,3,1.0,0.3333333333333333,1.0
shape,12_20,streaky,ViT Base,full_model,4,1.0,0.3333333333333333,1.0
shape,12_20,streaky,ViT Base,full_model,5,1.0,0.3333333333333333,1.0
shape,12_20,streaky,ViT Base,full_model,6,1.0,0.3333333333333333,1.0
shape,12_20,streaky,ViT Base,full_model,7,1.0,0.3333333333333333,1.0
shape,12_20,streaky,ViT Base,full_model,8,1.0,0.3333333333333333,1.0
shape,12_20,streaky,ViT Base,full_model,9,1.0,0.3333333333333333,1.0
shape,12_20,streaky,ViT Base,full_model,10,1.0,0.3333333333333333,1.0
shape,12_20,streaky,ViT Base,head_model,1,1.0,0.3333333333333333,1.0
shape,12_20,streaky,ViT Base,head_model,2,0.9944979367262724,0.3333333333333333,0.9917469050894084
shape,12_20,streaky,ViT Base,head_model,3,0.9862448418156808,0.3333333333333333,0.9793672627235213
shape,12_20,streaky,ViT Base,head_model,4,0.9931224209078404,0.3333333333333333,0.9896836313617606
shape,12_20,streaky,ViT Base,head_model,5,1.0,0.3333333333333333,1.0
shape,12_20,streaky,ViT Base,head_model,6,0.9903713892709766,0.3333333333333333,0.9855570839064647
shape,12_20,streaky,ViT Base,head_model,7,0.9931224209078404,0.3333333333333333,0.9896836313617606
shape,12_20,streaky,ViT Base,head_model,8,0.9931224209078404,0.3333333333333333,0.9896836313617606
shape,12_20,streaky,ViT Base,head_model,9,0.9614855570839065,0.3333333333333333,0.9422283356258597
shape,12_20,streaky,ViT Base,head_model,10,0.921595598349381,0.3333333333333333,0.8823933975240713
shape,12_20,streaky,ViT Large,full_model,1,1.0,0.3333333333333333,1.0
shape,12_20,streaky,ViT Large,full_model,2,1.0,0.3333333333333333,1.0
shape,12_20,streaky,ViT Large,full_model,3,1.0,0.3333333333333333,1.0
shape,12_20,streaky,ViT Large,full_model,4,1.0,0.3333333333333333,1.0
shape,12_20,streaky,ViT Large,full_model,5,1.0,0.3333333333333333,1.0
shape,12_20,streaky,ViT Large,full_model,6,1.0,0.3333333333333333,1.0
shape,12_20,streaky,ViT Large,full_model,7,1.0,0.3333333333333333,1.0
shape,12_20,streaky,ViT Large,full_model,8,1.0,0.3333333333333333,1.0
shape,12_20,streaky,ViT Large,full_model,9,1.0,0.3333333333333333,1.0
shape,12_20,streaky,ViT Large,full_model,10,1.0,0.3333333333333333,1.0
shape,12_20,streaky,ViT Large,head_model,1,0.9931224209078404,0.3333333333333333,0.9896836313617606
shape,12_20,streaky,ViT Large,head_model,2,0.9944979367262724,0.3333333333333333,0.9917469050894084
shape,12_20,streaky,ViT Large,head_model,3,0.9903713892709766,0.3333333333333333,0.9855570839064647
shape,12_20,streaky,ViT Large,head_model,4,0.9862448418156808,0.3333333333333333,0.9793672627235213
shape,12_20,streaky,ViT Large,head_model,5,0.9944979367262724,0.3333333333333333,0.9917469050894084
shape,12_20,streaky,ViT Large,head_model,6,0.9876203576341128,0.3333333333333333,0.9814305364511691
shape,12_20,streaky,ViT Large,head_model,7,0.9958734525447043,0.3333333333333333,0.9938101788170562
shape,12_20,streaky,ViT Large,head_model,8,0.9917469050894085,0.3333333333333333,0.9876203576341128
shape,12_20,streaky,ViT Large,head_model,9,0.9903713892709766,0.3333333333333333,0.9855570839064647
shape,12_20,streaky,ViT Large,head_model,10,0.9752407152682255,0.3333333333333333,0.9628610729023381
shape,12_20,streaky,ViT Small,full_model,1,0.9986244841815681,0.3333333333333333,0.9979367262723522
shape,12_20,streaky,ViT Small,full_model,2,1.0,0.3333333333333333,1.0
shape,12_20,streaky,ViT Small,full_model,3,0.9986244841815681,0.3333333333333333,0.9979367262723522
shape,12_20,streaky,ViT Small,full_model,4,1.0,0.3333333333333333,1.0
shape,12_20,streaky,ViT Small,full_model,5,0.9903713892709766,0.3333333333333333,0.9855570839064647
shape,12_20,streaky,ViT Small,full_model,6,1.0,0.3333333333333333,1.0
shape,12_20,streaky,ViT Small,full_model,7,1.0,0.3333333333333333,1.0
shape,12_20,streaky,ViT Small,full_model,8,0.9986244841815681,0.3333333333333333,0.9979367262723522
shape,12_20,streaky,ViT Small,full_model,9,1.0,0.3333333333333333,1.0
shape,12_20,streaky,ViT Small,full_model,10,1.0,0.3333333333333333,1.0
shape,12_20,streaky,ViT Small,head_model,1,0.9958734525447043,0.3333333333333333,0.9938101788170562
shape,12_20,streaky,ViT Small,head_model,2,0.9958734525447043,0.3333333333333333,0.9938101788170562
shape,12_20,streaky,ViT Small,head_model,3,0.9972489683631361,0.3333333333333333,0.995873452544704
shape,12_20,streaky,ViT Small,head_model,4,0.9972489683631361,0.3333333333333333,0.995873452544704
shape,12_20,streaky,ViT Small,head_model,5,0.9986244841815681,0.3333333333333333,0.9979367262723522
shape,12_20,streaky,ViT Small,head_model,6,0.9958734525447043,0.3333333333333333,0.9938101788170562
shape,12_20,streaky,ViT Small,head_model,7,0.8968363136176066,0.3333333333333333,0.8452544704264098
shape,12_20,streaky,ViT Small,head_model,8,0.9834938101788171,0.3333333333333333,0.9752407152682256
shape,12_20,streaky,ViT Small,head_model,9,1.0,0.3333333333333333,1.0
shape,12_20,streaky,ViT Small,head_model,10,0.9202200825309491,0.3333333333333333,0.8803301237964235
shape,6_10,pointy,ConvNeXt Base,full_model,1,0.9808219178082191,0.3333333333333333,0.9712328767123287
shape,6_10,pointy,ConvNeXt Base,full_model,2,0.9643835616438357,0.3333333333333333,0.9465753424657535
shape,6_10,pointy,ConvNeXt Base,full_model,3,0.9808219178082191,0.3333333333333333,0.9712328767123287
shape,6_10,pointy,ConvNeXt Base,full_model,4,0.9753424657534246,0.3333333333333333,0.963013698630137
shape,6_10,pointy,ConvNeXt Base,full_model,5,0.9767123287671233,0.3333333333333333,0.965068493150685
shape,6_10,pointy,ConvNeXt Base,full_model,6,0.9739726027397261,0.3333333333333333,0.960958904109589
shape,6_10,pointy,ConvNeXt Base,full_model,7,0.9657534246575342,0.3333333333333333,0.9486301369863012
shape,6_10,pointy,ConvNeXt Base,full_model,8,0.9684931506849315,0.3333333333333333,0.9527397260273972
shape,6_10,pointy,ConvNeXt Base,full_model,9,0.9876712328767123,0.3333333333333333,0.9815068493150685
shape,6_10,pointy,ConvNeXt Base,full_model,10,0.963013698630137,0.3333333333333333,0.9445205479452055
shape,6_10,pointy,ConvNeXt Base,head_model,1,0.726027397260274,0.3333333333333333,0.589041095890411
shape,6_10,pointy,ConvNeXt Base,head_model,2,0.7191780821917808,0.3333333333333333,0.5787671232876712
shape,6_10,pointy,ConvNeXt Base,head_model,3,0.7273972602739726,0.3333333333333333,0.5910958904109588
shape,6_10,pointy,ConvNeXt Base,head_model,4,0.7,0.3333333333333333,0.5499999999999999
shape,6_10,pointy,ConvNeXt Base,head_model,5,0.6712328767123288,0.3333333333333333,0.5068493150684932
shape,6_10,pointy,ConvNeXt Base,head_model,6,0.7356164383561644,0.3333333333333333,0.6034246575342466
shape,6_10,pointy,ConvNeXt Base,head_model,7,0.6863013698630137,0.3333333333333333,0.5294520547945205
shape,6_10,pointy,ConvNeXt Base,head_model,8,0.7013698630136986,0.3333333333333333,0.552054794520548
shape,6_10,pointy,ConvNeXt Base,head_model,9,0.6424657534246575,0.3333333333333333,0.46369863013698626
shape,6_10,pointy,ConvNeXt Base,head_model,10,0.726027397260274,0.3333333333333333,0.589041095890411
shape,6_10,pointy,ConvNeXt Large,full_model,1,0.9808219178082191,0.3333333333333333,0.9712328767123287
shape,6_10,pointy,ConvNeXt Large,full_model,2,0.9602739726027397,0.3333333333333333,0.9404109589041094
shape,6_10,pointy,ConvNeXt Large,full_model,3,0.9452054794520548,0.3333333333333333,0.9178082191780822
shape,6_10,pointy,ConvNeXt Large,full_model,4,0.9753424657534246,0.3333333333333333,0.963013698630137
shape,6_10,pointy,ConvNeXt Large,full_model,5,0.9547945205479452,0.3333333333333333,0.9321917808219177
shape,6_10,pointy,ConvNeXt Large,full_model,6,0.9602739726027397,0.3333333333333333,0.9404109589041094
shape,6_10,pointy,ConvNeXt Large,full_model,7,0.9424657534246575,0.3333333333333333,0.9136986301369862
shape,6_10,pointy,ConvNeXt Large,full_model,8,0.9753424657534246,0.3333333333333333,0.963013698630137
shape,6_10,pointy,ConvNeXt Large,full_model,9,0.9780821917808219,0.3333333333333333,0.9671232876712327
shape,6_10,pointy,ConvNeXt Large,full_model,10,0.9863013698630136,0.3333333333333333,0.9794520547945205
shape,6_10,pointy,ConvNeXt Large,head_model,1,0.7671232876712328,0.3333333333333333,0.6506849315068493
shape,6_10,pointy,ConvNeXt Large,head_model,2,0.7123287671232876,0.3333333333333333,0.5684931506849314
shape,6_10,pointy,ConvNeXt Large,head_model,3,0.7493150684931507,0.3333333333333333,0.623972602739726
shape,6_10,pointy,ConvNeXt Large,head_model,4,0.7054794520547946,0.3333333333333333,0.5582191780821918
shape,6_10,pointy,ConvNeXt Large,head_model,5,0.7109589041095891,0.3333333333333333,0.5664383561643835
shape,6_10,pointy,ConvNeXt Large,head_model,6,0.7534246575342466,0.3333333333333333,0.6301369863013698
shape,6_10,pointy,ConvNeXt Large,head_model,7,0.7424657534246575,0.3333333333333333,0.6136986301369862
shape,6_10,pointy,ConvNeXt Large,head_model,8,0.7328767123287672,0.3333333333333333,0.5993150684931507
shape,6_10,pointy,ConvNeXt Large,head_model,9,0.6767123287671233,0.3333333333333333,0.5150684931506849
shape,6_10,pointy,ConvNeXt Large,head_model,10,0.7273972602739726,0.3333333333333333,0.5910958904109588
shape,6_10,pointy,ConvNeXt Small,full_model,1,0.9780821917808219,0.3333333333333333,0.9671232876712327
shape,6_10,pointy,ConvNeXt Small,full_model,2,0.9821917808219178,0.3333333333333333,0.9732876712328767
shape,6_10,pointy,ConvNeXt Small,full_model,3,0.958904109589041,0.3333333333333333,0.9383561643835614
shape,6_10,pointy,ConvNeXt Small,full_model,4,0.9643835616438357,0.3333333333333333,0.9465753424657535
shape,6_10,pointy,ConvNeXt Small,full_model,5,0.9602739726027397,0.3333333333333333,0.9404109589041094
shape,6_10,pointy,ConvNeXt Small,full_model,6,0.9767123287671233,0.3333333333333333,0.965068493150685
shape,6_10,pointy,ConvNeXt Small,full_model,7,0.9575342465753425,0.3333333333333333,0.9363013698630137
shape,6_10,pointy,ConvNeXt Small,full_model,8,0.9561643835616438,0.3333333333333333,0.9342465753424657
shape,6_10,pointy,ConvNeXt Small,full_model,9,0.9945205479452055,0.3333333333333333,0.9917808219178083
shape,6_10,pointy,ConvNeXt Small,full_model,10,0.9835616438356164,0.3333333333333333,0.9753424657534244
shape,6_10,pointy,ConvNeXt Small,head_model,1,0.689041095890411,0.3333333333333333,0.5335616438356164
shape,6_10,pointy,ConvNeXt Small,head_model,2,0.7,0.3333333333333333,0.5499999999999999
shape,6_10,pointy,ConvNeXt Small,head_model,3,0.6904109589041096,0.3333333333333333,0.5356164383561645
shape,6_10,pointy,ConvNeXt Small,head_model,4,0.6643835616438356,0.3333333333333333,0.4965753424657534
shape,6_10,pointy,ConvNeXt Small,head_model,5,0.6835616438356165,0.3333333333333333,0.5253424657534247
shape,6_10,pointy,ConvNeXt Small,head_model,6,0.7,0.3333333333333333,0.5499999999999999
shape,6_10,pointy,ConvNeXt Small,head_model,7,0.6972602739726027,0.3333333333333333,0.545890410958904
shape,6_10,pointy,ConvNeXt Small,head_model,8,0.6972602739726027,0.3333333333333333,0.545890410958904
shape,6_10,pointy,ConvNeXt Small,head_model,9,0.647945205479452,0.3333333333333333,0.471917808219178
shape,6_10,pointy,ConvNeXt Small,head_model,10,0.6698630136986301,0.3333333333333333,0.5047945205479452
shape,6_10,pointy,ConvNeXt Tiny,full_model,1,0.9356164383561644,0.3333333333333333,0.9034246575342464
shape,6_10,pointy,ConvNeXt Tiny,full_model,2,0.9684931506849315,0.3333333333333333,0.9527397260273972
shape,6_10,pointy,ConvNeXt Tiny,full_model,3,0.9986301369863013,0.3333333333333333,0.997945205479452
shape,6_10,pointy,ConvNeXt Tiny,full_model,4,0.9945205479452055,0.3333333333333333,0.9917808219178083
shape,6_10,pointy,ConvNeXt Tiny,full_model,5,0.9671232876712329,0.3333333333333333,0.9506849315068492
shape,6_10,pointy,ConvNeXt Tiny,full_model,6,0.9986301369863013,0.3333333333333333,0.997945205479452
shape,6_10,pointy,ConvNeXt Tiny,full_model,7,0.9986301369863013,0.3333333333333333,0.997945205479452
shape,6_10,pointy,ConvNeXt Tiny,full_model,8,0.9780821917808219,0.3333333333333333,0.9671232876712327
shape,6_10,pointy,ConvNeXt Tiny,full_model,9,0.9931506849315068,0.3333333333333333,0.9897260273972602
shape,6_10,pointy,ConvNeXt Tiny,full_model,10,0.9863013698630136,0.3333333333333333,0.9794520547945205
shape,6_10,pointy,ConvNeXt Tiny,head_model,1,0.6150684931506849,0.3333333333333333,0.42260273972602735
shape,6_10,pointy,ConvNeXt Tiny,head_model,2,0.6041095890410959,0.3333333333333333,0.40616438356164386
shape,6_10,pointy,ConvNeXt Tiny,head_model,3,0.6205479452054794,0.3333333333333333,0.4308219178082191
shape,6_10,pointy,ConvNeXt Tiny,head_model,4,0.5356164383561643,0.3333333333333333,0.3034246575342465
shape,6_10,pointy,ConvNeXt Tiny,head_model,5,0.5945205479452055,0.3333333333333333,0.3917808219178082
shape,6_10,pointy,ConvNeXt Tiny,head_model,6,0.5602739726027397,0.3333333333333333,0.34041095890410955
shape,6_10,pointy,ConvNeXt Tiny,head_model,7,0.5972602739726027,0.3333333333333333,0.3958904109589041
shape,6_10,pointy,ConvNeXt Tiny,head_model,8,0.6013698630136987,0.3333333333333333,0.402054794520548
shape,6_10,pointy,ConvNeXt Tiny,head_model,9,0.5219178082191781,0.3333333333333333,0.28287671232876715
shape,6_10,pointy,ConvNeXt Tiny,head_model,10,0.5876712328767123,0.3333333333333333,0.38150684931506845
shape,6_10,pointy,DINOv3 ViT Base,full_model,1,0.3287671232876712,0.3333333333333333,-0.0068493150684931494
shape,6_10,pointy,DINOv3 ViT Base,full_model,2,0.9438356164383561,0.3333333333333333,0.9157534246575342
shape,6_10,pointy,DINOv3 ViT Base,full_model,3,0.9342465753424658,0.3333333333333333,0.9013698630136987
shape,6_10,pointy,DINOv3 ViT Base,full_model,4,0.9246575342465754,0.3333333333333333,0.8869863013698629
shape,6_10,pointy,DINOv3 ViT Base,full_model,5,0.33424657534246577,0.3333333333333333,0.0013698630136986798
shape,6_10,pointy,DINOv3 ViT Base,full_model,6,0.9178082191780822,0.3333333333333333,0.8767123287671231
shape,6_10,pointy,DINOv3 ViT Base,full_model,7,0.3287671232876712,0.3333333333333333,-0.0068493150684931494
shape,6_10,pointy,DINOv3 ViT Base,full_model,8,0.9287671232876712,0.3333333333333333,0.8931506849315066
shape,6_10,pointy,DINOv3 ViT Base,full_model,9,0.33424657534246577,0.3333333333333333,0.0013698630136986798
shape,6_10,pointy,DINOv3 ViT Base,full_model,10,0.9356164383561644,0.3333333333333333,0.9034246575342464
shape,6_10,pointy,DINOv3 ViT Base,head_model,1,0.4863013698630137,0.3333333333333333,0.22945205479452055
shape,6_10,pointy,DINOv3 ViT Base,head_model,2,0.7575342465753425,0.3333333333333333,0.6363013698630138
shape,6_10,pointy,DINOv3 ViT Base,head_model,3,0.7972602739726027,0.3333333333333333,0.695890410958904
shape,6_10,pointy,DINOv3 ViT Base,head_model,4,0.7876712328767124,0.3333333333333333,0.6815068493150686
shape,6_10,pointy,DINOv3 ViT Base,head_model,5,0.7520547945205479,0.3333333333333333,0.6280821917808218
shape,6_10,pointy,DINOv3 ViT Base,head_model,6,0.7657534246575343,0.3333333333333333,0.6486301369863013
shape,6_10,pointy,DINOv3 ViT Base,head_model,7,0.7561643835616438,0.3333333333333333,0.6342465753424658
shape,6_10,pointy,DINOv3 ViT Base,head_model,8,0.821917808219178,0.3333333333333333,0.732876712328767
shape,6_10,pointy,DINOv3 ViT Base,head_model,9,0.773972602739726,0.3333333333333333,0.660958904109589
shape,6_10,pointy,DINOv3 ViT Base,head_model,10,0.6863013698630137,0.3333333333333333,0.5294520547945205
shape,6_10,pointy,ResNet18,full_model,1,0.4657534246575342,0.3333333333333333,0.19863013698630133
shape,6_10,pointy,ResNet18,full_model,2,0.4726027397260274,0.3333333333333333,0.2089041095890411
shape,6_10,pointy,ResNet18,full_model,3,0.4917808219178082,0.3333333333333333,0.2376712328767123
shape,6_10,pointy,ResNet18,full_model,4,0.4712328767123288,0.3333333333333333,0.20684931506849316
shape,6_10,pointy,ResNet18,full_model,5,0.46986301369863015,0.3333333333333333,0.20479452054794522
shape,6_10,pointy,ResNet18,full_model,6,0.4958904109589041,0.3333333333333333,0.2438356164383562
shape,6_10,pointy,ResNet18,full_model,7,0.46164383561643835,0.3333333333333333,0.19246575342465752
shape,6_10,pointy,ResNet18,full_model,8,0.4383561643835616,0.3333333333333333,0.15753424657534243
shape,6_10,pointy,ResNet18,full_model,9,0.4452054794520548,0.3333333333333333,0.1678082191780822
shape,6_10,pointy,ResNet18,full_model,10,0.4821917808219178,0.3333333333333333,0.22328767123287674
shape,6_10,pointy,ResNet18,head_model,1,0.4397260273972603,0.3333333333333333,0.15958904109589045
shape,6_10,pointy,ResNet18,head_model,2,0.44794520547945205,0.3333333333333333,0.17191780821917807
shape,6_10,pointy,ResNet18,head_model,3,0.4684931506849315,0.3333333333333333,0.2027397260273973
shape,6_10,pointy,ResNet18,head_model,4,0.45616438356164385,0.3333333333333333,0.18424657534246577
shape,6_10,pointy,ResNet18,head_model,5,0.4602739726027397,0.3333333333333333,0.19041095890410958
shape,6_10,pointy,ResNet18,head_model,6,0.4452054794520548,0.3333333333333333,0.1678082191780822
shape,6_10,pointy,ResNet18,head_model,7,0.4602739726027397,0.3333333333333333,0.19041095890410958
shape,6_10,pointy,ResNet18,head_model,8,0.4328767123287671,0.3333333333333333,0.14931506849315068
shape,6_10,pointy,ResNet18,head_model,9,0.4232876712328767,0.3333333333333333,0.13493150684931504
shape,6_10,pointy,ResNet18,head_model,10,0.4465753424657534,0.3333333333333333,0.16986301369863013
shape,6_10,pointy,ResNet50,full_model,1,0.4136986301369863,0.3333333333333333,0.1205479452054795
shape,6_10,pointy,ResNet50,full_model,2,0.4136986301369863,0.3333333333333333,0.1205479452054795
shape,6_10,pointy,ResNet50,full_model,3,0.4506849315068493,0.3333333333333333,0.17602739726027394
shape,6_10,pointy,ResNet50,full_model,4,0.4383561643835616,0.3333333333333333,0.15753424657534243
shape,6_10,pointy,ResNet50,full_model,5,0.42191780821917807,0.3333333333333333,0.1328767123287671
shape,6_10,pointy,ResNet50,full_model,6,0.4438356164383562,0.3333333333333333,0.16575342465753426
shape,6_10,pointy,ResNet50,full_model,7,0.4410958904109589,0.3333333333333333,0.16164383561643839
shape,6_10,pointy,ResNet50,full_model,8,0.4315068493150685,0.3333333333333333,0.14726027397260275
shape,6_10,pointy,ResNet50,full_model,9,0.42054794520547945,0.3333333333333333,0.13082191780821917
shape,6_10,pointy,ResNet50,full_model,10,0.43424657534246575,0.3333333333333333,0.15136986301369862
shape,6_10,pointy,ResNet50,head_model,1,0.5232876712328767,0.3333333333333333,0.284931506849315
shape,6_10,pointy,ResNet50,head_model,2,0.5219178082191781,0.3333333333333333,0.28287671232876715
shape,6_10,pointy,ResNet50,head_model,3,0.5287671232876713,0.3333333333333333,0.2931506849315069
shape,6_10,pointy,ResNet50,head_model,4,0.5301369863013699,0.3333333333333333,0.2952054794520548
shape,6_10,pointy,ResNet50,head_model,5,0.5383561643835616,0.3333333333333333,0.3075342465753424
shape,6_10,pointy,ResNet50,head_model,6,0.5260273972602739,0.3333333333333333,0.2890410958904109
shape,6_10,pointy,ResNet50,head_model,7,0.536986301369863,0.3333333333333333,0.30547945205479454
shape,6_10,pointy,ResNet50,head_model,8,0.48904109589041095,0.3333333333333333,0.23356164383561642
shape,6_10,pointy,ResNet50,head_model,9,0.48356164383561645,0.3333333333333333,0.22534246575342468
shape,6_10,pointy,ResNet50,head_model,10,0.5191780821917809,0.3333333333333333,0.2787671232876713
shape,6_10,pointy,VGG11,full_model,1,0.7191780821917808,0.3333333333333333,0.5787671232876712
shape,6_10,pointy,VGG11,full_model,2,0.7561643835616438,0.3333333333333333,0.6342465753424658
shape,6_10,pointy,VGG11,full_model,3,0.7698630136986301,0.3333333333333333,0.6547945205479451
shape,6_10,pointy,VGG11,full_model,4,0.7178082191780822,0.3333333333333333,0.5767123287671233
shape,6_10,pointy,VGG11,full_model,5,0.7712328767123288,0.3333333333333333,0.6568493150684931
shape,6_10,pointy,VGG11,full_model,6,0.7890410958904109,0.3333333333333333,0.6835616438356164
shape,6_10,pointy,VGG11,full_model,7,0.7863013698630137,0.3333333333333333,0.6794520547945205
shape,6_10,pointy,VGG11,full_model,8,0.7616438356164383,0.3333333333333333,0.6424657534246575
shape,6_10,pointy,VGG11,full_model,9,0.7684931506849315,0.3333333333333333,0.6527397260273973
shape,6_10,pointy,VGG11,full_model,10,0.7753424657534247,0.3333333333333333,0.663013698630137
shape,6_10,pointy,VGG11,head_model,1,0.5561643835616439,0.3333333333333333,0.3342465753424658
shape,6_10,pointy,VGG11,head_model,2,0.5589041095890411,0.3333333333333333,0.3383561643835617
shape,6_10,pointy,VGG11,head_model,3,0.584931506849315,0.3333333333333333,0.3773972602739726
shape,6_10,pointy,VGG11,head_model,4,0.5041095890410959,0.3333333333333333,0.2561643835616439
shape,6_10,pointy,VGG11,head_model,5,0.5835616438356165,0.3333333333333333,0.3753424657534247
shape,6_10,pointy,VGG11,head_model,6,0.5575342465753425,0.3333333333333333,0.3363013698630137
shape,6_10,pointy,VGG11,head_model,7,0.5698630136986301,0.3333333333333333,0.3547945205479452
shape,6_10,pointy,VGG11,head_model,8,0.552054794520548,0.3333333333333333,0.32808219178082193
shape,6_10,pointy,VGG11,head_model,9,0.4767123287671233,0.3333333333333333,0.2150684931506849
shape,6_10,pointy,VGG11,head_model,10,0.5534246575342465,0.3333333333333333,0.3301369863013698
shape,6_10,pointy,VGG13,full_model,1,0.7068493150684931,0.3333333333333333,0.5602739726027397
shape,6_10,pointy,VGG13,full_model,2,0.6931506849315069,0.3333333333333333,0.5397260273972603
shape,6_10,pointy,VGG13,full_model,3,0.763013698630137,0.3333333333333333,0.6445205479452055
shape,6_10,pointy,VGG13,full_model,4,0.7136986301369863,0.3333333333333333,0.5705479452054795
shape,6_10,pointy,VGG13,full_model,5,0.7712328767123288,0.3333333333333333,0.6568493150684931
shape,6_10,pointy,VGG13,full_model,6,0.7397260273972602,0.3333333333333333,0.6095890410958903
shape,6_10,pointy,VGG13,full_model,7,0.6931506849315069,0.3333333333333333,0.5397260273972603
shape,6_10,pointy,VGG13,full_model,8,0.726027397260274,0.3333333333333333,0.589041095890411
shape,6_10,pointy,VGG13,full_model,9,0.763013698630137,0.3333333333333333,0.6445205479452055
shape,6_10,pointy,VGG13,full_model,10,0.7109589041095891,0.3333333333333333,0.5664383561643835
shape,6_10,pointy,VGG13,head_model,1,0.6246575342465753,0.3333333333333333,0.436986301369863
shape,6_10,pointy,VGG13,head_model,2,0.6082191780821918,0.3333333333333333,0.41232876712328775
shape,6_10,pointy,VGG13,head_model,3,0.6520547945205479,0.3333333333333333,0.4780821917808219
shape,6_10,pointy,VGG13,head_model,4,0.5904109589041096,0.3333333333333333,0.3856164383561643
shape,6_10,pointy,VGG13,head_model,5,0.6767123287671233,0.3333333333333333,0.5150684931506849
shape,6_10,pointy,VGG13,head_model,6,0.6027397260273972,0.3333333333333333,0.40410958904109584
shape,6_10,pointy,VGG13,head_model,7,0.626027397260274,0.3333333333333333,0.439041095890411
shape,6_10,pointy,VGG13,head_model,8,0.5931506849315068,0.3333333333333333,0.3897260273972602
shape,6_10,pointy,VGG13,head_model,9,0.5808219178082191,0.3333333333333333,0.3712328767123287
shape,6_10,pointy,VGG13,head_model,10,0.6232876712328768,0.3333333333333333,0.43493150684931514
shape,6_10,pointy,VGG16,full_model,1,0.6835616438356165,0.3333333333333333,0.5253424657534247
shape,6_10,pointy,VGG16,full_model,2,0.6671232876712329,0.3333333333333333,0.5006849315068492
shape,6_10,pointy,VGG16,full_model,3,0.6246575342465753,0.3333333333333333,0.436986301369863
shape,6_10,pointy,VGG16,full_model,4,0.6219178082191781,0.3333333333333333,0.4328767123287671
shape,6_10,pointy,VGG16,full_model,5,0.678082191780822,0.3333333333333333,0.517123287671233
shape,6_10,pointy,VGG16,full_model,6,0.6876712328767123,0.3333333333333333,0.5315068493150684
shape,6_10,pointy,VGG16,full_model,7,0.6767123287671233,0.3333333333333333,0.5150684931506849
shape,6_10,pointy,VGG16,full_model,8,0.6726027397260274,0.3333333333333333,0.508904109589041
shape,6_10,pointy,VGG16,full_model,9,0.684931506849315,0.3333333333333333,0.5273972602739725
shape,6_10,pointy,VGG16,full_model,10,0.6410958904109589,0.3333333333333333,0.4616438356164384
shape,6_10,pointy,VGG16,head_model,1,0.6424657534246575,0.3333333333333333,0.46369863013698626
shape,6_10,pointy,VGG16,head_model,2,0.6506849315068494,0.3333333333333333,0.47602739726027404
shape,6_10,pointy,VGG16,head_model,3,0.6575342465753424,0.3333333333333333,0.48630136986301364
shape,6_10,pointy,VGG16,head_model,4,0.6054794520547945,0.3333333333333333,0.4082191780821917
shape,6_10,pointy,VGG16,head_model,5,0.6712328767123288,0.3333333333333333,0.5068493150684932
shape,6_10,pointy,VGG16,head_model,6,0.6424657534246575,0.3333333333333333,0.46369863013698626
shape,6_10,pointy,VGG16,head_model,7,0.6547945205479452,0.3333333333333333,0.48219178082191777
shape,6_10,pointy,VGG16,head_model,8,0.6328767123287671,0.3333333333333333,0.4493150684931506
shape,6_10,pointy,VGG16,head_model,9,0.5698630136986301,0.3333333333333333,0.3547945205479452
shape,6_10,pointy,VGG16,head_model,10,0.6424657534246575,0.3333333333333333,0.46369863013698626
shape,6_10,pointy,VGG19,full_model,1,0.6109589041095891,0.3333333333333333,0.4164383561643836
shape,6_10,pointy,VGG19,full_model,2,0.6465753424657534,0.3333333333333333,0.46986301369863015
shape,6_10,pointy,VGG19,full_model,3,0.6109589041095891,0.3333333333333333,0.4164383561643836
shape,6_10,pointy,VGG19,full_model,4,0.6315068493150685,0.3333333333333333,0.44726027397260276
shape,6_10,pointy,VGG19,full_model,5,0.6561643835616439,0.3333333333333333,0.4842465753424658
shape,6_10,pointy,VGG19,full_model,6,0.663013698630137,0.3333333333333333,0.49452054794520556
shape,6_10,pointy,VGG19,full_model,7,0.6191780821917808,0.3333333333333333,0.42876712328767125
shape,6_10,pointy,VGG19,full_model,8,0.6301369863013698,0.3333333333333333,0.44520547945205474
shape,6_10,pointy,VGG19,full_model,9,0.6452054794520548,0.3333333333333333,0.46780821917808213
shape,6_10,pointy,VGG19,full_model,10,0.5739726027397261,0.3333333333333333,0.3609589041095891
shape,6_10,pointy,VGG19,head_model,1,0.5342465753424658,0.3333333333333333,0.30136986301369867
shape,6_10,pointy,VGG19,head_model,2,0.5835616438356165,0.3333333333333333,0.3753424657534247
shape,6_10,pointy,VGG19,head_model,3,0.5794520547945206,0.3333333333333333,0.36917808219178083
shape,6_10,pointy,VGG19,head_model,4,0.4547945205479452,0.3333333333333333,0.18219178082191784
shape,6_10,pointy,VGG19,head_model,5,0.6123287671232877,0.3333333333333333,0.4184931506849315
shape,6_10,pointy,VGG19,head_model,6,0.5547945205479452,0.3333333333333333,0.3321917808219178
shape,6_10,pointy,VGG19,head_model,7,0.5917808219178082,0.3333333333333333,0.38767123287671235
shape,6_10,pointy,VGG19,head_model,8,0.5602739726027397,0.3333333333333333,0.34041095890410955
shape,6_10,pointy,VGG19,head_model,9,0.436986301369863,0.3333333333333333,0.1554794520547945
shape,6_10,pointy,VGG19,head_model,10,0.5712328767123288,0.3333333333333333,0.3568493150684932
shape,6_10,pointy,ViT Base,full_model,1,0.9602739726027397,0.3333333333333333,0.9404109589041094
shape,6_10,pointy,ViT Base,full_model,2,0.9671232876712329,0.3333333333333333,0.9506849315068492
shape,6_10,pointy,ViT Base,full_model,3,0.9794520547945206,0.3333333333333333,0.9691780821917807
shape,6_10,pointy,ViT Base,full_model,4,0.8301369863013699,0.3333333333333333,0.7452054794520548
shape,6_10,pointy,ViT Base,full_model,5,0.9561643835616438,0.3333333333333333,0.9342465753424657
shape,6_10,pointy,ViT Base,full_model,6,0.9808219178082191,0.3333333333333333,0.9712328767123287
shape,6_10,pointy,ViT Base,full_model,7,0.9671232876712329,0.3333333333333333,0.9506849315068492
shape,6_10,pointy,ViT Base,full_model,8,0.9410958904109589,0.3333333333333333,0.9116438356164381
shape,6_10,pointy,ViT Base,full_model,9,0.947945205479452,0.3333333333333333,0.9219178082191779
shape,6_10,pointy,ViT Base,full_model,10,0.9465753424657535,0.3333333333333333,0.9198630136986302
shape,6_10,pointy,ViT Base,head_model,1,0.5863013698630137,0.3333333333333333,0.3794520547945206
shape,6_10,pointy,ViT Base,head_model,2,0.7575342465753425,0.3333333333333333,0.6363013698630138
shape,6_10,pointy,ViT Base,head_model,3,0.7301369863013699,0.3333333333333333,0.5952054794520548
shape,6_10,pointy,ViT Base,head_model,4,0.5808219178082191,0.3333333333333333,0.3712328767123287
shape,6_10,pointy,ViT Base,head_model,5,0.726027397260274,0.3333333333333333,0.589041095890411
shape,6_10,pointy,ViT Base,head_model,6,0.7506849315068493,0.3333333333333333,0.626027397260274
shape,6_10,pointy,ViT Base,head_model,7,0.6794520547945205,0.3333333333333333,0.5191780821917807
shape,6_10,pointy,ViT Base,head_model,8,0.7383561643835617,0.3333333333333333,0.6075342465753425
shape,6_10,pointy,ViT Base,head_model,9,0.7410958904109589,0.3333333333333333,0.6116438356164383
shape,6_10,pointy,ViT Base,head_model,10,0.7808219178082192,0.3333333333333333,0.6712328767123288
shape,6_10,pointy,ViT Large,full_model,1,0.9821917808219178,0.3333333333333333,0.9732876712328767
shape,6_10,pointy,ViT Large,full_model,2,0.9780821917808219,0.3333333333333333,0.9671232876712327
shape,6_10,pointy,ViT Large,full_model,3,0.9835616438356164,0.3333333333333333,0.9753424657534244
shape,6_10,pointy,ViT Large,full_model,4,0.9780821917808219,0.3333333333333333,0.9671232876712327
shape,6_10,pointy,ViT Large,full_model,5,0.9726027397260274,0.3333333333333333,0.9589041095890409
shape,6_10,pointy,ViT Large,full_model,6,0.9397260273972603,0.3333333333333333,0.9095890410958904
shape,6_10,pointy,ViT Large,full_model,7,0.9465753424657535,0.3333333333333333,0.9198630136986302
shape,6_10,pointy,ViT Large,full_model,8,0.9753424657534246,0.3333333333333333,0.963013698630137
shape,6_10,pointy,ViT Large,full_model,9,0.9753424657534246,0.3333333333333333,0.963013698630137
shape,6_10,pointy,ViT Large,full_model,10,0.9904109589041096,0.3333333333333333,0.9856164383561642
shape,6_10,pointy,ViT Large,head_model,1,0.5684931506849316,0.3333333333333333,0.35273972602739734
shape,6_10,pointy,ViT Large,head_model,2,0.7547945205479452,0.3333333333333333,0.6321917808219177
shape,6_10,pointy,ViT Large,head_model,3,0.7726027397260274,0.3333333333333333,0.6589041095890411
shape,6_10,pointy,ViT Large,head_model,4,0.636986301369863,0.3333333333333333,0.4554794520547945
shape,6_10,pointy,ViT Large,head_model,5,0.7520547945205479,0.3333333333333333,0.6280821917808218
shape,6_10,pointy,ViT Large,head_model,6,0.7863013698630137,0.3333333333333333,0.6794520547945205
shape,6_10,pointy,ViT Large,head_model,7,0.6712328767123288,0.3333333333333333,0.5068493150684932
shape,6_10,pointy,ViT Large,head_model,8,0.7575342465753425,0.3333333333333333,0.6363013698630138
shape,6_10,pointy,ViT Large,head_model,9,0.7328767123287672,0.3333333333333333,0.5993150684931507
shape,6_10,pointy,ViT Large,head_model,10,0.7794520547945205,0.3333333333333333,0.6691780821917808
shape,6_10,pointy,ViT Small,full_model,1,0.9616438356164384,0.3333333333333333,0.9424657534246574
shape,6_10,pointy,ViT Small,full_model,2,0.9465753424657535,0.3333333333333333,0.9198630136986302
shape,6_10,pointy,ViT Small,full_model,3,0.9410958904109589,0.3333333333333333,0.9116438356164381
shape,6_10,pointy,ViT Small,full_model,4,0.9657534246575342,0.3333333333333333,0.9486301369863012
shape,6_10,pointy,ViT Small,full_model,5,0.958904109589041,0.3333333333333333,0.9383561643835614
shape,6_10,pointy,ViT Small,full_model,6,0.9643835616438357,0.3333333333333333,0.9465753424657535
shape,6_10,pointy,ViT Small,full_model,7,0.9534246575342465,0.3333333333333333,0.9301369863013697
shape,6_10,pointy,ViT Small,full_model,8,0.9397260273972603,0.3333333333333333,0.9095890410958904
shape,6_10,pointy,ViT Small,full_model,9,0.952054794520548,0.3333333333333333,0.928082191780822
shape,6_10,pointy,ViT Small,full_model,10,0.9616438356164384,0.3333333333333333,0.9424657534246574
shape,6_10,pointy,ViT Small,head_model,1,0.6356164383561644,0.3333333333333333,0.45342465753424666
shape,6_10,pointy,ViT Small,head_model,2,0.8123287671232877,0.3333333333333333,0.7184931506849316
shape,6_10,pointy,ViT Small,head_model,3,0.8027397260273973,0.3333333333333333,0.7041095890410959
shape,6_10,pointy,ViT Small,head_model,4,0.6027397260273972,0.3333333333333333,0.40410958904109584
shape,6_10,pointy,ViT Small,head_model,5,0.736986301369863,0.3333333333333333,0.6054794520547945
shape,6_10,pointy,ViT Small,head_model,6,0.7479452054794521,0.3333333333333333,0.6219178082191781
shape,6_10,pointy,ViT Small,head_model,7,0.6246575342465753,0.3333333333333333,0.436986301369863
shape,6_10,pointy,ViT Small,head_model,8,0.7534246575342466,0.3333333333333333,0.6301369863013698
shape,6_10,pointy,ViT Small,head_model,9,0.7671232876712328,0.3333333333333333,0.6506849315068493
shape,6_10,pointy,ViT Small,head_model,10,0.7821917808219178,0.3333333333333333,0.6732876712328766
shape,6_10,streaky,ConvNeXt Base,full_model,1,0.9743935309973046,0.3333333333333333,0.961590296495957
shape,6_10,streaky,ConvNeXt Base,full_model,2,0.9528301886792453,0.3333333333333333,0.9292452830188678
shape,6_10,streaky,ConvNeXt Base,full_model,3,0.9690026954177897,0.3333333333333333,0.9535040431266846
shape,6_10,streaky,ConvNeXt Base,full_model,4,0.9568733153638814,0.3333333333333333,0.935309973045822
shape,6_10,streaky,ConvNeXt Base,full_model,5,0.9690026954177897,0.3333333333333333,0.9535040431266846
shape,6_10,streaky,ConvNeXt Base,full_model,6,0.931266846361186,0.3333333333333333,0.8969002695417789
shape,6_10,streaky,ConvNeXt Base,full_model,7,0.9730458221024259,0.3333333333333333,0.9595687331536388
shape,6_10,streaky,ConvNeXt Base,full_model,8,0.9622641509433962,0.3333333333333333,0.9433962264150944
shape,6_10,streaky,ConvNeXt Base,full_model,9,0.9595687331536388,0.3333333333333333,0.939353099730458
shape,6_10,streaky,ConvNeXt Base,full_model,10,0.9703504043126685,0.3333333333333333,0.9555256064690028
shape,6_10,streaky,ConvNeXt Base,head_model,1,0.7169811320754716,0.3333333333333333,0.5754716981132074
shape,6_10,streaky,ConvNeXt Base,head_model,2,0.7102425876010782,0.3333333333333333,0.5653638814016172
shape,6_10,streaky,ConvNeXt Base,head_model,3,0.7115902964959568,0.3333333333333333,0.5673854447439353
shape,6_10,streaky,ConvNeXt Base,head_model,4,0.7250673854447439,0.3333333333333333,0.5876010781671158
shape,6_10,streaky,ConvNeXt Base,head_model,5,0.7304582210242587,0.3333333333333333,0.5956873315363881
shape,6_10,streaky,ConvNeXt Base,head_model,6,0.7371967654986523,0.3333333333333333,0.6057951482479784
shape,6_10,streaky,ConvNeXt Base,head_model,7,0.7304582210242587,0.3333333333333333,0.5956873315363881
shape,6_10,streaky,ConvNeXt Base,head_model,8,0.7250673854447439,0.3333333333333333,0.5876010781671158
shape,6_10,streaky,ConvNeXt Base,head_model,9,0.7331536388140162,0.3333333333333333,0.5997304582210242
shape,6_10,streaky,ConvNeXt Base,head_model,10,0.7331536388140162,0.3333333333333333,0.5997304582210242
shape,6_10,streaky,ConvNeXt Large,full_model,1,0.9730458221024259,0.3333333333333333,0.9595687331536388
shape,6_10,streaky,ConvNeXt Large,full_model,2,0.9649595687331537,0.3333333333333333,0.9474393530997304
shape,6_10,streaky,ConvNeXt Large,full_model,3,0.9595687331536388,0.3333333333333333,0.939353099730458
shape,6_10,streaky,ConvNeXt Large,full_model,4,0.9609164420485176,0.3333333333333333,0.9413746630727762
shape,6_10,streaky,ConvNeXt Large,full_model,5,0.954177897574124,0.3333333333333333,0.931266846361186
shape,6_10,streaky,ConvNeXt Large,full_model,6,0.9649595687331537,0.3333333333333333,0.9474393530997304
shape,6_10,streaky,ConvNeXt Large,full_model,7,0.9514824797843666,0.3333333333333333,0.9272237196765499
shape,6_10,streaky,ConvNeXt Large,full_model,8,0.9649595687331537,0.3333333333333333,0.9474393530997304
shape,6_10,streaky,ConvNeXt Large,full_model,9,0.9730458221024259,0.3333333333333333,0.9595687331536388
shape,6_10,streaky,ConvNeXt Large,full_model,10,0.9690026954177897,0.3333333333333333,0.9535040431266846
shape,6_10,streaky,ConvNeXt Large,head_model,1,0.7964959568733153,0.3333333333333333,0.6947439353099729
shape,6_10,streaky,ConvNeXt Large,head_model,2,0.7722371967654986,0.3333333333333333,0.6583557951482479
shape,6_10,streaky,ConvNeXt Large,head_model,3,0.7735849056603774,0.3333333333333333,0.6603773584905661
shape,6_10,streaky,ConvNeXt Large,head_model,4,0.7884097035040432,0.3333333333333333,0.6826145552560647
shape,6_10,streaky,ConvNeXt Large,head_model,5,0.807277628032345,0.3333333333333333,0.7109164420485176
shape,6_10,streaky,ConvNeXt Large,head_model,6,0.7978436657681941,0.3333333333333333,0.6967654986522911
shape,6_10,streaky,ConvNeXt Large,head_model,7,0.7964959568733153,0.3333333333333333,0.6947439353099729
shape,6_10,streaky,ConvNeXt Large,head_model,8,0.793800539083558,0.3333333333333333,0.6907008086253369
shape,6_10,streaky,ConvNeXt Large,head_model,9,0.7722371967654986,0.3333333333333333,0.6583557951482479
shape,6_10,streaky,ConvNeXt Large,head_model,10,0.7789757412398922,0.3333333333333333,0.6684636118598383
shape,6_10,streaky,ConvNeXt Small,full_model,1,0.944743935309973,0.3333333333333333,0.9171159029649594
shape,6_10,streaky,ConvNeXt Small,full_model,2,0.9986522911051213,0.3333333333333333,0.9979784366576818
shape,6_10,streaky,ConvNeXt Small,full_model,3,0.9595687331536388,0.3333333333333333,0.939353099730458
shape,6_10,streaky,ConvNeXt Small,full_model,4,0.9946091644204852,0.3333333333333333,0.9919137466307276
shape,6_10,streaky,ConvNeXt Small,full_model,5,0.9959568733153639,0.3333333333333333,0.9939353099730458
shape,6_10,streaky,ConvNeXt Small,full_model,6,0.9353099730458221,0.3333333333333333,0.9029649595687331
shape,6_10,streaky,ConvNeXt Small,full_model,7,0.9514824797843666,0.3333333333333333,0.9272237196765499
shape,6_10,streaky,ConvNeXt Small,full_model,8,0.8962264150943396,0.3333333333333333,0.8443396226415093
shape,6_10,streaky,ConvNeXt Small,full_model,9,0.9487870619946092,0.3333333333333333,0.9231805929919136
shape,6_10,streaky,ConvNeXt Small,full_model,10,0.9649595687331537,0.3333333333333333,0.9474393530997304
shape,6_10,streaky,ConvNeXt Small,head_model,1,0.6940700808625337,0.3333333333333333,0.5411051212938006
shape,6_10,streaky,ConvNeXt Small,head_model,2,0.6873315363881402,0.3333333333333333,0.5309973045822102
shape,6_10,streaky,ConvNeXt Small,head_model,3,0.6886792452830188,0.3333333333333333,0.5330188679245282
shape,6_10,streaky,ConvNeXt Small,head_model,4,0.6873315363881402,0.3333333333333333,0.5309973045822102
shape,6_10,streaky,ConvNeXt Small,head_model,5,0.7115902964959568,0.3333333333333333,0.5673854447439353
shape,6_10,streaky,ConvNeXt Small,head_model,6,0.6900269541778976,0.3333333333333333,0.5350404312668464
shape,6_10,streaky,ConvNeXt Small,head_model,7,0.7035040431266847,0.3333333333333333,0.555256064690027
shape,6_10,streaky,ConvNeXt Small,head_model,8,0.7102425876010782,0.3333333333333333,0.5653638814016172
shape,6_10,streaky,ConvNeXt Small,head_model,9,0.6967654986522911,0.3333333333333333,0.5451482479784366
shape,6_10,streaky,ConvNeXt Small,head_model,10,0.6913746630727763,0.3333333333333333,0.5370619946091644
shape,6_10,streaky,ConvNeXt Tiny,full_model,1,0.9973045822102425,0.3333333333333333,0.9959568733153636
shape,6_10,streaky,ConvNeXt Tiny,full_model,2,1.0,0.3333333333333333,1.0
shape,6_10,streaky,ConvNeXt Tiny,full_model,3,0.9663072776280324,0.3333333333333333,0.9494609164420486
shape,6_10,streaky,ConvNeXt Tiny,full_model,4,0.9649595687331537,0.3333333333333333,0.9474393530997304
shape,6_10,streaky,ConvNeXt Tiny,full_model,5,0.9703504043126685,0.3333333333333333,0.9555256064690028
shape,6_10,streaky,ConvNeXt Tiny,full_model,6,0.9919137466307277,0.3333333333333333,0.9878706199460916
shape,6_10,streaky,ConvNeXt Tiny,full_model,7,0.9851752021563343,0.3333333333333333,0.9777628032345014
shape,6_10,streaky,ConvNeXt Tiny,full_model,8,0.9811320754716981,0.3333333333333333,0.9716981132075472
shape,6_10,streaky,ConvNeXt Tiny,full_model,9,0.977088948787062,0.3333333333333333,0.965633423180593
shape,6_10,streaky,ConvNeXt Tiny,full_model,10,0.9609164420485176,0.3333333333333333,0.9413746630727762
shape,6_10,streaky,ConvNeXt Tiny,head_model,1,0.7277628032345014,0.3333333333333333,0.5916442048517521
shape,6_10,streaky,ConvNeXt Tiny,head_model,2,0.6913746630727763,0.3333333333333333,0.5370619946091644
shape,6_10,streaky,ConvNeXt Tiny,head_model,3,0.7021563342318059,0.3333333333333333,0.5532345013477088
shape,6_10,streaky,ConvNeXt Tiny,head_model,4,0.6846361185983828,0.3333333333333333,0.5269541778975741
shape,6_10,streaky,ConvNeXt Tiny,head_model,5,0.7331536388140162,0.3333333333333333,0.5997304582210242
shape,6_10,streaky,ConvNeXt Tiny,head_model,6,0.6940700808625337,0.3333333333333333,0.5411051212938006
shape,6_10,streaky,ConvNeXt Tiny,head_model,7,0.7345013477088949,0.3333333333333333,0.6017520215633423
shape,6_10,streaky,ConvNeXt Tiny,head_model,8,0.738544474393531,0.3333333333333333,0.6078167115902965
shape,6_10,streaky,ConvNeXt Tiny,head_model,9,0.683288409703504,0.3333333333333333,0.524932614555256
shape,6_10,streaky,ConvNeXt Tiny,head_model,10,0.6859838274932615,0.3333333333333333,0.5289757412398922
shape,6_10,streaky,DINOv3 ViT Base,full_model,1,0.3328840970350404,0.3333333333333333,-0.0006738544474393647
shape,6_10,streaky,DINOv3 ViT Base,full_model,2,0.9501347708894878,0.3333333333333333,0.9252021563342318
shape,6_10,streaky,DINOv3 ViT Base,full_model,3,0.9097035040431267,0.3333333333333333,0.8645552560646901
shape,6_10,streaky,DINOv3 ViT Base,full_model,4,0.9110512129380054,0.3333333333333333,0.8665768194070079
shape,6_10,streaky,DINOv3 ViT Base,full_model,5,0.9474393530997305,0.3333333333333333,0.9211590296495957
shape,6_10,streaky,DINOv3 ViT Base,full_model,6,0.8962264150943396,0.3333333333333333,0.8443396226415093
shape,6_10,streaky,DINOv3 ViT Base,full_model,7,0.9474393530997305,0.3333333333333333,0.9211590296495957
shape,6_10,streaky,DINOv3 ViT Base,full_model,8,0.9353099730458221,0.3333333333333333,0.9029649595687331
shape,6_10,streaky,DINOv3 ViT Base,full_model,9,0.9191374663072777,0.3333333333333333,0.8787061994609163
shape,6_10,streaky,DINOv3 ViT Base,full_model,10,0.9366576819407008,0.3333333333333333,0.904986522911051
shape,6_10,streaky,DINOv3 ViT Base,head_model,1,0.839622641509434,0.3333333333333333,0.7594339622641508
shape,6_10,streaky,DINOv3 ViT Base,head_model,2,0.7978436657681941,0.3333333333333333,0.6967654986522911
shape,6_10,streaky,DINOv3 ViT Base,head_model,3,0.8086253369272237,0.3333333333333333,0.7129380053908355
shape,6_10,streaky,DINOv3 ViT Base,head_model,4,0.8207547169811321,0.3333333333333333,0.7311320754716981
shape,6_10,streaky,DINOv3 ViT Base,head_model,5,0.6024258760107817,0.3333333333333333,0.4036388140161725
shape,6_10,streaky,DINOv3 ViT Base,head_model,6,0.8369272237196765,0.3333333333333333,0.7553908355795148
shape,6_10,streaky,DINOv3 ViT Base,head_model,7,0.8477088948787062,0.3333333333333333,0.7715633423180592
shape,6_10,streaky,DINOv3 ViT Base,head_model,8,0.5929919137466307,0.3333333333333333,0.3894878706199461
shape,6_10,streaky,DINOv3 ViT Base,head_model,9,0.8477088948787062,0.3333333333333333,0.7715633423180592
shape,6_10,streaky,DINOv3 ViT Base,head_model,10,0.8517520215633423,0.3333333333333333,0.7776280323450134
shape,6_10,streaky,ResNet18,full_model,1,0.4393530997304582,0.3333333333333333,0.15902964959568733
shape,6_10,streaky,ResNet18,full_model,2,0.46495956873315364,0.3333333333333333,0.19743935309973046
shape,6_10,streaky,ResNet18,full_model,3,0.48247978436657685,0.3333333333333333,0.22371967654986527
shape,6_10,streaky,ResNet18,full_model,4,0.4609164420485175,0.3333333333333333,0.19137466307277626
shape,6_10,streaky,ResNet18,full_model,5,0.47035040431266845,0.3333333333333333,0.20552560646900267
shape,6_10,streaky,ResNet18,full_model,6,0.47304582210242585,0.3333333333333333,0.20956873315363878
shape,6_10,streaky,ResNet18,full_model,7,0.4838274932614555,0.3333333333333333,0.22574123989218328
shape,6_10,streaky,ResNet18,full_model,8,0.4353099730458221,0.3333333333333333,0.15296495956873313
shape,6_10,streaky,ResNet18,full_model,9,0.444743935309973,0.3333333333333333,0.16711590296495954
shape,6_10,streaky,ResNet18,full_model,10,0.4636118598382749,0.3333333333333333,0.19541778975741236
shape,6_10,streaky,ResNet18,head_model,1,0.6253369272237197,0.3333333333333333,0.43800539083557954
shape,6_10,streaky,ResNet18,head_model,2,0.6347708894878706,0.3333333333333333,0.45215633423180596
shape,6_10,streaky,ResNet18,head_model,3,0.633423180592992,0.3333333333333333,0.45013477088948795
shape,6_10,streaky,ResNet18,head_model,4,0.6293800539083558,0.3333333333333333,0.44407008086253374
shape,6_10,streaky,ResNet18,head_model,5,0.6185983827493261,0.3333333333333333,0.42789757412398916
shape,6_10,streaky,ResNet18,head_model,6,0.623989218328841,0.3333333333333333,0.43598382749326153
shape,6_10,streaky,ResNet18,head_model,7,0.628032345013477,0.3333333333333333,0.44204851752021557
shape,6_10,streaky,ResNet18,head_model,8,0.5808625336927223,0.3333333333333333,0.3712938005390835
shape,6_10,streaky,ResNet18,head_model,9,0.5929919137466307,0.3333333333333333,0.3894878706199461
shape,6_10,streaky,ResNet18,head_model,10,0.6078167115902965,0.3333333333333333,0.41172506738544473
shape,6_10,streaky,ResNet50,full_model,1,0.42587601078167114,0.3333333333333333,0.13881401617250672
shape,6_10,streaky,ResNet50,full_model,2,0.38409703504043125,0.3333333333333333,0.07614555256064688
shape,6_10,streaky,ResNet50,full_model,3,0.40700808625336926,0.3333333333333333,0.1105121293800539
shape,6_10,streaky,ResNet50,full_model,4,0.41778975741239893,0.3333333333333333,0.1266846361185984
shape,6_10,streaky,ResNet50,full_model,5,0.4056603773584906,0.3333333333333333,0.1084905660377359
shape,6_10,streaky,ResNet50,full_model,6,0.40431266846361186,0.3333333333333333,0.1064690026954178
shape,6_10,streaky,ResNet50,full_model,7,0.42318059299191374,0.3333333333333333,0.1347708894878706
shape,6_10,streaky,ResNet50,full_model,8,0.4528301886792453,0.3333333333333333,0.17924528301886794
shape,6_10,streaky,ResNet50,full_model,9,0.408355795148248,0.3333333333333333,0.112533692722372
shape,6_10,streaky,ResNet50,full_model,10,0.38544474393531,0.3333333333333333,0.07816711590296498
shape,6_10,streaky,ResNet50,head_model,1,0.605121293800539,0.3333333333333333,0.40768194070080854
shape,6_10,streaky,ResNet50,head_model,2,0.610512129380054,0.3333333333333333,0.4157681940700809
shape,6_10,streaky,ResNet50,head_model,3,0.6037735849056604,0.3333333333333333,0.40566037735849053
shape,6_10,streaky,ResNet50,head_model,4,0.6037735849056604,0.3333333333333333,0.40566037735849053
shape,6_10,streaky,ResNet50,head_model,5,0.5902964959568733,0.3333333333333333,0.3854447439353099
shape,6_10,streaky,ResNet50,head_model,6,0.6185983827493261,0.3333333333333333,0.42789757412398916
shape,6_10,streaky,ResNet50,head_model,7,0.5822102425876011,0.3333333333333333,0.3733153638814017
shape,6_10,streaky,ResNet50,head_model,8,0.5700808625336927,0.3333333333333333,0.3551212938005391
shape,6_10,streaky,ResNet50,head_model,9,0.5660377358490566,0.3333333333333333,0.3490566037735849
shape,6_10,streaky,ResNet50,head_model,10,0.5741239892183289,0.3333333333333333,0.3611859838274933
shape,6_10,streaky,VGG11,full_model,1,0.7371967654986523,0.3333333333333333,0.6057951482479784
shape,6_10,streaky,VGG11,full_model,2,0.7628032345013477,0.3333333333333333,0.6442048517520215
shape,6_10,streaky,VGG11,full_model,3,0.7533692722371967,0.3333333333333333,0.6300539083557951
shape,6_10,streaky,VGG11,full_model,4,0.7358490566037735,0.3333333333333333,0.6037735849056602
shape,6_10,streaky,VGG11,full_model,5,0.7493261455525606,0.3333333333333333,0.6239892183288409
shape,6_10,streaky,VGG11,full_model,6,0.7088948787061995,0.3333333333333333,0.5633423180592992
shape,6_10,streaky,VGG11,full_model,7,0.761455525606469,0.3333333333333333,0.6421832884097035
shape,6_10,streaky,VGG11,full_model,8,0.7601078167115903,0.3333333333333333,0.6401617250673854
shape,6_10,streaky,VGG11,full_model,9,0.7654986522911051,0.3333333333333333,0.6482479784366577
shape,6_10,streaky,VGG11,full_model,10,0.7452830188679245,0.3333333333333333,0.6179245283018867
shape,6_10,streaky,VGG11,head_model,1,0.5768194070080862,0.3333333333333333,0.3652291105121293
shape,6_10,streaky,VGG11,head_model,2,0.5700808625336927,0.3333333333333333,0.3551212938005391
shape,6_10,streaky,VGG11,head_model,3,0.5862533692722371,0.3333333333333333,0.3793800539083557
shape,6_10,streaky,VGG11,head_model,4,0.5471698113207547,0.3333333333333333,0.32075471698113206
shape,6_10,streaky,VGG11,head_model,5,0.633423180592992,0.3333333333333333,0.45013477088948795
shape,6_10,streaky,VGG11,head_model,6,0.5714285714285714,0.3333333333333333,0.3571428571428571
shape,6_10,streaky,VGG11,head_model,7,0.633423180592992,0.3333333333333333,0.45013477088948795
shape,6_10,streaky,VGG11,head_model,8,0.5956873315363881,0.3333333333333333,0.39353099730458213
shape,6_10,streaky,VGG11,head_model,9,0.5390835579514824,0.3333333333333333,0.30862533692722366
shape,6_10,streaky,VGG11,head_model,10,0.6185983827493261,0.3333333333333333,0.42789757412398916
shape,6_10,streaky,VGG13,full_model,1,0.7722371967654986,0.3333333333333333,0.6583557951482479
shape,6_10,streaky,VGG13,full_model,2,0.7479784366576819,0.3333333333333333,0.6219676549865228
shape,6_10,streaky,VGG13,full_model,3,0.784366576819407,0.3333333333333333,0.6765498652291105
shape,6_10,streaky,VGG13,full_model,4,0.7560646900269542,0.3333333333333333,0.6340970350404312
shape,6_10,streaky,VGG13,full_model,5,0.7547169811320755,0.3333333333333333,0.6320754716981133
shape,6_10,streaky,VGG13,full_model,6,0.7951482479784366,0.3333333333333333,0.692722371967655
shape,6_10,streaky,VGG13,full_model,7,0.7789757412398922,0.3333333333333333,0.6684636118598383
shape,6_10,streaky,VGG13,full_model,8,0.7479784366576819,0.3333333333333333,0.6219676549865228
shape,6_10,streaky,VGG13,full_model,9,0.7115902964959568,0.3333333333333333,0.5673854447439353
shape,6_10,streaky,VGG13,full_model,10,0.7830188679245284,0.3333333333333333,0.6745283018867925
shape,6_10,streaky,VGG13,head_model,1,0.6145552560646901,0.3333333333333333,0.4218328840970351
shape,6_10,streaky,VGG13,head_model,2,0.605121293800539,0.3333333333333333,0.40768194070080854
shape,6_10,streaky,VGG13,head_model,3,0.6212938005390836,0.3333333333333333,0.43194070080862534
shape,6_10,streaky,VGG13,head_model,4,0.5835579514824798,0.3333333333333333,0.3753369272237197
shape,6_10,streaky,VGG13,head_model,5,0.6145552560646901,0.3333333333333333,0.4218328840970351
shape,6_10,streaky,VGG13,head_model,6,0.6132075471698113,0.3333333333333333,0.41981132075471694
shape,6_10,streaky,VGG13,head_model,7,0.623989218328841,0.3333333333333333,0.43598382749326153
shape,6_10,streaky,VGG13,head_model,8,0.637466307277628,0.3333333333333333,0.456199460916442
shape,6_10,streaky,VGG13,head_model,9,0.5377358490566038,0.3333333333333333,0.30660377358490565
shape,6_10,streaky,VGG13,head_model,10,0.6212938005390836,0.3333333333333333,0.43194070080862534
shape,6_10,streaky,VGG16,full_model,1,0.6805929919137467,0.3333333333333333,0.52088948787062
shape,6_10,streaky,VGG16,full_model,2,0.6967654986522911,0.3333333333333333,0.5451482479784366
shape,6_10,streaky,VGG16,full_model,3,0.628032345013477,0.3333333333333333,0.44204851752021557
shape,6_10,streaky,VGG16,full_model,4,0.6644204851752021,0.3333333333333333,0.4966307277628032
shape,6_10,streaky,VGG16,full_model,5,0.6819407008086253,0.3333333333333333,0.522911051212938
shape,6_10,streaky,VGG16,full_model,6,0.6590296495956873,0.3333333333333333,0.488544474393531
shape,6_10,streaky,VGG16,full_model,7,0.6873315363881402,0.3333333333333333,0.5309973045822102
shape,6_10,streaky,VGG16,full_model,8,0.6752021563342318,0.3333333333333333,0.5128032345013476
shape,6_10,streaky,VGG16,full_model,9,0.6576819407008087,0.3333333333333333,0.486522911051213
shape,6_10,streaky,VGG16,full_model,10,0.6644204851752021,0.3333333333333333,0.4966307277628032
shape,6_10,streaky,VGG16,head_model,1,0.6415094339622641,0.3333333333333333,0.4622641509433962
shape,6_10,streaky,VGG16,head_model,2,0.6307277628032345,0.3333333333333333,0.44609164420485176
shape,6_10,streaky,VGG16,head_model,3,0.6226415094339622,0.3333333333333333,0.43396226415094336
shape,6_10,streaky,VGG16,head_model,4,0.5606469002695418,0.3333333333333333,0.34097035040431267
shape,6_10,streaky,VGG16,head_model,5,0.6307277628032345,0.3333333333333333,0.44609164420485176
shape,6_10,streaky,VGG16,head_model,6,0.6442048517520216,0.3333333333333333,0.46630727762803237
shape,6_10,streaky,VGG16,head_model,7,0.6455525606469003,0.3333333333333333,0.4683288409703504
shape,6_10,streaky,VGG16,head_model,8,0.6293800539083558,0.3333333333333333,0.44407008086253374
shape,6_10,streaky,VGG16,head_model,9,0.5498652291105122,0.3333333333333333,0.32479784366576825
shape,6_10,streaky,VGG16,head_model,10,0.628032345013477,0.3333333333333333,0.44204851752021557
shape,6_10,streaky,VGG19,full_model,1,0.6819407008086253,0.3333333333333333,0.522911051212938
shape,6_10,streaky,VGG19,full_model,2,0.6657681940700808,0.3333333333333333,0.4986522911051212
shape,6_10,streaky,VGG19,full_model,3,0.6159029649595688,0.3333333333333333,0.42385444743935313
shape,6_10,streaky,VGG19,full_model,4,0.6940700808625337,0.3333333333333333,0.5411051212938006
shape,6_10,streaky,VGG19,full_model,5,0.6886792452830188,0.3333333333333333,0.5330188679245282
shape,6_10,streaky,VGG19,full_model,6,0.6630727762803235,0.3333333333333333,0.4946091644204852
shape,6_10,streaky,VGG19,full_model,7,0.6846361185983828,0.3333333333333333,0.5269541778975741
shape,6_10,streaky,VGG19,full_model,8,0.6469002695417789,0.3333333333333333,0.4703504043126684
shape,6_10,streaky,VGG19,full_model,9,0.6792452830188679,0.3333333333333333,0.5188679245283018
shape,6_10,streaky,VGG19,full_model,10,0.6711590296495957,0.3333333333333333,0.5067385444743936
shape,6_10,streaky,VGG19,head_model,1,0.6698113207547169,0.3333333333333333,0.5047169811320754
shape,6_10,streaky,VGG19,head_model,2,0.6401617250673854,0.3333333333333333,0.46024258760107817
shape,6_10,streaky,VGG19,head_model,3,0.6805929919137467,0.3333333333333333,0.52088948787062
shape,6_10,streaky,VGG19,head_model,4,0.6320754716981132,0.3333333333333333,0.44811320754716977
shape,6_10,streaky,VGG19,head_model,5,0.6805929919137467,0.3333333333333333,0.52088948787062
shape,6_10,streaky,VGG19,head_model,6,0.6590296495956873,0.3333333333333333,0.488544474393531
shape,6_10,streaky,VGG19,head_model,7,0.6859838274932615,0.3333333333333333,0.5289757412398922
shape,6_10,streaky,VGG19,head_model,8,0.6873315363881402,0.3333333333333333,0.5309973045822102
shape,6_10,streaky,VGG19,head_model,9,0.6024258760107817,0.3333333333333333,0.4036388140161725
shape,6_10,streaky,VGG19,head_model,10,0.6725067385444744,0.3333333333333333,0.5087601078167115
shape,6_10,streaky,ViT Base,full_model,1,0.9838274932614556,0.3333333333333333,0.9757412398921832
shape,6_10,streaky,ViT Base,full_model,2,0.967654986522911,0.3333333333333333,0.9514824797843664
shape,6_10,streaky,ViT Base,full_model,3,0.9811320754716981,0.3333333333333333,0.9716981132075472
shape,6_10,streaky,ViT Base,full_model,4,0.9703504043126685,0.3333333333333333,0.9555256064690028
shape,6_10,streaky,ViT Base,full_model,5,0.9986522911051213,0.3333333333333333,0.9979784366576818
shape,6_10,streaky,ViT Base,full_model,6,0.9932614555256065,0.3333333333333333,0.9898921832884098
shape,6_10,streaky,ViT Base,full_model,7,0.9420485175202157,0.3333333333333333,0.9130727762803234
shape,6_10,streaky,ViT Base,full_model,8,0.9649595687331537,0.3333333333333333,0.9474393530997304
shape,6_10,streaky,ViT Base,full_model,9,0.9703504043126685,0.3333333333333333,0.9555256064690028
shape,6_10,streaky,ViT Base,full_model,10,0.9393530997304582,0.3333333333333333,0.9090296495956873
shape,6_10,streaky,ViT Base,head_model,1,0.8544474393530997,0.3333333333333333,0.7816711590296495
shape,6_10,streaky,ViT Base,head_model,2,0.8598382749326146,0.3333333333333333,0.7897574123989218
shape,6_10,streaky,ViT Base,head_model,3,0.761455525606469,0.3333333333333333,0.6421832884097035
shape,6_10,streaky,ViT Base,head_model,4,0.8517520215633423,0.3333333333333333,0.7776280323450134
shape,6_10,streaky,ViT Base,head_model,5,0.8584905660377359,0.3333333333333333,0.7877358490566037
shape,6_10,streaky,ViT Base,head_model,6,0.8288409703504043,0.3333333333333333,0.7432614555256064
shape,6_10,streaky,ViT Base,head_model,7,0.7776280323450134,0.3333333333333333,0.6664420485175201
shape,6_10,streaky,ViT Base,head_model,8,0.8140161725067385,0.3333333333333333,0.7210242587601078
shape,6_10,streaky,ViT Base,head_model,9,0.8032345013477089,0.3333333333333333,0.7048517520215634
shape,6_10,streaky,ViT Base,head_model,10,0.8207547169811321,0.3333333333333333,0.7311320754716981
shape,6_10,streaky,ViT Large,full_model,1,0.9919137466307277,0.3333333333333333,0.9878706199460916
shape,6_10,streaky,ViT Large,full_model,2,0.977088948787062,0.3333333333333333,0.965633423180593
shape,6_10,streaky,ViT Large,full_model,3,0.9851752021563343,0.3333333333333333,0.9777628032345014
shape,6_10,streaky,ViT Large,full_model,4,0.9487870619946092,0.3333333333333333,0.9231805929919136
shape,6_10,streaky,ViT Large,full_model,5,0.9797843665768194,0.3333333333333333,0.969676549865229
shape,6_10,streaky,ViT Large,full_model,6,0.9407008086253369,0.3333333333333333,0.9110512129380052
shape,6_10,streaky,ViT Large,full_model,7,0.9690026954177897,0.3333333333333333,0.9535040431266846
shape,6_10,streaky,ViT Large,full_model,8,0.9905660377358491,0.3333333333333333,0.9858490566037734
shape,6_10,streaky,ViT Large,full_model,9,0.9582210242587601,0.3333333333333333,0.9373315363881402
shape,6_10,streaky,ViT Large,full_model,10,0.9636118598382749,0.3333333333333333,0.9454177897574122
shape,6_10,streaky,ViT Large,head_model,1,0.8611859838274932,0.3333333333333333,0.7917789757412397
shape,6_10,streaky,ViT Large,head_model,2,0.8504043126684636,0.3333333333333333,0.7756064690026953
shape,6_10,streaky,ViT Large,head_model,3,0.8288409703504043,0.3333333333333333,0.7432614555256064
shape,6_10,streaky,ViT Large,head_model,4,0.8059299191374663,0.3333333333333333,0.7088948787061994
shape,6_10,streaky,ViT Large,head_model,5,0.7911051212938005,0.3333333333333333,0.6866576819407008
shape,6_10,streaky,ViT Large,head_model,6,0.8652291105121294,0.3333333333333333,0.7978436657681939
shape,6_10,streaky,ViT Large,head_model,7,0.8315363881401617,0.3333333333333333,0.7473045822102425
shape,6_10,streaky,ViT Large,head_model,8,0.8477088948787062,0.3333333333333333,0.7715633423180592
shape,6_10,streaky,ViT Large,head_model,9,0.8018867924528302,0.3333333333333333,0.7028301886792453
shape,6_10,streaky,ViT Large,head_model,10,0.8086253369272237,0.3333333333333333,0.7129380053908355
shape,6_10,streaky,ViT Small,full_model,1,0.9609164420485176,0.3333333333333333,0.9413746630727762
shape,6_10,streaky,ViT Small,full_model,2,0.9420485175202157,0.3333333333333333,0.9130727762803234
shape,6_10,streaky,ViT Small,full_model,3,0.9407008086253369,0.3333333333333333,0.9110512129380052
shape,6_10,streaky,ViT Small,full_model,4,0.9285714285714286,0.3333333333333333,0.8928571428571429
shape,6_10,streaky,ViT Small,full_model,5,0.9204851752021563,0.3333333333333333,0.8807277628032345
shape,6_10,streaky,ViT Small,full_model,6,0.9110512129380054,0.3333333333333333,0.8665768194070079
shape,6_10,streaky,ViT Small,full_model,7,0.9528301886792453,0.3333333333333333,0.9292452830188678
shape,6_10,streaky,ViT Small,full_model,8,0.9339622641509434,0.3333333333333333,0.900943396226415
shape,6_10,streaky,ViT Small,full_model,9,0.9393530997304582,0.3333333333333333,0.9090296495956873
shape,6_10,streaky,ViT Small,full_model,10,0.9649595687331537,0.3333333333333333,0.9474393530997304
shape,6_10,streaky,ViT Small,head_model,1,0.7681940700808625,0.3333333333333333,0.6522911051212937
shape,6_10,streaky,ViT Small,head_model,2,0.889487870619946,0.3333333333333333,0.8342318059299191
shape,6_10,streaky,ViT Small,head_model,3,0.8598382749326146,0.3333333333333333,0.7897574123989218
shape,6_10,streaky,ViT Small,head_model,4,0.7681940700808625,0.3333333333333333,0.6522911051212937
shape,6_10,streaky,ViT Small,head_model,5,0.8234501347708895,0.3333333333333333,0.7351752021563341
shape,6_10,streaky,ViT Small,head_model,6,0.8126684636118598,0.3333333333333333,0.7190026954177897
shape,6_10,streaky,ViT Small,head_model,7,0.7978436657681941,0.3333333333333333,0.6967654986522911
shape,6_10,streaky,ViT Small,head_model,8,0.8652291105121294,0.3333333333333333,0.7978436657681939
shape,6_10,streaky,ViT Small,head_model,9,0.8692722371967655,0.3333333333333333,0.8039083557951481
shape,6_10,streaky,ViT Small,head_model,10,0.7560646900269542,0.3333333333333333,0.6340970350404312
shape,6_15,pointy,ConvNeXt Base,full_model,1,0.9986376021798365,0.3333333333333333,0.9979564032697547
shape,6_15,pointy,ConvNeXt Base,full_model,2,0.9850136239782016,0.3333333333333333,0.9775204359673022
shape,6_15,pointy,ConvNeXt Base,full_model,3,0.9986376021798365,0.3333333333333333,0.9979564032697547
shape,6_15,pointy,ConvNeXt Base,full_model,4,1.0,0.3333333333333333,1.0
shape,6_15,pointy,ConvNeXt Base,full_model,5,0.9959128065395095,0.3333333333333333,0.9938692098092643
shape,6_15,pointy,ConvNeXt Base,full_model,6,0.9986376021798365,0.3333333333333333,0.9979564032697547
shape,6_15,pointy,ConvNeXt Base,full_model,7,1.0,0.3333333333333333,1.0
shape,6_15,pointy,ConvNeXt Base,full_model,8,0.9986376021798365,0.3333333333333333,0.9979564032697547
shape,6_15,pointy,ConvNeXt Base,full_model,9,1.0,0.3333333333333333,1.0
shape,6_15,pointy,ConvNeXt Base,full_model,10,0.9986376021798365,0.3333333333333333,0.9979564032697547
shape,6_15,pointy,ConvNeXt Base,head_model,1,0.9686648501362398,0.3333333333333333,0.9529972752043597
shape,6_15,pointy,ConvNeXt Base,head_model,2,0.9604904632152589,0.3333333333333333,0.9407356948228883
shape,6_15,pointy,ConvNeXt Base,head_model,3,0.9673024523160763,0.3333333333333333,0.9509536784741144
shape,6_15,pointy,ConvNeXt Base,head_model,4,0.9386920980926431,0.3333333333333333,0.9080381471389645
shape,6_15,pointy,ConvNeXt Base,head_model,5,0.9400544959128065,0.3333333333333333,0.9100817438692098
shape,6_15,pointy,ConvNeXt Base,head_model,6,0.946866485013624,0.3333333333333333,0.9202997275204359
shape,6_15,pointy,ConvNeXt Base,head_model,7,0.9427792915531336,0.3333333333333333,0.9141689373297002
shape,6_15,pointy,ConvNeXt Base,head_model,8,0.9427792915531336,0.3333333333333333,0.9141689373297002
shape,6_15,pointy,ConvNeXt Base,head_model,9,0.946866485013624,0.3333333333333333,0.9202997275204359
shape,6_15,pointy,ConvNeXt Base,head_model,10,0.9645776566757494,0.3333333333333333,0.946866485013624
shape,6_15,pointy,ConvNeXt Large,full_model,1,0.997275204359673,0.3333333333333333,0.9959128065395093
shape,6_15,pointy,ConvNeXt Large,full_model,2,0.997275204359673,0.3333333333333333,0.9959128065395093
shape,6_15,pointy,ConvNeXt Large,full_model,3,0.997275204359673,0.3333333333333333,0.9959128065395093
shape,6_15,pointy,ConvNeXt Large,full_model,4,0.9945504087193461,0.3333333333333333,0.991825613079019
shape,6_15,pointy,ConvNeXt Large,full_model,5,1.0,0.3333333333333333,1.0
shape,6_15,pointy,ConvNeXt Large,full_model,6,1.0,0.3333333333333333,1.0
shape,6_15,pointy,ConvNeXt Large,full_model,7,0.997275204359673,0.3333333333333333,0.9959128065395093
shape,6_15,pointy,ConvNeXt Large,full_model,8,0.9931880108991825,0.3333333333333333,0.9897820163487736
shape,6_15,pointy,ConvNeXt Large,full_model,9,0.9959128065395095,0.3333333333333333,0.9938692098092643
shape,6_15,pointy,ConvNeXt Large,full_model,10,0.9931880108991825,0.3333333333333333,0.9897820163487736
shape,6_15,pointy,ConvNeXt Large,head_model,1,0.9591280653950953,0.3333333333333333,0.938692098092643
shape,6_15,pointy,ConvNeXt Large,head_model,2,0.9727520435967303,0.3333333333333333,0.9591280653950954
shape,6_15,pointy,ConvNeXt Large,head_model,3,0.9550408719346049,0.3333333333333333,0.9325613079019073
shape,6_15,pointy,ConvNeXt Large,head_model,4,0.9673024523160763,0.3333333333333333,0.9509536784741144
shape,6_15,pointy,ConvNeXt Large,head_model,5,0.9400544959128065,0.3333333333333333,0.9100817438692098
shape,6_15,pointy,ConvNeXt Large,head_model,6,0.952316076294278,0.3333333333333333,0.9284741144414169
shape,6_15,pointy,ConvNeXt Large,head_model,7,0.9591280653950953,0.3333333333333333,0.938692098092643
shape,6_15,pointy,ConvNeXt Large,head_model,8,0.9754768392370572,0.3333333333333333,0.9632152588555858
shape,6_15,pointy,ConvNeXt Large,head_model,9,0.9509536784741145,0.3333333333333333,0.9264305177111716
shape,6_15,pointy,ConvNeXt Large,head_model,10,0.9536784741144414,0.3333333333333333,0.9305177111716619
shape,6_15,pointy,ConvNeXt Small,full_model,1,1.0,0.3333333333333333,1.0
shape,6_15,pointy,ConvNeXt Small,full_model,2,1.0,0.3333333333333333,1.0
shape,6_15,pointy,ConvNeXt Small,full_model,3,1.0,0.3333333333333333,1.0
shape,6_15,pointy,ConvNeXt Small,full_model,4,1.0,0.3333333333333333,1.0
shape,6_15,pointy,ConvNeXt Small,full_model,5,1.0,0.3333333333333333,1.0
shape,6_15,pointy,ConvNeXt Small,full_model,6,0.997275204359673,0.3333333333333333,0.9959128065395093
shape,6_15,pointy,ConvNeXt Small,full_model,7,1.0,0.3333333333333333,1.0
shape,6_15,pointy,ConvNeXt Small,full_model,8,1.0,0.3333333333333333,1.0
shape,6_15,pointy,ConvNeXt Small,full_model,9,1.0,0.3333333333333333,1.0
shape,6_15,pointy,ConvNeXt Small,full_model,10,1.0,0.3333333333333333,1.0
shape,6_15,pointy,ConvNeXt Small,head_model,1,0.9536784741144414,0.3333333333333333,0.9305177111716619
shape,6_15,pointy,ConvNeXt Small,head_model,2,0.9645776566757494,0.3333333333333333,0.946866485013624
shape,6_15,pointy,ConvNeXt Small,head_model,3,0.9536784741144414,0.3333333333333333,0.9305177111716619
shape,6_15,pointy,ConvNeXt Small,head_model,4,0.952316076294278,0.3333333333333333,0.9284741144414169
shape,6_15,pointy,ConvNeXt Small,head_model,5,0.9495912806539509,0.3333333333333333,0.9243869209809262
shape,6_15,pointy,ConvNeXt Small,head_model,6,0.9550408719346049,0.3333333333333333,0.9325613079019073
shape,6_15,pointy,ConvNeXt Small,head_model,7,0.9618528610354223,0.3333333333333333,0.9427792915531333
shape,6_15,pointy,ConvNeXt Small,head_model,8,0.9618528610354223,0.3333333333333333,0.9427792915531333
shape,6_15,pointy,ConvNeXt Small,head_model,9,0.9277929155313351,0.3333333333333333,0.8916893732970027
shape,6_15,pointy,ConvNeXt Small,head_model,10,0.9536784741144414,0.3333333333333333,0.9305177111716619
shape,6_15,pointy,ConvNeXt Tiny,full_model,1,1.0,0.3333333333333333,1.0
shape,6_15,pointy,ConvNeXt Tiny,full_model,2,1.0,0.3333333333333333,1.0
shape,6_15,pointy,ConvNeXt Tiny,full_model,3,1.0,0.3333333333333333,1.0
shape,6_15,pointy,ConvNeXt Tiny,full_model,4,0.9986376021798365,0.3333333333333333,0.9979564032697547
shape,6_15,pointy,ConvNeXt Tiny,full_model,5,1.0,0.3333333333333333,1.0
shape,6_15,pointy,ConvNeXt Tiny,full_model,6,0.997275204359673,0.3333333333333333,0.9959128065395093
shape,6_15,pointy,ConvNeXt Tiny,full_model,7,1.0,0.3333333333333333,1.0
shape,6_15,pointy,ConvNeXt Tiny,full_model,8,1.0,0.3333333333333333,1.0
shape,6_15,pointy,ConvNeXt Tiny,full_model,9,1.0,0.3333333333333333,1.0
shape,6_15,pointy,ConvNeXt Tiny,full_model,10,0.9959128065395095,0.3333333333333333,0.9938692098092643
shape,6_15,pointy,ConvNeXt Tiny,head_model,1,0.9237057220708447,0.3333333333333333,0.885558583106267
shape,6_15,pointy,ConvNeXt Tiny,head_model,2,0.9359673024523161,0.3333333333333333,0.9039509536784741
shape,6_15,pointy,ConvNeXt Tiny,head_model,3,0.9264305177111717,0.3333333333333333,0.8896457765667574
shape,6_15,pointy,ConvNeXt Tiny,head_model,4,0.9223433242506812,0.3333333333333333,0.8835149863760217
shape,6_15,pointy,ConvNeXt Tiny,head_model,5,0.9141689373297003,0.3333333333333333,0.8712534059945503
shape,6_15,pointy,ConvNeXt Tiny,head_model,6,0.8978201634877384,0.3333333333333333,0.8467302452316074
shape,6_15,pointy,ConvNeXt Tiny,head_model,7,0.9196185286103542,0.3333333333333333,0.8794277929155313
shape,6_15,pointy,ConvNeXt Tiny,head_model,8,0.9223433242506812,0.3333333333333333,0.8835149863760217
shape,6_15,pointy,ConvNeXt Tiny,head_model,9,0.8991825613079019,0.3333333333333333,0.8487738419618528
shape,6_15,pointy,ConvNeXt Tiny,head_model,10,0.9359673024523161,0.3333333333333333,0.9039509536784741
shape,6_15,pointy,DINOv3 ViT Base,full_model,1,0.9918256130790191,0.3333333333333333,0.9877384196185286
shape,6_15,pointy,DINOv3 ViT Base,full_model,2,0.3651226158038147,0.3333333333333333,0.0476839237057221
shape,6_15,pointy,DINOv3 ViT Base,full_model,3,0.997275204359673,0.3333333333333333,0.9959128065395093
shape,6_15,pointy,DINOv3 ViT Base,full_model,4,0.9918256130790191,0.3333333333333333,0.9877384196185286
shape,6_15,pointy,DINOv3 ViT Base,full_model,5,0.9741144414168937,0.3333333333333333,0.9611716621253404
shape,6_15,pointy,DINOv3 ViT Base,full_model,6,1.0,0.3333333333333333,1.0
shape,6_15,pointy,DINOv3 ViT Base,full_model,7,0.9741144414168937,0.3333333333333333,0.9611716621253404
shape,6_15,pointy,DINOv3 ViT Base,full_model,8,0.9686648501362398,0.3333333333333333,0.9529972752043597
shape,6_15,pointy,DINOv3 ViT Base,full_model,9,0.9877384196185286,0.3333333333333333,0.9816076294277929
shape,6_15,pointy,DINOv3 ViT Base,full_model,10,0.997275204359673,0.3333333333333333,0.9959128065395093
shape,6_15,pointy,DINOv3 ViT Base,head_model,1,0.9455040871934605,0.3333333333333333,0.9182561307901905
shape,6_15,pointy,DINOv3 ViT Base,head_model,2,0.8705722070844687,0.3333333333333333,0.8058583106267029
shape,6_15,pointy,DINOv3 ViT Base,head_model,3,0.9713896457765667,0.3333333333333333,0.9570844686648501
shape,6_15,pointy,DINOv3 ViT Base,head_model,4,0.944141689373297,0.3333333333333333,0.9162125340599455
shape,6_15,pointy,DINOv3 ViT Base,head_model,5,0.8583106267029973,0.3333333333333333,0.7874659400544958
shape,6_15,pointy,DINOv3 ViT Base,head_model,6,0.9427792915531336,0.3333333333333333,0.9141689373297002
shape,6_15,pointy,DINOv3 ViT Base,head_model,7,0.7343324250681199,0.3333333333333333,0.6014986376021798
shape,6_15,pointy,DINOv3 ViT Base,head_model,8,0.8256130790190735,0.3333333333333333,0.7384196185286103
shape,6_15,pointy,DINOv3 ViT Base,head_model,9,0.9128065395095368,0.3333333333333333,0.8692098092643052
shape,6_15,pointy,DINOv3 ViT Base,head_model,10,0.9196185286103542,0.3333333333333333,0.8794277929155313
shape,6_15,pointy,ResNet18,full_model,1,0.5858310626702997,0.3333333333333333,0.3787465940054496
shape,6_15,pointy,ResNet18,full_model,2,0.5708446866485014,0.3333333333333333,0.3562670299727521
shape,6_15,pointy,ResNet18,full_model,3,0.5708446866485014,0.3333333333333333,0.3562670299727521
shape,6_15,pointy,ResNet18,full_model,4,0.5735694822888283,0.3333333333333333,0.36035422343324247
shape,6_15,pointy,ResNet18,full_model,5,0.5790190735694822,0.3333333333333333,0.36852861035422335
shape,6_15,pointy,ResNet18,full_model,6,0.6049046321525886,0.3333333333333333,0.4073569482288829
shape,6_15,pointy,ResNet18,full_model,7,0.555858310626703,0.3333333333333333,0.3337874659400545
shape,6_15,pointy,ResNet18,full_model,8,0.5435967302452316,0.3333333333333333,0.3153950953678474
shape,6_15,pointy,ResNet18,full_model,9,0.5640326975476839,0.3333333333333333,0.3460490463215259
shape,6_15,pointy,ResNet18,full_model,10,0.6021798365122616,0.3333333333333333,0.4032697547683924
shape,6_15,pointy,ResNet18,head_model,1,0.7888283378746594,0.3333333333333333,0.6832425068119892
shape,6_15,pointy,ResNet18,head_model,2,0.7915531335149864,0.3333333333333333,0.6873297002724795
shape,6_15,pointy,ResNet18,head_model,3,0.7942779291553134,0.3333333333333333,0.69141689373297
shape,6_15,pointy,ResNet18,head_model,4,0.7833787465940054,0.3333333333333333,0.6750681198910081
shape,6_15,pointy,ResNet18,head_model,5,0.784741144414169,0.3333333333333333,0.6771117166212535
shape,6_15,pointy,ResNet18,head_model,6,0.7697547683923706,0.3333333333333333,0.6546321525885558
shape,6_15,pointy,ResNet18,head_model,7,0.7752043596730245,0.3333333333333333,0.6628065395095367
shape,6_15,pointy,ResNet18,head_model,8,0.776566757493188,0.3333333333333333,0.6648501362397821
shape,6_15,pointy,ResNet18,head_model,9,0.7506811989100818,0.3333333333333333,0.6260217983651226
shape,6_15,pointy,ResNet18,head_model,10,0.7697547683923706,0.3333333333333333,0.6546321525885558
shape,6_15,pointy,ResNet50,full_model,1,0.5136239782016349,0.3333333333333333,0.2704359673024523
shape,6_15,pointy,ResNet50,full_model,2,0.5204359673024523,0.3333333333333333,0.2806539509536785
shape,6_15,pointy,ResNet50,full_model,3,0.4904632152588556,0.3333333333333333,0.23569482288828342
shape,6_15,pointy,ResNet50,full_model,4,0.49591280653950953,0.3333333333333333,0.2438692098092643
shape,6_15,pointy,ResNet50,full_model,5,0.49318801089918257,0.3333333333333333,0.23978201634877386
shape,6_15,pointy,ResNet50,full_model,6,0.4822888283378747,0.3333333333333333,0.223433242506812
shape,6_15,pointy,ResNet50,full_model,7,0.49318801089918257,0.3333333333333333,0.23978201634877386
shape,6_15,pointy,ResNet50,full_model,8,0.4877384196185286,0.3333333333333333,0.2316076294277929
shape,6_15,pointy,ResNet50,full_model,9,0.5,0.3333333333333333,0.25
shape,6_15,pointy,ResNet50,full_model,10,0.48637602179836514,0.3333333333333333,0.22956403269754772
shape,6_15,pointy,ResNet50,head_model,1,0.8269754768392371,0.3333333333333333,0.7404632152588556
shape,6_15,pointy,ResNet50,head_model,2,0.832425068119891,0.3333333333333333,0.7486376021798365
shape,6_15,pointy,ResNet50,head_model,3,0.832425068119891,0.3333333333333333,0.7486376021798365
shape,6_15,pointy,ResNet50,head_model,4,0.8310626702997275,0.3333333333333333,0.7465940054495912
shape,6_15,pointy,ResNet50,head_model,5,0.8283378746594006,0.3333333333333333,0.7425068119891008
shape,6_15,pointy,ResNet50,head_model,6,0.8269754768392371,0.3333333333333333,0.7404632152588556
shape,6_15,pointy,ResNet50,head_model,7,0.829700272479564,0.3333333333333333,0.744550408719346
shape,6_15,pointy,ResNet50,head_model,8,0.829700272479564,0.3333333333333333,0.744550408719346
shape,6_15,pointy,ResNet50,head_model,9,0.8215258855585831,0.3333333333333333,0.7322888283378746
shape,6_15,pointy,ResNet50,head_model,10,0.8256130790190735,0.3333333333333333,0.7384196185286103
shape,6_15,pointy,VGG11,full_model,1,0.8569482288828338,0.3333333333333333,0.7854223433242508
shape,6_15,pointy,VGG11,full_model,2,0.8583106267029973,0.3333333333333333,0.7874659400544958
shape,6_15,pointy,VGG11,full_model,3,0.8092643051771117,0.3333333333333333,0.7138964577656675
shape,6_15,pointy,VGG11,full_model,4,0.7833787465940054,0.3333333333333333,0.6750681198910081
shape,6_15,pointy,VGG11,full_model,5,0.8365122615803815,0.3333333333333333,0.7547683923705722
shape,6_15,pointy,VGG11,full_model,6,0.8446866485013624,0.3333333333333333,0.7670299727520437
shape,6_15,pointy,VGG11,full_model,7,0.8310626702997275,0.3333333333333333,0.7465940054495912
shape,6_15,pointy,VGG11,full_model,8,0.8514986376021798,0.3333333333333333,0.7772479564032697
shape,6_15,pointy,VGG11,full_model,9,0.8242506811989101,0.3333333333333333,0.7363760217983651
shape,6_15,pointy,VGG11,full_model,10,0.8283378746594006,0.3333333333333333,0.7425068119891008
shape,6_15,pointy,VGG11,head_model,1,0.8569482288828338,0.3333333333333333,0.7854223433242508
shape,6_15,pointy,VGG11,head_model,2,0.8569482288828338,0.3333333333333333,0.7854223433242508
shape,6_15,pointy,VGG11,head_model,3,0.8528610354223434,0.3333333333333333,0.7792915531335151
shape,6_15,pointy,VGG11,head_model,4,0.8678474114441417,0.3333333333333333,0.8017711171662125
shape,6_15,pointy,VGG11,head_model,5,0.832425068119891,0.3333333333333333,0.7486376021798365
shape,6_15,pointy,VGG11,head_model,6,0.8596730245231607,0.3333333333333333,0.7895095367847411
shape,6_15,pointy,VGG11,head_model,7,0.8528610354223434,0.3333333333333333,0.7792915531335151
shape,6_15,pointy,VGG11,head_model,8,0.8583106267029973,0.3333333333333333,0.7874659400544958
shape,6_15,pointy,VGG11,head_model,9,0.7888283378746594,0.3333333333333333,0.6832425068119892
shape,6_15,pointy,VGG11,head_model,10,0.8337874659400545,0.3333333333333333,0.7506811989100816
shape,6_15,pointy,VGG13,full_model,1,0.837874659400545,0.3333333333333333,0.7568119891008173
shape,6_15,pointy,VGG13,full_model,2,0.8310626702997275,0.3333333333333333,0.7465940054495912
shape,6_15,pointy,VGG13,full_model,3,0.8310626702997275,0.3333333333333333,0.7465940054495912
shape,6_15,pointy,VGG13,full_model,4,0.8474114441416893,0.3333333333333333,0.771117166212534
shape,6_15,pointy,VGG13,full_model,5,0.8215258855585831,0.3333333333333333,0.7322888283378746
shape,6_15,pointy,VGG13,full_model,6,0.8160762942779292,0.3333333333333333,0.7241144414168937
shape,6_15,pointy,VGG13,full_model,7,0.8501362397820164,0.3333333333333333,0.7752043596730244
shape,6_15,pointy,VGG13,full_model,8,0.8583106267029973,0.3333333333333333,0.7874659400544958
shape,6_15,pointy,VGG13,full_model,9,0.8664850136239782,0.3333333333333333,0.7997275204359672
shape,6_15,pointy,VGG13,full_model,10,0.8351498637602179,0.3333333333333333,0.7527247956403269
shape,6_15,pointy,VGG13,head_model,1,0.829700272479564,0.3333333333333333,0.744550408719346
shape,6_15,pointy,VGG13,head_model,2,0.8474114441416893,0.3333333333333333,0.771117166212534
shape,6_15,pointy,VGG13,head_model,3,0.8051771117166212,0.3333333333333333,0.7077656675749318
shape,6_15,pointy,VGG13,head_model,4,0.8201634877384196,0.3333333333333333,0.7302452316076294
shape,6_15,pointy,VGG13,head_model,5,0.8433242506811989,0.3333333333333333,0.7649863760217983
shape,6_15,pointy,VGG13,head_model,6,0.8160762942779292,0.3333333333333333,0.7241144414168937
shape,6_15,pointy,VGG13,head_model,7,0.8365122615803815,0.3333333333333333,0.7547683923705722
shape,6_15,pointy,VGG13,head_model,8,0.8419618528610354,0.3333333333333333,0.762942779291553
shape,6_15,pointy,VGG13,head_model,9,0.7370572207084468,0.3333333333333333,0.6055858310626702
shape,6_15,pointy,VGG13,head_model,10,0.832425068119891,0.3333333333333333,0.7486376021798365
shape,6_15,pointy,VGG16,full_model,1,0.776566757493188,0.3333333333333333,0.6648501362397821
shape,6_15,pointy,VGG16,full_model,2,0.7833787465940054,0.3333333333333333,0.6750681198910081
shape,6_15,pointy,VGG16,full_model,3,0.7942779291553134,0.3333333333333333,0.69141689373297
shape,6_15,pointy,VGG16,full_model,4,0.7534059945504087,0.3333333333333333,0.630108991825613
shape,6_15,pointy,VGG16,full_model,5,0.776566757493188,0.3333333333333333,0.6648501362397821
shape,6_15,pointy,VGG16,full_model,6,0.7656675749318801,0.3333333333333333,0.6485013623978201
shape,6_15,pointy,VGG16,full_model,7,0.7997275204359673,0.3333333333333333,0.6995912806539509
shape,6_15,pointy,VGG16,full_model,8,0.7452316076294278,0.3333333333333333,0.6178474114441416
shape,6_15,pointy,VGG16,full_model,9,0.7697547683923706,0.3333333333333333,0.6546321525885558
shape,6_15,pointy,VGG16,full_model,10,0.773841961852861,0.3333333333333333,0.6607629427792915
shape,6_15,pointy,VGG16,head_model,1,0.8310626702997275,0.3333333333333333,0.7465940054495912
shape,6_15,pointy,VGG16,head_model,2,0.8365122615803815,0.3333333333333333,0.7547683923705722
shape,6_15,pointy,VGG16,head_model,3,0.7929155313351499,0.3333333333333333,0.6893732970027249
shape,6_15,pointy,VGG16,head_model,4,0.829700272479564,0.3333333333333333,0.744550408719346
shape,6_15,pointy,VGG16,head_model,5,0.840599455040872,0.3333333333333333,0.760899182561308
shape,6_15,pointy,VGG16,head_model,6,0.8242506811989101,0.3333333333333333,0.7363760217983651
shape,6_15,pointy,VGG16,head_model,7,0.8392370572207084,0.3333333333333333,0.7588555858310626
shape,6_15,pointy,VGG16,head_model,8,0.8446866485013624,0.3333333333333333,0.7670299727520437
shape,6_15,pointy,VGG16,head_model,9,0.7752043596730245,0.3333333333333333,0.6628065395095367
shape,6_15,pointy,VGG16,head_model,10,0.8269754768392371,0.3333333333333333,0.7404632152588556
shape,6_15,pointy,VGG19,full_model,1,0.771117166212534,0.3333333333333333,0.656675749318801
shape,6_15,pointy,VGG19,full_model,2,0.7356948228882834,0.3333333333333333,0.603542234332425
shape,6_15,pointy,VGG19,full_model,3,0.6961852861035422,0.3333333333333333,0.5442779291553134
shape,6_15,pointy,VGG19,full_model,4,0.7411444141689373,0.3333333333333333,0.6117166212534059
shape,6_15,pointy,VGG19,full_model,5,0.7043596730245232,0.3333333333333333,0.5565395095367848
shape,6_15,pointy,VGG19,full_model,6,0.7138964577656676,0.3333333333333333,0.5708446866485013
shape,6_15,pointy,VGG19,full_model,7,0.7656675749318801,0.3333333333333333,0.6485013623978201
shape,6_15,pointy,VGG19,full_model,8,0.7275204359673024,0.3333333333333333,0.5912806539509536
shape,6_15,pointy,VGG19,full_model,9,0.7561307901907357,0.3333333333333333,0.6341961852861036
shape,6_15,pointy,VGG19,full_model,10,0.715258855585831,0.3333333333333333,0.5728882833787465
shape,6_15,pointy,VGG19,head_model,1,0.8569482288828338,0.3333333333333333,0.7854223433242508
shape,6_15,pointy,VGG19,head_model,2,0.8623978201634878,0.3333333333333333,0.7935967302452315
shape,6_15,pointy,VGG19,head_model,3,0.8542234332425068,0.3333333333333333,0.7813351498637601
shape,6_15,pointy,VGG19,head_model,4,0.8637602179836512,0.3333333333333333,0.7956403269754768
shape,6_15,pointy,VGG19,head_model,5,0.8555858310626703,0.3333333333333333,0.7833787465940054
shape,6_15,pointy,VGG19,head_model,6,0.8583106267029973,0.3333333333333333,0.7874659400544958
shape,6_15,pointy,VGG19,head_model,7,0.8569482288828338,0.3333333333333333,0.7854223433242508
shape,6_15,pointy,VGG19,head_model,8,0.8664850136239782,0.3333333333333333,0.7997275204359672
shape,6_15,pointy,VGG19,head_model,9,0.8133514986376021,0.3333333333333333,0.7200272479564032
shape,6_15,pointy,VGG19,head_model,10,0.8501362397820164,0.3333333333333333,0.7752043596730244
shape,6_15,pointy,ViT Base,full_model,1,1.0,0.3333333333333333,1.0
shape,6_15,pointy,ViT Base,full_model,2,1.0,0.3333333333333333,1.0
shape,6_15,pointy,ViT Base,full_model,3,0.9986376021798365,0.3333333333333333,0.9979564032697547
shape,6_15,pointy,ViT Base,full_model,4,0.9959128065395095,0.3333333333333333,0.9938692098092643
shape,6_15,pointy,ViT Base,full_model,5,0.9931880108991825,0.3333333333333333,0.9897820163487736
shape,6_15,pointy,ViT Base,full_model,6,0.9959128065395095,0.3333333333333333,0.9938692098092643
shape,6_15,pointy,ViT Base,full_model,7,0.9877384196185286,0.3333333333333333,0.9816076294277929
shape,6_15,pointy,ViT Base,full_model,8,1.0,0.3333333333333333,1.0
shape,6_15,pointy,ViT Base,full_model,9,1.0,0.3333333333333333,1.0
shape,6_15,pointy,ViT Base,full_model,10,0.9959128065395095,0.3333333333333333,0.9938692098092643
shape,6_15,pointy,ViT Base,head_model,1,0.8773841961852861,0.3333333333333333,0.8160762942779289
shape,6_15,pointy,ViT Base,head_model,2,0.7506811989100818,0.3333333333333333,0.6260217983651226
shape,6_15,pointy,ViT Base,head_model,3,0.9196185286103542,0.3333333333333333,0.8794277929155313
shape,6_15,pointy,ViT Base,head_model,4,0.9264305177111717,0.3333333333333333,0.8896457765667574
shape,6_15,pointy,ViT Base,head_model,5,0.8869209809264306,0.3333333333333333,0.8303814713896457
shape,6_15,pointy,ViT Base,head_model,6,0.9223433242506812,0.3333333333333333,0.8835149863760217
shape,6_15,pointy,ViT Base,head_model,7,0.8569482288828338,0.3333333333333333,0.7854223433242508
shape,6_15,pointy,ViT Base,head_model,8,0.9182561307901907,0.3333333333333333,0.877384196185286
shape,6_15,pointy,ViT Base,head_model,9,0.9032697547683923,0.3333333333333333,0.8549046321525885
shape,6_15,pointy,ViT Base,head_model,10,0.8678474114441417,0.3333333333333333,0.8017711171662125
shape,6_15,pointy,ViT Large,full_model,1,1.0,0.3333333333333333,1.0
shape,6_15,pointy,ViT Large,full_model,2,0.9809264305177112,0.3333333333333333,0.9713896457765668
shape,6_15,pointy,ViT Large,full_model,3,1.0,0.3333333333333333,1.0
shape,6_15,pointy,ViT Large,full_model,4,0.9986376021798365,0.3333333333333333,0.9979564032697547
shape,6_15,pointy,ViT Large,full_model,5,0.9986376021798365,0.3333333333333333,0.9979564032697547
shape,6_15,pointy,ViT Large,full_model,6,1.0,0.3333333333333333,1.0
shape,6_15,pointy,ViT Large,full_model,7,0.997275204359673,0.3333333333333333,0.9959128065395093
shape,6_15,pointy,ViT Large,full_model,8,0.9959128065395095,0.3333333333333333,0.9938692098092643
shape,6_15,pointy,ViT Large,full_model,9,1.0,0.3333333333333333,1.0
shape,6_15,pointy,ViT Large,full_model,10,0.9986376021798365,0.3333333333333333,0.9979564032697547
shape,6_15,pointy,ViT Large,head_model,1,0.9237057220708447,0.3333333333333333,0.885558583106267
shape,6_15,pointy,ViT Large,head_model,2,0.8569482288828338,0.3333333333333333,0.7854223433242508
shape,6_15,pointy,ViT Large,head_model,3,0.8773841961852861,0.3333333333333333,0.8160762942779289
shape,6_15,pointy,ViT Large,head_model,4,0.9073569482288828,0.3333333333333333,0.8610354223433242
shape,6_15,pointy,ViT Large,head_model,5,0.8746594005449592,0.3333333333333333,0.8119891008174386
shape,6_15,pointy,ViT Large,head_model,6,0.8569482288828338,0.3333333333333333,0.7854223433242508
shape,6_15,pointy,ViT Large,head_model,7,0.8269754768392371,0.3333333333333333,0.7404632152588556
shape,6_15,pointy,ViT Large,head_model,8,0.9250681198910081,0.3333333333333333,0.887602179836512
shape,6_15,pointy,ViT Large,head_model,9,0.8474114441416893,0.3333333333333333,0.771117166212534
shape,6_15,pointy,ViT Large,head_model,10,0.9209809264305178,0.3333333333333333,0.8814713896457766
shape,6_15,pointy,ViT Small,full_model,1,0.9904632152588556,0.3333333333333333,0.9856948228882833
shape,6_15,pointy,ViT Small,full_model,2,0.989100817438692,0.3333333333333333,0.9836512261580379
shape,6_15,pointy,ViT Small,full_model,3,0.9904632152588556,0.3333333333333333,0.9856948228882833
shape,6_15,pointy,ViT Small,full_model,4,0.9918256130790191,0.3333333333333333,0.9877384196185286
shape,6_15,pointy,ViT Small,full_model,5,0.9918256130790191,0.3333333333333333,0.9877384196185286
shape,6_15,pointy,ViT Small,full_model,6,0.9850136239782016,0.3333333333333333,0.9775204359673022
shape,6_15,pointy,ViT Small,full_model,7,0.9863760217983651,0.3333333333333333,0.9795640326975475
shape,6_15,pointy,ViT Small,full_model,8,0.9918256130790191,0.3333333333333333,0.9877384196185286
shape,6_15,pointy,ViT Small,full_model,9,0.9836512261580381,0.3333333333333333,0.9754768392370572
shape,6_15,pointy,ViT Small,full_model,10,0.9918256130790191,0.3333333333333333,0.9877384196185286
shape,6_15,pointy,ViT Small,head_model,1,0.885558583106267,0.3333333333333333,0.8283378746594003
shape,6_15,pointy,ViT Small,head_model,2,0.8910081743869209,0.3333333333333333,0.8365122615803814
shape,6_15,pointy,ViT Small,head_model,3,0.9155313351498637,0.3333333333333333,0.8732970027247956
shape,6_15,pointy,ViT Small,head_model,4,0.8487738419618529,0.3333333333333333,0.7731607629427794
shape,6_15,pointy,ViT Small,head_model,5,0.9059945504087193,0.3333333333333333,0.8589918256130789
shape,6_15,pointy,ViT Small,head_model,6,0.9168937329700273,0.3333333333333333,0.875340599455041
shape,6_15,pointy,ViT Small,head_model,7,0.8555858310626703,0.3333333333333333,0.7833787465940054
shape,6_15,pointy,ViT Small,head_model,8,0.9059945504087193,0.3333333333333333,0.8589918256130789
shape,6_15,pointy,ViT Small,head_model,9,0.9005449591280654,0.3333333333333333,0.8508174386920981
shape,6_15,pointy,ViT Small,head_model,10,0.8051771117166212,0.3333333333333333,0.7077656675749318
shape,6_15,streaky,ConvNeXt Base,full_model,1,1.0,0.3333333333333333,1.0
shape,6_15,streaky,ConvNeXt Base,full_model,2,0.98224043715847,0.3333333333333333,0.9733606557377048
shape,6_15,streaky,ConvNeXt Base,full_model,3,0.9972677595628415,0.3333333333333333,0.9959016393442621
shape,6_15,streaky,ConvNeXt Base,full_model,4,0.9904371584699454,0.3333333333333333,0.9856557377049181
shape,6_15,streaky,ConvNeXt Base,full_model,5,0.9849726775956285,0.3333333333333333,0.9774590163934427
shape,6_15,streaky,ConvNeXt Base,full_model,6,0.9754098360655737,0.3333333333333333,0.9631147540983604
shape,6_15,streaky,ConvNeXt Base,full_model,7,0.9849726775956285,0.3333333333333333,0.9774590163934427
shape,6_15,streaky,ConvNeXt Base,full_model,8,0.9986338797814208,0.3333333333333333,0.9979508196721311
shape,6_15,streaky,ConvNeXt Base,full_model,9,0.9808743169398907,0.3333333333333333,0.9713114754098359
shape,6_15,streaky,ConvNeXt Base,full_model,10,0.9863387978142076,0.3333333333333333,0.9795081967213113
shape,6_15,streaky,ConvNeXt Base,head_model,1,0.8661202185792349,0.3333333333333333,0.7991803278688524
shape,6_15,streaky,ConvNeXt Base,head_model,2,0.8743169398907104,0.3333333333333333,0.8114754098360654
shape,6_15,streaky,ConvNeXt Base,head_model,3,0.860655737704918,0.3333333333333333,0.790983606557377
shape,6_15,streaky,ConvNeXt Base,head_model,4,0.8756830601092896,0.3333333333333333,0.8135245901639343
shape,6_15,streaky,ConvNeXt Base,head_model,5,0.8456284153005464,0.3333333333333333,0.7684426229508197
shape,6_15,streaky,ConvNeXt Base,head_model,6,0.8620218579234973,0.3333333333333333,0.7930327868852459
shape,6_15,streaky,ConvNeXt Base,head_model,7,0.8661202185792349,0.3333333333333333,0.7991803278688524
shape,6_15,streaky,ConvNeXt Base,head_model,8,0.8702185792349727,0.3333333333333333,0.8053278688524589
shape,6_15,streaky,ConvNeXt Base,head_model,9,0.8319672131147541,0.3333333333333333,0.7479508196721311
shape,6_15,streaky,ConvNeXt Base,head_model,10,0.8292349726775956,0.3333333333333333,0.7438524590163934
shape,6_15,streaky,ConvNeXt Large,full_model,1,0.9986338797814208,0.3333333333333333,0.9979508196721311
shape,6_15,streaky,ConvNeXt Large,full_model,2,0.9904371584699454,0.3333333333333333,0.9856557377049181
shape,6_15,streaky,ConvNeXt Large,full_model,3,0.9931693989071039,0.3333333333333333,0.9897540983606556
shape,6_15,streaky,ConvNeXt Large,full_model,4,0.9726775956284153,0.3333333333333333,0.9590163934426229
shape,6_15,streaky,ConvNeXt Large,full_model,5,0.9918032786885246,0.3333333333333333,0.9877049180327867
shape,6_15,streaky,ConvNeXt Large,full_model,6,0.9918032786885246,0.3333333333333333,0.9877049180327867
shape,6_15,streaky,ConvNeXt Large,full_model,7,0.9726775956284153,0.3333333333333333,0.9590163934426229
shape,6_15,streaky,ConvNeXt Large,full_model,8,0.9931693989071039,0.3333333333333333,0.9897540983606556
shape,6_15,streaky,ConvNeXt Large,full_model,9,0.9836065573770492,0.3333333333333333,0.9754098360655737
shape,6_15,streaky,ConvNeXt Large,full_model,10,0.9904371584699454,0.3333333333333333,0.9856557377049181
shape,6_15,streaky,ConvNeXt Large,head_model,1,0.9043715846994536,0.3333333333333333,0.8565573770491803
shape,6_15,streaky,ConvNeXt Large,head_model,2,0.9166666666666666,0.3333333333333333,0.8749999999999998
shape,6_15,streaky,ConvNeXt Large,head_model,3,0.9098360655737705,0.3333333333333333,0.8647540983606558
shape,6_15,streaky,ConvNeXt Large,head_model,4,0.9098360655737705,0.3333333333333333,0.8647540983606558
shape,6_15,streaky,ConvNeXt Large,head_model,5,0.8989071038251366,0.3333333333333333,0.8483606557377049
shape,6_15,streaky,ConvNeXt Large,head_model,6,0.894808743169399,0.3333333333333333,0.8422131147540984
shape,6_15,streaky,ConvNeXt Large,head_model,7,0.9207650273224044,0.3333333333333333,0.8811475409836066
shape,6_15,streaky,ConvNeXt Large,head_model,8,0.9098360655737705,0.3333333333333333,0.8647540983606558
shape,6_15,streaky,ConvNeXt Large,head_model,9,0.889344262295082,0.3333333333333333,0.834016393442623
shape,6_15,streaky,ConvNeXt Large,head_model,10,0.8715846994535519,0.3333333333333333,0.8073770491803278
shape,6_15,streaky,ConvNeXt Small,full_model,1,0.9931693989071039,0.3333333333333333,0.9897540983606556
shape,6_15,streaky,ConvNeXt Small,full_model,2,0.9781420765027322,0.3333333333333333,0.9672131147540983
shape,6_15,streaky,ConvNeXt Small,full_model,3,0.9972677595628415,0.3333333333333333,0.9959016393442621
shape,6_15,streaky,ConvNeXt Small,full_model,4,0.9918032786885246,0.3333333333333333,0.9877049180327867
shape,6_15,streaky,ConvNeXt Small,full_model,5,0.9959016393442623,0.3333333333333333,0.9938524590163935
shape,6_15,streaky,ConvNeXt Small,full_model,6,0.9972677595628415,0.3333333333333333,0.9959016393442621
shape,6_15,streaky,ConvNeXt Small,full_model,7,0.9918032786885246,0.3333333333333333,0.9877049180327867
shape,6_15,streaky,ConvNeXt Small,full_model,8,0.994535519125683,0.3333333333333333,0.9918032786885246
shape,6_15,streaky,ConvNeXt Small,full_model,9,0.9918032786885246,0.3333333333333333,0.9877049180327867
shape,6_15,streaky,ConvNeXt Small,full_model,10,1.0,0.3333333333333333,1.0
shape,6_15,streaky,ConvNeXt Small,head_model,1,0.8784153005464481,0.3333333333333333,0.8176229508196722
shape,6_15,streaky,ConvNeXt Small,head_model,2,0.8756830601092896,0.3333333333333333,0.8135245901639343
shape,6_15,streaky,ConvNeXt Small,head_model,3,0.8510928961748634,0.3333333333333333,0.7766393442622951
shape,6_15,streaky,ConvNeXt Small,head_model,4,0.8633879781420765,0.3333333333333333,0.7950819672131145
shape,6_15,streaky,ConvNeXt Small,head_model,5,0.8087431693989071,0.3333333333333333,0.7131147540983607
shape,6_15,streaky,ConvNeXt Small,head_model,6,0.8524590163934426,0.3333333333333333,0.7786885245901637
shape,6_15,streaky,ConvNeXt Small,head_model,7,0.842896174863388,0.3333333333333333,0.7643442622950818
shape,6_15,streaky,ConvNeXt Small,head_model,8,0.8442622950819673,0.3333333333333333,0.7663934426229507
shape,6_15,streaky,ConvNeXt Small,head_model,9,0.8306010928961749,0.3333333333333333,0.7459016393442623
shape,6_15,streaky,ConvNeXt Small,head_model,10,0.819672131147541,0.3333333333333333,0.7295081967213115
shape,6_15,streaky,ConvNeXt Tiny,full_model,1,0.9959016393442623,0.3333333333333333,0.9938524590163935
shape,6_15,streaky,ConvNeXt Tiny,full_model,2,0.9931693989071039,0.3333333333333333,0.9897540983606556
shape,6_15,streaky,ConvNeXt Tiny,full_model,3,0.9972677595628415,0.3333333333333333,0.9959016393442621
shape,6_15,streaky,ConvNeXt Tiny,full_model,4,0.9959016393442623,0.3333333333333333,0.9938524590163935
shape,6_15,streaky,ConvNeXt Tiny,full_model,5,0.9959016393442623,0.3333333333333333,0.9938524590163935
shape,6_15,streaky,ConvNeXt Tiny,full_model,6,0.9972677595628415,0.3333333333333333,0.9959016393442621
shape,6_15,streaky,ConvNeXt Tiny,full_model,7,0.9959016393442623,0.3333333333333333,0.9938524590163935
shape,6_15,streaky,ConvNeXt Tiny,full_model,8,0.9972677595628415,0.3333333333333333,0.9959016393442621
shape,6_15,streaky,ConvNeXt Tiny,full_model,9,0.9754098360655737,0.3333333333333333,0.9631147540983604
shape,6_15,streaky,ConvNeXt Tiny,full_model,10,0.9972677595628415,0.3333333333333333,0.9959016393442621
shape,6_15,streaky,ConvNeXt Tiny,head_model,1,0.8825136612021858,0.3333333333333333,0.8237704918032787
shape,6_15,streaky,ConvNeXt Tiny,head_model,2,0.8920765027322405,0.3333333333333333,0.8381147540983606
shape,6_15,streaky,ConvNeXt Tiny,head_model,3,0.8907103825136612,0.3333333333333333,0.8360655737704916
shape,6_15,streaky,ConvNeXt Tiny,head_model,4,0.8879781420765027,0.3333333333333333,0.8319672131147541
shape,6_15,streaky,ConvNeXt Tiny,head_model,5,0.8715846994535519,0.3333333333333333,0.8073770491803278
shape,6_15,streaky,ConvNeXt Tiny,head_model,6,0.8961748633879781,0.3333333333333333,0.844262295081967
shape,6_15,streaky,ConvNeXt Tiny,head_model,7,0.8784153005464481,0.3333333333333333,0.8176229508196722
shape,6_15,streaky,ConvNeXt Tiny,head_model,8,0.8674863387978142,0.3333333333333333,0.8012295081967213
shape,6_15,streaky,ConvNeXt Tiny,head_model,9,0.894808743169399,0.3333333333333333,0.8422131147540984
shape,6_15,streaky,ConvNeXt Tiny,head_model,10,0.889344262295082,0.3333333333333333,0.834016393442623
shape,6_15,streaky,DINOv3 ViT Base,full_model,1,0.9836065573770492,0.3333333333333333,0.9754098360655737
shape,6_15,streaky,DINOv3 ViT Base,full_model,2,0.9863387978142076,0.3333333333333333,0.9795081967213113
shape,6_15,streaky,DINOv3 ViT Base,full_model,3,0.9849726775956285,0.3333333333333333,0.9774590163934427
shape,6_15,streaky,DINOv3 ViT Base,full_model,4,0.9480874316939891,0.3333333333333333,0.9221311475409837
shape,6_15,streaky,DINOv3 ViT Base,full_model,5,0.9795081967213115,0.3333333333333333,0.9692622950819673
shape,6_15,streaky,DINOv3 ViT Base,full_model,6,0.9713114754098361,0.3333333333333333,0.956967213114754
shape,6_15,streaky,DINOv3 ViT Base,full_model,7,0.9740437158469946,0.3333333333333333,0.9610655737704918
shape,6_15,streaky,DINOv3 ViT Base,full_model,8,0.9699453551912568,0.3333333333333333,0.954918032786885
shape,6_15,streaky,DINOv3 ViT Base,full_model,9,0.9508196721311475,0.3333333333333333,0.9262295081967212
shape,6_15,streaky,DINOv3 ViT Base,full_model,10,0.9562841530054644,0.3333333333333333,0.9344262295081966
shape,6_15,streaky,DINOv3 ViT Base,head_model,1,0.9153005464480874,0.3333333333333333,0.8729508196721312
shape,6_15,streaky,DINOv3 ViT Base,head_model,2,0.9439890710382514,0.3333333333333333,0.9159836065573769
shape,6_15,streaky,DINOv3 ViT Base,head_model,3,0.8838797814207651,0.3333333333333333,0.8258196721311476
shape,6_15,streaky,DINOv3 ViT Base,head_model,4,0.924863387978142,0.3333333333333333,0.8872950819672131
shape,6_15,streaky,DINOv3 ViT Base,head_model,5,0.8101092896174863,0.3333333333333333,0.7151639344262294
shape,6_15,streaky,DINOv3 ViT Base,head_model,6,0.8688524590163934,0.3333333333333333,0.80327868852459
shape,6_15,streaky,DINOv3 ViT Base,head_model,7,0.9631147540983607,0.3333333333333333,0.944672131147541
shape,6_15,streaky,DINOv3 ViT Base,head_model,8,0.9153005464480874,0.3333333333333333,0.8729508196721312
shape,6_15,streaky,DINOv3 ViT Base,head_model,9,0.9043715846994536,0.3333333333333333,0.8565573770491803
shape,6_15,streaky,DINOv3 ViT Base,head_model,10,0.7786885245901639,0.3333333333333333,0.6680327868852458
shape,6_15,streaky,ResNet18,full_model,1,0.5341530054644809,0.3333333333333333,0.3012295081967213
shape,6_15,streaky,ResNet18,full_model,2,0.5382513661202186,0.3333333333333333,0.30737704918032793
shape,6_15,streaky,ResNet18,full_model,3,0.5423497267759563,0.3333333333333333,0.3135245901639344
shape,6_15,streaky,ResNet18,full_model,4,0.5163934426229508,0.3333333333333333,0.27459016393442626
shape,6_15,streaky,ResNet18,full_model,5,0.5573770491803278,0.3333333333333333,0.33606557377049173
shape,6_15,streaky,ResNet18,full_model,6,0.5546448087431693,0.3333333333333333,0.331967213114754
shape,6_15,streaky,ResNet18,full_model,7,0.5478142076502732,0.3333333333333333,0.32172131147540983
shape,6_15,streaky,ResNet18,full_model,8,0.5,0.3333333333333333,0.25
shape,6_15,streaky,ResNet18,full_model,9,0.5642076502732241,0.3333333333333333,0.3463114754098361
shape,6_15,streaky,ResNet18,full_model,10,0.5669398907103825,0.3333333333333333,0.3504098360655738
shape,6_15,streaky,ResNet18,head_model,1,0.7855191256830601,0.3333333333333333,0.6782786885245902
shape,6_15,streaky,ResNet18,head_model,2,0.7882513661202186,0.3333333333333333,0.6823770491803279
shape,6_15,streaky,ResNet18,head_model,3,0.7841530054644809,0.3333333333333333,0.6762295081967212
shape,6_15,streaky,ResNet18,head_model,4,0.7896174863387978,0.3333333333333333,0.6844262295081966
shape,6_15,streaky,ResNet18,head_model,5,0.7882513661202186,0.3333333333333333,0.6823770491803279
shape,6_15,streaky,ResNet18,head_model,6,0.7704918032786885,0.3333333333333333,0.6557377049180327
shape,6_15,streaky,ResNet18,head_model,7,0.7759562841530054,0.3333333333333333,0.6639344262295082
shape,6_15,streaky,ResNet18,head_model,8,0.7786885245901639,0.3333333333333333,0.6680327868852458
shape,6_15,streaky,ResNet18,head_model,9,0.7841530054644809,0.3333333333333333,0.6762295081967212
shape,6_15,streaky,ResNet18,head_model,10,0.7814207650273224,0.3333333333333333,0.6721311475409836
shape,6_15,streaky,ResNet50,full_model,1,0.4808743169398907,0.3333333333333333,0.22131147540983603
shape,6_15,streaky,ResNet50,full_model,2,0.49043715846994534,0.3333333333333333,0.23565573770491802
shape,6_15,streaky,ResNet50,full_model,3,0.4959016393442623,0.3333333333333333,0.24385245901639344
shape,6_15,streaky,ResNet50,full_model,4,0.4918032786885246,0.3333333333333333,0.23770491803278687
shape,6_15,streaky,ResNet50,full_model,5,0.47404371584699456,0.3333333333333333,0.21106557377049184
shape,6_15,streaky,ResNet50,full_model,6,0.4426229508196721,0.3333333333333333,0.16393442622950818
shape,6_15,streaky,ResNet50,full_model,7,0.49043715846994534,0.3333333333333333,0.23565573770491802
shape,6_15,streaky,ResNet50,full_model,8,0.4808743169398907,0.3333333333333333,0.22131147540983603
shape,6_15,streaky,ResNet50,full_model,9,0.4808743169398907,0.3333333333333333,0.22131147540983603
shape,6_15,streaky,ResNet50,full_model,10,0.42896174863387976,0.3333333333333333,0.14344262295081964
shape,6_15,streaky,ResNet50,head_model,1,0.7472677595628415,0.3333333333333333,0.6209016393442622
shape,6_15,streaky,ResNet50,head_model,2,0.7486338797814208,0.3333333333333333,0.6229508196721312
shape,6_15,streaky,ResNet50,head_model,3,0.7363387978142076,0.3333333333333333,0.6045081967213114
shape,6_15,streaky,ResNet50,head_model,4,0.7431693989071039,0.3333333333333333,0.6147540983606558
shape,6_15,streaky,ResNet50,head_model,5,0.7418032786885246,0.3333333333333333,0.6127049180327868
shape,6_15,streaky,ResNet50,head_model,6,0.7185792349726776,0.3333333333333333,0.5778688524590164
shape,6_15,streaky,ResNet50,head_model,7,0.755464480874317,0.3333333333333333,0.6331967213114754
shape,6_15,streaky,ResNet50,head_model,8,0.7390710382513661,0.3333333333333333,0.6086065573770492
shape,6_15,streaky,ResNet50,head_model,9,0.7390710382513661,0.3333333333333333,0.6086065573770492
shape,6_15,streaky,ResNet50,head_model,10,0.726775956284153,0.3333333333333333,0.5901639344262295
shape,6_15,streaky,VGG11,full_model,1,0.8169398907103825,0.3333333333333333,0.7254098360655737
shape,6_15,streaky,VGG11,full_model,2,0.7909836065573771,0.3333333333333333,0.6864754098360656
shape,6_15,streaky,VGG11,full_model,3,0.8415300546448088,0.3333333333333333,0.7622950819672132
shape,6_15,streaky,VGG11,full_model,4,0.7950819672131147,0.3333333333333333,0.6926229508196721
shape,6_15,streaky,VGG11,full_model,5,0.8319672131147541,0.3333333333333333,0.7479508196721311
shape,6_15,streaky,VGG11,full_model,6,0.8128415300546448,0.3333333333333333,0.7192622950819672
shape,6_15,streaky,VGG11,full_model,7,0.8306010928961749,0.3333333333333333,0.7459016393442623
shape,6_15,streaky,VGG11,full_model,8,0.8688524590163934,0.3333333333333333,0.80327868852459
shape,6_15,streaky,VGG11,full_model,9,0.7691256830601093,0.3333333333333333,0.6536885245901639
shape,6_15,streaky,VGG11,full_model,10,0.8114754098360656,0.3333333333333333,0.7172131147540983
shape,6_15,streaky,VGG11,head_model,1,0.7909836065573771,0.3333333333333333,0.6864754098360656
shape,6_15,streaky,VGG11,head_model,2,0.7568306010928961,0.3333333333333333,0.6352459016393441
shape,6_15,streaky,VGG11,head_model,3,0.7431693989071039,0.3333333333333333,0.6147540983606558
shape,6_15,streaky,VGG11,head_model,4,0.7718579234972678,0.3333333333333333,0.6577868852459017
shape,6_15,streaky,VGG11,head_model,5,0.7636612021857924,0.3333333333333333,0.6454918032786885
shape,6_15,streaky,VGG11,head_model,6,0.7486338797814208,0.3333333333333333,0.6229508196721312
shape,6_15,streaky,VGG11,head_model,7,0.7404371584699454,0.3333333333333333,0.6106557377049181
shape,6_15,streaky,VGG11,head_model,8,0.773224043715847,0.3333333333333333,0.6598360655737704
shape,6_15,streaky,VGG11,head_model,9,0.8019125683060109,0.3333333333333333,0.7028688524590163
shape,6_15,streaky,VGG11,head_model,10,0.7827868852459017,0.3333333333333333,0.6741803278688525
shape,6_15,streaky,VGG13,full_model,1,0.7978142076502732,0.3333333333333333,0.6967213114754098
shape,6_15,streaky,VGG13,full_model,2,0.8442622950819673,0.3333333333333333,0.7663934426229507
shape,6_15,streaky,VGG13,full_model,3,0.8346994535519126,0.3333333333333333,0.7520491803278688
shape,6_15,streaky,VGG13,full_model,4,0.773224043715847,0.3333333333333333,0.6598360655737704
shape,6_15,streaky,VGG13,full_model,5,0.8510928961748634,0.3333333333333333,0.7766393442622951
shape,6_15,streaky,VGG13,full_model,6,0.8169398907103825,0.3333333333333333,0.7254098360655737
shape,6_15,streaky,VGG13,full_model,7,0.7937158469945356,0.3333333333333333,0.6905737704918034
shape,6_15,streaky,VGG13,full_model,8,0.8224043715846995,0.3333333333333333,0.7336065573770492
shape,6_15,streaky,VGG13,full_model,9,0.819672131147541,0.3333333333333333,0.7295081967213115
shape,6_15,streaky,VGG13,full_model,10,0.8183060109289617,0.3333333333333333,0.7274590163934426
shape,6_15,streaky,VGG13,head_model,1,0.8401639344262295,0.3333333333333333,0.7602459016393442
shape,6_15,streaky,VGG13,head_model,2,0.8114754098360656,0.3333333333333333,0.7172131147540983
shape,6_15,streaky,VGG13,head_model,3,0.7718579234972678,0.3333333333333333,0.6577868852459017
shape,6_15,streaky,VGG13,head_model,4,0.8087431693989071,0.3333333333333333,0.7131147540983607
shape,6_15,streaky,VGG13,head_model,5,0.8128415300546448,0.3333333333333333,0.7192622950819672
shape,6_15,streaky,VGG13,head_model,6,0.7868852459016393,0.3333333333333333,0.680327868852459
shape,6_15,streaky,VGG13,head_model,7,0.8183060109289617,0.3333333333333333,0.7274590163934426
shape,6_15,streaky,VGG13,head_model,8,0.8032786885245902,0.3333333333333333,0.7049180327868853
shape,6_15,streaky,VGG13,head_model,9,0.7950819672131147,0.3333333333333333,0.6926229508196721
shape,6_15,streaky,VGG13,head_model,10,0.8224043715846995,0.3333333333333333,0.7336065573770492
shape,6_15,streaky,VGG16,full_model,1,0.76775956284153,0.3333333333333333,0.651639344262295
shape,6_15,streaky,VGG16,full_model,2,0.7008196721311475,0.3333333333333333,0.5512295081967212
shape,6_15,streaky,VGG16,full_model,3,0.7363387978142076,0.3333333333333333,0.6045081967213114
shape,6_15,streaky,VGG16,full_model,4,0.7540983606557377,0.3333333333333333,0.6311475409836065
shape,6_15,streaky,VGG16,full_model,5,0.7513661202185792,0.3333333333333333,0.6270491803278687
shape,6_15,streaky,VGG16,full_model,6,0.7609289617486339,0.3333333333333333,0.6413934426229508
shape,6_15,streaky,VGG16,full_model,7,0.726775956284153,0.3333333333333333,0.5901639344262295
shape,6_15,streaky,VGG16,full_model,8,0.7513661202185792,0.3333333333333333,0.6270491803278687
shape,6_15,streaky,VGG16,full_model,9,0.7199453551912568,0.3333333333333333,0.5799180327868851
shape,6_15,streaky,VGG16,full_model,10,0.7363387978142076,0.3333333333333333,0.6045081967213114
shape,6_15,streaky,VGG16,head_model,1,0.7472677595628415,0.3333333333333333,0.6209016393442622
shape,6_15,streaky,VGG16,head_model,2,0.7431693989071039,0.3333333333333333,0.6147540983606558
shape,6_15,streaky,VGG16,head_model,3,0.7185792349726776,0.3333333333333333,0.5778688524590164
shape,6_15,streaky,VGG16,head_model,4,0.7377049180327869,0.3333333333333333,0.6065573770491803
shape,6_15,streaky,VGG16,head_model,5,0.7459016393442623,0.3333333333333333,0.6188524590163935
shape,6_15,streaky,VGG16,head_model,6,0.7103825136612022,0.3333333333333333,0.5655737704918032
shape,6_15,streaky,VGG16,head_model,7,0.726775956284153,0.3333333333333333,0.5901639344262295
shape,6_15,streaky,VGG16,head_model,8,0.7213114754098361,0.3333333333333333,0.5819672131147541
shape,6_15,streaky,VGG16,head_model,9,0.7418032786885246,0.3333333333333333,0.6127049180327868
shape,6_15,streaky,VGG16,head_model,10,0.7431693989071039,0.3333333333333333,0.6147540983606558
shape,6_15,streaky,VGG19,full_model,1,0.6967213114754098,0.3333333333333333,0.5450819672131147
shape,6_15,streaky,VGG19,full_model,2,0.7117486338797814,0.3333333333333333,0.5676229508196721
shape,6_15,streaky,VGG19,full_model,3,0.7199453551912568,0.3333333333333333,0.5799180327868851
shape,6_15,streaky,VGG19,full_model,4,0.726775956284153,0.3333333333333333,0.5901639344262295
shape,6_15,streaky,VGG19,full_model,5,0.7199453551912568,0.3333333333333333,0.5799180327868851
shape,6_15,streaky,VGG19,full_model,6,0.7090163934426229,0.3333333333333333,0.5635245901639343
shape,6_15,streaky,VGG19,full_model,7,0.7295081967213115,0.3333333333333333,0.5942622950819673
shape,6_15,streaky,VGG19,full_model,8,0.7144808743169399,0.3333333333333333,0.5717213114754097
shape,6_15,streaky,VGG19,full_model,9,0.7431693989071039,0.3333333333333333,0.6147540983606558
shape,6_15,streaky,VGG19,full_model,10,0.7103825136612022,0.3333333333333333,0.5655737704918032
shape,6_15,streaky,VGG19,head_model,1,0.8633879781420765,0.3333333333333333,0.7950819672131145
shape,6_15,streaky,VGG19,head_model,2,0.8579234972677595,0.3333333333333333,0.7868852459016391
shape,6_15,streaky,VGG19,head_model,3,0.8142076502732241,0.3333333333333333,0.7213114754098361
shape,6_15,streaky,VGG19,head_model,4,0.8620218579234973,0.3333333333333333,0.7930327868852459
shape,6_15,streaky,VGG19,head_model,5,0.8265027322404371,0.3333333333333333,0.7397540983606556
shape,6_15,streaky,VGG19,head_model,6,0.8155737704918032,0.3333333333333333,0.7233606557377048
shape,6_15,streaky,VGG19,head_model,7,0.8333333333333334,0.3333333333333333,0.7499999999999999
shape,6_15,streaky,VGG19,head_model,8,0.855191256830601,0.3333333333333333,0.7827868852459016
shape,6_15,streaky,VGG19,head_model,9,0.8456284153005464,0.3333333333333333,0.7684426229508197
shape,6_15,streaky,VGG19,head_model,10,0.8483606557377049,0.3333333333333333,0.7725409836065572
shape,6_15,streaky,ViT Base,full_model,1,0.9863387978142076,0.3333333333333333,0.9795081967213113
shape,6_15,streaky,ViT Base,full_model,2,0.9890710382513661,0.3333333333333333,0.9836065573770492
shape,6_15,streaky,ViT Base,full_model,3,0.9685792349726776,0.3333333333333333,0.9528688524590164
shape,6_15,streaky,ViT Base,full_model,4,0.9918032786885246,0.3333333333333333,0.9877049180327867
shape,6_15,streaky,ViT Base,full_model,5,0.9781420765027322,0.3333333333333333,0.9672131147540983
shape,6_15,streaky,ViT Base,full_model,6,0.9863387978142076,0.3333333333333333,0.9795081967213113
shape,6_15,streaky,ViT Base,full_model,7,0.9795081967213115,0.3333333333333333,0.9692622950819673
shape,6_15,streaky,ViT Base,full_model,8,0.9849726775956285,0.3333333333333333,0.9774590163934427
shape,6_15,streaky,ViT Base,full_model,9,0.9576502732240437,0.3333333333333333,0.9364754098360656
shape,6_15,streaky,ViT Base,full_model,10,0.9795081967213115,0.3333333333333333,0.9692622950819673
shape,6_15,streaky,ViT Base,head_model,1,0.953551912568306,0.3333333333333333,0.9303278688524588
shape,6_15,streaky,ViT Base,head_model,2,0.9289617486338798,0.3333333333333333,0.8934426229508196
shape,6_15,streaky,ViT Base,head_model,3,0.9166666666666666,0.3333333333333333,0.8749999999999998
shape,6_15,streaky,ViT Base,head_model,4,0.912568306010929,0.3333333333333333,0.8688524590163933
shape,6_15,streaky,ViT Base,head_model,5,0.8415300546448088,0.3333333333333333,0.7622950819672132
shape,6_15,streaky,ViT Base,head_model,6,0.9193989071038251,0.3333333333333333,0.8790983606557377
shape,6_15,streaky,ViT Base,head_model,7,0.8483606557377049,0.3333333333333333,0.7725409836065572
shape,6_15,streaky,ViT Base,head_model,8,0.9166666666666666,0.3333333333333333,0.8749999999999998
shape,6_15,streaky,ViT Base,head_model,9,0.9207650273224044,0.3333333333333333,0.8811475409836066
shape,6_15,streaky,ViT Base,head_model,10,0.9112021857923497,0.3333333333333333,0.8668032786885244
shape,6_15,streaky,ViT Large,full_model,1,0.9904371584699454,0.3333333333333333,0.9856557377049181
shape,6_15,streaky,ViT Large,full_model,2,0.9931693989071039,0.3333333333333333,0.9897540983606556
shape,6_15,streaky,ViT Large,full_model,3,0.9713114754098361,0.3333333333333333,0.956967213114754
shape,6_15,streaky,ViT Large,full_model,4,0.9890710382513661,0.3333333333333333,0.9836065573770492
shape,6_15,streaky,ViT Large,full_model,5,0.9740437158469946,0.3333333333333333,0.9610655737704918
shape,6_15,streaky,ViT Large,full_model,6,0.9890710382513661,0.3333333333333333,0.9836065573770492
shape,6_15,streaky,ViT Large,full_model,7,0.9836065573770492,0.3333333333333333,0.9754098360655737
shape,6_15,streaky,ViT Large,full_model,8,0.9877049180327869,0.3333333333333333,0.9815573770491802
shape,6_15,streaky,ViT Large,full_model,9,0.976775956284153,0.3333333333333333,0.9651639344262294
shape,6_15,streaky,ViT Large,full_model,10,0.98224043715847,0.3333333333333333,0.9733606557377048
shape,6_15,streaky,ViT Large,head_model,1,0.9139344262295082,0.3333333333333333,0.8709016393442622
shape,6_15,streaky,ViT Large,head_model,2,0.8975409836065574,0.3333333333333333,0.846311475409836
shape,6_15,streaky,ViT Large,head_model,3,0.9234972677595629,0.3333333333333333,0.8852459016393441
shape,6_15,streaky,ViT Large,head_model,4,0.819672131147541,0.3333333333333333,0.7295081967213115
shape,6_15,streaky,ViT Large,head_model,5,0.9030054644808743,0.3333333333333333,0.8545081967213114
shape,6_15,streaky,ViT Large,head_model,6,0.8387978142076503,0.3333333333333333,0.7581967213114753
shape,6_15,streaky,ViT Large,head_model,7,0.842896174863388,0.3333333333333333,0.7643442622950818
shape,6_15,streaky,ViT Large,head_model,8,0.9262295081967213,0.3333333333333333,0.889344262295082
shape,6_15,streaky,ViT Large,head_model,9,0.9166666666666666,0.3333333333333333,0.8749999999999998
shape,6_15,streaky,ViT Large,head_model,10,0.8975409836065574,0.3333333333333333,0.846311475409836
shape,6_15,streaky,ViT Small,full_model,1,0.9644808743169399,0.3333333333333333,0.9467213114754096
shape,6_15,streaky,ViT Small,full_model,2,0.9836065573770492,0.3333333333333333,0.9754098360655737
shape,6_15,streaky,ViT Small,full_model,3,0.9754098360655737,0.3333333333333333,0.9631147540983604
shape,6_15,streaky,ViT Small,full_model,4,0.9685792349726776,0.3333333333333333,0.9528688524590164
shape,6_15,streaky,ViT Small,full_model,5,0.9699453551912568,0.3333333333333333,0.954918032786885
shape,6_15,streaky,ViT Small,full_model,6,0.9631147540983607,0.3333333333333333,0.944672131147541
shape,6_15,streaky,ViT Small,full_model,7,0.9521857923497268,0.3333333333333333,0.9282786885245902
shape,6_15,streaky,ViT Small,full_model,8,0.9726775956284153,0.3333333333333333,0.9590163934426229
shape,6_15,streaky,ViT Small,full_model,9,0.9795081967213115,0.3333333333333333,0.9692622950819673
shape,6_15,streaky,ViT Small,full_model,10,0.9658469945355191,0.3333333333333333,0.9487704918032785
shape,6_15,streaky,ViT Small,head_model,1,0.8278688524590164,0.3333333333333333,0.7418032786885246
shape,6_15,streaky,ViT Small,head_model,2,0.837431693989071,0.3333333333333333,0.7561475409836064
shape,6_15,streaky,ViT Small,head_model,3,0.9385245901639344,0.3333333333333333,0.9077868852459015
shape,6_15,streaky,ViT Small,head_model,4,0.8292349726775956,0.3333333333333333,0.7438524590163934
shape,6_15,streaky,ViT Small,head_model,5,0.9057377049180327,0.3333333333333333,0.8586065573770489
shape,6_15,streaky,ViT Small,head_model,6,0.8756830601092896,0.3333333333333333,0.8135245901639343
shape,6_15,streaky,ViT Small,head_model,7,0.7909836065573771,0.3333333333333333,0.6864754098360656
shape,6_15,streaky,ViT Small,head_model,8,0.8715846994535519,0.3333333333333333,0.8073770491803278
shape,6_15,streaky,ViT Small,head_model,9,0.8989071038251366,0.3333333333333333,0.8483606557377049
shape,6_15,streaky,ViT Small,head_model,10,0.894808743169399,0.3333333333333333,0.8422131147540984
shape,6_20,pointy,ConvNeXt Base,full_model,1,1.0,0.3333333333333333,1.0
shape,6_20,pointy,ConvNeXt Base,full_model,2,1.0,0.3333333333333333,1.0
shape,6_20,pointy,ConvNeXt Base,full_model,3,1.0,0.3333333333333333,1.0
shape,6_20,pointy,ConvNeXt Base,full_model,4,1.0,0.3333333333333333,1.0
shape,6_20,pointy,ConvNeXt Base,full_model,5,1.0,0.3333333333333333,1.0
shape,6_20,pointy,ConvNeXt Base,full_model,6,1.0,0.3333333333333333,1.0
shape,6_20,pointy,ConvNeXt Base,full_model,7,1.0,0.3333333333333333,1.0
shape,6_20,pointy,ConvNeXt Base,full_model,8,1.0,0.3333333333333333,1.0
shape,6_20,pointy,ConvNeXt Base,full_model,9,1.0,0.3333333333333333,1.0
shape,6_20,pointy,ConvNeXt Base,full_model,10,1.0,0.3333333333333333,1.0
shape,6_20,pointy,ConvNeXt Base,head_model,1,0.9671232876712329,0.3333333333333333,0.9506849315068492
shape,6_20,pointy,ConvNeXt Base,head_model,2,0.9726027397260274,0.3333333333333333,0.9589041095890409
shape,6_20,pointy,ConvNeXt Base,head_model,3,0.9493150684931507,0.3333333333333333,0.9239726027397259
shape,6_20,pointy,ConvNeXt Base,head_model,4,0.9506849315068493,0.3333333333333333,0.9260273972602739
shape,6_20,pointy,ConvNeXt Base,head_model,5,0.9465753424657535,0.3333333333333333,0.9198630136986302
shape,6_20,pointy,ConvNeXt Base,head_model,6,0.9684931506849315,0.3333333333333333,0.9527397260273972
shape,6_20,pointy,ConvNeXt Base,head_model,7,0.9712328767123287,0.3333333333333333,0.9568493150684929
shape,6_20,pointy,ConvNeXt Base,head_model,8,0.9575342465753425,0.3333333333333333,0.9363013698630137
shape,6_20,pointy,ConvNeXt Base,head_model,9,0.8863013698630137,0.3333333333333333,0.8294520547945203
shape,6_20,pointy,ConvNeXt Base,head_model,10,0.9383561643835616,0.3333333333333333,0.9075342465753424
shape,6_20,pointy,ConvNeXt Large,full_model,1,1.0,0.3333333333333333,1.0
shape,6_20,pointy,ConvNeXt Large,full_model,2,1.0,0.3333333333333333,1.0
shape,6_20,pointy,ConvNeXt Large,full_model,3,1.0,0.3333333333333333,1.0
shape,6_20,pointy,ConvNeXt Large,full_model,4,0.9849315068493151,0.3333333333333333,0.9773972602739724
shape,6_20,pointy,ConvNeXt Large,full_model,5,1.0,0.3333333333333333,1.0
shape,6_20,pointy,ConvNeXt Large,full_model,6,1.0,0.3333333333333333,1.0
shape,6_20,pointy,ConvNeXt Large,full_model,7,1.0,0.3333333333333333,1.0
shape,6_20,pointy,ConvNeXt Large,full_model,8,1.0,0.3333333333333333,1.0
shape,6_20,pointy,ConvNeXt Large,full_model,9,1.0,0.3333333333333333,1.0
shape,6_20,pointy,ConvNeXt Large,full_model,10,0.9986301369863013,0.3333333333333333,0.997945205479452
shape,6_20,pointy,ConvNeXt Large,head_model,1,0.9616438356164384,0.3333333333333333,0.9424657534246574
shape,6_20,pointy,ConvNeXt Large,head_model,2,0.9739726027397261,0.3333333333333333,0.960958904109589
shape,6_20,pointy,ConvNeXt Large,head_model,3,0.9698630136986301,0.3333333333333333,0.9547945205479452
shape,6_20,pointy,ConvNeXt Large,head_model,4,0.958904109589041,0.3333333333333333,0.9383561643835614
shape,6_20,pointy,ConvNeXt Large,head_model,5,0.9808219178082191,0.3333333333333333,0.9712328767123287
shape,6_20,pointy,ConvNeXt Large,head_model,6,0.9616438356164384,0.3333333333333333,0.9424657534246574
shape,6_20,pointy,ConvNeXt Large,head_model,7,0.9808219178082191,0.3333333333333333,0.9712328767123287
shape,6_20,pointy,ConvNeXt Large,head_model,8,0.9767123287671233,0.3333333333333333,0.965068493150685
shape,6_20,pointy,ConvNeXt Large,head_model,9,0.9452054794520548,0.3333333333333333,0.9178082191780822
shape,6_20,pointy,ConvNeXt Large,head_model,10,0.9561643835616438,0.3333333333333333,0.9342465753424657
shape,6_20,pointy,ConvNeXt Small,full_model,1,1.0,0.3333333333333333,1.0
shape,6_20,pointy,ConvNeXt Small,full_model,2,1.0,0.3333333333333333,1.0
shape,6_20,pointy,ConvNeXt Small,full_model,3,1.0,0.3333333333333333,1.0
shape,6_20,pointy,ConvNeXt Small,full_model,4,1.0,0.3333333333333333,1.0
shape,6_20,pointy,ConvNeXt Small,full_model,5,1.0,0.3333333333333333,1.0
shape,6_20,pointy,ConvNeXt Small,full_model,6,1.0,0.3333333333333333,1.0
shape,6_20,pointy,ConvNeXt Small,full_model,7,1.0,0.3333333333333333,1.0
shape,6_20,pointy,ConvNeXt Small,full_model,8,1.0,0.3333333333333333,1.0
shape,6_20,pointy,ConvNeXt Small,full_model,9,1.0,0.3333333333333333,1.0
shape,6_20,pointy,ConvNeXt Small,full_model,10,1.0,0.3333333333333333,1.0
shape,6_20,pointy,ConvNeXt Small,head_model,1,0.9602739726027397,0.3333333333333333,0.9404109589041094
shape,6_20,pointy,ConvNeXt Small,head_model,2,0.9671232876712329,0.3333333333333333,0.9506849315068492
shape,6_20,pointy,ConvNeXt Small,head_model,3,0.958904109589041,0.3333333333333333,0.9383561643835614
shape,6_20,pointy,ConvNeXt Small,head_model,4,0.947945205479452,0.3333333333333333,0.9219178082191779
shape,6_20,pointy,ConvNeXt Small,head_model,5,0.9643835616438357,0.3333333333333333,0.9465753424657535
shape,6_20,pointy,ConvNeXt Small,head_model,6,0.9684931506849315,0.3333333333333333,0.9527397260273972
shape,6_20,pointy,ConvNeXt Small,head_model,7,0.9684931506849315,0.3333333333333333,0.9527397260273972
shape,6_20,pointy,ConvNeXt Small,head_model,8,0.9534246575342465,0.3333333333333333,0.9301369863013697
shape,6_20,pointy,ConvNeXt Small,head_model,9,0.9246575342465754,0.3333333333333333,0.8869863013698629
shape,6_20,pointy,ConvNeXt Small,head_model,10,0.9561643835616438,0.3333333333333333,0.9342465753424657
shape,6_20,pointy,ConvNeXt Tiny,full_model,1,1.0,0.3333333333333333,1.0
shape,6_20,pointy,ConvNeXt Tiny,full_model,2,1.0,0.3333333333333333,1.0
shape,6_20,pointy,ConvNeXt Tiny,full_model,3,1.0,0.3333333333333333,1.0
shape,6_20,pointy,ConvNeXt Tiny,full_model,4,1.0,0.3333333333333333,1.0
shape,6_20,pointy,ConvNeXt Tiny,full_model,5,1.0,0.3333333333333333,1.0
shape,6_20,pointy,ConvNeXt Tiny,full_model,6,1.0,0.3333333333333333,1.0
shape,6_20,pointy,ConvNeXt Tiny,full_model,7,1.0,0.3333333333333333,1.0
shape,6_20,pointy,ConvNeXt Tiny,full_model,8,1.0,0.3333333333333333,1.0
shape,6_20,pointy,ConvNeXt Tiny,full_model,9,1.0,0.3333333333333333,1.0
shape,6_20,pointy,ConvNeXt Tiny,full_model,10,1.0,0.3333333333333333,1.0
shape,6_20,pointy,ConvNeXt Tiny,head_model,1,0.9602739726027397,0.3333333333333333,0.9404109589041094
shape,6_20,pointy,ConvNeXt Tiny,head_model,2,0.9657534246575342,0.3333333333333333,0.9486301369863012
shape,6_20,pointy,ConvNeXt Tiny,head_model,3,0.9534246575342465,0.3333333333333333,0.9301369863013697
shape,6_20,pointy,ConvNeXt Tiny,head_model,4,0.9534246575342465,0.3333333333333333,0.9301369863013697
shape,6_20,pointy,ConvNeXt Tiny,head_model,5,0.9547945205479452,0.3333333333333333,0.9321917808219177
shape,6_20,pointy,ConvNeXt Tiny,head_model,6,0.9643835616438357,0.3333333333333333,0.9465753424657535
shape,6_20,pointy,ConvNeXt Tiny,head_model,7,0.9671232876712329,0.3333333333333333,0.9506849315068492
shape,6_20,pointy,ConvNeXt Tiny,head_model,8,0.9616438356164384,0.3333333333333333,0.9424657534246574
shape,6_20,pointy,ConvNeXt Tiny,head_model,9,0.9219178082191781,0.3333333333333333,0.8828767123287672
shape,6_20,pointy,ConvNeXt Tiny,head_model,10,0.9575342465753425,0.3333333333333333,0.9363013698630137
shape,6_20,pointy,DINOv3 ViT Base,full_model,1,0.9986301369863013,0.3333333333333333,0.997945205479452
shape,6_20,pointy,DINOv3 ViT Base,full_model,2,0.9972602739726028,0.3333333333333333,0.995890410958904
shape,6_20,pointy,DINOv3 ViT Base,full_model,3,0.9876712328767123,0.3333333333333333,0.9815068493150685
shape,6_20,pointy,DINOv3 ViT Base,full_model,4,0.9945205479452055,0.3333333333333333,0.9917808219178083
shape,6_20,pointy,DINOv3 ViT Base,full_model,5,0.9945205479452055,0.3333333333333333,0.9917808219178083
shape,6_20,pointy,DINOv3 ViT Base,full_model,6,0.9986301369863013,0.3333333333333333,0.997945205479452
shape,6_20,pointy,DINOv3 ViT Base,full_model,7,1.0,0.3333333333333333,1.0
shape,6_20,pointy,DINOv3 ViT Base,full_model,8,0.9972602739726028,0.3333333333333333,0.995890410958904
shape,6_20,pointy,DINOv3 ViT Base,full_model,9,0.9931506849315068,0.3333333333333333,0.9897260273972602
shape,6_20,pointy,DINOv3 ViT Base,full_model,10,0.4095890410958904,0.3333333333333333,0.1143835616438356
shape,6_20,pointy,DINOv3 ViT Base,head_model,1,0.9753424657534246,0.3333333333333333,0.963013698630137
shape,6_20,pointy,DINOv3 ViT Base,head_model,2,0.9726027397260274,0.3333333333333333,0.9589041095890409
shape,6_20,pointy,DINOv3 ViT Base,head_model,3,0.9753424657534246,0.3333333333333333,0.963013698630137
shape,6_20,pointy,DINOv3 ViT Base,head_model,4,0.9328767123287671,0.3333333333333333,0.8993150684931507
shape,6_20,pointy,DINOv3 ViT Base,head_model,5,0.9753424657534246,0.3333333333333333,0.963013698630137
shape,6_20,pointy,DINOv3 ViT Base,head_model,6,0.8589041095890411,0.3333333333333333,0.7883561643835616
shape,6_20,pointy,DINOv3 ViT Base,head_model,7,0.8013698630136986,0.3333333333333333,0.7020547945205479
shape,6_20,pointy,DINOv3 ViT Base,head_model,8,0.9849315068493151,0.3333333333333333,0.9773972602739724
shape,6_20,pointy,DINOv3 ViT Base,head_model,9,0.989041095890411,0.3333333333333333,0.9835616438356165
shape,6_20,pointy,DINOv3 ViT Base,head_model,10,0.8698630136986302,0.3333333333333333,0.8047945205479451
shape,6_20,pointy,ResNet18,full_model,1,0.6287671232876713,0.3333333333333333,0.4431506849315069
shape,6_20,pointy,ResNet18,full_model,2,0.6561643835616439,0.3333333333333333,0.4842465753424658
shape,6_20,pointy,ResNet18,full_model,3,0.6095890410958904,0.3333333333333333,0.4143835616438356
shape,6_20,pointy,ResNet18,full_model,4,0.6493150684931507,0.3333333333333333,0.473972602739726
shape,6_20,pointy,ResNet18,full_model,5,0.6219178082191781,0.3333333333333333,0.4328767123287671
shape,6_20,pointy,ResNet18,full_model,6,0.6301369863013698,0.3333333333333333,0.44520547945205474
shape,6_20,pointy,ResNet18,full_model,7,0.6383561643835617,0.3333333333333333,0.45753424657534253
shape,6_20,pointy,ResNet18,full_model,8,0.5739726027397261,0.3333333333333333,0.3609589041095891
shape,6_20,pointy,ResNet18,full_model,9,0.6205479452054794,0.3333333333333333,0.4308219178082191
shape,6_20,pointy,ResNet18,full_model,10,0.6342465753424658,0.3333333333333333,0.45136986301369864
shape,6_20,pointy,ResNet18,head_model,1,0.8698630136986302,0.3333333333333333,0.8047945205479451
shape,6_20,pointy,ResNet18,head_model,2,0.8698630136986302,0.3333333333333333,0.8047945205479451
shape,6_20,pointy,ResNet18,head_model,3,0.8643835616438356,0.3333333333333333,0.7965753424657533
shape,6_20,pointy,ResNet18,head_model,4,0.873972602739726,0.3333333333333333,0.8109589041095888
shape,6_20,pointy,ResNet18,head_model,5,0.8698630136986302,0.3333333333333333,0.8047945205479451
shape,6_20,pointy,ResNet18,head_model,6,0.8698630136986302,0.3333333333333333,0.8047945205479451
shape,6_20,pointy,ResNet18,head_model,7,0.8767123287671232,0.3333333333333333,0.8150684931506849
shape,6_20,pointy,ResNet18,head_model,8,0.8726027397260274,0.3333333333333333,0.8089041095890411
shape,6_20,pointy,ResNet18,head_model,9,0.873972602739726,0.3333333333333333,0.8109589041095888
shape,6_20,pointy,ResNet18,head_model,10,0.8767123287671232,0.3333333333333333,0.8150684931506849
shape,6_20,pointy,ResNet50,full_model,1,0.5164383561643836,0.3333333333333333,0.2746575342465754
shape,6_20,pointy,ResNet50,full_model,2,0.5246575342465754,0.3333333333333333,0.28698630136986303
shape,6_20,pointy,ResNet50,full_model,3,0.5191780821917809,0.3333333333333333,0.2787671232876713
shape,6_20,pointy,ResNet50,full_model,4,0.4876712328767123,0.3333333333333333,0.23150684931506849
shape,6_20,pointy,ResNet50,full_model,5,0.5273972602739726,0.3333333333333333,0.2910958904109589
shape,6_20,pointy,ResNet50,full_model,6,0.5219178082191781,0.3333333333333333,0.28287671232876715
shape,6_20,pointy,ResNet50,full_model,7,0.5315068493150685,0.3333333333333333,0.2972602739726028
shape,6_20,pointy,ResNet50,full_model,8,0.5232876712328767,0.3333333333333333,0.284931506849315
shape,6_20,pointy,ResNet50,full_model,9,0.4945205479452055,0.3333333333333333,0.24178082191780825
shape,6_20,pointy,ResNet50,full_model,10,0.5287671232876713,0.3333333333333333,0.2931506849315069
shape,6_20,pointy,ResNet50,head_model,1,0.8945205479452055,0.3333333333333333,0.8417808219178081
shape,6_20,pointy,ResNet50,head_model,2,0.8945205479452055,0.3333333333333333,0.8417808219178081
shape,6_20,pointy,ResNet50,head_model,3,0.8890410958904109,0.3333333333333333,0.8335616438356164
shape,6_20,pointy,ResNet50,head_model,4,0.8986301369863013,0.3333333333333333,0.8479452054794518
shape,6_20,pointy,ResNet50,head_model,5,0.9027397260273973,0.3333333333333333,0.8541095890410959
shape,6_20,pointy,ResNet50,head_model,6,0.9027397260273973,0.3333333333333333,0.8541095890410959
shape,6_20,pointy,ResNet50,head_model,7,0.9013698630136986,0.3333333333333333,0.8520547945205479
shape,6_20,pointy,ResNet50,head_model,8,0.8931506849315068,0.3333333333333333,0.8397260273972601
shape,6_20,pointy,ResNet50,head_model,9,0.9013698630136986,0.3333333333333333,0.8520547945205479
shape,6_20,pointy,ResNet50,head_model,10,0.9041095890410958,0.3333333333333333,0.8561643835616436
shape,6_20,pointy,VGG11,full_model,1,0.7931506849315069,0.3333333333333333,0.6897260273972603
shape,6_20,pointy,VGG11,full_model,2,0.8232876712328767,0.3333333333333333,0.7349315068493151
shape,6_20,pointy,VGG11,full_model,3,0.8452054794520548,0.3333333333333333,0.7678082191780821
shape,6_20,pointy,VGG11,full_model,4,0.8287671232876712,0.3333333333333333,0.7431506849315068
shape,6_20,pointy,VGG11,full_model,5,0.8068493150684931,0.3333333333333333,0.7102739726027396
shape,6_20,pointy,VGG11,full_model,6,0.8315068493150685,0.3333333333333333,0.7472602739726026
shape,6_20,pointy,VGG11,full_model,7,0.8547945205479452,0.3333333333333333,0.7821917808219179
shape,6_20,pointy,VGG11,full_model,8,0.8178082191780822,0.3333333333333333,0.7267123287671233
shape,6_20,pointy,VGG11,full_model,9,0.7726027397260274,0.3333333333333333,0.6589041095890411
shape,6_20,pointy,VGG11,full_model,10,0.8397260273972603,0.3333333333333333,0.7595890410958903
shape,6_20,pointy,VGG11,head_model,1,0.9095890410958904,0.3333333333333333,0.8643835616438357
shape,6_20,pointy,VGG11,head_model,2,0.9356164383561644,0.3333333333333333,0.9034246575342464
shape,6_20,pointy,VGG11,head_model,3,0.9315068493150684,0.3333333333333333,0.8972602739726027
shape,6_20,pointy,VGG11,head_model,4,0.9232876712328767,0.3333333333333333,0.8849315068493149
shape,6_20,pointy,VGG11,head_model,5,0.9260273972602739,0.3333333333333333,0.8890410958904109
shape,6_20,pointy,VGG11,head_model,6,0.9356164383561644,0.3333333333333333,0.9034246575342464
shape,6_20,pointy,VGG11,head_model,7,0.9342465753424658,0.3333333333333333,0.9013698630136987
shape,6_20,pointy,VGG11,head_model,8,0.9219178082191781,0.3333333333333333,0.8828767123287672
shape,6_20,pointy,VGG11,head_model,9,0.863013698630137,0.3333333333333333,0.7945205479452053
shape,6_20,pointy,VGG11,head_model,10,0.9219178082191781,0.3333333333333333,0.8828767123287672
shape,6_20,pointy,VGG13,full_model,1,0.8643835616438356,0.3333333333333333,0.7965753424657533
shape,6_20,pointy,VGG13,full_model,2,0.8616438356164383,0.3333333333333333,0.7924657534246573
shape,6_20,pointy,VGG13,full_model,3,0.8698630136986302,0.3333333333333333,0.8047945205479451
shape,6_20,pointy,VGG13,full_model,4,0.8945205479452055,0.3333333333333333,0.8417808219178081
shape,6_20,pointy,VGG13,full_model,5,0.8808219178082192,0.3333333333333333,0.8212328767123286
shape,6_20,pointy,VGG13,full_model,6,0.8753424657534247,0.3333333333333333,0.8130136986301368
shape,6_20,pointy,VGG13,full_model,7,0.8726027397260274,0.3333333333333333,0.8089041095890411
shape,6_20,pointy,VGG13,full_model,8,0.8835616438356164,0.3333333333333333,0.8253424657534246
shape,6_20,pointy,VGG13,full_model,9,0.8849315068493151,0.3333333333333333,0.8273972602739726
shape,6_20,pointy,VGG13,full_model,10,0.8684931506849315,0.3333333333333333,0.8027397260273971
shape,6_20,pointy,VGG13,head_model,1,0.9027397260273973,0.3333333333333333,0.8541095890410959
shape,6_20,pointy,VGG13,head_model,2,0.8890410958904109,0.3333333333333333,0.8335616438356164
shape,6_20,pointy,VGG13,head_model,3,0.8684931506849315,0.3333333333333333,0.8027397260273971
shape,6_20,pointy,VGG13,head_model,4,0.9041095890410958,0.3333333333333333,0.8561643835616436
shape,6_20,pointy,VGG13,head_model,5,0.8753424657534247,0.3333333333333333,0.8130136986301368
shape,6_20,pointy,VGG13,head_model,6,0.9027397260273973,0.3333333333333333,0.8541095890410959
shape,6_20,pointy,VGG13,head_model,7,0.8904109589041096,0.3333333333333333,0.8356164383561644
shape,6_20,pointy,VGG13,head_model,8,0.8698630136986302,0.3333333333333333,0.8047945205479451
shape,6_20,pointy,VGG13,head_model,9,0.7849315068493151,0.3333333333333333,0.6773972602739726
shape,6_20,pointy,VGG13,head_model,10,0.8876712328767123,0.3333333333333333,0.8315068493150684
shape,6_20,pointy,VGG16,full_model,1,0.7890410958904109,0.3333333333333333,0.6835616438356164
shape,6_20,pointy,VGG16,full_model,2,0.815068493150685,0.3333333333333333,0.7226027397260274
shape,6_20,pointy,VGG16,full_model,3,0.7767123287671233,0.3333333333333333,0.6650684931506848
shape,6_20,pointy,VGG16,full_model,4,0.7493150684931507,0.3333333333333333,0.623972602739726
shape,6_20,pointy,VGG16,full_model,5,0.7917808219178082,0.3333333333333333,0.6876712328767123
shape,6_20,pointy,VGG16,full_model,6,0.7465753424657534,0.3333333333333333,0.6198630136986301
shape,6_20,pointy,VGG16,full_model,7,0.8178082191780822,0.3333333333333333,0.7267123287671233
shape,6_20,pointy,VGG16,full_model,8,0.7575342465753425,0.3333333333333333,0.6363013698630138
shape,6_20,pointy,VGG16,full_model,9,0.8,0.3333333333333333,0.7000000000000001
shape,6_20,pointy,VGG16,full_model,10,0.8205479452054795,0.3333333333333333,0.7308219178082191
shape,6_20,pointy,VGG16,head_model,1,0.9315068493150684,0.3333333333333333,0.8972602739726027
shape,6_20,pointy,VGG16,head_model,2,0.9301369863013699,0.3333333333333333,0.8952054794520546
shape,6_20,pointy,VGG16,head_model,3,0.9191780821917809,0.3333333333333333,0.8787671232876711
shape,6_20,pointy,VGG16,head_model,4,0.9232876712328767,0.3333333333333333,0.8849315068493149
shape,6_20,pointy,VGG16,head_model,5,0.9,0.3333333333333333,0.8499999999999999
shape,6_20,pointy,VGG16,head_model,6,0.9219178082191781,0.3333333333333333,0.8828767123287672
shape,6_20,pointy,VGG16,head_model,7,0.9219178082191781,0.3333333333333333,0.8828767123287672
shape,6_20,pointy,VGG16,head_model,8,0.8931506849315068,0.3333333333333333,0.8397260273972601
shape,6_20,pointy,VGG16,head_model,9,0.8479452054794521,0.3333333333333333,0.7719178082191781
shape,6_20,pointy,VGG16,head_model,10,0.9082191780821918,0.3333333333333333,0.8623287671232877
shape,6_20,pointy,VGG19,full_model,1,0.7986301369863014,0.3333333333333333,0.697945205479452
shape,6_20,pointy,VGG19,full_model,2,0.7849315068493151,0.3333333333333333,0.6773972602739726
shape,6_20,pointy,VGG19,full_model,3,0.7945205479452054,0.3333333333333333,0.6917808219178081
shape,6_20,pointy,VGG19,full_model,4,0.8,0.3333333333333333,0.7000000000000001
shape,6_20,pointy,VGG19,full_model,5,0.7698630136986301,0.3333333333333333,0.6547945205479451
shape,6_20,pointy,VGG19,full_model,6,0.7808219178082192,0.3333333333333333,0.6712328767123288
shape,6_20,pointy,VGG19,full_model,7,0.7767123287671233,0.3333333333333333,0.6650684931506848
shape,6_20,pointy,VGG19,full_model,8,0.8041095890410959,0.3333333333333333,0.7061643835616438
shape,6_20,pointy,VGG19,full_model,9,0.8,0.3333333333333333,0.7000000000000001
shape,6_20,pointy,VGG19,full_model,10,0.7712328767123288,0.3333333333333333,0.6568493150684931
shape,6_20,pointy,VGG19,head_model,1,0.9273972602739726,0.3333333333333333,0.8910958904109589
shape,6_20,pointy,VGG19,head_model,2,0.9315068493150684,0.3333333333333333,0.8972602739726027
shape,6_20,pointy,VGG19,head_model,3,0.9273972602739726,0.3333333333333333,0.8910958904109589
shape,6_20,pointy,VGG19,head_model,4,0.915068493150685,0.3333333333333333,0.8726027397260274
shape,6_20,pointy,VGG19,head_model,5,0.9328767123287671,0.3333333333333333,0.8993150684931507
shape,6_20,pointy,VGG19,head_model,6,0.9328767123287671,0.3333333333333333,0.8993150684931507
shape,6_20,pointy,VGG19,head_model,7,0.9383561643835616,0.3333333333333333,0.9075342465753424
shape,6_20,pointy,VGG19,head_model,8,0.9356164383561644,0.3333333333333333,0.9034246575342464
shape,6_20,pointy,VGG19,head_model,9,0.8643835616438356,0.3333333333333333,0.7965753424657533
shape,6_20,pointy,VGG19,head_model,10,0.9260273972602739,0.3333333333333333,0.8890410958904109
shape,6_20,pointy,ViT Base,full_model,1,1.0,0.3333333333333333,1.0
shape,6_20,pointy,ViT Base,full_model,2,0.9986301369863013,0.3333333333333333,0.997945205479452
shape,6_20,pointy,ViT Base,full_model,3,1.0,0.3333333333333333,1.0
shape,6_20,pointy,ViT Base,full_model,4,1.0,0.3333333333333333,1.0
shape,6_20,pointy,ViT Base,full_model,5,1.0,0.3333333333333333,1.0
shape,6_20,pointy,ViT Base,full_model,6,0.9986301369863013,0.3333333333333333,0.997945205479452
shape,6_20,pointy,ViT Base,full_model,7,1.0,0.3333333333333333,1.0
shape,6_20,pointy,ViT Base,full_model,8,0.9780821917808219,0.3333333333333333,0.9671232876712327
shape,6_20,pointy,ViT Base,full_model,9,1.0,0.3333333333333333,1.0
shape,6_20,pointy,ViT Base,full_model,10,0.9986301369863013,0.3333333333333333,0.997945205479452
shape,6_20,pointy,ViT Base,head_model,1,0.9739726027397261,0.3333333333333333,0.960958904109589
shape,6_20,pointy,ViT Base,head_model,2,0.9493150684931507,0.3333333333333333,0.9239726027397259
shape,6_20,pointy,ViT Base,head_model,3,0.9821917808219178,0.3333333333333333,0.9732876712328767
shape,6_20,pointy,ViT Base,head_model,4,0.9547945205479452,0.3333333333333333,0.9321917808219177
shape,6_20,pointy,ViT Base,head_model,5,0.9602739726027397,0.3333333333333333,0.9404109589041094
shape,6_20,pointy,ViT Base,head_model,6,0.9410958904109589,0.3333333333333333,0.9116438356164381
shape,6_20,pointy,ViT Base,head_model,7,0.7863013698630137,0.3333333333333333,0.6794520547945205
shape,6_20,pointy,ViT Base,head_model,8,0.9616438356164384,0.3333333333333333,0.9424657534246574
shape,6_20,pointy,ViT Base,head_model,9,0.8986301369863013,0.3333333333333333,0.8479452054794518
shape,6_20,pointy,ViT Base,head_model,10,0.9027397260273973,0.3333333333333333,0.8541095890410959
shape,6_20,pointy,ViT Large,full_model,1,0.9931506849315068,0.3333333333333333,0.9897260273972602
shape,6_20,pointy,ViT Large,full_model,2,1.0,0.3333333333333333,1.0
shape,6_20,pointy,ViT Large,full_model,3,1.0,0.3333333333333333,1.0
shape,6_20,pointy,ViT Large,full_model,4,1.0,0.3333333333333333,1.0
shape,6_20,pointy,ViT Large,full_model,5,1.0,0.3333333333333333,1.0
shape,6_20,pointy,ViT Large,full_model,6,0.9958904109589041,0.3333333333333333,0.9938356164383559
shape,6_20,pointy,ViT Large,full_model,7,1.0,0.3333333333333333,1.0
shape,6_20,pointy,ViT Large,full_model,8,0.9986301369863013,0.3333333333333333,0.997945205479452
shape,6_20,pointy,ViT Large,full_model,9,0.9986301369863013,0.3333333333333333,0.997945205479452
shape,6_20,pointy,ViT Large,full_model,10,0.9986301369863013,0.3333333333333333,0.997945205479452
shape,6_20,pointy,ViT Large,head_model,1,0.9164383561643835,0.3333333333333333,0.8746575342465751
shape,6_20,pointy,ViT Large,head_model,2,0.9123287671232877,0.3333333333333333,0.8684931506849314
shape,6_20,pointy,ViT Large,head_model,3,0.9260273972602739,0.3333333333333333,0.8890410958904109
shape,6_20,pointy,ViT Large,head_model,4,0.9246575342465754,0.3333333333333333,0.8869863013698629
shape,6_20,pointy,ViT Large,head_model,5,0.9273972602739726,0.3333333333333333,0.8910958904109589
shape,6_20,pointy,ViT Large,head_model,6,0.8616438356164383,0.3333333333333333,0.7924657534246573
shape,6_20,pointy,ViT Large,head_model,7,0.9232876712328767,0.3333333333333333,0.8849315068493149
shape,6_20,pointy,ViT Large,head_model,8,0.9438356164383561,0.3333333333333333,0.9157534246575342
shape,6_20,pointy,ViT Large,head_model,9,0.9410958904109589,0.3333333333333333,0.9116438356164381
shape,6_20,pointy,ViT Large,head_model,10,0.8246575342465754,0.3333333333333333,0.7369863013698631
shape,6_20,pointy,ViT Small,full_model,1,0.989041095890411,0.3333333333333333,0.9835616438356165
shape,6_20,pointy,ViT Small,full_model,2,0.9958904109589041,0.3333333333333333,0.9938356164383559
shape,6_20,pointy,ViT Small,full_model,3,1.0,0.3333333333333333,1.0
shape,6_20,pointy,ViT Small,full_model,4,0.9986301369863013,0.3333333333333333,0.997945205479452
shape,6_20,pointy,ViT Small,full_model,5,0.9958904109589041,0.3333333333333333,0.9938356164383559
shape,6_20,pointy,ViT Small,full_model,6,0.9972602739726028,0.3333333333333333,0.995890410958904
shape,6_20,pointy,ViT Small,full_model,7,0.9986301369863013,0.3333333333333333,0.997945205479452
shape,6_20,pointy,ViT Small,full_model,8,0.9931506849315068,0.3333333333333333,0.9897260273972602
shape,6_20,pointy,ViT Small,full_model,9,0.9958904109589041,0.3333333333333333,0.9938356164383559
shape,6_20,pointy,ViT Small,full_model,10,0.9986301369863013,0.3333333333333333,0.997945205479452
shape,6_20,pointy,ViT Small,head_model,1,0.9178082191780822,0.3333333333333333,0.8767123287671231
shape,6_20,pointy,ViT Small,head_model,2,0.9410958904109589,0.3333333333333333,0.9116438356164381
shape,6_20,pointy,ViT Small,head_model,3,0.8780821917808219,0.3333333333333333,0.8171232876712329
shape,6_20,pointy,ViT Small,head_model,4,0.8904109589041096,0.3333333333333333,0.8356164383561644
shape,6_20,pointy,ViT Small,head_model,5,0.9356164383561644,0.3333333333333333,0.9034246575342464
shape,6_20,pointy,ViT Small,head_model,6,0.8054794520547945,0.3333333333333333,0.7082191780821918
shape,6_20,pointy,ViT Small,head_model,7,0.7246575342465753,0.3333333333333333,0.586986301369863
shape,6_20,pointy,ViT Small,head_model,8,0.9575342465753425,0.3333333333333333,0.9363013698630137
shape,6_20,pointy,ViT Small,head_model,9,0.8931506849315068,0.3333333333333333,0.8397260273972601
shape,6_20,pointy,ViT Small,head_model,10,0.915068493150685,0.3333333333333333,0.8726027397260274
shape,6_20,streaky,ConvNeXt Base,full_model,1,0.9958275382475661,0.3333333333333333,0.9937413073713491
shape,6_20,streaky,ConvNeXt Base,full_model,2,0.9986091794158554,0.3333333333333333,0.997913769123783
shape,6_20,streaky,ConvNeXt Base,full_model,3,0.9972183588317107,0.3333333333333333,0.9958275382475661
shape,6_20,streaky,ConvNeXt Base,full_model,4,0.9986091794158554,0.3333333333333333,0.997913769123783
shape,6_20,streaky,ConvNeXt Base,full_model,5,1.0,0.3333333333333333,1.0
shape,6_20,streaky,ConvNeXt Base,full_model,6,0.9916550764951322,0.3333333333333333,0.9874826147426983
shape,6_20,streaky,ConvNeXt Base,full_model,7,0.9986091794158554,0.3333333333333333,0.997913769123783
shape,6_20,streaky,ConvNeXt Base,full_model,8,0.9986091794158554,0.3333333333333333,0.997913769123783
shape,6_20,streaky,ConvNeXt Base,full_model,9,0.9833101529902643,0.3333333333333333,0.9749652294853962
shape,6_20,streaky,ConvNeXt Base,full_model,10,0.9972183588317107,0.3333333333333333,0.9958275382475661
shape,6_20,streaky,ConvNeXt Base,head_model,1,0.9068150208623088,0.3333333333333333,0.860222531293463
shape,6_20,streaky,ConvNeXt Base,head_model,2,0.9262865090403338,0.3333333333333333,0.8894297635605007
shape,6_20,streaky,ConvNeXt Base,head_model,3,0.8567454798331016,0.3333333333333333,0.7851182197496523
shape,6_20,streaky,ConvNeXt Base,head_model,4,0.913769123783032,0.3333333333333333,0.8706536856745478
shape,6_20,streaky,ConvNeXt Base,head_model,5,0.9276773296244785,0.3333333333333333,0.8915159944367177
shape,6_20,streaky,ConvNeXt Base,head_model,6,0.8636995827538247,0.3333333333333333,0.7955493741307371
shape,6_20,streaky,ConvNeXt Base,head_model,7,0.9179415855354659,0.3333333333333333,0.8769123783031987
shape,6_20,streaky,ConvNeXt Base,head_model,8,0.9095966620305981,0.3333333333333333,0.864394993045897
shape,6_20,streaky,ConvNeXt Base,head_model,9,0.9123783031988874,0.3333333333333333,0.8685674547983309
shape,6_20,streaky,ConvNeXt Base,head_model,10,0.8970792767732962,0.3333333333333333,0.8456189151599444
shape,6_20,streaky,ConvNeXt Large,full_model,1,1.0,0.3333333333333333,1.0
shape,6_20,streaky,ConvNeXt Large,full_model,2,0.9986091794158554,0.3333333333333333,0.997913769123783
shape,6_20,streaky,ConvNeXt Large,full_model,3,0.9902642559109874,0.3333333333333333,0.985396383866481
shape,6_20,streaky,ConvNeXt Large,full_model,4,0.9986091794158554,0.3333333333333333,0.997913769123783
shape,6_20,streaky,ConvNeXt Large,full_model,5,1.0,0.3333333333333333,1.0
shape,6_20,streaky,ConvNeXt Large,full_model,6,0.9986091794158554,0.3333333333333333,0.997913769123783
shape,6_20,streaky,ConvNeXt Large,full_model,7,0.9958275382475661,0.3333333333333333,0.9937413073713491
shape,6_20,streaky,ConvNeXt Large,full_model,8,0.9944367176634215,0.3333333333333333,0.9916550764951322
shape,6_20,streaky,ConvNeXt Large,full_model,9,1.0,0.3333333333333333,1.0
shape,6_20,streaky,ConvNeXt Large,full_model,10,1.0,0.3333333333333333,1.0
shape,6_20,streaky,ConvNeXt Large,head_model,1,0.9582753824756607,0.3333333333333333,0.937413073713491
shape,6_20,streaky,ConvNeXt Large,head_model,2,0.9638386648122392,0.3333333333333333,0.9457579972183588
shape,6_20,streaky,ConvNeXt Large,head_model,3,0.9207232267037552,0.3333333333333333,0.8810848400556326
shape,6_20,streaky,ConvNeXt Large,head_model,4,0.9415855354659249,0.3333333333333333,0.9123783031988872
shape,6_20,streaky,ConvNeXt Large,head_model,5,0.96105702364395,0.3333333333333333,0.9415855354659249
shape,6_20,streaky,ConvNeXt Large,head_model,6,0.9276773296244785,0.3333333333333333,0.8915159944367177
shape,6_20,streaky,ConvNeXt Large,head_model,7,0.9485396383866481,0.3333333333333333,0.922809457579972
shape,6_20,streaky,ConvNeXt Large,head_model,8,0.9554937413073713,0.3333333333333333,0.9332406119610568
shape,6_20,streaky,ConvNeXt Large,head_model,9,0.9568845618915159,0.3333333333333333,0.9353268428372737
shape,6_20,streaky,ConvNeXt Large,head_model,10,0.9318497913769124,0.3333333333333333,0.8977746870653686
shape,6_20,streaky,ConvNeXt Small,full_model,1,1.0,0.3333333333333333,1.0
shape,6_20,streaky,ConvNeXt Small,full_model,2,0.9944367176634215,0.3333333333333333,0.9916550764951322
shape,6_20,streaky,ConvNeXt Small,full_model,3,0.9986091794158554,0.3333333333333333,0.997913769123783
shape,6_20,streaky,ConvNeXt Small,full_model,4,0.9958275382475661,0.3333333333333333,0.9937413073713491
shape,6_20,streaky,ConvNeXt Small,full_model,5,0.980528511821975,0.3333333333333333,0.9707927677329623
shape,6_20,streaky,ConvNeXt Small,full_model,6,0.9986091794158554,0.3333333333333333,0.997913769123783
shape,6_20,streaky,ConvNeXt Small,full_model,7,0.9986091794158554,0.3333333333333333,0.997913769123783
shape,6_20,streaky,ConvNeXt Small,full_model,8,0.9972183588317107,0.3333333333333333,0.9958275382475661
shape,6_20,streaky,ConvNeXt Small,full_model,9,0.9958275382475661,0.3333333333333333,0.9937413073713491
shape,6_20,streaky,ConvNeXt Small,full_model,10,0.9944367176634215,0.3333333333333333,0.9916550764951322
shape,6_20,streaky,ConvNeXt Small,head_model,1,0.9388038942976356,0.3333333333333333,0.9082058414464533
shape,6_20,streaky,ConvNeXt Small,head_model,2,0.9513212795549374,0.3333333333333333,0.9269819193324059
shape,6_20,streaky,ConvNeXt Small,head_model,3,0.8553546592489569,0.3333333333333333,0.7830319888734354
shape,6_20,streaky,ConvNeXt Small,head_model,4,0.9262865090403338,0.3333333333333333,0.8894297635605007
shape,6_20,streaky,ConvNeXt Small,head_model,5,0.8929068150208623,0.3333333333333333,0.8393602225312935
shape,6_20,streaky,ConvNeXt Small,head_model,6,0.894297635605007,0.3333333333333333,0.8414464534075105
shape,6_20,streaky,ConvNeXt Small,head_model,7,0.9346314325452016,0.3333333333333333,0.9019471488178025
shape,6_20,streaky,ConvNeXt Small,head_model,8,0.8734353268428373,0.3333333333333333,0.8101529902642558
shape,6_20,streaky,ConvNeXt Small,head_model,9,0.9582753824756607,0.3333333333333333,0.937413073713491
shape,6_20,streaky,ConvNeXt Small,head_model,10,0.8873435326842837,0.3333333333333333,0.8310152990264253
shape,6_20,streaky,ConvNeXt Tiny,full_model,1,1.0,0.3333333333333333,1.0
shape,6_20,streaky,ConvNeXt Tiny,full_model,2,1.0,0.3333333333333333,1.0
shape,6_20,streaky,ConvNeXt Tiny,full_model,3,0.9972183588317107,0.3333333333333333,0.9958275382475661
shape,6_20,streaky,ConvNeXt Tiny,full_model,4,1.0,0.3333333333333333,1.0
shape,6_20,streaky,ConvNeXt Tiny,full_model,5,1.0,0.3333333333333333,1.0
shape,6_20,streaky,ConvNeXt Tiny,full_model,6,0.9986091794158554,0.3333333333333333,0.997913769123783
shape,6_20,streaky,ConvNeXt Tiny,full_model,7,0.9972183588317107,0.3333333333333333,0.9958275382475661
shape,6_20,streaky,ConvNeXt Tiny,full_model,8,0.9986091794158554,0.3333333333333333,0.997913769123783
shape,6_20,streaky,ConvNeXt Tiny,full_model,9,0.9944367176634215,0.3333333333333333,0.9916550764951322
shape,6_20,streaky,ConvNeXt Tiny,full_model,10,1.0,0.3333333333333333,1.0
shape,6_20,streaky,ConvNeXt Tiny,head_model,1,0.972183588317107,0.3333333333333333,0.9582753824756606
shape,6_20,streaky,ConvNeXt Tiny,head_model,2,0.96105702364395,0.3333333333333333,0.9415855354659249
shape,6_20,streaky,ConvNeXt Tiny,head_model,3,0.933240611961057,0.3333333333333333,0.8998609179415855
shape,6_20,streaky,ConvNeXt Tiny,head_model,4,0.9374130737134909,0.3333333333333333,0.9061196105702364
shape,6_20,streaky,ConvNeXt Tiny,head_model,5,0.9568845618915159,0.3333333333333333,0.9353268428372737
shape,6_20,streaky,ConvNeXt Tiny,head_model,6,0.9276773296244785,0.3333333333333333,0.8915159944367177
shape,6_20,streaky,ConvNeXt Tiny,head_model,7,0.9513212795549374,0.3333333333333333,0.9269819193324059
shape,6_20,streaky,ConvNeXt Tiny,head_model,8,0.9374130737134909,0.3333333333333333,0.9061196105702364
shape,6_20,streaky,ConvNeXt Tiny,head_model,9,0.9374130737134909,0.3333333333333333,0.9061196105702364
shape,6_20,streaky,ConvNeXt Tiny,head_model,10,0.9401947148817803,0.3333333333333333,0.9102920723226703
shape,6_20,streaky,DINOv3 ViT Base,full_model,1,0.952712100139082,0.3333333333333333,0.9290681502086229
shape,6_20,streaky,DINOv3 ViT Base,full_model,2,0.9972183588317107,0.3333333333333333,0.9958275382475661
shape,6_20,streaky,DINOv3 ViT Base,full_model,3,0.9986091794158554,0.3333333333333333,0.997913769123783
shape,6_20,streaky,DINOv3 ViT Base,full_model,4,0.9972183588317107,0.3333333333333333,0.9958275382475661
shape,6_20,streaky,DINOv3 ViT Base,full_model,5,1.0,0.3333333333333333,1.0
shape,6_20,streaky,DINOv3 ViT Base,full_model,6,0.9972183588317107,0.3333333333333333,0.9958275382475661
shape,6_20,streaky,DINOv3 ViT Base,full_model,7,0.9916550764951322,0.3333333333333333,0.9874826147426983
shape,6_20,streaky,DINOv3 ViT Base,full_model,8,0.9958275382475661,0.3333333333333333,0.9937413073713491
shape,6_20,streaky,DINOv3 ViT Base,full_model,9,0.9791376912378303,0.3333333333333333,0.9687065368567453
shape,6_20,streaky,DINOv3 ViT Base,full_model,10,0.9763560500695411,0.3333333333333333,0.9645340751043114
shape,6_20,streaky,DINOv3 ViT Base,head_model,1,0.8831710709318498,0.3333333333333333,0.8247566063977745
shape,6_20,streaky,DINOv3 ViT Base,head_model,2,0.9694019471488178,0.3333333333333333,0.9541029207232267
shape,6_20,streaky,DINOv3 ViT Base,head_model,3,0.9707927677329624,0.3333333333333333,0.9561891515994436
shape,6_20,streaky,DINOv3 ViT Base,head_model,4,0.9666203059805285,0.3333333333333333,0.9499304589707928
shape,6_20,streaky,DINOv3 ViT Base,head_model,5,0.7955493741307371,0.3333333333333333,0.6933240611961057
shape,6_20,streaky,DINOv3 ViT Base,head_model,6,0.9707927677329624,0.3333333333333333,0.9561891515994436
shape,6_20,streaky,DINOv3 ViT Base,head_model,7,0.9666203059805285,0.3333333333333333,0.9499304589707928
shape,6_20,streaky,DINOv3 ViT Base,head_model,8,0.9582753824756607,0.3333333333333333,0.937413073713491
shape,6_20,streaky,DINOv3 ViT Base,head_model,9,0.9666203059805285,0.3333333333333333,0.9499304589707928
shape,6_20,streaky,DINOv3 ViT Base,head_model,10,0.952712100139082,0.3333333333333333,0.9290681502086229
shape,6_20,streaky,ResNet18,full_model,1,0.5368567454798331,0.3333333333333333,0.30528511821974963
shape,6_20,streaky,ResNet18,full_model,2,0.5382475660639777,0.3333333333333333,0.3073713490959666
shape,6_20,streaky,ResNet18,full_model,3,0.5660639777468707,0.3333333333333333,0.349095966620306
shape,6_20,streaky,ResNet18,full_model,4,0.5465924895688457,0.3333333333333333,0.3198887343532685
shape,6_20,streaky,ResNet18,full_model,5,0.5465924895688457,0.3333333333333333,0.3198887343532685
shape,6_20,streaky,ResNet18,full_model,6,0.5632823365785814,0.3333333333333333,0.3449235048678721
shape,6_20,streaky,ResNet18,full_model,7,0.5660639777468707,0.3333333333333333,0.349095966620306
shape,6_20,streaky,ResNet18,full_model,8,0.5132127955493742,0.3333333333333333,0.26981919332406124
shape,6_20,streaky,ResNet18,full_model,9,0.5605006954102921,0.3333333333333333,0.3407510431154382
shape,6_20,streaky,ResNet18,full_model,10,0.5257301808066759,0.3333333333333333,0.2885952712100138
shape,6_20,streaky,ResNet18,head_model,1,0.8358831710709318,0.3333333333333333,0.7538247566063977
shape,6_20,streaky,ResNet18,head_model,2,0.8372739916550765,0.3333333333333333,0.7559109874826146
shape,6_20,streaky,ResNet18,head_model,3,0.847009735744089,0.3333333333333333,0.7705146036161333
shape,6_20,streaky,ResNet18,head_model,4,0.8428372739916551,0.3333333333333333,0.7642559109874825
shape,6_20,streaky,ResNet18,head_model,5,0.8414464534075105,0.3333333333333333,0.7621696801112655
shape,6_20,streaky,ResNet18,head_model,6,0.8428372739916551,0.3333333333333333,0.7642559109874825
shape,6_20,streaky,ResNet18,head_model,7,0.8414464534075105,0.3333333333333333,0.7621696801112655
shape,6_20,streaky,ResNet18,head_model,8,0.8261474269819193,0.3333333333333333,0.739221140472879
shape,6_20,streaky,ResNet18,head_model,9,0.8386648122392212,0.3333333333333333,0.7579972183588316
shape,6_20,streaky,ResNet18,head_model,10,0.8303198887343533,0.3333333333333333,0.7454798331015299
shape,6_20,streaky,ResNet50,full_model,1,0.49235048678720444,0.3333333333333333,0.23852573018080667
shape,6_20,streaky,ResNet50,full_model,2,0.5159944367176634,0.3333333333333333,0.27399165507649514
shape,6_20,streaky,ResNet50,full_model,3,0.5229485396383866,0.3333333333333333,0.2844228094575799
shape,6_20,streaky,ResNet50,full_model,4,0.5034770514603616,0.3333333333333333,0.2552155771905424
shape,6_20,streaky,ResNet50,full_model,5,0.4853963838664812,0.3333333333333333,0.2280945757997218
shape,6_20,streaky,ResNet50,full_model,6,0.47705146036161333,0.3333333333333333,0.21557719054242
shape,6_20,streaky,ResNet50,full_model,7,0.5118219749652295,0.3333333333333333,0.2677329624478443
shape,6_20,streaky,ResNet50,full_model,8,0.5187760778859527,0.3333333333333333,0.27816411682892905
shape,6_20,streaky,ResNet50,full_model,9,0.44367176634214184,0.3333333333333333,0.16550764951321276
shape,6_20,streaky,ResNet50,full_model,10,0.5034770514603616,0.3333333333333333,0.2552155771905424
shape,6_20,streaky,ResNet50,head_model,1,0.7719054242002782,0.3333333333333333,0.6578581363004172
shape,6_20,streaky,ResNet50,head_model,2,0.7649513212795549,0.3333333333333333,0.6474269819193323
shape,6_20,streaky,ResNet50,head_model,3,0.7858136300417247,0.3333333333333333,0.678720445062587
shape,6_20,streaky,ResNet50,head_model,4,0.7649513212795549,0.3333333333333333,0.6474269819193323
shape,6_20,streaky,ResNet50,head_model,5,0.7691237830319889,0.3333333333333333,0.6536856745479833
shape,6_20,streaky,ResNet50,head_model,6,0.7649513212795549,0.3333333333333333,0.6474269819193323
shape,6_20,streaky,ResNet50,head_model,7,0.7691237830319889,0.3333333333333333,0.6536856745479833
shape,6_20,streaky,ResNet50,head_model,8,0.7732962447844228,0.3333333333333333,0.6599443671766342
shape,6_20,streaky,ResNet50,head_model,9,0.7788595271210014,0.3333333333333333,0.668289290681502
shape,6_20,streaky,ResNet50,head_model,10,0.7816411682892906,0.3333333333333333,0.6724617524339359
shape,6_20,streaky,VGG11,full_model,1,0.8219749652294854,0.3333333333333333,0.7329624478442281
shape,6_20,streaky,VGG11,full_model,2,0.8456189151599444,0.3333333333333333,0.7684283727399164
shape,6_20,streaky,VGG11,full_model,3,0.8094575799721836,0.3333333333333333,0.7141863699582753
shape,6_20,streaky,VGG11,full_model,4,0.8150208623087621,0.3333333333333333,0.7225312934631432
shape,6_20,streaky,VGG11,full_model,5,0.8511821974965229,0.3333333333333333,0.7767732962447842
shape,6_20,streaky,VGG11,full_model,6,0.8428372739916551,0.3333333333333333,0.7642559109874825
shape,6_20,streaky,VGG11,full_model,7,0.8692628650904033,0.3333333333333333,0.8038942976356049
shape,6_20,streaky,VGG11,full_model,8,0.8650904033379694,0.3333333333333333,0.7976356050069541
shape,6_20,streaky,VGG11,full_model,9,0.8331015299026425,0.3333333333333333,0.7496522948539638
shape,6_20,streaky,VGG11,full_model,10,0.8553546592489569,0.3333333333333333,0.7830319888734354
shape,6_20,streaky,VGG11,head_model,1,0.8386648122392212,0.3333333333333333,0.7579972183588316
shape,6_20,streaky,VGG11,head_model,2,0.8511821974965229,0.3333333333333333,0.7767732962447842
shape,6_20,streaky,VGG11,head_model,3,0.8344923504867872,0.3333333333333333,0.7517385257301807
shape,6_20,streaky,VGG11,head_model,4,0.8428372739916551,0.3333333333333333,0.7642559109874825
shape,6_20,streaky,VGG11,head_model,5,0.8386648122392212,0.3333333333333333,0.7579972183588316
shape,6_20,streaky,VGG11,head_model,6,0.827538247566064,0.3333333333333333,0.741307371349096
shape,6_20,streaky,VGG11,head_model,7,0.8484005563282336,0.3333333333333333,0.7726008344923503
shape,6_20,streaky,VGG11,head_model,8,0.8553546592489569,0.3333333333333333,0.7830319888734354
shape,6_20,streaky,VGG11,head_model,9,0.8136300417246175,0.3333333333333333,0.7204450625869262
shape,6_20,streaky,VGG11,head_model,10,0.8539638386648123,0.3333333333333333,0.7809457579972184
shape,6_20,streaky,VGG13,full_model,1,0.885952712100139,0.3333333333333333,0.8289290681502084
shape,6_20,streaky,VGG13,full_model,2,0.8539638386648123,0.3333333333333333,0.7809457579972184
shape,6_20,streaky,VGG13,full_model,3,0.874826147426982,0.3333333333333333,0.8122392211404728
shape,6_20,streaky,VGG13,full_model,4,0.847009735744089,0.3333333333333333,0.7705146036161333
shape,6_20,streaky,VGG13,full_model,5,0.8247566063977747,0.3333333333333333,0.7371349095966621
shape,6_20,streaky,VGG13,full_model,6,0.8762169680111266,0.3333333333333333,0.8143254520166897
shape,6_20,streaky,VGG13,full_model,7,0.8428372739916551,0.3333333333333333,0.7642559109874825
shape,6_20,streaky,VGG13,full_model,8,0.8970792767732962,0.3333333333333333,0.8456189151599444
shape,6_20,streaky,VGG13,full_model,9,0.8817802503477051,0.3333333333333333,0.8226703755215575
shape,6_20,streaky,VGG13,full_model,10,0.8247566063977747,0.3333333333333333,0.7371349095966621
shape,6_20,streaky,VGG13,head_model,1,0.8831710709318498,0.3333333333333333,0.8247566063977745
shape,6_20,streaky,VGG13,head_model,2,0.8845618915159944,0.3333333333333333,0.8268428372739914
shape,6_20,streaky,VGG13,head_model,3,0.8929068150208623,0.3333333333333333,0.8393602225312935
shape,6_20,streaky,VGG13,head_model,4,0.8511821974965229,0.3333333333333333,0.7767732962447842
shape,6_20,streaky,VGG13,head_model,5,0.8845618915159944,0.3333333333333333,0.8268428372739914
shape,6_20,streaky,VGG13,head_model,6,0.8372739916550765,0.3333333333333333,0.7559109874826146
shape,6_20,streaky,VGG13,head_model,7,0.8915159944367177,0.3333333333333333,0.8372739916550765
shape,6_20,streaky,VGG13,head_model,8,0.9054242002781642,0.3333333333333333,0.8581363004172461
shape,6_20,streaky,VGG13,head_model,9,0.874826147426982,0.3333333333333333,0.8122392211404728
shape,6_20,streaky,VGG13,head_model,10,0.8970792767732962,0.3333333333333333,0.8456189151599444
shape,6_20,streaky,VGG16,full_model,1,0.803894297635605,0.3333333333333333,0.7058414464534075
shape,6_20,streaky,VGG16,full_model,2,0.7774687065368567,0.3333333333333333,0.666203059805285
shape,6_20,streaky,VGG16,full_model,3,0.7343532684283728,0.3333333333333333,0.6015299026425591
shape,6_20,streaky,VGG16,full_model,4,0.760778859527121,0.3333333333333333,0.6411682892906815
shape,6_20,streaky,VGG16,full_model,5,0.7621696801112656,0.3333333333333333,0.6432545201668984
shape,6_20,streaky,VGG16,full_model,6,0.7691237830319889,0.3333333333333333,0.6536856745479833
shape,6_20,streaky,VGG16,full_model,7,0.7329624478442281,0.3333333333333333,0.5994436717663422
shape,6_20,streaky,VGG16,full_model,8,0.7037552155771906,0.3333333333333333,0.5556328233657858
shape,6_20,streaky,VGG16,full_model,9,0.7635605006954103,0.3333333333333333,0.6453407510431154
shape,6_20,streaky,VGG16,full_model,10,0.7454798331015299,0.3333333333333333,0.6182197496522948
shape,6_20,streaky,VGG16,head_model,1,0.8317107093184979,0.3333333333333333,0.7475660639777468
shape,6_20,streaky,VGG16,head_model,2,0.7691237830319889,0.3333333333333333,0.6536856745479833
shape,6_20,streaky,VGG16,head_model,3,0.8386648122392212,0.3333333333333333,0.7579972183588316
shape,6_20,streaky,VGG16,head_model,4,0.8289290681502086,0.3333333333333333,0.7433936022253129
shape,6_20,streaky,VGG16,head_model,5,0.8219749652294854,0.3333333333333333,0.7329624478442281
shape,6_20,streaky,VGG16,head_model,6,0.8150208623087621,0.3333333333333333,0.7225312934631432
shape,6_20,streaky,VGG16,head_model,7,0.8233657858136301,0.3333333333333333,0.7350486787204451
shape,6_20,streaky,VGG16,head_model,8,0.780250347705146,0.3333333333333333,0.670375521557719
shape,6_20,streaky,VGG16,head_model,9,0.8150208623087621,0.3333333333333333,0.7225312934631432
shape,6_20,streaky,VGG16,head_model,10,0.827538247566064,0.3333333333333333,0.741307371349096
shape,6_20,streaky,VGG19,full_model,1,0.7440890125173852,0.3333333333333333,0.6161335187760778
shape,6_20,streaky,VGG19,full_model,2,0.717663421418637,0.3333333333333333,0.5764951321279556
shape,6_20,streaky,VGG19,full_model,3,0.7148817802503477,0.3333333333333333,0.5723226703755214
shape,6_20,streaky,VGG19,full_model,4,0.7121001390820584,0.3333333333333333,0.5681502086230875
shape,6_20,streaky,VGG19,full_model,5,0.7357440890125174,0.3333333333333333,0.6036161335187761
shape,6_20,streaky,VGG19,full_model,6,0.7705146036161336,0.3333333333333333,0.6557719054242003
shape,6_20,streaky,VGG19,full_model,7,0.741307371349096,0.3333333333333333,0.6119610570236439
shape,6_20,streaky,VGG19,full_model,8,0.7273991655076495,0.3333333333333333,0.5910987482614742
shape,6_20,streaky,VGG19,full_model,9,0.7593880389429764,0.3333333333333333,0.6390820584144645
shape,6_20,streaky,VGG19,full_model,10,0.7663421418636995,0.3333333333333333,0.6495132127955493
shape,6_20,streaky,VGG19,head_model,1,0.9207232267037552,0.3333333333333333,0.8810848400556326
shape,6_20,streaky,VGG19,head_model,2,0.8929068150208623,0.3333333333333333,0.8393602225312935
shape,6_20,streaky,VGG19,head_model,3,0.9095966620305981,0.3333333333333333,0.864394993045897
shape,6_20,streaky,VGG19,head_model,4,0.9109874826147427,0.3333333333333333,0.8664812239221139
shape,6_20,streaky,VGG19,head_model,5,0.913769123783032,0.3333333333333333,0.8706536856745478
shape,6_20,streaky,VGG19,head_model,6,0.9207232267037552,0.3333333333333333,0.8810848400556326
shape,6_20,streaky,VGG19,head_model,7,0.9040333796940194,0.3333333333333333,0.8560500695410291
shape,6_20,streaky,VGG19,head_model,8,0.9026425591098748,0.3333333333333333,0.8539638386648122
shape,6_20,streaky,VGG19,head_model,9,0.9193324061196105,0.3333333333333333,0.8789986091794156
shape,6_20,streaky,VGG19,head_model,10,0.9109874826147427,0.3333333333333333,0.8664812239221139
shape,6_20,streaky,ViT Base,full_model,1,0.9916550764951322,0.3333333333333333,0.9874826147426983
shape,6_20,streaky,ViT Base,full_model,2,0.9958275382475661,0.3333333333333333,0.9937413073713491
shape,6_20,streaky,ViT Base,full_model,3,1.0,0.3333333333333333,1.0
shape,6_20,streaky,ViT Base,full_model,4,0.9972183588317107,0.3333333333333333,0.9958275382475661
shape,6_20,streaky,ViT Base,full_model,5,0.980528511821975,0.3333333333333333,0.9707927677329623
shape,6_20,streaky,ViT Base,full_model,6,1.0,0.3333333333333333,1.0
shape,6_20,streaky,ViT Base,full_model,7,0.9860917941585535,0.3333333333333333,0.9791376912378301
shape,6_20,streaky,ViT Base,full_model,8,0.9972183588317107,0.3333333333333333,0.9958275382475661
shape,6_20,streaky,ViT Base,full_model,9,0.9972183588317107,0.3333333333333333,0.9958275382475661
shape,6_20,streaky,ViT Base,full_model,10,1.0,0.3333333333333333,1.0
shape,6_20,streaky,ViT Base,head_model,1,0.8678720445062587,0.3333333333333333,0.801808066759388
shape,6_20,streaky,ViT Base,head_model,2,0.9360222531293463,0.3333333333333333,0.9040333796940194
shape,6_20,streaky,ViT Base,head_model,3,0.972183588317107,0.3333333333333333,0.9582753824756606
shape,6_20,streaky,ViT Base,head_model,4,0.9847009735744089,0.3333333333333333,0.9770514603616132
shape,6_20,streaky,ViT Base,head_model,5,0.9429763560500696,0.3333333333333333,0.9144645340751042
shape,6_20,streaky,ViT Base,head_model,6,0.9541029207232267,0.3333333333333333,0.9311543810848398
shape,6_20,streaky,ViT Base,head_model,7,0.9179415855354659,0.3333333333333333,0.8769123783031987
shape,6_20,streaky,ViT Base,head_model,8,0.9513212795549374,0.3333333333333333,0.9269819193324059
shape,6_20,streaky,ViT Base,head_model,9,0.9819193324061196,0.3333333333333333,0.9728789986091793
shape,6_20,streaky,ViT Base,head_model,10,0.9443671766342142,0.3333333333333333,0.9165507649513212
shape,6_20,streaky,ViT Large,full_model,1,0.9972183588317107,0.3333333333333333,0.9958275382475661
shape,6_20,streaky,ViT Large,full_model,2,0.9958275382475661,0.3333333333333333,0.9937413073713491
shape,6_20,streaky,ViT Large,full_model,3,0.9944367176634215,0.3333333333333333,0.9916550764951322
shape,6_20,streaky,ViT Large,full_model,4,1.0,0.3333333333333333,1.0
shape,6_20,streaky,ViT Large,full_model,5,0.9944367176634215,0.3333333333333333,0.9916550764951322
shape,6_20,streaky,ViT Large,full_model,6,0.980528511821975,0.3333333333333333,0.9707927677329623
shape,6_20,streaky,ViT Large,full_model,7,0.9944367176634215,0.3333333333333333,0.9916550764951322
shape,6_20,streaky,ViT Large,full_model,8,0.9958275382475661,0.3333333333333333,0.9937413073713491
shape,6_20,streaky,ViT Large,full_model,9,0.9930458970792768,0.3333333333333333,0.9895688456189152
shape,6_20,streaky,ViT Large,full_model,10,0.972183588317107,0.3333333333333333,0.9582753824756606
shape,6_20,streaky,ViT Large,head_model,1,0.8817802503477051,0.3333333333333333,0.8226703755215575
shape,6_20,streaky,ViT Large,head_model,2,0.9596662030598053,0.3333333333333333,0.939499304589708
shape,6_20,streaky,ViT Large,head_model,3,0.9123783031988874,0.3333333333333333,0.8685674547983309
shape,6_20,streaky,ViT Large,head_model,4,0.9624478442280946,0.3333333333333333,0.9436717663421419
shape,6_20,streaky,ViT Large,head_model,5,0.9680111265646731,0.3333333333333333,0.9520166898470097
shape,6_20,streaky,ViT Large,head_model,6,0.9666203059805285,0.3333333333333333,0.9499304589707928
shape,6_20,streaky,ViT Large,head_model,7,0.9290681502086231,0.3333333333333333,0.8936022253129347
shape,6_20,streaky,ViT Large,head_model,8,0.9109874826147427,0.3333333333333333,0.8664812239221139
shape,6_20,streaky,ViT Large,head_model,9,0.96105702364395,0.3333333333333333,0.9415855354659249
shape,6_20,streaky,ViT Large,head_model,10,0.8317107093184979,0.3333333333333333,0.7475660639777468
shape,6_20,streaky,ViT Small,full_model,1,1.0,0.3333333333333333,1.0
shape,6_20,streaky,ViT Small,full_model,2,0.9777468706536857,0.3333333333333333,0.9666203059805284
shape,6_20,streaky,ViT Small,full_model,3,0.9888734353268428,0.3333333333333333,0.983310152990264
shape,6_20,streaky,ViT Small,full_model,4,0.9680111265646731,0.3333333333333333,0.9520166898470097
shape,6_20,streaky,ViT Small,full_model,5,0.9860917941585535,0.3333333333333333,0.9791376912378301
shape,6_20,streaky,ViT Small,full_model,6,0.9735744089012517,0.3333333333333333,0.9603616133518775
shape,6_20,streaky,ViT Small,full_model,7,0.9972183588317107,0.3333333333333333,0.9958275382475661
shape,6_20,streaky,ViT Small,full_model,8,0.9902642559109874,0.3333333333333333,0.985396383866481
shape,6_20,streaky,ViT Small,full_model,9,0.9986091794158554,0.3333333333333333,0.997913769123783
shape,6_20,streaky,ViT Small,full_model,10,0.9902642559109874,0.3333333333333333,0.985396383866481
shape,6_20,streaky,ViT Small,head_model,1,0.972183588317107,0.3333333333333333,0.9582753824756606
shape,6_20,streaky,ViT Small,head_model,2,0.7315716272600834,0.3333333333333333,0.5973574408901251
shape,6_20,streaky,ViT Small,head_model,3,0.9485396383866481,0.3333333333333333,0.922809457579972
shape,6_20,streaky,ViT Small,head_model,4,0.9860917941585535,0.3333333333333333,0.9791376912378301
shape,6_20,streaky,ViT Small,head_model,5,0.9415855354659249,0.3333333333333333,0.9123783031988872
shape,6_20,streaky,ViT Small,head_model,6,0.9735744089012517,0.3333333333333333,0.9603616133518775
shape,6_20,streaky,ViT Small,head_model,7,0.9054242002781642,0.3333333333333333,0.8581363004172461
shape,6_20,streaky,ViT Small,head_model,8,0.972183588317107,0.3333333333333333,0.9582753824756606
shape,6_20,streaky,ViT Small,head_model,9,0.9680111265646731,0.3333333333333333,0.9520166898470097
shape,6_20,streaky,ViT Small,head_model,10,0.9318497913769124,0.3333333333333333,0.8977746870653686
shape,9_10,pointy,ConvNeXt Base,full_model,1,1.0,0.3333333333333333,1.0
shape,9_10,pointy,ConvNeXt Base,full_model,2,0.9986301369863013,0.3333333333333333,0.997945205479452
shape,9_10,pointy,ConvNeXt Base,full_model,3,1.0,0.3333333333333333,1.0
shape,9_10,pointy,ConvNeXt Base,full_model,4,0.9972602739726028,0.3333333333333333,0.995890410958904
shape,9_10,pointy,ConvNeXt Base,full_model,5,1.0,0.3333333333333333,1.0
shape,9_10,pointy,ConvNeXt Base,full_model,6,1.0,0.3333333333333333,1.0
shape,9_10,pointy,ConvNeXt Base,full_model,7,0.9986301369863013,0.3333333333333333,0.997945205479452
shape,9_10,pointy,ConvNeXt Base,full_model,8,0.9958904109589041,0.3333333333333333,0.9938356164383559
shape,9_10,pointy,ConvNeXt Base,full_model,9,0.9986301369863013,0.3333333333333333,0.997945205479452
shape,9_10,pointy,ConvNeXt Base,full_model,10,0.9986301369863013,0.3333333333333333,0.997945205479452
shape,9_10,pointy,ConvNeXt Base,head_model,1,0.9191780821917809,0.3333333333333333,0.8787671232876711
shape,9_10,pointy,ConvNeXt Base,head_model,2,0.9013698630136986,0.3333333333333333,0.8520547945205479
shape,9_10,pointy,ConvNeXt Base,head_model,3,0.8863013698630137,0.3333333333333333,0.8294520547945203
shape,9_10,pointy,ConvNeXt Base,head_model,4,0.9041095890410958,0.3333333333333333,0.8561643835616436
shape,9_10,pointy,ConvNeXt Base,head_model,5,0.8904109589041096,0.3333333333333333,0.8356164383561644
shape,9_10,pointy,ConvNeXt Base,head_model,6,0.9068493150684932,0.3333333333333333,0.8602739726027396
shape,9_10,pointy,ConvNeXt Base,head_model,7,0.9123287671232877,0.3333333333333333,0.8684931506849314
shape,9_10,pointy,ConvNeXt Base,head_model,8,0.8986301369863013,0.3333333333333333,0.8479452054794518
shape,9_10,pointy,ConvNeXt Base,head_model,9,0.9027397260273973,0.3333333333333333,0.8541095890410959
shape,9_10,pointy,ConvNeXt Base,head_model,10,0.9178082191780822,0.3333333333333333,0.8767123287671231
shape,9_10,pointy,ConvNeXt Large,full_model,1,1.0,0.3333333333333333,1.0
shape,9_10,pointy,ConvNeXt Large,full_model,2,0.9986301369863013,0.3333333333333333,0.997945205479452
shape,9_10,pointy,ConvNeXt Large,full_model,3,1.0,0.3333333333333333,1.0
shape,9_10,pointy,ConvNeXt Large,full_model,4,0.9986301369863013,0.3333333333333333,0.997945205479452
shape,9_10,pointy,ConvNeXt Large,full_model,5,1.0,0.3333333333333333,1.0
shape,9_10,pointy,ConvNeXt Large,full_model,6,1.0,0.3333333333333333,1.0
shape,9_10,pointy,ConvNeXt Large,full_model,7,1.0,0.3333333333333333,1.0
shape,9_10,pointy,ConvNeXt Large,full_model,8,0.9986301369863013,0.3333333333333333,0.997945205479452
shape,9_10,pointy,ConvNeXt Large,full_model,9,0.9958904109589041,0.3333333333333333,0.9938356164383559
shape,9_10,pointy,ConvNeXt Large,full_model,10,1.0,0.3333333333333333,1.0
shape,9_10,pointy,ConvNeXt Large,head_model,1,0.9191780821917809,0.3333333333333333,0.8787671232876711
shape,9_10,pointy,ConvNeXt Large,head_model,2,0.9438356164383561,0.3333333333333333,0.9157534246575342
shape,9_10,pointy,ConvNeXt Large,head_model,3,0.9397260273972603,0.3333333333333333,0.9095890410958904
shape,9_10,pointy,ConvNeXt Large,head_model,4,0.9424657534246575,0.3333333333333333,0.9136986301369862
shape,9_10,pointy,ConvNeXt Large,head_model,5,0.9328767123287671,0.3333333333333333,0.8993150684931507
shape,9_10,pointy,ConvNeXt Large,head_model,6,0.9534246575342465,0.3333333333333333,0.9301369863013697
shape,9_10,pointy,ConvNeXt Large,head_model,7,0.9493150684931507,0.3333333333333333,0.9239726027397259
shape,9_10,pointy,ConvNeXt Large,head_model,8,0.936986301369863,0.3333333333333333,0.9054794520547944
shape,9_10,pointy,ConvNeXt Large,head_model,9,0.936986301369863,0.3333333333333333,0.9054794520547944
shape,9_10,pointy,ConvNeXt Large,head_model,10,0.9410958904109589,0.3333333333333333,0.9116438356164381
shape,9_10,pointy,ConvNeXt Small,full_model,1,1.0,0.3333333333333333,1.0
shape,9_10,pointy,ConvNeXt Small,full_model,2,1.0,0.3333333333333333,1.0
shape,9_10,pointy,ConvNeXt Small,full_model,3,1.0,0.3333333333333333,1.0
shape,9_10,pointy,ConvNeXt Small,full_model,4,1.0,0.3333333333333333,1.0
shape,9_10,pointy,ConvNeXt Small,full_model,5,1.0,0.3333333333333333,1.0
shape,9_10,pointy,ConvNeXt Small,full_model,6,0.9972602739726028,0.3333333333333333,0.995890410958904
shape,9_10,pointy,ConvNeXt Small,full_model,7,1.0,0.3333333333333333,1.0
shape,9_10,pointy,ConvNeXt Small,full_model,8,1.0,0.3333333333333333,1.0
shape,9_10,pointy,ConvNeXt Small,full_model,9,0.9945205479452055,0.3333333333333333,0.9917808219178083
shape,9_10,pointy,ConvNeXt Small,full_model,10,1.0,0.3333333333333333,1.0
shape,9_10,pointy,ConvNeXt Small,head_model,1,0.8972602739726028,0.3333333333333333,0.8458904109589042
shape,9_10,pointy,ConvNeXt Small,head_model,2,0.8917808219178082,0.3333333333333333,0.8376712328767121
shape,9_10,pointy,ConvNeXt Small,head_model,3,0.8863013698630137,0.3333333333333333,0.8294520547945203
shape,9_10,pointy,ConvNeXt Small,head_model,4,0.8945205479452055,0.3333333333333333,0.8417808219178081
shape,9_10,pointy,ConvNeXt Small,head_model,5,0.8931506849315068,0.3333333333333333,0.8397260273972601
shape,9_10,pointy,ConvNeXt Small,head_model,6,0.9027397260273973,0.3333333333333333,0.8541095890410959
shape,9_10,pointy,ConvNeXt Small,head_model,7,0.9054794520547945,0.3333333333333333,0.8582191780821916
shape,9_10,pointy,ConvNeXt Small,head_model,8,0.8849315068493151,0.3333333333333333,0.8273972602739726
shape,9_10,pointy,ConvNeXt Small,head_model,9,0.8726027397260274,0.3333333333333333,0.8089041095890411
shape,9_10,pointy,ConvNeXt Small,head_model,10,0.8958904109589041,0.3333333333333333,0.8438356164383561
shape,9_10,pointy,ConvNeXt Tiny,full_model,1,1.0,0.3333333333333333,1.0
shape,9_10,pointy,ConvNeXt Tiny,full_model,2,1.0,0.3333333333333333,1.0
shape,9_10,pointy,ConvNeXt Tiny,full_model,3,1.0,0.3333333333333333,1.0
shape,9_10,pointy,ConvNeXt Tiny,full_model,4,1.0,0.3333333333333333,1.0
shape,9_10,pointy,ConvNeXt Tiny,full_model,5,0.9945205479452055,0.3333333333333333,0.9917808219178083
shape,9_10,pointy,ConvNeXt Tiny,full_model,6,1.0,0.3333333333333333,1.0
shape,9_10,pointy,ConvNeXt Tiny,full_model,7,1.0,0.3333333333333333,1.0
shape,9_10,pointy,ConvNeXt Tiny,full_model,8,0.9986301369863013,0.3333333333333333,0.997945205479452
shape,9_10,pointy,ConvNeXt Tiny,full_model,9,0.9958904109589041,0.3333333333333333,0.9938356164383559
shape,9_10,pointy,ConvNeXt Tiny,full_model,10,1.0,0.3333333333333333,1.0
shape,9_10,pointy,ConvNeXt Tiny,head_model,1,0.8780821917808219,0.3333333333333333,0.8171232876712329
shape,9_10,pointy,ConvNeXt Tiny,head_model,2,0.826027397260274,0.3333333333333333,0.7390410958904109
shape,9_10,pointy,ConvNeXt Tiny,head_model,3,0.8452054794520548,0.3333333333333333,0.7678082191780821
shape,9_10,pointy,ConvNeXt Tiny,head_model,4,0.8931506849315068,0.3333333333333333,0.8397260273972601
shape,9_10,pointy,ConvNeXt Tiny,head_model,5,0.9027397260273973,0.3333333333333333,0.8541095890410959
shape,9_10,pointy,ConvNeXt Tiny,head_model,6,0.8657534246575342,0.3333333333333333,0.7986301369863014
shape,9_10,pointy,ConvNeXt Tiny,head_model,7,0.8602739726027397,0.3333333333333333,0.7904109589041096
shape,9_10,pointy,ConvNeXt Tiny,head_model,8,0.8356164383561644,0.3333333333333333,0.7534246575342466
shape,9_10,pointy,ConvNeXt Tiny,head_model,9,0.8726027397260274,0.3333333333333333,0.8089041095890411
shape,9_10,pointy,ConvNeXt Tiny,head_model,10,0.8876712328767123,0.3333333333333333,0.8315068493150684
shape,9_10,pointy,DINOv3 ViT Base,full_model,1,0.33287671232876714,0.3333333333333333,-0.0006849315068492566
shape,9_10,pointy,DINOv3 ViT Base,full_model,2,0.9931506849315068,0.3333333333333333,0.9897260273972602
shape,9_10,pointy,DINOv3 ViT Base,full_model,3,0.33424657534246577,0.3333333333333333,0.0013698630136986798
shape,9_10,pointy,DINOv3 ViT Base,full_model,4,0.9876712328767123,0.3333333333333333,0.9815068493150685
shape,9_10,pointy,DINOv3 ViT Base,full_model,5,0.9931506849315068,0.3333333333333333,0.9897260273972602
shape,9_10,pointy,DINOv3 ViT Base,full_model,6,0.9958904109589041,0.3333333333333333,0.9938356164383559
shape,9_10,pointy,DINOv3 ViT Base,full_model,7,0.9931506849315068,0.3333333333333333,0.9897260273972602
shape,9_10,pointy,DINOv3 ViT Base,full_model,8,0.9863013698630136,0.3333333333333333,0.9794520547945205
shape,9_10,pointy,DINOv3 ViT Base,full_model,9,0.33424657534246577,0.3333333333333333,0.0013698630136986798
shape,9_10,pointy,DINOv3 ViT Base,full_model,10,0.3315068493150685,0.3333333333333333,-0.002739726027397193
shape,9_10,pointy,DINOv3 ViT Base,head_model,1,0.7684931506849315,0.3333333333333333,0.6527397260273973
shape,9_10,pointy,DINOv3 ViT Base,head_model,2,0.8863013698630137,0.3333333333333333,0.8294520547945203
shape,9_10,pointy,DINOv3 ViT Base,head_model,3,0.9315068493150684,0.3333333333333333,0.8972602739726027
shape,9_10,pointy,DINOv3 ViT Base,head_model,4,0.9191780821917809,0.3333333333333333,0.8787671232876711
shape,9_10,pointy,DINOv3 ViT Base,head_model,5,0.9164383561643835,0.3333333333333333,0.8746575342465751
shape,9_10,pointy,DINOv3 ViT Base,head_model,6,0.763013698630137,0.3333333333333333,0.6445205479452055
shape,9_10,pointy,DINOv3 ViT Base,head_model,7,0.915068493150685,0.3333333333333333,0.8726027397260274
shape,9_10,pointy,DINOv3 ViT Base,head_model,8,0.8602739726027397,0.3333333333333333,0.7904109589041096
shape,9_10,pointy,DINOv3 ViT Base,head_model,9,0.9273972602739726,0.3333333333333333,0.8910958904109589
shape,9_10,pointy,DINOv3 ViT Base,head_model,10,0.8342465753424657,0.3333333333333333,0.7513698630136986
shape,9_10,pointy,ResNet18,full_model,1,0.536986301369863,0.3333333333333333,0.30547945205479454
shape,9_10,pointy,ResNet18,full_model,2,0.5657534246575342,0.3333333333333333,0.3486301369863013
shape,9_10,pointy,ResNet18,full_model,3,0.541095890410959,0.3333333333333333,0.31164383561643844
shape,9_10,pointy,ResNet18,full_model,4,0.5397260273972603,0.3333333333333333,0.3095890410958904
shape,9_10,pointy,ResNet18,full_model,5,0.5657534246575342,0.3333333333333333,0.3486301369863013
shape,9_10,pointy,ResNet18,full_model,6,0.5424657534246575,0.3333333333333333,0.3136986301369863
shape,9_10,pointy,ResNet18,full_model,7,0.5821917808219178,0.3333333333333333,0.3732876712328767
shape,9_10,pointy,ResNet18,full_model,8,0.5315068493150685,0.3333333333333333,0.2972602739726028
shape,9_10,pointy,ResNet18,full_model,9,0.5726027397260274,0.3333333333333333,0.35890410958904106
shape,9_10,pointy,ResNet18,full_model,10,0.5602739726027397,0.3333333333333333,0.34041095890410955
shape,9_10,pointy,ResNet18,head_model,1,0.7424657534246575,0.3333333333333333,0.6136986301369862
shape,9_10,pointy,ResNet18,head_model,2,0.7452054794520548,0.3333333333333333,0.6178082191780823
shape,9_10,pointy,ResNet18,head_model,3,0.7493150684931507,0.3333333333333333,0.623972602739726
shape,9_10,pointy,ResNet18,head_model,4,0.7561643835616438,0.3333333333333333,0.6342465753424658
shape,9_10,pointy,ResNet18,head_model,5,0.7547945205479452,0.3333333333333333,0.6321917808219177
shape,9_10,pointy,ResNet18,head_model,6,0.7452054794520548,0.3333333333333333,0.6178082191780823
shape,9_10,pointy,ResNet18,head_model,7,0.7479452054794521,0.3333333333333333,0.6219178082191781
shape,9_10,pointy,ResNet18,head_model,8,0.7452054794520548,0.3333333333333333,0.6178082191780823
shape,9_10,pointy,ResNet18,head_model,9,0.7465753424657534,0.3333333333333333,0.6198630136986301
shape,9_10,pointy,ResNet18,head_model,10,0.7547945205479452,0.3333333333333333,0.6321917808219177
shape,9_10,pointy,ResNet50,full_model,1,0.49726027397260275,0.3333333333333333,0.24589041095890413
shape,9_10,pointy,ResNet50,full_model,2,0.5178082191780822,0.3333333333333333,0.27671232876712326
shape,9_10,pointy,ResNet50,full_model,3,0.5027397260273972,0.3333333333333333,0.2541095890410959
shape,9_10,pointy,ResNet50,full_model,4,0.4986301369863014,0.3333333333333333,0.24794520547945206
shape,9_10,pointy,ResNet50,full_model,5,0.510958904109589,0.3333333333333333,0.2664383561643835
shape,9_10,pointy,ResNet50,full_model,6,0.5287671232876713,0.3333333333333333,0.2931506849315069
shape,9_10,pointy,ResNet50,full_model,7,0.4958904109589041,0.3333333333333333,0.2438356164383562
shape,9_10,pointy,ResNet50,full_model,8,0.48904109589041095,0.3333333333333333,0.23356164383561642
shape,9_10,pointy,ResNet50,full_model,9,0.4821917808219178,0.3333333333333333,0.22328767123287674
shape,9_10,pointy,ResNet50,full_model,10,0.5273972602739726,0.3333333333333333,0.2910958904109589
shape,9_10,pointy,ResNet50,head_model,1,0.7945205479452054,0.3333333333333333,0.6917808219178081
shape,9_10,pointy,ResNet50,head_model,2,0.7863013698630137,0.3333333333333333,0.6794520547945205
shape,9_10,pointy,ResNet50,head_model,3,0.7821917808219178,0.3333333333333333,0.6732876712328766
shape,9_10,pointy,ResNet50,head_model,4,0.7890410958904109,0.3333333333333333,0.6835616438356164
shape,9_10,pointy,ResNet50,head_model,5,0.7945205479452054,0.3333333333333333,0.6917808219178081
shape,9_10,pointy,ResNet50,head_model,6,0.7835616438356164,0.3333333333333333,0.6753424657534246
shape,9_10,pointy,ResNet50,head_model,7,0.8013698630136986,0.3333333333333333,0.7020547945205479
shape,9_10,pointy,ResNet50,head_model,8,0.7794520547945205,0.3333333333333333,0.6691780821917808
shape,9_10,pointy,ResNet50,head_model,9,0.7876712328767124,0.3333333333333333,0.6815068493150686
shape,9_10,pointy,ResNet50,head_model,10,0.7835616438356164,0.3333333333333333,0.6753424657534246
shape,9_10,pointy,VGG11,full_model,1,0.7575342465753425,0.3333333333333333,0.6363013698630138
shape,9_10,pointy,VGG11,full_model,2,0.7890410958904109,0.3333333333333333,0.6835616438356164
shape,9_10,pointy,VGG11,full_model,3,0.7698630136986301,0.3333333333333333,0.6547945205479451
shape,9_10,pointy,VGG11,full_model,4,0.7684931506849315,0.3333333333333333,0.6527397260273973
shape,9_10,pointy,VGG11,full_model,5,0.7547945205479452,0.3333333333333333,0.6321917808219177
shape,9_10,pointy,VGG11,full_model,6,0.7835616438356164,0.3333333333333333,0.6753424657534246
shape,9_10,pointy,VGG11,full_model,7,0.7726027397260274,0.3333333333333333,0.6589041095890411
shape,9_10,pointy,VGG11,full_model,8,0.7506849315068493,0.3333333333333333,0.626027397260274
shape,9_10,pointy,VGG11,full_model,9,0.7780821917808219,0.3333333333333333,0.6671232876712329
shape,9_10,pointy,VGG11,full_model,10,0.7986301369863014,0.3333333333333333,0.697945205479452
shape,9_10,pointy,VGG11,head_model,1,0.8232876712328767,0.3333333333333333,0.7349315068493151
shape,9_10,pointy,VGG11,head_model,2,0.7808219178082192,0.3333333333333333,0.6712328767123288
shape,9_10,pointy,VGG11,head_model,3,0.815068493150685,0.3333333333333333,0.7226027397260274
shape,9_10,pointy,VGG11,head_model,4,0.8054794520547945,0.3333333333333333,0.7082191780821918
shape,9_10,pointy,VGG11,head_model,5,0.8205479452054795,0.3333333333333333,0.7308219178082191
shape,9_10,pointy,VGG11,head_model,6,0.8136986301369863,0.3333333333333333,0.7205479452054794
shape,9_10,pointy,VGG11,head_model,7,0.7945205479452054,0.3333333333333333,0.6917808219178081
shape,9_10,pointy,VGG11,head_model,8,0.7876712328767124,0.3333333333333333,0.6815068493150686
shape,9_10,pointy,VGG11,head_model,9,0.7863013698630137,0.3333333333333333,0.6794520547945205
shape,9_10,pointy,VGG11,head_model,10,0.8095890410958904,0.3333333333333333,0.7143835616438355
shape,9_10,pointy,VGG13,full_model,1,0.8095890410958904,0.3333333333333333,0.7143835616438355
shape,9_10,pointy,VGG13,full_model,2,0.8575342465753425,0.3333333333333333,0.7863013698630136
shape,9_10,pointy,VGG13,full_model,3,0.7506849315068493,0.3333333333333333,0.626027397260274
shape,9_10,pointy,VGG13,full_model,4,0.8123287671232877,0.3333333333333333,0.7184931506849316
shape,9_10,pointy,VGG13,full_model,5,0.8123287671232877,0.3333333333333333,0.7184931506849316
shape,9_10,pointy,VGG13,full_model,6,0.8589041095890411,0.3333333333333333,0.7883561643835616
shape,9_10,pointy,VGG13,full_model,7,0.8273972602739726,0.3333333333333333,0.7410958904109589
shape,9_10,pointy,VGG13,full_model,8,0.7767123287671233,0.3333333333333333,0.6650684931506848
shape,9_10,pointy,VGG13,full_model,9,0.8397260273972603,0.3333333333333333,0.7595890410958903
shape,9_10,pointy,VGG13,full_model,10,0.7849315068493151,0.3333333333333333,0.6773972602739726
shape,9_10,pointy,VGG13,head_model,1,0.8328767123287671,0.3333333333333333,0.7493150684931507
shape,9_10,pointy,VGG13,head_model,2,0.815068493150685,0.3333333333333333,0.7226027397260274
shape,9_10,pointy,VGG13,head_model,3,0.8054794520547945,0.3333333333333333,0.7082191780821918
shape,9_10,pointy,VGG13,head_model,4,0.8082191780821918,0.3333333333333333,0.7123287671232876
shape,9_10,pointy,VGG13,head_model,5,0.8397260273972603,0.3333333333333333,0.7595890410958903
shape,9_10,pointy,VGG13,head_model,6,0.8383561643835616,0.3333333333333333,0.7575342465753423
shape,9_10,pointy,VGG13,head_model,7,0.8315068493150685,0.3333333333333333,0.7472602739726026
shape,9_10,pointy,VGG13,head_model,8,0.7972602739726027,0.3333333333333333,0.695890410958904
shape,9_10,pointy,VGG13,head_model,9,0.7643835616438356,0.3333333333333333,0.6465753424657533
shape,9_10,pointy,VGG13,head_model,10,0.8123287671232877,0.3333333333333333,0.7184931506849316
shape,9_10,pointy,VGG16,full_model,1,0.7383561643835617,0.3333333333333333,0.6075342465753425
shape,9_10,pointy,VGG16,full_model,2,0.7383561643835617,0.3333333333333333,0.6075342465753425
shape,9_10,pointy,VGG16,full_model,3,0.7191780821917808,0.3333333333333333,0.5787671232876712
shape,9_10,pointy,VGG16,full_model,4,0.7219178082191781,0.3333333333333333,0.582876712328767
shape,9_10,pointy,VGG16,full_model,5,0.7287671232876712,0.3333333333333333,0.5931506849315068
shape,9_10,pointy,VGG16,full_model,6,0.726027397260274,0.3333333333333333,0.589041095890411
shape,9_10,pointy,VGG16,full_model,7,0.7684931506849315,0.3333333333333333,0.6527397260273973
shape,9_10,pointy,VGG16,full_model,8,0.7232876712328767,0.3333333333333333,0.584931506849315
shape,9_10,pointy,VGG16,full_model,9,0.7452054794520548,0.3333333333333333,0.6178082191780823
shape,9_10,pointy,VGG16,full_model,10,0.7383561643835617,0.3333333333333333,0.6075342465753425
shape,9_10,pointy,VGG16,head_model,1,0.7958904109589041,0.3333333333333333,0.6938356164383561
shape,9_10,pointy,VGG16,head_model,2,0.7712328767123288,0.3333333333333333,0.6568493150684931
shape,9_10,pointy,VGG16,head_model,3,0.8041095890410959,0.3333333333333333,0.7061643835616438
shape,9_10,pointy,VGG16,head_model,4,0.7808219178082192,0.3333333333333333,0.6712328767123288
shape,9_10,pointy,VGG16,head_model,5,0.7986301369863014,0.3333333333333333,0.697945205479452
shape,9_10,pointy,VGG16,head_model,6,0.7931506849315069,0.3333333333333333,0.6897260273972603
shape,9_10,pointy,VGG16,head_model,7,0.7972602739726027,0.3333333333333333,0.695890410958904
shape,9_10,pointy,VGG16,head_model,8,0.7863013698630137,0.3333333333333333,0.6794520547945205
shape,9_10,pointy,VGG16,head_model,9,0.773972602739726,0.3333333333333333,0.660958904109589
shape,9_10,pointy,VGG16,head_model,10,0.7863013698630137,0.3333333333333333,0.6794520547945205
shape,9_10,pointy,VGG19,full_model,1,0.7246575342465753,0.3333333333333333,0.586986301369863
shape,9_10,pointy,VGG19,full_model,2,0.7219178082191781,0.3333333333333333,0.582876712328767
shape,9_10,pointy,VGG19,full_model,3,0.7123287671232876,0.3333333333333333,0.5684931506849314
shape,9_10,pointy,VGG19,full_model,4,0.6808219178082192,0.3333333333333333,0.5212328767123288
shape,9_10,pointy,VGG19,full_model,5,0.6986301369863014,0.3333333333333333,0.547945205479452
shape,9_10,pointy,VGG19,full_model,6,0.6328767123287671,0.3333333333333333,0.4493150684931506
shape,9_10,pointy,VGG19,full_model,7,0.7575342465753425,0.3333333333333333,0.6363013698630138
shape,9_10,pointy,VGG19,full_model,8,0.7054794520547946,0.3333333333333333,0.5582191780821918
shape,9_10,pointy,VGG19,full_model,9,0.7465753424657534,0.3333333333333333,0.6198630136986301
shape,9_10,pointy,VGG19,full_model,10,0.7315068493150685,0.3333333333333333,0.5972602739726027
shape,9_10,pointy,VGG19,head_model,1,0.7534246575342466,0.3333333333333333,0.6301369863013698
shape,9_10,pointy,VGG19,head_model,2,0.7493150684931507,0.3333333333333333,0.623972602739726
shape,9_10,pointy,VGG19,head_model,3,0.7575342465753425,0.3333333333333333,0.6363013698630138
shape,9_10,pointy,VGG19,head_model,4,0.7041095890410959,0.3333333333333333,0.5561643835616438
shape,9_10,pointy,VGG19,head_model,5,0.7356164383561644,0.3333333333333333,0.6034246575342466
shape,9_10,pointy,VGG19,head_model,6,0.7643835616438356,0.3333333333333333,0.6465753424657533
shape,9_10,pointy,VGG19,head_model,7,0.7753424657534247,0.3333333333333333,0.663013698630137
shape,9_10,pointy,VGG19,head_model,8,0.7315068493150685,0.3333333333333333,0.5972602739726027
shape,9_10,pointy,VGG19,head_model,9,0.7383561643835617,0.3333333333333333,0.6075342465753425
shape,9_10,pointy,VGG19,head_model,10,0.7438356164383562,0.3333333333333333,0.6157534246575342
shape,9_10,pointy,ViT Base,full_model,1,1.0,0.3333333333333333,1.0
shape,9_10,pointy,ViT Base,full_model,2,1.0,0.3333333333333333,1.0
shape,9_10,pointy,ViT Base,full_model,3,1.0,0.3333333333333333,1.0
shape,9_10,pointy,ViT Base,full_model,4,0.9931506849315068,0.3333333333333333,0.9897260273972602
shape,9_10,pointy,ViT Base,full_model,5,0.9904109589041096,0.3333333333333333,0.9856164383561642
shape,9_10,pointy,ViT Base,full_model,6,0.9986301369863013,0.3333333333333333,0.997945205479452
shape,9_10,pointy,ViT Base,full_model,7,1.0,0.3333333333333333,1.0
shape,9_10,pointy,ViT Base,full_model,8,1.0,0.3333333333333333,1.0
shape,9_10,pointy,ViT Base,full_model,9,1.0,0.3333333333333333,1.0
shape,9_10,pointy,ViT Base,full_model,10,0.9931506849315068,0.3333333333333333,0.9897260273972602
shape,9_10,pointy,ViT Base,head_model,1,0.910958904109589,0.3333333333333333,0.8664383561643834
shape,9_10,pointy,ViT Base,head_model,2,0.9095890410958904,0.3333333333333333,0.8643835616438357
shape,9_10,pointy,ViT Base,head_model,3,0.9041095890410958,0.3333333333333333,0.8561643835616436
shape,9_10,pointy,ViT Base,head_model,4,0.8780821917808219,0.3333333333333333,0.8171232876712329
shape,9_10,pointy,ViT Base,head_model,5,0.6657534246575343,0.3333333333333333,0.49863013698630143
shape,9_10,pointy,ViT Base,head_model,6,0.8547945205479452,0.3333333333333333,0.7821917808219179
shape,9_10,pointy,ViT Base,head_model,7,0.8684931506849315,0.3333333333333333,0.8027397260273971
shape,9_10,pointy,ViT Base,head_model,8,0.852054794520548,0.3333333333333333,0.7780821917808218
shape,9_10,pointy,ViT Base,head_model,9,0.9041095890410958,0.3333333333333333,0.8561643835616436
shape,9_10,pointy,ViT Base,head_model,10,0.8027397260273973,0.3333333333333333,0.7041095890410959
shape,9_10,pointy,ViT Large,full_model,1,0.9821917808219178,0.3333333333333333,0.9732876712328767
shape,9_10,pointy,ViT Large,full_model,2,0.9945205479452055,0.3333333333333333,0.9917808219178083
shape,9_10,pointy,ViT Large,full_model,3,0.9931506849315068,0.3333333333333333,0.9897260273972602
shape,9_10,pointy,ViT Large,full_model,4,0.9808219178082191,0.3333333333333333,0.9712328767123287
shape,9_10,pointy,ViT Large,full_model,5,1.0,0.3333333333333333,1.0
shape,9_10,pointy,ViT Large,full_model,6,0.9931506849315068,0.3333333333333333,0.9897260273972602
shape,9_10,pointy,ViT Large,full_model,7,1.0,0.3333333333333333,1.0
shape,9_10,pointy,ViT Large,full_model,8,0.9945205479452055,0.3333333333333333,0.9917808219178083
shape,9_10,pointy,ViT Large,full_model,9,0.9986301369863013,0.3333333333333333,0.997945205479452
shape,9_10,pointy,ViT Large,full_model,10,0.9904109589041096,0.3333333333333333,0.9856164383561642
shape,9_10,pointy,ViT Large,head_model,1,0.8602739726027397,0.3333333333333333,0.7904109589041096
shape,9_10,pointy,ViT Large,head_model,2,0.8986301369863013,0.3333333333333333,0.8479452054794518
shape,9_10,pointy,ViT Large,head_model,3,0.7958904109589041,0.3333333333333333,0.6938356164383561
shape,9_10,pointy,ViT Large,head_model,4,0.8904109589041096,0.3333333333333333,0.8356164383561644
shape,9_10,pointy,ViT Large,head_model,5,0.7876712328767124,0.3333333333333333,0.6815068493150686
shape,9_10,pointy,ViT Large,head_model,6,0.8945205479452055,0.3333333333333333,0.8417808219178081
shape,9_10,pointy,ViT Large,head_model,7,0.8616438356164383,0.3333333333333333,0.7924657534246573
shape,9_10,pointy,ViT Large,head_model,8,0.8726027397260274,0.3333333333333333,0.8089041095890411
shape,9_10,pointy,ViT Large,head_model,9,0.9191780821917809,0.3333333333333333,0.8787671232876711
shape,9_10,pointy,ViT Large,head_model,10,0.8657534246575342,0.3333333333333333,0.7986301369863014
shape,9_10,pointy,ViT Small,full_model,1,0.9876712328767123,0.3333333333333333,0.9815068493150685
shape,9_10,pointy,ViT Small,full_model,2,0.9972602739726028,0.3333333333333333,0.995890410958904
shape,9_10,pointy,ViT Small,full_model,3,0.9986301369863013,0.3333333333333333,0.997945205479452
shape,9_10,pointy,ViT Small,full_model,4,0.989041095890411,0.3333333333333333,0.9835616438356165
shape,9_10,pointy,ViT Small,full_model,5,0.9986301369863013,0.3333333333333333,0.997945205479452
shape,9_10,pointy,ViT Small,full_model,6,0.9821917808219178,0.3333333333333333,0.9732876712328767
shape,9_10,pointy,ViT Small,full_model,7,0.9972602739726028,0.3333333333333333,0.995890410958904
shape,9_10,pointy,ViT Small,full_model,8,0.9643835616438357,0.3333333333333333,0.9465753424657535
shape,9_10,pointy,ViT Small,full_model,9,0.9945205479452055,0.3333333333333333,0.9917808219178083
shape,9_10,pointy,ViT Small,full_model,10,0.9945205479452055,0.3333333333333333,0.9917808219178083
shape,9_10,pointy,ViT Small,head_model,1,0.6958904109589041,0.3333333333333333,0.5438356164383562
shape,9_10,pointy,ViT Small,head_model,2,0.915068493150685,0.3333333333333333,0.8726027397260274
shape,9_10,pointy,ViT Small,head_model,3,0.8712328767123287,0.3333333333333333,0.8068493150684931
shape,9_10,pointy,ViT Small,head_model,4,0.8616438356164383,0.3333333333333333,0.7924657534246573
shape,9_10,pointy,ViT Small,head_model,5,0.863013698630137,0.3333333333333333,0.7945205479452053
shape,9_10,pointy,ViT Small,head_model,6,0.9,0.3333333333333333,0.8499999999999999
shape,9_10,pointy,ViT Small,head_model,7,0.9178082191780822,0.3333333333333333,0.8767123287671231
shape,9_10,pointy,ViT Small,head_model,8,0.8643835616438356,0.3333333333333333,0.7965753424657533
shape,9_10,pointy,ViT Small,head_model,9,0.8917808219178082,0.3333333333333333,0.8376712328767121
shape,9_10,pointy,ViT Small,head_model,10,0.7794520547945205,0.3333333333333333,0.6691780821917808
shape,9_10,streaky,ConvNeXt Base,full_model,1,0.9944979367262724,0.3333333333333333,0.9917469050894084
shape,9_10,streaky,ConvNeXt Base,full_model,2,0.9903713892709766,0.3333333333333333,0.9855570839064647
shape,9_10,streaky,ConvNeXt Base,full_model,3,1.0,0.3333333333333333,1.0
shape,9_10,streaky,ConvNeXt Base,full_model,4,0.9972489683631361,0.3333333333333333,0.995873452544704
shape,9_10,streaky,ConvNeXt Base,full_model,5,1.0,0.3333333333333333,1.0
shape,9_10,streaky,ConvNeXt Base,full_model,6,0.9986244841815681,0.3333333333333333,0.9979367262723522
shape,9_10,streaky,ConvNeXt Base,full_model,7,0.9821182943603851,0.3333333333333333,0.9731774415405775
shape,9_10,streaky,ConvNeXt Base,full_model,8,0.9986244841815681,0.3333333333333333,0.9979367262723522
shape,9_10,streaky,ConvNeXt Base,full_model,9,0.9711141678129298,0.3333333333333333,0.9566712517193947
shape,9_10,streaky,ConvNeXt Base,full_model,10,0.9889958734525447,0.3333333333333333,0.9834938101788169
shape,9_10,streaky,ConvNeXt Base,head_model,1,0.797799174690509,0.3333333333333333,0.6966987620357634
shape,9_10,streaky,ConvNeXt Base,head_model,2,0.7854195323246217,0.3333333333333333,0.6781292984869325
shape,9_10,streaky,ConvNeXt Base,head_model,3,0.7936726272352133,0.3333333333333333,0.6905089408528199
shape,9_10,streaky,ConvNeXt Base,head_model,4,0.8184319119669876,0.3333333333333333,0.7276478679504814
shape,9_10,streaky,ConvNeXt Base,head_model,5,0.8088033012379643,0.3333333333333333,0.7132049518569464
shape,9_10,streaky,ConvNeXt Base,head_model,6,0.8046767537826685,0.3333333333333333,0.7070151306740027
shape,9_10,streaky,ConvNeXt Base,head_model,7,0.811554332874828,0.3333333333333333,0.717331499312242
shape,9_10,streaky,ConvNeXt Base,head_model,8,0.8170563961485557,0.3333333333333333,0.7255845942228336
shape,9_10,streaky,ConvNeXt Base,head_model,9,0.781292984869326,0.3333333333333333,0.671939477303989
shape,9_10,streaky,ConvNeXt Base,head_model,10,0.7991746905089409,0.3333333333333333,0.6987620357634112
shape,9_10,streaky,ConvNeXt Large,full_model,1,0.9986244841815681,0.3333333333333333,0.9979367262723522
shape,9_10,streaky,ConvNeXt Large,full_model,2,0.9931224209078404,0.3333333333333333,0.9896836313617606
shape,9_10,streaky,ConvNeXt Large,full_model,3,0.9917469050894085,0.3333333333333333,0.9876203576341128
shape,9_10,streaky,ConvNeXt Large,full_model,4,0.9917469050894085,0.3333333333333333,0.9876203576341128
shape,9_10,streaky,ConvNeXt Large,full_model,5,0.9972489683631361,0.3333333333333333,0.995873452544704
shape,9_10,streaky,ConvNeXt Large,full_model,6,0.9958734525447043,0.3333333333333333,0.9938101788170562
shape,9_10,streaky,ConvNeXt Large,full_model,7,0.9972489683631361,0.3333333333333333,0.995873452544704
shape,9_10,streaky,ConvNeXt Large,full_model,8,0.9958734525447043,0.3333333333333333,0.9938101788170562
shape,9_10,streaky,ConvNeXt Large,full_model,9,0.9876203576341128,0.3333333333333333,0.9814305364511691
shape,9_10,streaky,ConvNeXt Large,full_model,10,0.9972489683631361,0.3333333333333333,0.995873452544704
shape,9_10,streaky,ConvNeXt Large,head_model,1,0.859697386519945,0.3333333333333333,0.7895460797799173
shape,9_10,streaky,ConvNeXt Large,head_model,2,0.8294360385144429,0.3333333333333333,0.7441540577716643
shape,9_10,streaky,ConvNeXt Large,head_model,3,0.8376891334250344,0.3333333333333333,0.7565337001375514
shape,9_10,streaky,ConvNeXt Large,head_model,4,0.8541953232462174,0.3333333333333333,0.7812929848693261
shape,9_10,streaky,ConvNeXt Large,head_model,5,0.8583218707015131,0.3333333333333333,0.7874828060522695
shape,9_10,streaky,ConvNeXt Large,head_model,6,0.8583218707015131,0.3333333333333333,0.7874828060522695
shape,9_10,streaky,ConvNeXt Large,head_model,7,0.8528198074277854,0.3333333333333333,0.7792297111416779
shape,9_10,streaky,ConvNeXt Large,head_model,8,0.8665749656121046,0.3333333333333333,0.7998624484181567
shape,9_10,streaky,ConvNeXt Large,head_model,9,0.811554332874828,0.3333333333333333,0.717331499312242
shape,9_10,streaky,ConvNeXt Large,head_model,10,0.8514442916093535,0.3333333333333333,0.7771664374140301
shape,9_10,streaky,ConvNeXt Small,full_model,1,1.0,0.3333333333333333,1.0
shape,9_10,streaky,ConvNeXt Small,full_model,2,1.0,0.3333333333333333,1.0
shape,9_10,streaky,ConvNeXt Small,full_model,3,0.9986244841815681,0.3333333333333333,0.9979367262723522
shape,9_10,streaky,ConvNeXt Small,full_model,4,1.0,0.3333333333333333,1.0
shape,9_10,streaky,ConvNeXt Small,full_model,5,1.0,0.3333333333333333,1.0
shape,9_10,streaky,ConvNeXt Small,full_model,6,1.0,0.3333333333333333,1.0
shape,9_10,streaky,ConvNeXt Small,full_model,7,0.9986244841815681,0.3333333333333333,0.9979367262723522
shape,9_10,streaky,ConvNeXt Small,full_model,8,1.0,0.3333333333333333,1.0
shape,9_10,streaky,ConvNeXt Small,full_model,9,0.9986244841815681,0.3333333333333333,0.9979367262723522
shape,9_10,streaky,ConvNeXt Small,full_model,10,1.0,0.3333333333333333,1.0
shape,9_10,streaky,ConvNeXt Small,head_model,1,0.8170563961485557,0.3333333333333333,0.7255845942228336
shape,9_10,streaky,ConvNeXt Small,head_model,2,0.8088033012379643,0.3333333333333333,0.7132049518569464
shape,9_10,streaky,ConvNeXt Small,head_model,3,0.8308115543328748,0.3333333333333333,0.7462173314993121
shape,9_10,streaky,ConvNeXt Small,head_model,4,0.8390646492434664,0.3333333333333333,0.7585969738651995
shape,9_10,streaky,ConvNeXt Small,head_model,5,0.782668500687758,0.3333333333333333,0.6740027510316369
shape,9_10,streaky,ConvNeXt Small,head_model,6,0.8184319119669876,0.3333333333333333,0.7276478679504814
shape,9_10,streaky,ConvNeXt Small,head_model,7,0.8211829436038515,0.3333333333333333,0.7317744154057771
shape,9_10,streaky,ConvNeXt Small,head_model,8,0.8184319119669876,0.3333333333333333,0.7276478679504814
shape,9_10,streaky,ConvNeXt Small,head_model,9,0.8019257221458047,0.3333333333333333,0.7028885832187071
shape,9_10,streaky,ConvNeXt Small,head_model,10,0.8376891334250344,0.3333333333333333,0.7565337001375514
shape,9_10,streaky,ConvNeXt Tiny,full_model,1,1.0,0.3333333333333333,1.0
shape,9_10,streaky,ConvNeXt Tiny,full_model,2,0.9931224209078404,0.3333333333333333,0.9896836313617606
shape,9_10,streaky,ConvNeXt Tiny,full_model,3,1.0,0.3333333333333333,1.0
shape,9_10,streaky,ConvNeXt Tiny,full_model,4,1.0,0.3333333333333333,1.0
shape,9_10,streaky,ConvNeXt Tiny,full_model,5,1.0,0.3333333333333333,1.0
shape,9_10,streaky,ConvNeXt Tiny,full_model,6,1.0,0.3333333333333333,1.0
shape,9_10,streaky,ConvNeXt Tiny,full_model,7,1.0,0.3333333333333333,1.0
shape,9_10,streaky,ConvNeXt Tiny,full_model,8,1.0,0.3333333333333333,1.0
shape,9_10,streaky,ConvNeXt Tiny,full_model,9,1.0,0.3333333333333333,1.0
shape,9_10,streaky,ConvNeXt Tiny,full_model,10,1.0,0.3333333333333333,1.0
shape,9_10,streaky,ConvNeXt Tiny,head_model,1,0.8074277854195323,0.3333333333333333,0.7111416781292984
shape,9_10,streaky,ConvNeXt Tiny,head_model,2,0.7909215955983494,0.3333333333333333,0.686382393397524
shape,9_10,streaky,ConvNeXt Tiny,head_model,3,0.8225584594222833,0.3333333333333333,0.733837689133425
shape,9_10,streaky,ConvNeXt Tiny,head_model,4,0.8486932599724897,0.3333333333333333,0.7730398899587345
shape,9_10,streaky,ConvNeXt Tiny,head_model,5,0.8156808803301238,0.3333333333333333,0.7235213204951856
shape,9_10,streaky,ConvNeXt Tiny,head_model,6,0.8033012379642366,0.3333333333333333,0.7049518569463549
shape,9_10,streaky,ConvNeXt Tiny,head_model,7,0.8156808803301238,0.3333333333333333,0.7235213204951856
shape,9_10,streaky,ConvNeXt Tiny,head_model,8,0.811554332874828,0.3333333333333333,0.717331499312242
shape,9_10,streaky,ConvNeXt Tiny,head_model,9,0.7799174690508941,0.3333333333333333,0.6698762035763411
shape,9_10,streaky,ConvNeXt Tiny,head_model,10,0.8431911966987621,0.3333333333333333,0.764786795048143
shape,9_10,streaky,DINOv3 ViT Base,full_model,1,0.9752407152682255,0.3333333333333333,0.9628610729023381
shape,9_10,streaky,DINOv3 ViT Base,full_model,2,0.9834938101788171,0.3333333333333333,0.9752407152682256
shape,9_10,streaky,DINOv3 ViT Base,full_model,3,0.9766162310866575,0.3333333333333333,0.9649243466299863
shape,9_10,streaky,DINOv3 ViT Base,full_model,4,0.9793672627235214,0.3333333333333333,0.9690508940852819
shape,9_10,streaky,DINOv3 ViT Base,full_model,5,0.9862448418156808,0.3333333333333333,0.9793672627235213
shape,9_10,streaky,DINOv3 ViT Base,full_model,6,0.984869325997249,0.3333333333333333,0.9773039889958735
shape,9_10,streaky,DINOv3 ViT Base,full_model,7,0.9931224209078404,0.3333333333333333,0.9896836313617606
shape,9_10,streaky,DINOv3 ViT Base,full_model,8,0.9903713892709766,0.3333333333333333,0.9855570839064647
shape,9_10,streaky,DINOv3 ViT Base,full_model,9,0.9931224209078404,0.3333333333333333,0.9896836313617606
shape,9_10,streaky,DINOv3 ViT Base,full_model,10,0.3342503438789546,0.3333333333333333,0.0013755158184318992
shape,9_10,streaky,DINOv3 ViT Base,head_model,1,0.8954607977991746,0.3333333333333333,0.843191196698762
shape,9_10,streaky,DINOv3 ViT Base,head_model,2,0.9243466299862448,0.3333333333333333,0.8865199449793673
shape,9_10,streaky,DINOv3 ViT Base,head_model,3,0.8789546079779917,0.3333333333333333,0.8184319119669876
shape,9_10,streaky,DINOv3 ViT Base,head_model,4,0.8789546079779917,0.3333333333333333,0.8184319119669876
shape,9_10,streaky,DINOv3 ViT Base,head_model,5,0.8404401650618982,0.3333333333333333,0.7606602475928473
shape,9_10,streaky,DINOv3 ViT Base,head_model,6,0.8528198074277854,0.3333333333333333,0.7792297111416779
shape,9_10,streaky,DINOv3 ViT Base,head_model,7,0.8583218707015131,0.3333333333333333,0.7874828060522695
shape,9_10,streaky,DINOv3 ViT Base,head_model,8,0.8982118294360385,0.3333333333333333,0.8473177441540576
shape,9_10,streaky,DINOv3 ViT Base,head_model,9,0.9339752407152683,0.3333333333333333,0.9009628610729022
shape,9_10,streaky,DINOv3 ViT Base,head_model,10,0.8927097661623109,0.3333333333333333,0.8390646492434664
shape,9_10,streaky,ResNet18,full_model,1,0.5612104539202201,0.3333333333333333,0.3418156808803301
shape,9_10,streaky,ResNet18,full_model,2,0.5570839064649243,0.3333333333333333,0.3356258596973865
shape,9_10,streaky,ResNet18,full_model,3,0.5777166437414031,0.3333333333333333,0.3665749656121046
shape,9_10,streaky,ResNet18,full_model,4,0.6024759284731774,0.3333333333333333,0.40371389270976615
shape,9_10,streaky,ResNet18,full_model,5,0.6038514442916093,0.3333333333333333,0.40577716643741396
shape,9_10,streaky,ResNet18,full_model,6,0.5887207702888583,0.3333333333333333,0.3830811554332874
shape,9_10,streaky,ResNet18,full_model,7,0.5653370013755158,0.3333333333333333,0.3480055020632737
shape,9_10,streaky,ResNet18,full_model,8,0.5502063273727648,0.3333333333333333,0.32530949105914714
shape,9_10,streaky,ResNet18,full_model,9,0.5653370013755158,0.3333333333333333,0.3480055020632737
shape,9_10,streaky,ResNet18,full_model,10,0.562585969738652,0.3333333333333333,0.34387895460797807
shape,9_10,streaky,ResNet18,head_model,1,0.6918844566712518,0.3333333333333333,0.5378266850068776
shape,9_10,streaky,ResNet18,head_model,2,0.6918844566712518,0.3333333333333333,0.5378266850068776
shape,9_10,streaky,ResNet18,head_model,3,0.6891334250343879,0.3333333333333333,0.5337001375515819
shape,9_10,streaky,ResNet18,head_model,4,0.687757909215956,0.3333333333333333,0.531636863823934
shape,9_10,streaky,ResNet18,head_model,5,0.6946354883081155,0.3333333333333333,0.5419532324621732
shape,9_10,streaky,ResNet18,head_model,6,0.6905089408528198,0.3333333333333333,0.5357634112792297
shape,9_10,streaky,ResNet18,head_model,7,0.687757909215956,0.3333333333333333,0.531636863823934
shape,9_10,streaky,ResNet18,head_model,8,0.6946354883081155,0.3333333333333333,0.5419532324621732
shape,9_10,streaky,ResNet18,head_model,9,0.6973865199449794,0.3333333333333333,0.546079779917469
shape,9_10,streaky,ResNet18,head_model,10,0.7015130674002751,0.3333333333333333,0.5522696011004126
shape,9_10,streaky,ResNet50,full_model,1,0.4731774415405777,0.3333333333333333,0.2097661623108666
shape,9_10,streaky,ResNet50,full_model,2,0.45254470426409904,0.3333333333333333,0.17881705639614856
shape,9_10,streaky,ResNet50,full_model,3,0.4814305364511692,0.3333333333333333,0.22214580467675377
shape,9_10,streaky,ResNet50,full_model,4,0.4594222833562586,0.3333333333333333,0.18913342503438793
shape,9_10,streaky,ResNet50,full_model,5,0.4250343878954608,0.3333333333333333,0.13755158184319116
shape,9_10,streaky,ResNet50,full_model,6,0.45392022008253097,0.3333333333333333,0.18088033012379645
shape,9_10,streaky,ResNet50,full_model,7,0.469050894085282,0.3333333333333333,0.203576341127923
shape,9_10,streaky,ResNet50,full_model,8,0.4497936726272352,0.3333333333333333,0.17469050894085278
shape,9_10,streaky,ResNet50,full_model,9,0.46354883081155435,0.3333333333333333,0.19532324621733152
shape,9_10,streaky,ResNet50,full_model,10,0.4594222833562586,0.3333333333333333,0.18913342503438793
shape,9_10,streaky,ResNet50,head_model,1,0.6767537826685007,0.3333333333333333,0.515130674002751
shape,9_10,streaky,ResNet50,head_model,2,0.6836313617606602,0.3333333333333333,0.5254470426409903
shape,9_10,streaky,ResNet50,head_model,3,0.6918844566712518,0.3333333333333333,0.5378266850068776
shape,9_10,streaky,ResNet50,head_model,4,0.687757909215956,0.3333333333333333,0.531636863823934
shape,9_10,streaky,ResNet50,head_model,5,0.6822558459422283,0.3333333333333333,0.5233837689133425
shape,9_10,streaky,ResNet50,head_model,6,0.6753782668500687,0.3333333333333333,0.5130674002751031
shape,9_10,streaky,ResNet50,head_model,7,0.671251719394773,0.3333333333333333,0.5068775790921595
shape,9_10,streaky,ResNet50,head_model,8,0.6932599724896836,0.3333333333333333,0.5398899587345254
shape,9_10,streaky,ResNet50,head_model,9,0.6905089408528198,0.3333333333333333,0.5357634112792297
shape,9_10,streaky,ResNet50,head_model,10,0.6918844566712518,0.3333333333333333,0.5378266850068776
shape,9_10,streaky,VGG11,full_model,1,0.7579092159559835,0.3333333333333333,0.6368638239339752
shape,9_10,streaky,VGG11,full_model,2,0.797799174690509,0.3333333333333333,0.6966987620357634
shape,9_10,streaky,VGG11,full_model,3,0.7799174690508941,0.3333333333333333,0.6698762035763411
shape,9_10,streaky,VGG11,full_model,4,0.781292984869326,0.3333333333333333,0.671939477303989
shape,9_10,streaky,VGG11,full_model,5,0.8376891334250344,0.3333333333333333,0.7565337001375514
shape,9_10,streaky,VGG11,full_model,6,0.7909215955983494,0.3333333333333333,0.686382393397524
shape,9_10,streaky,VGG11,full_model,7,0.8170563961485557,0.3333333333333333,0.7255845942228336
shape,9_10,streaky,VGG11,full_model,8,0.7854195323246217,0.3333333333333333,0.6781292984869325
shape,9_10,streaky,VGG11,full_model,9,0.7771664374140302,0.3333333333333333,0.6657496561210453
shape,9_10,streaky,VGG11,full_model,10,0.782668500687758,0.3333333333333333,0.6740027510316369
shape,9_10,streaky,VGG11,head_model,1,0.7524071526822559,0.3333333333333333,0.6286107290233838
shape,9_10,streaky,VGG11,head_model,2,0.7138927097661623,0.3333333333333333,0.5708390646492434
shape,9_10,streaky,VGG11,head_model,3,0.7565337001375516,0.3333333333333333,0.6348005502063274
shape,9_10,streaky,VGG11,head_model,4,0.7221458046767538,0.3333333333333333,0.5832187070151307
shape,9_10,streaky,VGG11,head_model,5,0.7303988995873453,0.3333333333333333,0.5955983493810179
shape,9_10,streaky,VGG11,head_model,6,0.7207702888583218,0.3333333333333333,0.5811554332874828
shape,9_10,streaky,VGG11,head_model,7,0.71939477303989,0.3333333333333333,0.579092159559835
shape,9_10,streaky,VGG11,head_model,8,0.7331499312242091,0.3333333333333333,0.5997248968363137
shape,9_10,streaky,VGG11,head_model,9,0.7097661623108665,0.3333333333333333,0.5646492434662997
shape,9_10,streaky,VGG11,head_model,10,0.7427785419532325,0.3333333333333333,0.6141678129298487
shape,9_10,streaky,VGG13,full_model,1,0.8376891334250344,0.3333333333333333,0.7565337001375514
shape,9_10,streaky,VGG13,full_model,2,0.8404401650618982,0.3333333333333333,0.7606602475928473
shape,9_10,streaky,VGG13,full_model,3,0.8376891334250344,0.3333333333333333,0.7565337001375514
shape,9_10,streaky,VGG13,full_model,4,0.8624484181568088,0.3333333333333333,0.7936726272352133
shape,9_10,streaky,VGG13,full_model,5,0.8459422283356258,0.3333333333333333,0.7689133425034386
shape,9_10,streaky,VGG13,full_model,6,0.8679504814305364,0.3333333333333333,0.8019257221458045
shape,9_10,streaky,VGG13,full_model,7,0.8390646492434664,0.3333333333333333,0.7585969738651995
shape,9_10,streaky,VGG13,full_model,8,0.8541953232462174,0.3333333333333333,0.7812929848693261
shape,9_10,streaky,VGG13,full_model,9,0.8872077028885832,0.3333333333333333,0.8308115543328748
shape,9_10,streaky,VGG13,full_model,10,0.8500687757909215,0.3333333333333333,0.7751031636863823
shape,9_10,streaky,VGG13,head_model,1,0.7799174690508941,0.3333333333333333,0.6698762035763411
shape,9_10,streaky,VGG13,head_model,2,0.782668500687758,0.3333333333333333,0.6740027510316369
shape,9_10,streaky,VGG13,head_model,3,0.7936726272352133,0.3333333333333333,0.6905089408528199
shape,9_10,streaky,VGG13,head_model,4,0.7111416781292985,0.3333333333333333,0.5667125171939478
shape,9_10,streaky,VGG13,head_model,5,0.7235213204951857,0.3333333333333333,0.5852819807427785
shape,9_10,streaky,VGG13,head_model,6,0.7744154057771664,0.3333333333333333,0.6616231086657496
shape,9_10,streaky,VGG13,head_model,7,0.7661623108665749,0.3333333333333333,0.6492434662998624
shape,9_10,streaky,VGG13,head_model,8,0.7469050894085282,0.3333333333333333,0.6203576341127922
shape,9_10,streaky,VGG13,head_model,9,0.7592847317744154,0.3333333333333333,0.638927097661623
shape,9_10,streaky,VGG13,head_model,10,0.7785419532324622,0.3333333333333333,0.6678129298486933
shape,9_10,streaky,VGG16,full_model,1,0.7180192572214581,0.3333333333333333,0.5770288858321871
shape,9_10,streaky,VGG16,full_model,2,0.7290233837689133,0.3333333333333333,0.5935350756533699
shape,9_10,streaky,VGG16,full_model,3,0.7331499312242091,0.3333333333333333,0.5997248968363137
shape,9_10,streaky,VGG16,full_model,4,0.7331499312242091,0.3333333333333333,0.5997248968363137
shape,9_10,streaky,VGG16,full_model,5,0.7166437414030261,0.3333333333333333,0.5749656121045391
shape,9_10,streaky,VGG16,full_model,6,0.7152682255845942,0.3333333333333333,0.5729023383768913
shape,9_10,streaky,VGG16,full_model,7,0.7097661623108665,0.3333333333333333,0.5646492434662997
shape,9_10,streaky,VGG16,full_model,8,0.71939477303989,0.3333333333333333,0.579092159559835
shape,9_10,streaky,VGG16,full_model,9,0.7248968363136176,0.3333333333333333,0.5873452544704263
shape,9_10,streaky,VGG16,full_model,10,0.7400275103163686,0.3333333333333333,0.6100412654745528
shape,9_10,streaky,VGG16,head_model,1,0.7510316368638239,0.3333333333333333,0.6265474552957359
shape,9_10,streaky,VGG16,head_model,2,0.7551581843191196,0.3333333333333333,0.6327372764786794
shape,9_10,streaky,VGG16,head_model,3,0.7716643741403026,0.3333333333333333,0.657496561210454
shape,9_10,streaky,VGG16,head_model,4,0.686382393397524,0.3333333333333333,0.529573590096286
shape,9_10,streaky,VGG16,head_model,5,0.7414030261348006,0.3333333333333333,0.6121045392022009
shape,9_10,streaky,VGG16,head_model,6,0.71939477303989,0.3333333333333333,0.579092159559835
shape,9_10,streaky,VGG16,head_model,7,0.7510316368638239,0.3333333333333333,0.6265474552957359
shape,9_10,streaky,VGG16,head_model,8,0.7248968363136176,0.3333333333333333,0.5873452544704263
shape,9_10,streaky,VGG16,head_model,9,0.7317744154057771,0.3333333333333333,0.5976616231086657
shape,9_10,streaky,VGG16,head_model,10,0.7675378266850069,0.3333333333333333,0.6513067400275103
shape,9_10,streaky,VGG19,full_model,1,0.7138927097661623,0.3333333333333333,0.5708390646492434
shape,9_10,streaky,VGG19,full_model,2,0.7331499312242091,0.3333333333333333,0.5997248968363137
shape,9_10,streaky,VGG19,full_model,3,0.7221458046767538,0.3333333333333333,0.5832187070151307
shape,9_10,streaky,VGG19,full_model,4,0.7097661623108665,0.3333333333333333,0.5646492434662997
shape,9_10,streaky,VGG19,full_model,5,0.7276478679504814,0.3333333333333333,0.5914718019257221
shape,9_10,streaky,VGG19,full_model,6,0.6960110041265475,0.3333333333333333,0.5440165061898212
shape,9_10,streaky,VGG19,full_model,7,0.7647867950481431,0.3333333333333333,0.6471801925722146
shape,9_10,streaky,VGG19,full_model,8,0.6960110041265475,0.3333333333333333,0.5440165061898212
shape,9_10,streaky,VGG19,full_model,9,0.7524071526822559,0.3333333333333333,0.6286107290233838
shape,9_10,streaky,VGG19,full_model,10,0.7180192572214581,0.3333333333333333,0.5770288858321871
shape,9_10,streaky,VGG19,head_model,1,0.7331499312242091,0.3333333333333333,0.5997248968363137
shape,9_10,streaky,VGG19,head_model,2,0.7469050894085282,0.3333333333333333,0.6203576341127922
shape,9_10,streaky,VGG19,head_model,3,0.7235213204951857,0.3333333333333333,0.5852819807427785
shape,9_10,streaky,VGG19,head_model,4,0.6506189821182944,0.3333333333333333,0.4759284731774416
shape,9_10,streaky,VGG19,head_model,5,0.71939477303989,0.3333333333333333,0.579092159559835
shape,9_10,streaky,VGG19,head_model,6,0.7372764786795049,0.3333333333333333,0.6059147180192572
shape,9_10,streaky,VGG19,head_model,7,0.7565337001375516,0.3333333333333333,0.6348005502063274
shape,9_10,streaky,VGG19,head_model,8,0.71939477303989,0.3333333333333333,0.579092159559835
shape,9_10,streaky,VGG19,head_model,9,0.7001375515818432,0.3333333333333333,0.5502063273727648
shape,9_10,streaky,VGG19,head_model,10,0.7427785419532325,0.3333333333333333,0.6141678129298487
shape,9_10,streaky,ViT Base,full_model,1,0.9972489683631361,0.3333333333333333,0.995873452544704
shape,9_10,streaky,ViT Base,full_model,2,0.9931224209078404,0.3333333333333333,0.9896836313617606
shape,9_10,streaky,ViT Base,full_model,3,0.9986244841815681,0.3333333333333333,0.9979367262723522
shape,9_10,streaky,ViT Base,full_model,4,0.9889958734525447,0.3333333333333333,0.9834938101788169
shape,9_10,streaky,ViT Base,full_model,5,1.0,0.3333333333333333,1.0
shape,9_10,streaky,ViT Base,full_model,6,1.0,0.3333333333333333,1.0
shape,9_10,streaky,ViT Base,full_model,7,0.9821182943603851,0.3333333333333333,0.9731774415405775
shape,9_10,streaky,ViT Base,full_model,8,1.0,0.3333333333333333,1.0
shape,9_10,streaky,ViT Base,full_model,9,1.0,0.3333333333333333,1.0
shape,9_10,streaky,ViT Base,full_model,10,0.9339752407152683,0.3333333333333333,0.9009628610729022
shape,9_10,streaky,ViT Base,head_model,1,0.9078404401650619,0.3333333333333333,0.8617606602475929
shape,9_10,streaky,ViT Base,head_model,2,0.8775790921595599,0.3333333333333333,0.8163686382393398
shape,9_10,streaky,ViT Base,head_model,3,0.922971114167813,0.3333333333333333,0.8844566712517195
shape,9_10,streaky,ViT Base,head_model,4,0.9174690508940853,0.3333333333333333,0.8762035763411279
shape,9_10,streaky,ViT Base,head_model,5,0.9023383768913342,0.3333333333333333,0.8535075653370013
shape,9_10,streaky,ViT Base,head_model,6,0.8927097661623109,0.3333333333333333,0.8390646492434664
shape,9_10,streaky,ViT Base,head_model,7,0.922971114167813,0.3333333333333333,0.8844566712517195
shape,9_10,streaky,ViT Base,head_model,8,0.8156808803301238,0.3333333333333333,0.7235213204951856
shape,9_10,streaky,ViT Base,head_model,9,0.8872077028885832,0.3333333333333333,0.8308115543328748
shape,9_10,streaky,ViT Base,head_model,10,0.8858321870701513,0.3333333333333333,0.828748280605227
shape,9_10,streaky,ViT Large,full_model,1,0.9944979367262724,0.3333333333333333,0.9917469050894084
shape,9_10,streaky,ViT Large,full_model,2,0.9779917469050894,0.3333333333333333,0.9669876203576341
shape,9_10,streaky,ViT Large,full_model,3,0.9986244841815681,0.3333333333333333,0.9979367262723522
shape,9_10,streaky,ViT Large,full_model,4,0.9958734525447043,0.3333333333333333,0.9938101788170562
shape,9_10,streaky,ViT Large,full_model,5,0.9944979367262724,0.3333333333333333,0.9917469050894084
shape,9_10,streaky,ViT Large,full_model,6,0.9669876203576341,0.3333333333333333,0.950481430536451
shape,9_10,streaky,ViT Large,full_model,7,0.9972489683631361,0.3333333333333333,0.995873452544704
shape,9_10,streaky,ViT Large,full_model,8,0.9711141678129298,0.3333333333333333,0.9566712517193947
shape,9_10,streaky,ViT Large,full_model,9,1.0,0.3333333333333333,1.0
shape,9_10,streaky,ViT Large,full_model,10,0.9903713892709766,0.3333333333333333,0.9855570839064647
shape,9_10,streaky,ViT Large,head_model,1,0.922971114167813,0.3333333333333333,0.8844566712517195
shape,9_10,streaky,ViT Large,head_model,2,0.8775790921595599,0.3333333333333333,0.8163686382393398
shape,9_10,streaky,ViT Large,head_model,3,0.8913342503438789,0.3333333333333333,0.8370013755158182
shape,9_10,streaky,ViT Large,head_model,4,0.9147180192572214,0.3333333333333333,0.8720770288858319
shape,9_10,streaky,ViT Large,head_model,5,0.8418156808803301,0.3333333333333333,0.7627235213204951
shape,9_10,streaky,ViT Large,head_model,6,0.9050894085281981,0.3333333333333333,0.857634112792297
shape,9_10,streaky,ViT Large,head_model,7,0.8789546079779917,0.3333333333333333,0.8184319119669876
shape,9_10,streaky,ViT Large,head_model,8,0.921595598349381,0.3333333333333333,0.8823933975240713
shape,9_10,streaky,ViT Large,head_model,9,0.8651994497936726,0.3333333333333333,0.7977991746905089
shape,9_10,streaky,ViT Large,head_model,10,0.8555708390646493,0.3333333333333333,0.7833562585969739
shape,9_10,streaky,ViT Small,full_model,1,0.9876203576341128,0.3333333333333333,0.9814305364511691
shape,9_10,streaky,ViT Small,full_model,2,0.9876203576341128,0.3333333333333333,0.9814305364511691
shape,9_10,streaky,ViT Small,full_model,3,0.9821182943603851,0.3333333333333333,0.9731774415405775
shape,9_10,streaky,ViT Small,full_model,4,0.984869325997249,0.3333333333333333,0.9773039889958735
shape,9_10,streaky,ViT Small,full_model,5,0.9944979367262724,0.3333333333333333,0.9917469050894084
shape,9_10,streaky,ViT Small,full_model,6,0.9917469050894085,0.3333333333333333,0.9876203576341128
shape,9_10,streaky,ViT Small,full_model,7,0.9683631361760661,0.3333333333333333,0.9525447042640991
shape,9_10,streaky,ViT Small,full_model,8,1.0,0.3333333333333333,1.0
shape,9_10,streaky,ViT Small,full_model,9,0.9779917469050894,0.3333333333333333,0.9669876203576341
shape,9_10,streaky,ViT Small,full_model,10,0.9917469050894085,0.3333333333333333,0.9876203576341128
shape,9_10,streaky,ViT Small,head_model,1,0.8610729023383769,0.3333333333333333,0.7916093535075651
shape,9_10,streaky,ViT Small,head_model,2,0.9147180192572214,0.3333333333333333,0.8720770288858319
shape,9_10,streaky,ViT Small,head_model,3,0.90646492434663,0.3333333333333333,0.8596973865199448
shape,9_10,streaky,ViT Small,head_model,4,0.9092159559834938,0.3333333333333333,0.8638239339752407
shape,9_10,streaky,ViT Small,head_model,5,0.8885832187070152,0.3333333333333333,0.8328748280605226
shape,9_10,streaky,ViT Small,head_model,6,0.9078404401650619,0.3333333333333333,0.8617606602475929
shape,9_10,streaky,ViT Small,head_model,7,0.8762035763411279,0.3333333333333333,0.8143053645116917
shape,9_10,streaky,ViT Small,head_model,8,0.9257221458046767,0.3333333333333333,0.8885832187070151
shape,9_10,streaky,ViT Small,head_model,9,0.8541953232462174,0.3333333333333333,0.7812929848693261
shape,9_10,streaky,ViT Small,head_model,10,0.8885832187070152,0.3333333333333333,0.8328748280605226
